date,2000002,2400002,3031002,3031003,3413001,4300001,4300004,430003,430004,430009,430012,430014,450001,4511004,4520006,4700002,470001,5100003,5400005,5401007,5701010,5701011,5703009,5703012,5703013,5703014,5705004,5706002,5706003,5706004,5706005,5720005,5721019,6000004,6001000,6005005,6013008,6020001,6021002,6023000,7100006,7301000,7301001,7301002,7350008,81001,81002,81003,81004,8130009,8301001,8308003,8370010,8372001,8374001,10105003,10110003,10321001,10710004,1130001,11314002,11440001,1150003,11503002,12730001,AMTC10,AMTC12,AMTC13,AMTC8,Aonikenk,Capayan,Chalten,Cuevas,Epulef,Piuquenes10,Piuquenes14,Piuquenes6,Piuquenes7,Portillo,Toqui,Tumbado
06-11-10,,,,,,,,,,,,,,,,,,,,,,,,,,,,,,,,,,,,,,,,,,11.57,,,,,,,,,,,,,,,,,,,,,,,,,,,,,,,,,,,,,,,
06-12-10,,,,,,,,,,,,,,,,,,,,,,,,,,,,,,,,,,,,,,,,,,18.71,,,,,,,,,,,,,,,,,,,,,,,,,,,,,,,,,,,,,,,
06-13-10,,,,,,,,,,,,,,,,,,,,,,,,,,,,,,,,,,,,,,,,,,6.63,,,,,,,,,,,,,,,,,,,,,,,,,,,,,,,,,,,,,,,
06-14-10,,,,,,,,,,,,,,,,,,,,,,,,,,,,,,,,,,,,,,,,,,32.37,,,,,,,,,,,,,,,,,,,,,,,,,,,,,,,,,,,,,,,
06-15-10,,,,,,,,,,,,,,,,,,,,,,,,,,,,,,,,,,,,,,,,,,29.92,,,,,,,,,,,,,,,,,,,,,,,,,,,,,,,,,,,,,,,
06-16-10,,,,,,,,,,,,,,,,,,,,,,,,,,,,,,,,,,,,,,,,,,100.29,,,,,,,,,,,,,,,,,,,,,,,,,,,,,,,,,,,,,,,
06-17-10,,,,,,,,,,,,,,,,,,,,,,,,,,,,,,,,,,,,,,,,,,,,,,,,,,,,,,,,,,,,,,,,,,,,,,,,,,,,,,,,,
06-18-10,,,,,,,,,,,,,,,,,,,,,,,,,,,,,,,,,,,,,,,,,,,,,,,,,,,,,,,,,,,,,,,,,,,,,,,,,,,,,,,,,
06-19-10,,,,,,,,,,,,,,,,,,,,,,,,,,,,,,,,,,,,,,,,,,140.59,,,,,,,,,,,,,,,,,,,,,,,,,,,,,,,,,,,,,,,
06-20-10,,,,,,,,,,,,,,,,,,,,,,,,,,,,,,,,,,,,,,,,,,89.88,,,,,,,,,,,,,,,,,,,,,,,,,,,,,,,,,,,,,,,
06-21-10,,,,,,,,,,,,,,,,,,,,,,,,,,,,,,,,,,,,,,,,,,83.50,,,,,,,,,,,,,,,,,,,,,,,,,,,,,,,,,,,,,,,
06-22-10,,,,,,,,,,,,,,,,,,,,,,,,,,,,,,,,,,,,,,,,,,78.83,,,,,,,,,,,,,,,,,,,,,,,,,,,,,,,,,,,,,,,
06-23-10,,,,,,,,,,,,,,,,,,,,,,,,,,,,,,,,,,,,,,,,,,,,,,,,,,,,,,,,,,,,,,,,,,,,,,,,,,,,,,,,,
06-24-10,,,,,,,,,,,,,,,,,,,,,,,,,,,,,,,,,,,,,,,,,,,,,,,,,,,,,,,,,,,,,,,,,,,,,,,,,,,,,,,,,
06-25-10,,,,,,,,,,,,,,,,,,,,,,,,,,,,,,,,,,,,,,,,,,91.29,,,,,,,,,,,,,,,,,,,,,,,,,,,,,,,,,,,,,,,
06-26-10,,,,,,,,,,,,,,,,,,,,,,,,,,,,,,,,,,,,,,,,,,60.92,,,,,,,,,,,,,,,,,,,,,,,,,,,,,,,,,,,,,,,
06-27-10,,,,,,,,,,,,,,,,,,,,,,,,,,,,,,,,,,,,,,,,,,58.79,,,,,,,,,,,,,,,,,,,,,,,,,,,,,,,,,,,,,,,
06-28-10,,,,,,,,,,,,,,,,,,,,,,,,,,,,,,,,,,,,,,,,,,54.50,,,,,,,,,,,,,,,,,,,,,,,,,,,,,,,,,,,,,,,
06-29-10,,,,,,,,,,,,,,,,,,,,,,,,,,,,,,,,,,,,,,,,,,49.50,,,,,,,,,,,,,,,,,,,,,,,,,,,,,,,,,,,,,,,
06-30-10,,,,,,,,,,,,,,,,,,,,,,,,,,,,,,,,,,,,,,,,,,48.67,,,,,,,,,,,,,,,,,,,,,,,,,,,,,,,,,,,,,,,
07-01-10,,,,,,,,,,,,,,,,,,,,,,,,,,,,,,,,,,,,,,,,,,44.25,,,,,,,,,,,,,,,,,,,,,,,,,,,,,,,,,,,,,,,
07-02-10,,,,,,,,,,,,,,,,,,,,,,,,,,,,,,,,,,,,,,,,,,41.04,,,,,,,,,,,,,,,,,,,,,,,,,,,,,,,,,,,,,,,
07-03-10,,,,,,,,,,,,,,,,,,,,,,,,,,,,,,,,,,,,,,,,,,38.00,,,,,,,,,,,,,,,,,,,,,,,,,,,,,,,,,,,,,,,
07-04-10,,,,,,,,,,,,,,,,,,,,,,,,,,,,,,,,,,,,,,,,,,36.75,,,,,,,,,,,,,,,,,,,,,,,,,,,,,,,,,,,,,,,
07-05-10,,,,,,,,,,,,,,,,,,,,,,,,,,,,,,,,,,,,,,,,,,,,,,,,,,,,,,,,,,,,,,,,,,,,,,,,,,,,,,,,,
07-06-10,,,,,,,,,,,,,,,,,,,,,,,,,,,,,,,,,,,,,,,,,,60.93,,,,,,,,,,,,,,,,,,,,,,,,,,,,,,,,,,,,,,,
07-07-10,,,,,,,,,,,,,,,,,,,,,,,,,,,,,,,,,,,,,,,,,,42.75,,,,,,,,,,,,,,,,,,,,,,,,,,,,,,,,,,,,,,,
07-08-10,,,,,,,,,,,,,,,,,,,,,,,,,,,,,,,,,,,,,,,,,,42.71,,,,,,,,,,,,,,,,,,,,,,,,,,,,,,,,,,,,,,,
07-09-10,,,,,,,,,,,,,,,,,,,,,,,,,,,,,,,,,,,,,,,,,,40.08,,,,,,,,,,,,,,,,,,,,,,,,,,,,,,,,,,,,,,,
07-10-10,,,,,,,,,,,,,,,,,,,,,,,,,,,,,,,,,,,,,,,,,,37.04,,,,,,,,,,,,,,,,,,,,,,,,,,,,,,,,,,,,,,,
07-11-10,,,,,,,,,,,,,,,,,,,,,,,,,,,,,,,,,,,,,,,,,,38.08,,,,,,,,,,,,,,,,,,,,,,,,,,,,,,,,,,,,,,,
07-12-10,,,,,,,,,,,,,,,,,,,,,,,,,,,,,,,,,,,,,,,,,,40.83,,,,,,,,,,,,,,,,,,,,,,,,,,,,,,,,,,,,,,,
07-13-10,,,,,,,,,,,,,,,,,,,,,,,,,,,,,,,,,,,,,,,,,,39.38,,,,,,,,,,,,,,,,,,,,,,,,,,,,,,,,,,,,,,,
07-14-10,,,,,,,,,,,,,,,,,,,,,,,,,,,,,,,,,,,,,,,,,,36.88,,,,,,,,,,,,,,,,,,,,,,,,,,,,,,,,,,,,,,,
07-15-10,,,,,,,,,,,,,,,,,,,,,,,,,,,,,,,,,,,,,,,,,,37.33,,,,,,,,,,,,,,,,,,,,,,,,,,,,,,,,,,,,,,,
07-16-10,,,,,,,,,,,,,,,,,,,,,,,,,,,,,,,,,,,,,,,,,,36.00,,,,,,,,,,,,,,,,,,,,,,,,,,,,,,,,,,,,,,,
07-17-10,,,,,,,,,,,,,,,,,,,,,,,,,,,,,,,,,,,,,,,,,,38.42,,,,,,,,,,,,,,,,,,,,,,,,,,,,,,,,,,,,,,,
07-18-10,,,,,,,,,,,,,,,,,,,,,,,,,,,,,,,,,,,,,,,,,,37.42,,,,,,,,,,,,,,,,,,,,,,,,,,,,,,,,,,,,,,,
07-19-10,,,,,,,,,,,,,,,,,,,,,,,,,,,,,,,,,,,,,,,,,,33.38,,,,,,,,,,,,,,,,,,,,,,,,,,,,,,,,,,,,,,,
07-20-10,,,,,,,,,,,,,,,,,,,,,,,,,,,,,,,,,,,,,,,,,,62.83,,,,,,,,,,,,,,,,,,,,,,,,,,,,,,,,,,,,,,,
07-21-10,,,,,,,,,,,,,,,,,,,,,,,,,,,,,,,,,,,,,,,,,,74.58,,,,,,,,,,,,,,,,,,,,,,,,,,,,,,,,,,,,,,,
07-22-10,,,,,,,,,,,,,,,,,,,,,,,,,,,,,,,,,,,,,,,,,,76.38,,,,,,,,,,,,,,,,,,,,,,,,,,,,,,,,,,,,,,,
07-23-10,,,,,,,,,,,,,,,,,,,,,,,,,,,,,,,,,,,,,,,,,,,,,,,,,,,,,,,,,,,,,,,,,,,,,,,,,,,,,,,,,
07-24-10,,,,,,,,,,,,,,,,,,,,,,,,,,,,,,,,,,,,,,,,,,,,,,,,,,,,,,,,,,,,,,,,,,,,,,,,,,,,,,,,,
07-25-10,,,,,,,,,,,,,,,,,,,,,,,,,,,,,,,,,,,,,,,,,,73.83,,,,,,,,,,,,,,,,,,,,,,,,,,,,,,,,,,,,,,,
07-26-10,,,,,,,,,,,,,,,,,,,,,,,,,,,,,,,,,,,,,,,,,,69.50,,,,,,,,,,,,,,,,,,,,,,,,,,,,,,,,,,,,,,,
07-27-10,,,,,,,,,,,,,,,,,,,,,,,,,,,,,,,,,,,,,,,,,,64.05,,,,,,,,,,,,,,,,,,,,,,,,,,,,,,,,,,,,,,,
07-28-10,,,,,,,,,,,,,,,,,,,,,,,,,,,,,,,,,,,,,,,,,,62.38,,,,,,,,,,,,,,,,,,,,,,,,,,,,,,,,,,,,,,,
07-29-10,,,,,,,,,,,,,,,,,,,,,,,,,,,,,,,,,,,,,,,,,,58.88,,,,,,,,,,,,,,,,,,,,,,,,,,,,,,,,,,,,,,,
07-30-10,,,,,,,,,,,,,,,,,,,,,,,,,,,,,,,,,,,,,,,,,,61.69,,,,,,,,,,,,,,,,,,,,,,,,,,,,,,,,,,,,,,,
07-31-10,,,,,,,,,,,,,,,,,,,,,,,,,,,,,,,,,,,,,,,,,,58.70,,,,,,,,,,,,,,,,,,,,,,,,,,,,,,,,,,,,,,,
08-01-10,,,,,,,,,,,,,,,,,,,,,,,,,,,,,,,,,,,,,,,,,,55.79,,,,,,,,,,,,,,,,,,,,,,,,,,,,,,,,,,,,,,,
08-02-10,,,,,,,,,,,,,,,,,,,,,,,,,,,,,,,,,,,,,,,,,,56.00,,,,,,,,,,,,,,,,,,,,,,,,,,,,,,,,,,,,,,,
08-03-10,,,,,,,,,,,,,,,,,,,,,,,,,,,,,,,,,,,,,,,,,,59.88,,,,,,,,,,,,,,,,,,,,,,,,,,,,,,,,,,,,,,,
08-04-10,,,,,,,,,,,,,,,,,,,,,,,,,,,,,,,,,,,,,,,,,,60.96,,,,,,,,,,,,,,,,,,,,,,,,,,,,,,,,,,,,,,,
08-05-10,,,,,,,,,,,,,,,,,,,,,,,,,,,,,,,,,,,,,,,,,,57.79,,,,,,,,,,,,,,,,,,,,,,,,,,,,,,,,,,,,,,,
08-06-10,,,,,,,,,,,,,,,,,,,,,,,,,,,,,,,,,,,,,,,,,,55.96,,,,,,,,,,,,,,,,,,,,,,,,,,,,,,,,,,,,,,,
08-07-10,,,,,,,,,,,,,,,,,,,,,,,,,,,,,,,,,,,,,,,,,,57.52,,,,,,,,,,,,,,,,,,,,,,,,,,,,,,,,,,,,,,,
08-08-10,,,,,,,,,,,,,,,,,,,,,,,,,,,,,,,,,,,,,,,,,,59.00,,,,,,,,,,,,,,,,,,,,,,,,,,,,,,,,,,,,,,,
08-09-10,,,,,,,,,,,,,,,,,,,,,,,,,,,,,,,,,,,,,,,,,,65.33,,,,,,,,,,,,,,,,,,,,,,,,,,,,,,,,,,,,,,,
08-10-10,,,,,,,,,,,,,,,,,,,,,,,,,,,,,,,,,,,,,,,,,,73.75,,,,,,,,,,,,,,,,,,,,,,,,,,,,,,,,,,,,,,,
08-11-10,,,,,,,,,,,,,,,,,,,,,,,,,,,,,,,,,,,,,,,,,,62.22,,,,,,,,,,,,,,,,,,,,,,,,,,,,,,,,,,,,,,,
08-12-10,,,,,,,,,,,,,,,,,,,,,,,,,,,,,,,,,,,,,,,,,,52.62,,,,,,,,,,,,,,,,,,,,,,,,,,,,,,,,,,,,,,,
08-13-10,,,,,,,,,,,,,,,,,,,,,,,,,,,,,,,,,,,,,,,,,,57.46,,,,,,,,,,,,,,,,,,,,,,,,,,,,,,,,,,,,,,,
08-14-10,,,,,,,,,,,,,,,,,,,,,,,,,,,,,,,,,,,,,,,,,,61.54,,,,,,,,,,,,,,,,,,,,,,,,,,,,,,,,,,,,,,,
08-15-10,,,,,,,,,,,,,,,,,,,,,,,,,,,,,,,,,,,,,,,,,,61.22,,,,,,,,,,,,,,,,,,,,,,,,,,,,,,,,,,,,,,,
08-16-10,,,,,,,,,,,,,,,,,,,,,,,,,,,,,,,,,,,,,,,,,,53.73,,,,,,,,,,,,,,,,,,,,,,,,,,,,,,,,,,,,,,,
08-17-10,,,,,,,,,,,,,,,,,,,,,,,,,,,,,,,,,,,,,,,,,,56.60,,,,,,,,,,,,,,,,,,,,,,,,,,,,,,,,,,,,,,,
08-18-10,,,,,,,,,,,,,,,,,,,,,,,,,,,,,,,,,,,,,,,,,,71.79,,,,,,,,,,,,,,,,,,,,,,,,,,,,,,,,,,,,,,,
08-19-10,,,,,,,,,,,,,,,,,,,,,,,,,,,,,,,,,,,,,,,,,,67.92,,,,,,,,,,,,,,,,,,,,,,,,,,,,,,,,,,,,,,,
08-20-10,,,,,,,,,,,,,,,,,,,,,,,,,,,,,,,,,,,,,,,,,,61.00,,,,,,,,,,,,,,,,,,,,,,,,,,,,,,,,,,,,,,,
08-21-10,,,,,,,,,,,,,,,,,,,,,,,,,,,,,,,,,,,,,,,,,,57.42,,,,,,,,,,,,,,,,,,,,,,,,,,,,,,,,,,,,,,,
08-22-10,,,,,,,,,,,,,,,,,,,,,,,,,,,,,,,,,,,,,,,,,,53.08,,,,,,,,,,,,,,,,,,,,,,,,,,,,,,,,,,,,,,,
08-23-10,,,,,,,,,,,,,,,,,,,,,,,,,,,,,,,,,,,,,,,,,,49.58,,,,,,,,,,,,,,,,,,,,,,,,,,,,,,,,,,,,,,,
08-24-10,,,,,,,,,,,,,,,,,,,,,,,,,,,,,,,,,,,,,,,,,,50.29,,,,,,,,,,,,,,,,,,,,,,,,,,,,,,,,,,,,,,,
08-25-10,,,,,,,,,,,,,,,,,,,,,,,,,,,,,,,,,,,,,,,,,,46.58,,,,,,,,,,,,,,,,,,,,,,,,,,,,,,,,,,,,,,,
08-26-10,,,,,,,,,,,,,,,,,,,,,,,,,,,,,,,,,,,,,,,,,,45.78,,,,,,,,,,,,,,,,,,,,,,,,,,,,,,,,,,,,,,,
08-27-10,,,,,,,,,,,,,,,,,,,,,,,,,,,,,,,,,,,,,,,,,,52.74,,,,,,,,,,,,,,,,,,,,,,,,,,,,,,,,,,,,,,,
08-28-10,,,,,,,,,,,,,,,,,,,,,,,,,,,,,,,,,,,,,,,,,,51.80,,,,,,,,,,,,,,,,,,,,,,,,,,,,,,,,,,,,,,,
08-29-10,,,,,,,,,,,,,,,,,,,,,,,,,,,,,,,,,,,,,,,,,,53.06,,,,,,,,,,,,,,,,,,,,,,,,,,,,,,,,,,,,,,,
08-30-10,,,,,,,,,,,,,,,,,,,,,,,,,,,,,,,,,,,,,,,,,,50.33,,,,,,,,,,,,,,,,,,,,,,,,,,,,,,,,,,,,,,,
08-31-10,,,,,,,,,,,,,,,,,,,,,,,,,,,,,,,,,,,,,,,,,,47.57,,,,,,,,,,,,,,,,,,,,,,,,,,,,,,,,,,,,,,,
09-01-10,,,,,,,,,,,,,,,,,,,,,,,,,,,,,,,,,,,,,,,,,,49.14,,,,,,,,,,,,,,,,,,,,,,,,,,,,,,,,,,,,,,,
09-02-10,,,,,,,,,,,,,,,,,,,,,,,,,,,,,,,,,,,,,,,,,,50.08,,,,,,,,,,,,,,,,,,,,,,,,,,,,,,,,,,,,,,,
09-03-10,,,,,,,,,,,,,,,,,,,,,,,,,,,,,,,,,,,,,,,,,,46.25,,,,,,,,,,,,,,,,,,,,,,,,,,,,,,,,,,,,,,,
09-04-10,,,,,,,,,,,,,,,,,,,,,,,,,,,,,,,,,,,,,,,,,,,,,,,,,,,,,,,,,,,,,,,,,,,,,,,,,,,,,,,,,
09-05-10,,,,,,,,,,,,,,,,,,,,,,,,,,,,,,,,,,,,,,,,,,,,,,,,,,,,,,,,,,,,,,,,,,,,,,,,,,,,,,,,,
09-06-10,,,,,,,,,,,,,,,,,,,,,,,,,,,,,,,,,,,,,,,,,,37.44,,,,,,,,,,,,,,,,,,,,,,,,,,,,,,,,,,,,,,,
09-07-10,,,,,,,,,,,,,,,,,,,,,,,,,,,,,,,,,,,,,,,,,,35.83,,,,,,,,,,,,,,,,,,,,,,,,,,,,,,,,,,,,,,,
09-08-10,,,,,,,,,,,,,,,,,,,,,,,,,,,,,,,,,,,,,,,,,,34.75,,,,,,,,,,,,,,,,,,,,,,,,,,,,,,,,,,,,,,,
09-09-10,,,,,,,,,,,,,,,,,,,,,,,,,,,,,,,,,,,,,,,,,,25.73,,,,,,,,,,,,,,,,,,,,,,,,,,,,,,,,,,,,,,,
09-10-10,,,,,,,,,,,,,,,,,,,,,,,,,,,,,,,,,,,,,,,,,,,,,,,,,,,,,,,,,,,,,,,,,,,,,,,,,,,,,,,,,
09-11-10,,,,,,,,,,,,,,,,,,,,,,,,,,,,,,,,,,,,,,,,,,,,,,,,,,,,,,,,,,,,,,,,,,,,,,,,,,,,,,,,,
09-12-10,,,,,,,,,,,,,,,,,,,,,,,,,,,,,,,,,,,,,,,,,,,,,,,,,,,,,,,,,,,,,,,,,,,,,,,,,,,,,,,,,
09-13-10,,,,,,,,,,,,,,,,,,,,,,,,,,,,,,,,,,,,,,,,,,18.56,,,,,,,,,,,,,,,,,,,,,,,,,,,,,,,,,,,,,,,
09-14-10,,,,,,,,,,,,,,,,,,,,,,,,,,,,,,,,,,,,,,,,,,17.25,,,,,,,,,,,,,,,,,,,,,,,,,,,,,,,,,,,,,,,
09-15-10,,,,,,,,,,,,,,,,,,,,,,,,,,,,,,,,,,,,,,,,,,7.50,,,,,,,,,,,,,,,,,,,,,,,,,,,,,,,,,,,,,,,
09-16-10,,,,,,,,,,,,,,,,,,,,,,,,,,,,,,,,,,,,,,,,,,15.00,,,,,,,,,,,,,,,,,,,,,,,,,,,,,,,,,,,,,,,
09-17-10,,,,,,,,,,,,,,,,,,,,,,,,,,,,,,,,,,,,,,,,,,18.21,,,,,,,,,,,,,,,,,,,,,,,,,,,,,,,,,,,,,,,
09-18-10,,,,,,,,,,,,,,,,,,,,,,,,,,,,,,,,,,,,,,,,,,8.46,,,,,,,,,,,,,,,,,,,,,,,,,,,,,,,,,,,,,,,
09-19-10,,,,,,,,,,,,,,,,,,,,,,,,,,,,,,,,,,,,,,,,,,7.50,,,,,,,,,,,,,,,,,,,,,,,,,,,,,,,,,,,,,,,
09-20-10,,,,,,,,,,,,,,,,,,,,,,,,,,,,,,,,,,,,,,,,,,0.00,,,,,,,,,,,,,,,,,,,,,,,,,,,,,,,,,,,,,,,
09-21-10,,,,,,,,,,,,,,,,,,,,,,,,,,,,,,,,,,,,,,,,,,0.00,,,,,,,,,,,,,,,,,,,,,,,,,,,,,,,,,,,,,,,
09-22-10,,,,,,,,,,,,,,,,,,,,,,,,,,,,,,,,,,,,,,,,,,0.00,,,,,,,,,,,,,,,,,,,,,,,,,,,,,,,,,,,,,,,
09-23-10,,,,,,,,,,,,,,,,,,,,,,,,,,,,,,,,,,,,,,,,,,0.00,,,,,,,,,,,,,,,,,,,,,,,,,,,,,,,,,,,,,,,
09-24-10,,,,,,,,,,,,,,,,,,,,,,,,,,,,,,,,,,,,,,,,,,0.00,,,,,,,,,,,,,,,,,,,,,,,,,,,,,,,,,,,,,,,
09-25-10,,,,,,,,,,,,,,,,,,,,,,,,,,,,,,,,,,,,,,,,,,0.00,,,,,,,,,,,,,,,,,,,,,,,,,,,,,,,,,,,,,,,
09-26-10,,,,,,,,,,,,,,,,,,,,,,,,,,,,,,,,,,,,,,,,,,0.00,,,,,,,,,,,,,,,,,,,,,,,,,,,,,,,,,,,,,,,
09-27-10,,,,,,,,,,,,,,,,,,,,,,,,,,,,,,,,,,,,,,,,,,0.00,,,,,,,,,,,,,,,,,,,,,,,,,,,,,,,,,,,,,,,
09-28-10,,,,,,,,,,,,,,,,,,,,,,,,,,,,,,,,,,,,,,,,,,0.00,,,,,,,,,,,,,,,,,,,,,,,,,,,,,,,,,,,,,,,
09-29-10,,,,,,,,,,,,,,,,,,,,,,,,,,,,,,,,,,,,,,,,,,0.00,,,,,,,,,,,,,,,,,,,,,,,,,,,,,,,,,,,,,,,
09-30-10,,,,,,,,,,,,,,,,,,,,,,,,,,,,,,,,,,,,,,,,,,0.00,,,,,,,,,,,,,,,,,,,,,,,,,,,,,,,,,,,,,,,
10-01-10,,,,,,,,,,,,,,,,,,,,,,,,,,,,,,,,,,,,,,,,,,0.00,,,,,,,,,,,,,,,,,,,,,,,,,,,,,,,,,,,,,,,
10-02-10,,,,,,,,,,,,,,,,,,,,,,,,,,,,,,,,,,,,,,,,,,0.00,,,,,,,,,,,,,,,,,,,,,,,,,,,,,,,,,,,,,,,
10-03-10,,,,,,,,,,,,,,,,,,,,,,,,,,,,,,,,,,,,,,,,,,0.00,,,,,,,,,,,,,,,,,,,,,,,,,,,,,,,,,,,,,,,
10-04-10,,,,,,,,,,,,,,,,,,,,,,,,,,,,,,,,,,,,,,,,,,0.00,,,,,,,,,,,,,,,,,,,,,,,,,,,,,,,,,,,,,,,
10-05-10,,,,,,,,,,,,,,,,,,,,,,,,,,,,,,,,,,,,,,,,,,0.00,,,,,,,,,,,,,,,,,,,,,,,,,,,,,,,,,,,,,,,
10-06-10,,,,,,,,,,,,,,,,,,,,,,,,,,,,,,,,,,,,,,,,,,0.00,,,,,,,,,,,,,,,,,,,,,,,,,,,,,,,,,,,,,,,
10-07-10,,,,,,,,,,,,,,,,,,,,,,,,,,,,,,,,,,,,,,,,,,0.00,,,,,,,,,,,,,,,,,,,,,,,,,,,,,,,,,,,,,,,
10-08-10,,,,,,,,,,,,,,,,,,,,,,,,,,,,,,,,,,,,,,,,,,0.00,,,,,,,,,,,,,,,,,,,,,,,,,,,,,,,,,,,,,,,
10-09-10,,,,,,,,,,,,,,,,,,,,,,,,,,,,,,,,,,,,,,,,,,0.00,,,,,,,,,,,,,,,,,,,,,,,,,,,,,,,,,,,,,,,
10-10-10,,,,,,,,,,,,,,,,,,,,,,,,,,,,,,,,,,,,,,,,,,0.00,,,,,,,,,,,,,,,,,,,,,,,,,,,,,,,,,,,,,,,
10-11-10,,,,,,,,,,,,,,,,,,,,,,,,,,,,,,,,,,,,,,,,,,0.00,,,,,,,,,,,,,,,,,,,,,,,,,,,,,,,,,,,,,,,
10-12-10,,,,,,,,,,,,,,,,,,,,,,,,,,,,,,,,,,,,,,,,,,0.00,,,,,,,,,,,,,,,,,,,,,,,,,,,,,,,,,,,,,,,
10-13-10,,,,,,,,,,,,,,,,,,,,,,,,,,,,,,,,,,,,,,,,,,0.00,,,,,,,,,,,,,,,,,,,,,,,,,,,,,,,,,,,,,,,
10-14-10,,,,,,,,,,,,,,,,,,,,,,,,,,,,,,,,,,,,,,,,,,0.00,,,,,,,,,,,,,,,,,,,,,,,,,,,,,,,,,,,,,,,
10-15-10,,,,,,,,,,,,,,,,,,,,,,,,,,,,,,,,,,,,,,,,,,0.00,,,,,,,,,,,,,,,,,,,,,,,,,,,,,,,,,,,,,,,
10-16-10,,,,,,,,,,,,,,,,,,,,,,,,,,,,,,,,,,,,,,,,,,0.00,,,,,,,,,,,,,,,,,,,,,,,,,,,,,,,,,,,,,,,
10-17-10,,,,,,,,,,,,,,,,,,,,,,,,,,,,,,,,,,,,,,,,,,0.00,,,,,,,,,,,,,,,,,,,,,,,,,,,,,,,,,,,,,,,
10-18-10,,,,,,,,,,,,,,,,,,,,,,,,,,,,,,,,,,,,,,,,,,0.00,,,,,,,,,,,,,,,,,,,,,,,,,,,,,,,,,,,,,,,
10-19-10,,,,,,,,,,,,,,,,,,,,,,,,,,,,,,,,,,,,,,,,,,0.00,,,,,,,,,,,,,,,,,,,,,,,,,,,,,,,,,,,,,,,
10-20-10,,,,,,,,,,,,,,,,,,,,,,,,,,,,,,,,,,,,,,,,,,0.00,,,,,,,,,,,,,,,,,,,,,,,,,,,,,,,,,,,,,,,
10-21-10,,,,,,,,,,,,,,,,,,,,,,,,,,,,,,,,,,,,,,,,,,0.00,,,,,,,,,,,,,,,,,,,,,,,,,,,,,,,,,,,,,,,
10-22-10,,,,,,,,,,,,,,,,,,,,,,,,,,,,,,,,,,,,,,,,,,0.00,,,,,,,,,,,,,,,,,,,,,,,,,,,,,,,,,,,,,,,
10-23-10,,,,,,,,,,,,,,,,,,,,,,,,,,,,,,,,,,,,,,,,,,0.00,,,,,,,,,,,,,,,,,,,,,,,,,,,,,,,,,,,,,,,
10-24-10,,,,,,,,,,,,,,,,,,,,,,,,,,,,,,,,,,,,,,,,,,0.00,,,,,,,,,,,,,,,,,,,,,,,,,,,,,,,,,,,,,,,
10-25-10,,,,,,,,,,,,,,,,,,,,,,,,,,,,,,,,,,,,,,,,,,,,,,,,,,,,,,,,,,,,,,,,,,,,,,,,,,,,,,,,,
10-26-10,,,,,,,,,,,,,,,,,,,,,,,,,,,,,,,,,,,,,,,,,,0.00,,,,,,,,,,,,,,,,,,,,,,,,,,,,,,,,,,,,,,,
10-27-10,,,,,,,,,,,,,,,,,,,,,,,,,,,,,,,,,,,,,,,,,,0.00,,,,,,,,,,,,,,,,,,,,,,,,,,,,,,,,,,,,,,,
10-28-10,,,,,,,,,,,,,,,,,,,,,,,,,,,,,,,,,,,,,,,,,,0.00,,,,,,,,,,,,,,,,,,,,,,,,,,,,,,,,,,,,,,,
10-29-10,,,,,,,,,,,,,,,,,,,,,,,,,,,,,,,,,,,,,,,,,,0.00,,,,,,,,,,,,,,,,,,,,,,,,,,,,,,,,,,,,,,,
10-30-10,,,,,,,,,,,,,,,,,,,,,,,,,,,,,,,,,,,,,,,,,,2.04,,,,,,,,,,,,,,,,,,,,,,,,,,,,,,,,,,,,,,,
10-31-10,,,,,,,,,,,,,,,,,,,,,,,,,,,,,,,,,,,,,,,,,,0.00,,,,,,,,,,,,,,,,,,,,,,,,,,,,,,,,,,,,,,,
11-01-10,,,,,,,,,,,,,,,,,,,,,,,,,,,,,,,,,,,,,,,,,,0.00,,,,,,,,,,,,,,,,,,,,,,,,,,,,,,,,,,,,,,,
11-02-10,,,,,,,,,,,,,,,,,,,,,,,,,,,,,,,,,,,,,,,,,,0.00,,,,,,,,,,,,,,,,,,,,,,,,,,,,,,,,,,,,,,,
11-03-10,,,,,,,,,,,,,,,,,,,,,,,,,,,,,,,,,,,,,,,,,,0.00,,,,,,,,,,,,,,,,,,,,,,,,,,,,,,,,,,,,,,,
11-04-10,,,,,,,,,,,,,,,,,,,,,,,,,,,,,,,,,,,,,,,,,,3.75,,,,,,,,,,,,,,,,,,,,,,,,,,,,,,,,,,,,,,,
11-05-10,,,,,,,,,,,,,,,,,,,,,,,,,,,,,,,,,,,,,,,,,,0.00,,,,,,,,,,,,,,,,,,,,,,,,,,,,,,,,,,,,,,,
11-06-10,,,,,,,,,,,,,,,,,,,,,,,,,,,,,,,,,,,,,,,,,,0.00,,,,,,,,,,,,,,,,,,,,,,,,,,,,,,,,,,,,,,,
11-07-10,,,,,,,,,,,,,,,,,,,,,,,,,,,,,,,,,,,,,,,,,,0.00,,,,,,,,,,,,,,,,,,,,,,,,,,,,,,,,,,,,,,,
11-08-10,,,,,,,,,,,,,,,,,,,,,,,,,,,,,,,,,,,,,,,,,,,,,,,,,,,,,,,,,,,,,,,,,,,,,,,,,,,,,,,,,
11-09-10,,,,,,,,,,,,,,,,,,,,,,,,,,,,,,,,,,,,,,,,,,,,,,,,,,,,,,,,,,,,,,,,,,,,,,,,,,,,,,,,,
11-10-10,,,,,,,,,,,,,,,,,,,,,,,,,,,,,,,,,,,,,,,,,,0.00,,,,,,,,,,,,,,,,,,,,,,,,,,,,,,,,,,,,,,,
11-11-10,,,,,,,,,,,,,,,,,,,,,,,,,,,,,,,,,,,,,,,,,,0.00,,,,,,,,,,,,,,,,,,,,,,,,,,,,,,,,,,,,,,,
11-12-10,,,,,,,,,,,,,,,,,,,,,,,,,,,,,,,,,,,,,,,,,,0.00,,,,,,,,,,,,,,,,,,,,,,,,,,,,,,,,,,,,,,,
11-13-10,,,,,,,,,,,,,,,,,,,,,,,,,,,,,,,,,,,,,,,,,,0.00,,,,,,,,,,,,,,,,,,,,,,,,,,,,,,,,,,,,,,,
11-14-10,,,,,,,,,,,,,,,,,,,,,,,,,,,,,,,,,,,,,,,,,,,,,,,,,,,,,,,,,,,,,,,,,,,,,,,,,,,,,,,,,
11-15-10,,,,,,,,,,,,,,,,,,,,,,,,,,,,,,,,,,,,,,,,,,0.00,,,,,,,,,,,,,,,,,,,,,,,,,,,,,,,,,,,,,,,
11-16-10,,,,,,,,,,,,,,,,,,,,,,,,,,,,,,,,,,,,,,,,,,0.00,,,,,,,,,,,,,,,,,,,,,,,,,,,,,,,,,,,,,,,
11-17-10,,,,,,,,,,,,,,,,,,,,,,,,,,,,,,,,,,,,,,,,,,0.00,,,,,,,,,,,,,,,,,,,,,,,,,,,,,,,,,,,,,,,
11-18-10,,,,,,,,,,,,,,,,,,,,,,,,,,,,,,,,,,,,,,,,,,0.00,,,,,,,,,,,,,,,,,,,,,,,,,,,,,,,,,,,,,,,
11-19-10,,,,,,,,,,,,,,,,,,,,,,,,,,,,,,,,,,,,,,,,,,0.00,,,,,,,,,,,,,,,,,,,,,,,,,,,,,,,,,,,,,,,
11-20-10,,,,,,,,,,,,,,,,,,,,,,,,,,,,,,,,,,,,,,,,,,0.00,,,,,,,,,,,,,,,,,,,,,,,,,,,,,,,,,,,,,,,
11-21-10,,,,,,,,,,,,,,,,,,,,,,,,,,,,,,,,,,,,,,,,,,,,,,,,,,,,,,,,,,,,,,,,,,,,,,,,,,,,,,,,,
11-22-10,,,,,,,,,,,,,,,,,,,,,,,,,,,,,,,,,,,,,,,,,,,,,,,,,,,,,,,,,,,,,,,,,,,,,,,,,,,,,,,,,
11-23-10,,,,,,,,,,,,,,,,,,,,,,,,,,,,,,,,,,,,,,,,,,,,,,,,,,,,,,,,,,,,,,,,,,,,,,,,,,,,,,,,,
11-24-10,,,,,,,,,,,,,,,,,,,,,,,,,,,,,,,,,,,,,,,,,,0.00,,,,,,,,,,,,,,,,,,,,,,,,,,,,,,,,,,,,,,,
11-25-10,,,,,,,,,,,,,,,,,,,,,,,,,,,,,,,,,,,,,,,,,,0.00,,,,,,,,,,,,,,,,,,,,,,,,,,,,,,,,,,,,,,,
11-26-10,,,,,,,,,,,,,,,,,,,,,,,,,,,,,,,,,,,,,,,,,,,,,,,,,,,,,,,,,,,,,,,,,,,,,,,,,,,,,,,,,
11-27-10,,,,,,,,,,,,,,,,,,,,,,,,,,,,,,,,,,,,,,,,,,,,,,,,,,,,,,,,,,,,,,,,,,,,,,,,,,,,,,,,,
11-28-10,,,,,,,,,,,,,,,,,,,,,,,,,,,,,,,,,,,,,,,,,,,,,,,,,,,,,,,,,,,,,,,,,,,,,,,,,,,,,,,,,
11-29-10,,,,,,,,,,,,,,,,,,,,,,,,,,,,,,,,,,,,,,,,,,0.00,,,,,,,,,,,,,,,,,,,,,,,,,,,,,,,,,,,,,,,
11-30-10,,,,,,,,,,,,,,,,,,,,,,,,,,,,,,,,,,,,,,,,,,0.00,,,,,,,,,,,,,,,,,,,,,,,,,,,,,,,,,,,,,,,
12-01-10,,,,,,,,,,,,,,,,,,,,,,,,,,,,,,,,,,,,,,,,,,0.00,,,,,,,,,,,,,,,,,,,,,,,,,,,,,,,,,,,,,,,
12-02-10,,,,,,,,,,,,,,,,,,,,,,,,,,,,,,,,,,,,,,,,,,0.00,,,,,,,,,,,,,,,,,,,,,,,,,,,,,,,,,,,,,,,
12-03-10,,,,,,,,,,,,,,,,,,,,,,,,,,,,,,,,,,,,,,,,,,0.00,,,,,,,,,,,,,,,,,,,,,,,,,,,,,,,,,,,,,,,
12-04-10,,,,,,,,,,,,,,,,,,,,,,,,,,,,,,,,,,,,,,,,,,,,,,,,,,,,,,,,,,,,,,,,,,,,,,,,,,,,,,,,,
12-05-10,,,,,,,,,,,,,,,,,,,,,,,,,,,,,,,,,,,,,,,,,,,,,,,,,,,,,,,,,,,,,,,,,,,,,,,,,,,,,,,,,
12-06-10,,,,,,,,,,,,,,,,,,,,,,,,,,,,,,,,,,,,,,,,,,0.00,,,,,,,,,,,,,,,,,,,,,,,,,,,,,,,,,,,,,,,
12-07-10,,,,,,,,,,,,,,,,,,,,,,,,,,,,,,,,,,,,,,,,,,0.00,,,,,,,,,,,,,,,,,,,,,,,,,,,,,,,,,,,,,,,
12-08-10,,,,,,,,,,,,,,,,,,,,,,,,,,,,,,,,,,,,,,,,,,0.00,,,,,,,,,,,,,,,,,,,,,,,,,,,,,,,,,,,,,,,
12-09-10,,,,,,,,,,,,,,,,,,,,,,,,,,,,,,,,,,,,,,,,,,0.00,,,,,,,,,,,,,,,,,,,,,,,,,,,,,,,,,,,,,,,
12-10-10,,,,,,,,,,,,,,,,,,,,,,,,,,,,,,,,,,,,,,,,,,0.00,,,,,,,,,,,,,,,,,,,,,,,,,,,,,,,,,,,,,,,
12-11-10,,,,,,,,,,,,,,,,,,,,,,,,,,,,,,,,,,,,,,,,,,0.00,,,,,,,,,,,,,,,,,,,,,,,,,,,,,,,,,,,,,,,
12-12-10,,,,,,,,,,,,,,,,,,,,,,,,,,,,,,,,,,,,,,,,,,2.00,,,,,,,,,,,,,,,,,,,,,,,,,,,,,,,,,,,,,,,
12-13-10,,,,,,,,,,,,,,,,,,,,,,,,,,,,,,,,,,,,,,,,,,,,,,,,,,,,,,,,,,,,,,,,,,,,,,,,,,,,,,,,,
12-14-10,,,,,,,,,,,,,,,,,,,,,,,,,,,,,,,,,,,,,,,,,,0.00,,,,,,,,,,,,,,,,,,,,,,,,,,,,,,,,,,,,,,,
12-15-10,,,,,,,,,,,,,,,,,,,,,,,,,,,,,,,,,,,,,,,,,,0.00,,,,,,,,,,,,,,,,,,,,,,,,,,,,,,,,,,,,,,,
12-16-10,,,,,,,,,,,,,,,,,,,,,,,,,,,,,,,,,,,,,,,,,,,,,,,,,,,,,,,,,,,,,,,,,,,,,,,,,,,,,,,,,
12-17-10,,,,,,,,,,,,,,,,,,,,,,,,,,,,,,,,,,,,,,,,,,0.00,,,,,,,,,,,,,,,,,,,,,,,,,,,,,,,,,,,,,,,
12-18-10,,,,,,,,,,,,,,,,,,,,,,,,,,,,,,,,,,,,,,,,,,0.00,,,,,,,,,,,,,,,,,,,,,,,,,,,,,,,,,,,,,,,
12-19-10,,,,,,,,,,,,,,,,,,,,,,,,,,,,,,,,,,,,,,,,,,18.12,,,,,,,,,,,,,,,,,,,,,,,,,,,,,,,,,,,,,,,
12-20-10,,,,,,,,,,,,,,,,,,,,,,,,,,,,,,,,,,,,,,,,,,37.62,,,,,,,,,,,,,,,,,,,,,,,,,,,,,,,,,,,,,,,
12-21-10,,,,,,,,,,,,,,,,,,,,,,,,,,,,,,,,,,,,,,,,,,4.10,,,,,,,,,,,,,,,,,,,,,,,,,,,,,,,,,,,,,,,
12-22-10,,,,,,,,,,,,,,,,,,,,,,,,,,,,,,,,,,,,,,,,,,0.00,,,,,,,,,,,,,,,,,,,,,,,,,,,,,,,,,,,,,,,
12-23-10,,,,,,,,,,,,,,,,,,,,,,,,,,,,,,,,,,,,,,,,,,0.00,,,,,,,,,,,,,,,,,,,,,,,,,,,,,,,,,,,,,,,
12-24-10,,,,,,,,,,,,,,,,,,,,,,,,,,,,,,,,,,,,,,,,,,0.00,,,,,,,,,,,,,,,,,,,,,,,,,,,,,,,,,,,,,,,
12-25-10,,,,,,,,,,,,,,,,,,,,,,,,,,,,,,,,,,,,,,,,,,0.00,,,,,,,,,,,,,,,,,,,,,,,,,,,,,,,,,,,,,,,
12-26-10,,,,,,,,,,,,,,,,,,,,,,,,,,,,,,,,,,,,,,,,,,0.00,,,,,,,,,,,,,,,,,,,,,,,,,,,,,,,,,,,,,,,
12-27-10,,,,,,,,,,,,,,,,,,,,,,,,,,,,,,,,,,,,,,,,,,0.00,,,,,,,,,,,,,,,,,,,,,,,,,,,,,,,,,,,,,,,
12-28-10,,,,,,,,,,,,,,,,,,,,,,,,,,,,,,,,,,,,,,,,,,0.00,,,,,,,,,,,,,,,,,,,,,,,,,,,,,,,,,,,,,,,
12-29-10,,,,,,,,,,,,,,,,,,,,,,,,,,,,,,,,,,,,,,,,,,0.00,,,,,,,,,,,,,,,,,,,,,,,,,,,,,,,,,,,,,,,
12-30-10,,,,,,,,,,,,,,,,,,,,,,,,,,,,,,,,,,,,,,,,,,0.00,,,,,,,,,,,,,,,,,,,,,,,,,,,,,,,,,,,,,,,
12-31-10,,,,,,,,,,,,,,,,,,,,,,,,,,,,,,,,,,,,,,,,,,0.00,,,,,,,,,,,,,,,,,,,,,,,,,,,,,,,,,,,,,,,
01-01-11,,,,,,,,,,,,,,,,,,,,,,,,,,,,,,,,,,,,,,,,,,0.00,,,,,,,,,,,,,,,,,,,,,,,,,,,,,,,,,,,,,,,
01-02-11,,,,,,,,,,,,,,,,,,,,,,,,,,,,,,,,,,,,,,,,,,0.00,,,,,,,,,,,,,,,,,,,,,,,,,,,,,,,,,,,,,,,
01-03-11,,,,,,,,,,,,,,,,,,,,,,,,,,,,,,,,,,,,,,,,,,0.00,,,,,,,,,,,,,,,,,,,,,,,,,,,,,,,,,,,,,,,
01-04-11,,,,,,,,,,,,,,,,,,,,,,,,,,,,,,,,,,,,,,,,,,0.00,,,,,,,,,,,,,,,,,,,,,,,,,,,,,,,,,,,,,,,
01-05-11,,,,,,,,,,,,,,,,,,,,,,,,,,,,,,,,,,,,,,,,,,,,,,,,,,,,,,,,,,,,,,,,,,,,,,,,,,,,,,,,,
01-06-11,,,,,,,,,,,,,,,,,,,,,,,,,,,,,,,,,,,,,,,,,,0.00,,,,,,,,,,,,,,,,,,,,,,,,,,,,,,,,,,,,,,,
01-07-11,,,,,,,,,,,,,,,,,,,,,,,,,,,,,,,,,,,,,,,,,,0.00,,,,,,,,,,,,,,,,,,,,,,,,,,,,,,,,,,,,,,,
01-08-11,,,,,,,,,,,,,,,,,,,,,,,,,,,,,,,,,,,,,,,,,,0.00,,,,,,,,,,,,,,,,,,,,,,,,,,,,,,,,,,,,,,,
01-09-11,,,,,,,,,,,,,,,,,,,,,,,,,,,,,,,,,,,,,,,,,,0.00,,,,,,,,,,,,,,,,,,,,,,,,,,,,,,,,,,,,,,,
01-10-11,,,,,,,,,,,,,,,,,,,,,,,,,,,,,,,,,,,,,,,,,,0.00,,,,,,,,,,,,,,,,,,,,,,,,,,,,,,,,,,,,,,,
01-11-11,,,,,,,,,,,,,,,,,,,,,,,,,,,,,,,,,,,,,,,,,,,,,,,,,,,,,,,,,,,,,,,,,,,,,,,,,,,,,,,,,
01-12-11,,,,,,,,,,,,,,,,,,,,,,,,,,,,,,,,,,,,,,,,,,0.00,,,,,,,,,,,,,,,,,,,,,,,,,,,,,,,,,,,,,,,
01-13-11,,,,,,,,,,,,,,,,,,,,,,,,,,,,,,,,,,,,,,,,,,0.00,,,,,,,,,,,,,,,,,,,,,,,,,,,,,,,,,,,,,,,
01-14-11,,,,,,,,,,,,,,,,,,,,,,,,,,,,,,,,,,,,,,,,,,0.00,,,,,,,,,,,,,,,,,,,,,,,,,,,,,,,,,,,,,,,
01-15-11,,,,,,,,,,,,,,,,,,,,,,,,,,,,,,,,,,,,,,,,,,0.00,,,,,,,,,,,,,,,,,,,,,,,,,,,,,,,,,,,,,,,
01-16-11,,,,,,,,,,,,,,,,,,,,,,,,,,,,,,,,,,,,,,,,,,0.00,,,,,,,,,,,,,,,,,,,,,,,,,,,,,,,,,,,,,,,
01-17-11,,,,,,,,,,,,,,,,,,,,,,,,,,,,,,,,,,,,,,,,,,0.00,,,,,,,,,,,,,,,,,,,,,,,,,,,,,,,,,,,,,,,
01-18-11,,,,,,,,,,,,,,,,,,,,,,,,,,,,,,,,,,,,,,,,,,,,,,,,,,,,,,,,,,,,,,,,,,,,,,,,,,,,,,,,,
01-19-11,,,,,,,,,,,,,,,,,,,,,,,,,,,,,,,,,,,,,,,,,,0.00,,,,,,,,,,,,,,,,,,,,,,,,,,,,,,,,,,,,,,,
01-20-11,,,,,,,,,,,,,,,,,,,,,,,,,,,,,,,,,,,,,,,,,,0.00,,,,,,,,,,,,,,,,,,,,,,,,,,,,,,,,,,,,,,,
01-21-11,,,,,,,,,,,,,,,,,,,,,,,,,,,,,,,,,,,,,,,,,,0.00,,,,,,,,,,,,,,,,,,,,,,,,,,,,,,,,,,,,,,,
01-22-11,,,,,,,,,,,,,,,,,,,,,,,,,,,,,,,,,,,,,,,,,,0.00,,,,,,,,,,,,,,,,,,,,,,,,,,,,,,,,,,,,,,,
01-23-11,,,,,,,,,,,,,,,,,,,,,,,,,,,,,,,,,,,,,,,,,,0.00,,,,,,,,,,,,,,,,,,,,,,,,,,,,,,,,,,,,,,,
01-24-11,,,,,,,,,,,,,,,,,,,,,,,,,,,,,,,,,,,,,,,,,,0.00,,,,,,,,,,,,,,,,,,,,,,,,,,,,,,,,,,,,,,,
01-25-11,,,,,,,,,,,,,,,,,,,,,,,,,,,,,,,,,,,,,,,,,,0.00,,,,,,,,,,,,,,,,,,,,,,,,,,,,,,,,,,,,,,,
01-26-11,,,,,,,,,,,,,,,,,,,,,,,,,,,,,,,,,,,,,,,,,,0.00,,,,,,,,,,,,,,,,,,,,,,,,,,,,,,,,,,,,,,,
01-27-11,,,,,,,,,,,,,,,,,,,,,,,,,,,,,,,,,,,,,,,,,,0.00,,,,,,,,,,,,,,,,,,,,,,,,,,,,,,,,,,,,,,,
01-28-11,,,,,,,,,,,,,,,,,,,,,,,,,,,,,,,,,,,,,,,,,,,,,,,,,,,,,,,,,,,,,,,,,,,,,,,,,,,,,,,,,
01-29-11,,,,,,,,,,,,,,,,,,,,,,,,,,,,,,,,,,,,,,,,,,0.00,,,,,,,,,,,,,,,,,,,,,,,,,,,,,,,,,,,,,,,
01-30-11,,,,,,,,,,,,,,,,,,,,,,,,,,,,,,,,,,,,,,,,,,0.00,,,,,,,,,,,,,,,,,,,,,,,,,,,,,,,,,,,,,,,
01-31-11,,,,,,,,,,,,,,,,,,,,,,,,,,,,,,,,,,,,,,,,,,0.00,,,,,,,,,,,,,,,,,,,,,,,,,,,,,,,,,,,,,,,
02-01-11,,,,,,,,,,,,,,,,,,,,,,,,,,,,,,,,,,,,,,,,,,0.00,,,,,,,,,,,,,,,,,,,,,,,,,,,,,,,,,,,,,,,
02-02-11,,,,,,,,,,,,,,,,,,,,,,,,,,,,,,,,,,,,,,,,,,0.00,,,,,,,,,,,,,,,,,,,,,,,,,,,,,,,,,,,,,,,
02-03-11,,,,,,,,,,,,,,,,,,,,,,,,,,,,,,,,,,,,,,,,,,0.00,,,,,,,,,,,,,,,,,,,,,,,,,,,,,,,,,,,,,,,
02-04-11,,,,,,,,,,,,,,,,,,,,,,,,,,,,,,,,,,,,,,,,,,0.00,,,,,,,,,,,,,,,,,,,,,,,,,,,,,,,,,,,,,,,
02-05-11,,,,,,,,,,,,,,,,,,,,,,,,,,,,,,,,,,,,,,,,,,0.00,,,,,,,,,,,,,,,,,,,,,,,,,,,,,,,,,,,,,,,
02-06-11,,,,,,,,,,,,,,,,,,,,,,,,,,,,,,,,,,,,,,,,,,0.00,,,,,,,,,,,,,,,,,,,,,,,,,,,,,,,,,,,,,,,
02-07-11,,,,,,,,,,,,,,,,,,,,,,,,,,,,,,,,,,,,,,,,,,0.00,,,,,,,,,,,,,,,,,,,,,,,,,,,,,,,,,,,,,,,
02-08-11,,,,,,,,,,,,,,,,,,,,,,,,,,,,,,,,,,,,,,,,,,0.00,,,,,,,,,,,,,,,,,,,,,,,,,,,,,,,,,,,,,,,
02-09-11,,,,,,,,,,,,,,,,,,,,,,,,,,,,,,,,,,,,,,,,,,0.00,,,,,,,,,,,,,,,,,,,,,,,,,,,,,,,,,,,,,,,
02-10-11,,,,,,,,,,,,,,,,,,,,,,,,,,,,,,,,,,,,,,,,,,0.00,,,,,,,,,,,,,,,,,,,,,,,,,,,,,,,,,,,,,,,
02-11-11,,,,,,,,,,,,,,,,,,,,,,,,,,,,,,,,,,,,,,,,,,0.00,,,,,,,,,,,,,,,,,,,,,,,,,,,,,,,,,,,,,,,
02-12-11,,,,,,,,,,,,,,,,,,,,,,,,,,,,,,,,,,,,,,,,,,0.00,,,,,,,,,,,,,,,,,,,,,,,,,,,,,,,,,,,,,,,
02-13-11,,,,,,,,,,,,,,,,,,,,,,,,,,,,,,,,,,,,,,,,,,0.00,,,,,,,,,,,,,,,,,,,,,,,,,,,,,,,,,,,,,,,
02-14-11,,,,,,,,,,,,,,,,,,,,,,,,,,,,,,,,,,,,,,,,,,0.00,,,,,,,,,,,,,,,,,,,,,,,,,,,,,,,,,,,,,,,
02-15-11,,,,,,,,,,,,,,,,,,,,,,,,,,,,,,,,,,,,,,,,,,0.00,,,,,,,,,,,,,,,,,,,,,,,,,,,,,,,,,,,,,,,
02-16-11,,,,,,,,,,,,,,,,,,,,,,,,,,,,,,,,,,,,,,,,,,0.00,,,,,,,,,,,,,,,,,,,,,,,,,,,,,,,,,,,,,,,
02-17-11,,,,,,,,,,,,,,,,,,,,,,,,,,,,,,,,,,,,,,,,,,,,,,,,,,,,,,,,,,,,,,,,,,,,,,,,,,,,,,,,,
02-18-11,,,,,,,,,,,,,,,,,,,,,,,,,,,,,,,,,,,,,,,,,,0.00,,,,,,,,,,,,,,,,,,,,,,,,,,,,,,,,,,,,,,,
02-19-11,,,,,,,,,,,,,,,,,,,,,,,,,,,,,,,,,,,,,,,,,,0.00,,,,,,,,,,,,,,,,,,,,,,,,,,,,,,,,,,,,,,,
02-20-11,,,,,,,,,,,,,,,,,,,,,,,,,,,,,,,,,,,,,,,,,,0.00,,,,,,,,,,,,,,,,,,,,,,,,,,,,,,,,,,,,,,,
02-21-11,,,,,,,,,,,,,,,,,,,,,,,,,,,,,,,,,,,,,,,,,,0.00,,,,,,,,,,,,,,,,,,,,,,,,,,,,,,,,,,,,,,,
02-22-11,,,,,,,,,,,,,,,,,,,,,,,,,,,,,,,,,,,,,,,,,,0.00,,,,,,,,,,,,,,,,,,,,,,,,,,,,,,,,,,,,,,,
02-23-11,,,,,,,,,,,,,,,,,,,,,,,,,,,,,,,,,,,,,,,,,,0.00,,,,,,,,,,,,,,,,,,,,,,,,,,,,,,,,,,,,,,,
02-24-11,,,,,,,,,,,,,,,,,,,,,,,,,,,,,,,,,,,,,,,,,,0.00,,,,,,,,,,,,,,,,,,,,,,,,,,,,,,,,,,,,,,,
02-25-11,,,,,,,,,,,,,,,,,,,,,,,,,,,,,,,,,,,,,,,,,,0.00,,,,,,,,,,,,,,,,,,,,,,,,,,,,,,,,,,,,,,,
02-26-11,,,,,,,,,,,,,,,,,,,,,,,,,,,,,,,,,,,,,,,,,,0.00,,,,,,,,,,,,,,,,,,,,,,,,,,,,,,,,,,,,,,,
02-27-11,,,,,,,,,,,,,,,,,,,,,,,,,,,,,,,,,,,,,,,,,,0.00,,,,,,,,,,,,,,,,,,,,,,,,,,,,,,,,,,,,,,,
02-28-11,,,,,,,,,,,,,,,,,,,,,,,,,,,,,,,,,,,,,,,,,,0.00,,,,,,,,,,,,,,,,,,,,,,,,,,,,,,,,,,,,,,,
03-01-11,,,,,,,,,,,,,,,,,,,,,,,,,,,,,,,,,,,,,,,,,,0.00,,,0.00,,,,,,,,,,,,,,,,,,,,,,,,,,,,,,,,,,,,
03-02-11,,,,,,,,,,,,,,,,,,,,,,,,,,,,,,,,,,,,,,,,,,0.00,,,0.00,,,,,,,,,,,,,,,,,,,,,,,,,,,,,,,,,,,,
03-03-11,,,,,,,,,,,,,,,,,,,,,,,,,,,,,,,,,,,,,,,,,,0.00,,,0.00,,,,,,,,,,,,,,,,,,,,,,,,,,,,,,,,,,,,
03-04-11,,,,,,,,,,,,,,,,,,,,,,,,,,,,,,,,,,,,,,,,,,0.00,,,0.00,,,,,,,,,,,,,,,,,,,,,,,,,,,,,,,,,,,,
03-05-11,,,,,,,,,,,,,,,,,,,,,,,,,,,,,,,,,,,,,,,,,,0.00,,,0.00,,,,,,,,,,,,,,,,,,,,,,,,,,,,,,,,,,,,
03-06-11,,,,,,,,,,,,,,,,,,,,,,,,,,,,,,,,,,,,,,,,,,0.00,,,0.00,,,,,,,,,,,,,,,,,,,,,,,,,,,,,,,,,,,,
03-07-11,,,,,,,,,,,,,,,,,,,,,,,,,,,,,,,,,,,,,,,,,,0.00,,,0.00,,,,,,,,,,,,,,,,,,,,,,,,,,,,,,,,,,,,
03-08-11,,,,,,,,,,,,,,,,,,,,,,,,,,,,,,,,,,,,,,,,,,0.00,,,0.00,,,,,,,,,,,,,,,,,,,,,,,,,,,,,,,,,,,,
03-09-11,,,,,,,,,,,,,,,,,,,,,,,,,,,,,,,,,,,,,,,,,,0.00,,,0.00,,,,,,,,,,,,,,,,,,,,,,,,,,,,,,,,,,,,
03-10-11,,,,,,,,,,,,,,,,,,,,,,,,,,,,,,,,,,,,,,,,,,0.00,,,0.00,,,,,,,,,,,,,,,,,,,,,,,,,,,,,,,,,,,,
03-11-11,,,,,,,,,,,,,,,,,,,,,,,,,,,,,,,,,,,,,,,,,,0.00,,,0.00,,,,,,,,,,,,,,,,,,,,,,,,,,,,,,,,,,,,
03-12-11,,,,,,,,,,,,,,,,,,,,,,,,,,,,,,,,,,,,,,,,,,0.00,,,6.71,,,,,,,,,,,,,,,,,,,,,,,,,,,,,,,,,,,,
03-13-11,,,,,,,,,,,,,,,,,,,,,,,,,,,,,,,,,,,,,,,,,,7.35,,,0.00,,,,,,,,,,,,,,,,,,,,,,,,,,,,,,,,,,,,
03-14-11,,,,,,,,,,,,,,,,,,,,,,,,,,,,,,,,,,,,,,,,,,0.00,,,0.00,,,,,,,,,,,,,,,,,,,,,,,,,,,,,,,,,,,,
03-15-11,,,,,,,,,,,,,,,,,,,,,,,,,,,,,,,,,,,,,,,,,,0.00,,,0.00,,,,,,,,,,,,,,,,,,,,,,,,,,,,,,,,,,,,
03-16-11,,,,,,,,,,,,,,,,,,,,,,,,,,,,,,,,,,,,,,,,,,0.00,,,0.00,,,,,,,,,,,,,,,,,,,,,,,,,,,,,,,,,,,,
03-17-11,,,,,,,,,,,,,,,,,,,,,,,,,,,,,,,,,,,,,,,,,,0.00,,,0.00,,,,,,,,,,,,,,,,,,,,,,,,,,,,,,,,,,,,
03-18-11,,,,,,,,,,,,,,,,,,,,,,,,,,,,,,,,,,,,,,,,,,9.64,,,0.00,,,,,,,,,,,,,,,,,,,,,,,,,,,,,,,,,,,,
03-19-11,,,,,,,,,,,,,,,,,,,,,,,,,,,,,,,,,,,,,,,,,,0.00,,,0.00,,,,,,,,,,,,,,,,,,,,,,,,,,,,,,,,,,,,
03-20-11,,,,,,,,,,,,,,,,,,,,,,,,,,,,,,,,,,,,,,,,,,,,,0.00,,,,,,,,,,,,,,,,,,,,,,,,,,,,,,,,,,,,
03-21-11,,,,,,,,,,,,,,,,,,,,,,,,,,,,,,,,,,,,,,,,,,0.00,,,0.00,,,,,,,,,,,,,,,,,,,,,,,,,,,,,,,,,,,,
03-22-11,,,,,,,,,,,,,,,,,,,,,,,,,,,,,,,,,,,,,,,,,,0.00,,,0.00,,,,,,,,,,,,,,,,,,,,,,,,,,,,,,,,,,,,
03-23-11,,,,,,,,,,,,,,,,,,,,,,,,,,,,,,,,,,,,,,,,,,0.00,,,0.00,,,,,,,,,,,,,,,,,,,,,,,,,,,,,,,,,,,,
03-24-11,,,,,,,,,,,,,,,,,,,,,,,,,,,,,,,,,,,,,,,,,,0.00,,,0.00,,,,,,,,,,,,,,,,,,,,,,,,,,,,,,,,,,,,
03-25-11,,,,,,,,,,,,,,,,,,,,,,,,,,,,,,,,,,,,,,,,,,0.00,,,0.00,,,,,,,,,,,,,,,,,,,,,,,,,,,,,,,,,,,,
03-26-11,,,,,,,,,,,,,,,,,,,,,,,,,,,,,,,,,,,,,,,,,,6.58,,,0.00,,,,,,,,,,,,,,,,,,,,,,,,,,,,,,,,,,,,
03-27-11,,,,,,,,,,,,,,,,,,,,,,,,,,,,,,,,,,,,,,,,,,6.91,,,0.00,,,,,,,,,,,,,,,,,,,,,,,,,,,,,,,,,,,,
03-28-11,,,,,,,,,,,,,,,,,,,,,,,,,,,,,,,,,,,,,,,,,,0.00,,,0.00,,,,,,,,,,,,,,,,,,,,,,,,,,,,,,,,,,,,
03-29-11,,,,,,,,,,,,,,,,,,,,,,,,,,,,,,,,,,,,,,,,,,,,,0.00,,,,,,,,,,,,,,,,,,,,,,,,,,,,,,,,,,,,
03-30-11,,,,,,,,,,,,,,,,,,,,,,,,,,,,,,,,,,,,,,,,,,7.42,,,0.00,,,,,,,,,,,,,,,,,,,,,,,,,,,,,,,,,,,,
03-31-11,,,,,,,,,,,,,,,,,,,,,,,,,,,,,,,,,,,,,,,,,,0.00,,,0.00,,,,,,,,,,,,,,,,,,,,,,,,,,,,,,,,,,,,
04-01-11,,,,,,,,,,,,,,,,,,,,,,,,,,,,,,,,,,,,,,,,,,5.00,,,0.00,,,,,,,,,,,,,,,,,,,,,,,,,,,,,,,,,,,,
04-02-11,,,,,,,,,,,,,,,,,,,,,,,,,,,,,,,,,,,,,,,,,,11.45,,,0.00,,,,,,,,,,,,,,,,,,,,,,,,,,,,,,,,,,,,
04-03-11,,,,,,,,,,,,,,,,,,,,,,,,,,,,,,,,,,,,,,,,,,0.00,,,0.00,,,,,,,,,,,,,,,,,,,,,,,,,,,,,,,,,,,,
04-04-11,,,,,,,,,,,,,,,,,,,,,,,,,,,,,,,,,,,,,,,,,,0.00,,,0.00,,,,,,,,,,,,,,,,,,,,,,,,,,,,,,,,,,,,
04-05-11,,,,,,,,,,,,,,,,,,,,,,,,,,,,,,,,,,,,,,,,,,0.00,,,0.00,,,,,,,,,,,,,,,,,,,,,,,,,,,,,,,,,,,,
04-06-11,,,,,,,,,,,,,,,,,,,,,,,,,,,,,,,,,,,,,,,,,,0.00,,,0.00,,,,,,,,,,,,,,,,,,,,,,,,,,,,,,,,,,,,
04-07-11,,,,,,,,,,,,,,,,,,,,,,,,,,,,,,,,,,,,,,,,,,0.00,,,0.00,,,,,,,,,,,,,,,,,,,,,,,,,,,,,,,,,,,,
04-08-11,,,,,,,,,,,,,,,,,,,,,,,,,,,,,,,,,,,,,,,,,,0.00,,,0.00,,,,,,,,,,,,,,,,,,,,,,,,,,,,,,,,,,,,
04-09-11,,,,,,,,,,,,,,,,,,,,,,,,,,,,,,,,,,,,,,,,,,0.00,,,0.00,,,,,,,,,,,,,,,,,,,,,,,,,,,,,,,,,,,,
04-10-11,,,,,,,,,,,,,,,,,,,,,,,,,,,,,,,,,,,,,,,,,,0.00,,,0.00,,,,,,,,,,,,,,,,,,,,,,,,,,,,,,,,,,,,
04-11-11,,,,,,,,,,,,,,,,,,,,,,,,,,,,,,,,,,,,,,,,,,0.00,,,0.00,,,,,,,,,,,,,,,,,,,,,,,,,,,,,,,,,,,,
04-12-11,,,,,,,,,,,,,,,,,,,,,,,,,,,,,,,,,,,,,,,,,,0.00,,,0.00,,,,,,,,,,,,,,,,,,,,,,,,,,,,,,,,,,,,
04-13-11,,,,,,,,,,,,,,,,,,,,,,,,,,,,,,,,,,,,,,,,,,0.00,,,6.79,,,,,,,,,,,,,,,,,,,,,,,,,,,,,,,,,,,,
04-14-11,,,,,,,,,,,,,,,,,,,,,,,,,,,,,,,,,,,,,,,,,,0.00,,,12.06,,,,,,,,,,,,,,,,,,,,,,,,,,,,,,,,,,,,
04-15-11,,,,,,,,,,,,,,,,,,,,,,,,,,,,,,,,,,,,,,,,,,0.00,,,10.28,,,,,,,,,,,,,,,,,,,,,,,,,,,,,,,,,,,,
04-16-11,,,,,,,,,,,,,,,,,,,,,,,,,,,,,,,,,,,,,,,,,,6.33,,,8.19,,,,,,,,,,,,,,,,,,,,,,,,,,,,,,,,,,,,
04-17-11,,,,,,,,,,,,,,,,,,,,,,,,,,,,,,,,,,,,,,,,,,,,,7.25,,,,,,,,,,,,,,,,,,,,,,,,,,,,,,,,,,,,
04-18-11,,,,,,,,,,,,,,,,,,,,,,,,,,,,,,,,,,,,,,,,,,6.50,,,5.47,,,,,,,,,,,,,,,,,,,,,,,,,,,,,,,,,,,,
04-19-11,,,,,,,,,,,,,,,,,,,,,,,,,,,,,,,,,,,,,,,,,,0.00,,,2.62,,,,,,,,,,,,,,,,,,,,,,,,,,,,,,,,,,,,
04-20-11,,,,,,,,,,,,,,,,,,,,,,,,,,,,,,,,,,,,,,,,,,0.00,,,0.00,,,,,,,,,,,,,,,,,,,,,,,,,,,,,,,,,,,,
04-21-11,,,,,,,,,,,,,,,,,,,,,,,,,,,,,,,,,,,,,,,,,,0.00,,,0.00,,,,,,,,,,,,,,,,,,,,,,,,,,,,,,,,,,,,
04-22-11,,,,,,,,,,,,,,,,,,,,,,,,,,,,,,,,,,,,,,,,,,0.00,,,32.34,,,,,,,,,,,,,,,,,,,,,,,,,,,,,,,,,,,,
04-23-11,,,,,,,,,,,,,,,,,,,,,,,,,,,,,,,,,,,,,,,,,,3.12,,,30.46,,,,,,,,,,,,,,,,,,,,,,,,,,,,,,,,,,,,
04-24-11,,,,,,,,,,,,,,,,,,,,,,,,,,,,,,,,,,,,,,,,,,3.42,,,26.06,,,,,,,,,,,,,,,,,,,,,,,,,,,,,,,,,,,,
04-25-11,,,,,,,,,,,,,,,,,,,,,,,,,,,,,,,,,,,,,,,,,,0.00,,,21.54,,,,,,,,,,,,,,,,,,,,,,,,,,,,,,,,,,,,
04-26-11,,,,,,,,,,,,,,,,,,,,,,,,,,,,,,,,,,,,,,,,,,0.00,,,15.92,,,,,,,,,,,,,,,,,,,,,,,,,,,,,,,,,,,,
04-27-11,,,,,,,,,,,,,,,,,,,,,,,,,,,,,,,,,,,,,,,,,,2.83,,,12.76,,,,,,,,,,,,,,,,,,,,,,,,,,,,,,,,,,,,
04-28-11,,,,,,,,,,,,,,,,,,,,,,,,,,,,,,,,,,,,,,,,,,0.00,,,15.49,,,,,,,,,,,,,,,,,,,,,,,,,,,,,,,,,,,,
04-29-11,,,,,,,,,,,,,,,,,,,,,,,,,,,,,,,,,,,,,,,,,,0.00,,,14.39,,,,,,,,,,,,,,,,,,,,,,,,,,,,,,,,,,,,
04-30-11,,,,,,,,,,,,,,,,,,,,,,,,,,,,,,,,,,,,,,,,,,0.00,,,9.77,,,,,,,,,,,,,,,,,,,,,,,,,,,,,,,,,,,,
05-01-11,,,,,,,,,,,,,,,,,,,,,,,,,,,,,,,,,,,,,,,,,,8.04,,,6.56,,,,,,,,,,,,,,,,,,,,,,,,,,,,,,,,,,,,
05-02-11,,,,,,,,,,,,,,,,,,,,,,,,,,,,,,,,,,,,,,,,,,12.33,,,2.84,,,,,,,,,,,,,,,,,,,,,,,,,,,,,,,,,,,,
05-03-11,,,,,,,,,,,,,,,,,,,,,,,,,,,,,,,,,,,,,,,,,,11.36,,,0.00,,,,,,,,,,,,,,,,,,,,,,,,,,,,,,,,,,,,
05-04-11,,,,,,,,,,,,,,,,,,,,,,,,,,,,,,,,,,,,,,,,,,0.00,,,0.00,,,,,,,,,,,,,,,,,,,,,,,,,,,,,,,,,,,,
05-05-11,,,,,,,,,,,,,,,,,,,,,,,,,,,,,,,,,,,,,,,,,,0.00,,,0.00,,,,,,,,,,,,,,,,,,,,,,,,,,,,,,,,,,,,
05-06-11,,,,,,,,,,,,,,,,,,,,,,,,,,,,,,,,,,,,,,,,,,0.00,,,0.00,,,,,,,,,,,,,,,,,,,,,,,,,,,,,,,,,,,,
05-07-11,,,,,,,,,,,,,,,,,,,,,,,,,,,,,,,,,,,,,,,,,,0.00,,,0.00,,,,,,,,,,,,,,,,,,,,,,,,,,,,,,,,,,,,
05-08-11,,,,,,,,,,,,,,,,,,,,,,,,,,,,,,,,,,,,,,,,,,9.13,,,0.00,,,,,,,,,,,,,,,,,,,,,,,,,,,,,,,,,,,,
05-09-11,,,,,,,,,,,,,,,,,,,,,,,,,,,,,,,,,,,,,,,,,,19.39,,,0.00,,,,,,,,,,,,,,,,,,,,,,,,,,,,,,,,,,,,
05-10-11,,,,,,,,,,,,,,,,,,,,,,,,,,,,,,,,,,,,,,,,,,18.82,,,0.00,,,,,,,,,,,,,,,,,,,,,,,,,,,,,,,,,,,,
05-11-11,,,,,,,,,,,,,,,,,,,,,,,,,,,,,,,,,,,,,,,,,,0.00,,,0.00,,,,,,,,,,,,,,,,,,,,,,,,,,,,,,,,,,,,
05-12-11,,,,,,,,,,,,,,,,,,,,,,,,,,,,,,,,,,,,,,,,,,0.00,,,0.00,,,,,,,,,,,,,,,,,,,,,,,,,,,,,,,,,,,,
05-13-11,,,,,,,,,,,,,,,,,,,,,,,,,,,,,,,,,,,,,,,,,,0.00,,,0.00,,,,,,,,,,,,,,,,,,,,,,,,,,,,,,,,,,,,
05-14-11,,,,,,,,,,,,,,,,,,,,,,,,,,,,,,,,,,,,,,,,,,0.00,,,0.00,,,,,,,,,,,,,,,,,,,,,,,,,,,,,,,,,,,,
05-15-11,,,,,,,,,,,,,,,,,,,,,,,,,,,,,,,,,,,,,,,,,,,,,0.00,,,,,,,,,,,,,,,,,,,,,,,,,,,,,,,,,,,,
05-16-11,,,,,,,,,,,,,,,,,,,,,,,,,,,,,,,,,,,,,,,,,,0.00,,,0.00,,,,,,,,,,,,,,,,,,,,,,,,,,,,,,,,,,,,
05-17-11,,,,,,,,,,,,,,,,,,,,,,,,,,,,,,,,,,,,,,,,,,4.33,,,0.00,,,,,,,,,,,,,,,,,,,,,,,,,,,,,,,,,,,,
05-18-11,,,,,,,,,,,,,,,,,,,,,,,,,,,,,,,,,,,,,,,,,,11.25,,,0.00,,,,,,,,,,,,,,,,,,,,,,,,,,,,,,,,,,,,
05-19-11,,,,,,,,,,,,,,,,,,,,,,,,,,,,,,,,,,,,,,,,,,0.00,,,0.00,,,,,,,,,,,,,,,,,,,,,,,,,,,,,,,,,,,,
05-20-11,,,,,,,,,,,,,,,,,,,,,,,,,,,,,,,,,,,,,,,,,,20.79,,,25.37,,,,,,,,,,,,,,,,,,,,,,,,,,,,,,,,,,,,
05-21-11,,,,,,,,,,,,,,,,,,,,,,,,,,,,,,,,,,,,,,,,,,9.96,,,28.56,,,,,,,,,,,,,,,,,,,,,,,,,,,,,,,,,,,,
05-22-11,,,,,,,,,,,,,,,,,,,,,,,,,,,,,,,,,,,,,,,,,,0.00,,,63.72,,,,,,,,,,,,,,,,,,,,,,,,,,,,,,,,,,,,
05-23-11,,,,,,,,,,,,,,,,,,,,,,,,,,,,,,,,,,,,,,,,,,0.00,,,54.89,,,,,,,,,,,,,,,,,,,,,,,,,,,,,,,,,,,,
05-24-11,,,,,,,,,,,,,,,,,,,,,,,,,,,,,,,,,,,,,,,,,,0.00,,,50.97,,,,,,,,,,,,,,,,,,,,,,,,,,,,,,,,,,,,
05-25-11,,,,,,,,,,,,,,,,,,,,,,,,,,,,,,,,,,,,,,,,,,4.12,,,48.23,,,,,,,,,,,,,,,,,,,,,,,,,,,,,,,,,,,,
05-26-11,,,,,,,,,,,,,,,,,,,,,,,,,,,,,,,,,,,,,,,,,,9.08,,,45.16,,,,,,,,,,,,,,,,,,,,,,,,,,,,,,,,,,,,
05-27-11,,,,,,,,,,,,,,,,,,,,,,,,,,,,,,,,,,,,,,,,,,3.92,,,42.04,,,,,,,,,,,,,,,,,,,,,,,,,,,,,,,,,,,,
05-28-11,,,,,,,,,,,,,,,,,,,,,,,,,,,,,,,,,,,,,,,,,,6.67,,,41.30,,,,,,,,,,,,,,,,,,,,,,,,,,,,,,,,,,,,
05-29-11,,,,,,,,,,,,,,,,,,,,,,,,,,,,,,,,,,,,,,,,,,2.92,,,39.47,,,,,,,,,,,,,,,,,,,,,,,,,,,,,,,,,,,,
05-30-11,,,,,,,,,,,,,,,,,,,,,,,,,,,,,,,,,,,,,,,,,,17.46,,,37.83,,,,,,,,,,,,,,,,,,,,,,,,,,,,,,,,,,,,
05-31-11,,,,,,,,,,,,,,,,,,,,,,,,,,,,,,,,,,,,,,,,,,3.43,,,36.13,,,,,,,,,,,,,,,,,,,,,,,,,,,,,,,,,,,,
06-01-11,,,,,,,,,,,,,,,,,,,,,,,,,,,,,,,,,,,,,,,,,,21.00,,,35.58,,,,,,,,,,,,,,,,,,,,,,,,,,,,,,,,,,,,
06-02-11,,,,,,,,,,,,,,,,,,,,,,,,,,,,,,,,,,,,,,,,,,10.50,,,33.59,,,,,,,,,,,,,,,,,,,,,,,,,,,,,,,,,,,,
06-03-11,,,,,,,,,,,,,,,,,,,,,,,,,,,,,,,,,,,,,,,,,,11.17,,,33.28,,,,,,,,,,,,,,,,,,,,,,,,,,,,,,,,,,,,
06-04-11,,,,,,,,,,,,,,,,,,,,,,,,,,,,,,,,,,,,,,,,,,6.17,,,32.26,,,,,,,,,,,,,,,,,,,,,,,,,,,,,,,,,,,,
06-05-11,,,,,,,,,,,,,,,,,,,,,,,,,,,,,,,,,,,,,,,,,,0.00,,,39.65,,,,,,,,,,,,,,,,,,,,,,,,,,,,,,,,,,,,
06-06-11,,,,,,,,,,,,,,,,,,,,,,,,,,,,,,,,,,,,,,,,,,0.00,,,40.26,,,,,,,,,,,,,,,,,,,,,,,,,,,,,,,,,,,,
06-07-11,,,,,,,,,,,,,,,,,,,,,,,,,,,,,,,,,,,,,,,,,,0.00,,,47.36,,,,,,,,,,,,,,,,,,,,,,,,,,,,,,,,,,,,
06-08-11,,,,,,,,,,,,,,,,,,,,,,,,,,,,,,,,,,,,,,,,,,9.36,,,65.73,,,,,,,,,,,,,,,,,,,,,,,,,,,,,,,,,,,,
06-09-11,,,,,,,,,,,,,,,,,,,,,,,,,,,,,,,,,,,,,,,,,,9.62,,,77.32,,,,,,,,,,,,,,,,,,,,,,,,,,,,,,,,,,,,
06-10-11,,,,,,,,,,,,,,,,,,,,,,,,,,,,,,,,,,,,,,,,,,5.12,,,74.18,,,,,,,,,,,,,,,,,,,,,,,,,,,,,,,,,,,,
06-11-11,,,,,,,,,,,,,,,,,,,,,,,,,,,,,,,,,,,,,,,,,,0.00,,,68.99,,,,,,,,,,,,,,,,,,,,,,,,,,,,,,,,,,,,
06-12-11,,,,,,,,,,,,,,,,,,,,,,,,,,,,,,,,,,,,,,,,,,8.92,,,72.35,,,,,,,,,,,,,,,,,,,,,,,,,,,,,,,,,,,,
06-13-11,,,,,,,,,,,,,,,,,,,,,,,,,,,,,,,,,,,,,,,,,,10.54,,,70.96,,,,,,,,,,,,,,,,,,,,,,,,,,,,,,,,,,,,
06-14-11,,,,,,,,,,,,,,,,,,,,,,,,,,,,,,,,,,,,,,,,,,9.79,,,70.43,,,,,,,,,,,,,,,,,,,,,,,,,,,,,,,,,,,,
06-15-11,,,,,,,,,,,,,,,,,,,,,,,,,,,,,,,,,,,,,,,,,,9.58,,,69.26,,,,,,,,,,,,,,,,,,,,,,,,,,,,,,,,,,,,
06-16-11,,,,,,,,,,,,,,,,,,,,,,,,,,,,,,,,,,,,,,,,,,2.17,,,75.25,,,,,,,,,,,,,,,,,,,,,,,,,,,,,,,,,,,,
06-17-11,,,,,,,,,,,,,,,,,,,,,,,,,,,,,,,,,,,,,,,,,,15.46,,,78.11,,,,,,,,,,,,,,,,,,,,,,,,,,,,,,,,,,,,
06-18-11,,,,,,,,,,,,,,,,,,,,,,,,,,,,,,,,,,,,,,,,,,3.33,,,97.04,,,,,,,,,,,,,,,,,,,,,,,,,,,,,,,,,,,,
06-19-11,,,,,,,,,,,,,,,,,,,,,,,,,,,,,,,,,,,,,,,,,,27.78,,,165.19,,,,,,,,,,,,,,,,,,,,,,,,,,,,,,,,,,,,
06-20-11,,,,,,,,,,,,,,,,,,,,,,,,,,,,,,,,,,,,,,,,,,20.96,,,165.49,,,,,,,,,,,,,,,,,,,,,,,,,,,,,,,,,,,,
06-21-11,,,,,,,,,,,,,,,,,,,,,,,,,,,,,,,,,,,,,,,,,,21.33,,,156.41,,,,,,,,,,,,,,,,,,,,,,,,,,,,,,,,,,,,
06-22-11,,,,,,,,,,,,,,,,,,,,,,,,,,,,,,,,,,,,,,,,,,13.54,,,150.43,,,,,,,,,,,,,,,,,,,,,,,,,,,,,,,,,,,,
06-23-11,,,,,,,,,,,,,,,,,,,,,,,,,,,,,,,,,,,,,,,,,,12.83,,,146.28,,,,,,,,,,,,,,,,,,,,,,,,,,,,,,,,,,,,
06-24-11,,,,,,,,,,,,,,,,,,,,,,,,,,,,,,,,,,,,,,,,,,10.58,,,142.47,,,,,,,,,,,,,,,,,,,,,,,,,,,,,,,,,,,,
06-25-11,,,,,,,,,,,,,,,,,,,,,,,,,,,,,,,,,,,,,,,,,,7.82,,,138.78,,,,,,,,,,,,,,,,,,,,,,,,,,,,,,,,,,,,
06-26-11,,,,,,,,,,,,,,,,,,,,,,,,,,,,,,,,,,,,,,,,,,8.79,,,134.72,,,,,,,,,,,,,,,,,,,,,,,,,,,,,,,,,,,,
06-27-11,,,,,,,,,,,,,,,,,,,,,,,,,,,,,,,,,,,,,,,,,,15.00,,,130.42,,,,,,,,,,,,,,,,,,,,,,,,,,,,,,,,,,,,
06-28-11,,,,,,,,,,,,,,,,,,,,,,,,,,,,,,,,,,,,,,,,,,4.75,,,128.55,,,,,,,,,,,,,,,,,,,,,,,,,,,,,,,,,,,,
06-29-11,,,,,,,,,,,,,,,,,,,,,,,,,,,,,,,,,,,,,,,,,,24.55,,,148.55,,,,,,,,,,,,,,,,,,,,,,,,,,,,,,,,,,,,
06-30-11,,,,,,,,,,,,,,,,,,,,,,,,,,,,,,,,,,,,,,,,,,34.09,,,170.75,,,,,,,,,,,,,,,,,,,,,,,,,,,,,,,,,,,,
07-01-11,,,,,,,,,,,,,,,,,,,,,,,,,,,,,,,,,,,,,,,,,,31.46,,,169.53,,,,,,,,,,,,,,,,,,,,,,,,,,,,,,,,,,,,
07-02-11,,,,,,,,,,,,,,,,,,,,,,,,,,,,,,,,,,,,,,,,,,27.62,,,170.08,,,,,,,,,,,,,,,,,,,,,,,,,,,,,,,,,,,,
07-03-11,,,,,,,,,,,,,,,,,,,,,,,,,,,,,,,,,,,,,,,,,,23.29,,,165.92,,,,,,,,,,,,,,,,,,,,,,,,,,,,,,,,,,,,
07-04-11,,,,,,,,,,,,,,,,,,,,,,,,,,,,,,,,,,,,,,,,,,28.04,,,162.74,,,,,,,,,,,,,,,,,,,,,,,,,,,,,,,,,,,,
07-05-11,,,,,,,,,,,,,,,,,,,,,,,,,,,,,,,,,,,,,,,,,,21.14,,,161.50,,,,,,,,,,,,,,,,,,,,,,,,,,,,,,,,,,,,
07-06-11,,,,,,,,,,,,,,,,,,,,,,,,,,,,,,,,,,,,,,,,,,20.08,,,159.47,,,,,,,,,,,,,,,,,,,,,,,,,,,,,,,,,,,,
07-07-11,,,,,,,,,,,,,,,,,,,,,,,,,,,,,,,,,,,,,,,,,,18.91,,,157.49,,,,,,,,,,,,,,,,,,,,,,,,,,,,,,,,,,,,
07-08-11,,,,,,,,,,,,,,,,,,,,,,,,,,,,,,,,,,,,,,,,,,15.12,,,156.35,,,,,,,,,,,,,,,,,,,,,,,,,,,,,,,,,,,,
07-09-11,,,,,,,,,,,,,,,,,,,,,,,,,,,,,,,,,,,,,,,,,,5.04,,,153.60,,,,,,,,,,,,,,,,,,,,,,,,,,,,,,,,,,,,
07-10-11,,,,,,,,,,,,,,,,,,,,,,,,,,,,,,,,,,,,,,,,,,0.00,,,146.69,,,,,,,,,,,,,,,,,,,,,,,,,,,,,,,,,,,,
07-11-11,,,,,,,,,,,,,,,,,,,,,,,,,,,,,,,,,,,,,,,,,,2.35,,,147.68,,,,,,,,,,,,,,,,,,,,,,,,,,,,,,,,,,,,
07-12-11,,,,,,,,,,,,,,,,,,,,,,,,,,,,,,,,,,,,,,,,,,14.96,,,164.54,,,,,,,,,,,,,,,,,,,,,,,,,,,,,,,,,,,,
07-13-11,,,,,,,,,,,,,,,,,,,,,,,,,,,,,,,,,,,,,,,,,,16.50,,,161.18,,,,,,,,,,,,,,,,,,,,,,,,,,,,,,,,,,,,
07-14-11,,,,,,,,,,,,,,,,,,,,,,,,,,,,,,,,,,,,,,,,,,,,,181.59,,,,,,,,,,,,,,,,,,,,,,,,,,,,,,,,,,,,
07-15-11,,,,,,,,,,,,,,,,,,,,,,,,,,,,,,,,,,,,,,,,,,9.24,,,229.33,,,,,,,,,,,,,,,,,,,,,,,,,,,,,,,,,,,,
07-16-11,,,,,,,,,,,,,,,,,,,,,,,,,,,,,,,,,,,,,,,,,,8.12,,,268.91,,,,,,,,,,,,,,,,,,,,,,,,,,,,,,,,,,,,
07-17-11,,,,,,,,,,,,,,,,,,,,,,,,,,,,,,,,,,,,,,,,,,8.83,,,289.38,,,,,,,,,,,,,,,,,,,,,,,,,,,,,,,,,,,,
07-18-11,,,,,,,,,,,,,,,,,,,,,,,,,,,,,,,,,,,,,,,,,,16.52,,,315.18,,,,,,,,,,,,,,,,,,,,,,,,,,,,,,,,,,,,
07-19-11,,,,,,,,,,,,,,,,,,,,,,,,,,,,,,,,,,,,,,,,,,10.43,,,296.88,,,,,,,,,,,,,,,,,,,,,,,,,,,,,,,,,,,,
07-20-11,,,,,,,,,,,,,,,,,,,,,,,,,,,,,,,,,,,,,,,,,,17.38,,,288.95,,,,,,,,,,,,,,,,,,,,,,,,,,,,,,,,,,,,
07-21-11,,,,,,,,,,,,,,,,,,,,,,,,,,,,,,,,,,,,,,,,,,10.84,,,282.80,,,,,,,,,,,,,,,,,,,,,,,,,,,,,,,,,,,,
07-22-11,,,,,,,,,,,,,,,,,,,,,,,,,,,,,,,,,,,,,,,,,,18.38,,,277.63,,,,,,,,,,,,,,,,,,,,,,,,,,,,,,,,,,,,
07-23-11,,,,,,,,,,,,,,,,,,,,,,,,,,,,,,,,,,,,,,,,,,13.00,,,272.89,,,,,,,,,,,,,,,,,,,,,,,,,,,,,,,,,,,,
07-24-11,,,,,,,,,,,,,,,,,,,,,,,,,,,,,,,,,,,,,,,,,,0.00,,,268.30,,,,,,,,,,,,,,,,,,,,,,,,,,,,,,,,,,,,
07-25-11,,,,,,,,,,,,,,,,,,,,,,,,,,,,,,,,,,,,,,,,,,0.00,,,292.69,,,,,,,,,,,,,,,,,,,,,,,,,,,,,,,,,,,,
07-26-11,,,,,,,,,,,,,,,,,,,,,,,,,,,,,,,,,,,,,,,,,,11.53,,,289.97,,,,,,,,,,,,,,,,,,,,,,,,,,,,,,,,,,,,
07-27-11,,,,,,,,,,,,,,,,,,,,,,,,,,,,,,,,,,,,,,,,,,7.00,,,284.80,,,,,,,,,,,,,,,,,,,,,,,,,,,,,,,,,,,,
07-28-11,,,,,,,,,,,,,,,,,,,,,,,,,,,,,,,,,,,,,,,,,,7.40,,,289.64,,,,,,,,,,,,,,,,,,,,,,,,,,,,,,,,,,,,
07-29-11,,,,,,,,,,,,,,,,,,,,,,,,,,,,,,,,,,,,,,,,,,11.47,,,311.59,,,,,,,,,,,,,,,,,,,,,,,,,,,,,,,,,,,,
07-30-11,,,,,,,,,,,,,,,,,,,,,,,,,,,,,,,,,,,,,,,,,,13.00,,,321.40,,,,,,,,,,,,,,,,,,,,,,,,,,,,,,,,,,,,
07-31-11,,,,,,,,,,,,,,,,,,,,,,,,,,,,,,,,,,,,,,,,,,11.12,,,299.96,,,,,,,,,,,,,,,,,,,,,,,,,,,,,,,,,,,,
08-01-11,,,,,,,,,,,,,,,,,,,,,,,,,,,,,,,,,,,,,,,,,,10.06,,,298.11,,,,,,,,,,,,,,,,,,,,,,,,,,,,,,,,,,,,
08-02-11,,,,,,,,,,,,,,,,,,,,,,,,,,,,,,,,,,,,,,,,,,9.72,,,314.99,,,,,,,,,,,,,,,,,,,,,,,,,,,,,,,,,,,,
08-03-11,,,,,,,,,,,,,,,,,,,,,,,,,,,,,,,,,,,,,,,,,,10.60,,,309.09,,,,,,,,,,,,,,,,,,,,,,,,,,,,,,,,,,,,
08-04-11,,,,,,,,,,,,,,,,,,,,,,,,,,,,,,,,,,,,,,,,,,8.33,,,299.64,,,,,,,,,,,,,,,,,,,,,,,,,,,,,,,,,,,,
08-05-11,,,,,,,,,,,,,,,,,,,,,,,,,,,,,,,,,,,,,,,,,,8.16,,,335.00,,,,,,,,,,,,,,,,,,,,,,,,,,,,,,,,,,,,
08-06-11,,,,,,,,,,,,,,,,,,,,,,,,,,,,,,,,,,,,,,,,,,51.32,,,335.00,,,,,,,,,,,,,,,,,,,,,,,,,,,,,,,,,,,,
08-07-11,,,,,,,,,,,,,,,,,,,,,,,,,,,,,,,,,,,,,,,,,,76.08,,,335.00,,,,,,,,,,,,,,,,,,,,,,,,,,,,,,,,,,,,
08-08-11,,,,,,,,,,,,,,,,,,,,,,,,,,,,,,,,,,,,,,,,,,61.92,,,335.00,,,,,,,,,,,,,,,,,,,,,,,,,,,,,,,,,,,,
08-09-11,,,,,,,,,,,,,,,,,,,,,,,,,,,,,,,,,,,,,,,,,,45.46,,,321.01,,,,,,,,,,,,,,,,,,,,,,,,,,,,,,,,,,,,
08-10-11,,,,,,,,,,,,,,,,,,,,,,,,,,,,,,,,,,,,,,,,,,30.08,,,299.79,,,,,,,,,,,,,,,,,,,,,,,,,,,,,,,,,,,,
08-11-11,,,,,,,,,,,,,,,,,,,,,,,,,,,,,,,,,,,,,,,,,,29.04,,,293.85,,,,,,,,,,,,,,,,,,,,,,,,,,,,,,,,,,,,
08-12-11,,,,,,,,,,,,,,,,,,,,,,,,,,,,,,,,,,,,,,,,,,27.40,,,322.30,,,,,,,,,,,,,,,,,,,,,,,,,,,,,,,,,,,,
08-13-11,,,,,,,,,,,,,,,,,,,,,,,,,,,,,,,,,,,,,,,,,,28.39,,,315.36,,,,,,,,,,,,,,,,,,,,,,,,,,,,,,,,,,,,
08-14-11,,,,,,,,,,,,,,,,,,,,,,,,,,,,,,,,,,,,,,,,,,24.75,,,299.68,,,,,,,,,,,,,,,,,,,,,,,,,,,,,,,,,,,,
08-15-11,,,,,,,,,,,,,,,,,,,,,,,,,,,,,,,,,,,,,,,,,,22.79,,,297.55,,,,,,,,,,,,,,,,,,,,,,,,,,,,,,,,,,,,
08-16-11,,,,,,,,,,,,,,,,,,,,,,,,,,,,,,,,,,,,,,,,,,26.61,,,335.00,,,,,,,,,,,,,,,,,,,,,,,,,,,,,,,,,,,,
08-17-11,,,,,,,,,,,,,,,,,,,,,,,,,,,,,,,,,,,,,,,,,,31.17,,,335.00,,,,,,,,,,,,,,,,,,,,,,,,,,,,,,,,,,,,
08-18-11,,,,,,,,,,,,,,,,,,,,,,,,,,,,,,,,,,,,,,,,,,37.16,,,335.00,,,,,,,,,,,,,,,,,,,,,,,,,,,,,,,,,,,,
08-19-11,,,,,,,,,,,,,,,,,,,,,,,,,,,,,,,,,,,,,,,,,,35.14,,,335.00,,,,,,,,,,,,,,,,,,,,,,,,,,,,,,,,,,,,
08-20-11,,,,,,,,,,,,,,,,,,,,,,,,,,,,,,,,,,,,,,,,,,33.75,,,335.00,,,,,,,,,,,,,,,,,,,,,,,,,,,,,,,,,,,,
08-21-11,,,,,,,,,,,,,,,,,,,,,,,,,,,,,,,,,,,,,,,,,,28.46,,,335.00,,,,,,,,,,,,,,,,,,,,,,,,,,,,,,,,,,,,
08-22-11,,,,,,,,,,,,,,,,,,,,,,,,,,,,,,,,,,,,,,,,,,41.29,,,335.00,,,,,,,,,,,,,,,,,,,,,,,,,,,,,,,,,,,,
08-23-11,,,,,,,,,,,,,,,,,,,,,,,,,,,,,,,,,,,,,,,,,,45.88,,,335.00,,,,,,,,,,,,,,,,,,,,,,,,,,,,,,,,,,,,
08-24-11,,,,,,,,,,,,,,,,,,,,,,,,,,,,,,,,,,,,,,,,,,33.96,,,335.00,,,,,,,,,,,,,,,,,,,,,,,,,,,,,,,,,,,,
08-25-11,,,,,,,,,,,,,,,,,,,,,,,,,,,,,,,,,,,,,,,,,,48.00,,,335.00,,,,,,,,,,,,,,,,,,,,,,,,,,,,,,,,,,,,
08-26-11,,,,,,,,,,,,,,,,,,,,,,,,,,,,,,,,,,,,,,,,,,48.52,,,335.00,,,,,,,,,,,,,,,,,,,,,,,,,,,,,,,,,,,,
08-27-11,,,,,,,,,,,,,,,,,,,,,,,,,,,,,,,,,,,,,,,,,,42.30,,,335.00,,,,,,,,,,,,,,,,,,,,,,,,,,,,,,,,,,,,
08-28-11,,,,,,,,,,,,,,,,,,,,,,,,,,,,,,,,,,,,,,,,,,42.32,,,335.00,,,,,,,,,,,,,,,,,,,,,,,,,,,,,,,,,,,,
08-29-11,,,,,,,,,,,,,,,,,,,,,,,,,,,,,,,,,,,,,,,,,,40.57,,,,,,,,,,,,,,,,,,,,,,,,,,,,,,,,,,,,,,,
08-30-11,,,,,,,,,,,,,,,,,,,,,,,,,,,,,,,,,,,,,,,,,,47.38,,,,,,,,,,,,,,,,,,,,,,,,,,,,,,,,,,,,,,,
08-31-11,,,,,,,,,,,,,,,,,,,,,,,,,,,,,,,,,,,,,,,,,,44.64,,,,,,,,,,,,,,,,,,,,,,,,,,,,,,,,,,,,,,,
09-01-11,,,,,,,,,,,,,,,,,,,,,,,,,,,,,,,,,,,,,,,,,,50.45,,,,,,,,,,,,,,,,,,,,,,,,,,,,,,,,,,,,,,,
09-02-11,,,,,,,,,,,,,,,,,,,,,,,,,,,,,,,,,,,,,,,,,,42.20,,,,,,,,,,,,,,,,,,,,,,,,,,,,,,,,,,,,,,,
09-03-11,,,,,,,,,,,,,,,,,,,,,,,,,,,,,,,,,,,,,,,,,,19.60,,,,,,,,,,,,,,,,,,,,,,,,,,,,,,,,,,,,,,,
09-04-11,,,,,,,,,,,,,,,,,,,,,,,,,,,,,,,,,,,,,,,,,,27.17,,,,,,,,,,,,,,,,,,,,,,,,,,,,,,,,,,,,,,,
09-05-11,,,,,,,,,,,,,,,,,,,,,,,,,,,,,,,,,,,,,,,,,,40.93,,,,,,,,,,,,,,,,,,,,,,,,,,,,,,,,,,,,,,,
09-06-11,,,,,,,,,,,,,,,,,,,,,,,,,,,,,,,,,,,,,,,,,,49.11,,,,,,,,,,,,,,,,,,,,,,,,,,,,,,,,,,,,,,,
09-07-11,,,,,,,,,,,,,,,,,,,,,,,,,,,,,,,,,,,,,,,,,,52.92,,,,,,,,,,,,,,,,,,,,,,,,,,,,,,,,,,,,,,,
09-08-11,,,,,,,,,,,,,,,,,,,,,,,,,,,,,,,,,,,,,,,,,,44.42,,,,,,,,,,,,,,,,,,,,,,,,,,,,,,,,,,,,,,,
09-09-11,,,,,,,,,,,,,,,,,,,,,,,,,,,,,,,,,,,,,,,,,,55.89,,,,,,,,,,,,,,,,,,,,,,,,,,,,,,,,,,,,,,,
09-10-11,,,,,,,,,,,,,,,,,,,,,,,,,,,,,,,,,,,,,,,,,,54.33,,,,,,,,,,,,,,,,,,,,,,,,,,,,,,,,,,,,,,,
09-11-11,,,,,,,,,,,,,,,,,,,,,,,,,,,,,,,,,,,,,,,,,,47.96,,,,,,,,,,,,,,,,,,,,,,,,,,,,,,,,,,,,,,,
09-12-11,,,,,,,,,,,,,,,,,,,,,,,,,,,,,,,,,,,,,,,,,,44.00,,,,,,,,,,,,,,,,,,,,,,,,,,,,,,,,,,,,,,,
09-13-11,,,,,,,,,,,,,,,,,,,,,,,,,,,,,,,,,,,,,,,,,,44.29,,,,,,,,,,,,,,,,,,,,,,,,,,,,,,,,,,,,,,,
09-14-11,,,,,,,,,,,,,,,,,,,,,,,,,,,,,,,,,,,,,,,,,,37.96,,,,,,,,,,,,,,,,,,,,,,,,,,,,,,,,,,,,,,,
09-15-11,,,,,,,,,,,,,,,,,,,,,,,,,,,,,,,,,,,,,,,,,,36.75,,,,,,,,,,,,,,,,,,,,,,,,,,,,,,,,,,,,,,,
09-16-11,,,,,,,,,,,,,,,,,,,,,,,,,,,,,,,,,,,,,,,,,,32.71,,,,,,,,,,,,,,,,,,,,,,,,,,,,,,,,,,,,,,,
09-17-11,,,,,,,,,,,,,,,,,,,,,,,,,,,,,,,,,,,,,,,,,,,,,,,,,,,,,,,,,,,,,,,,,,,,,,,,,,,,,,,,,
09-18-11,,,,,,,,,,,,,,,,,,,,,,,,,,,,,,,,,,,,,,,,,,30.08,,,,,,,,,,,,,,,,,,,,,,,,,,,,,,,,,,,,,,,
09-19-11,,,,,,,,,,,,,,,,,,,,,,,,,,,,,,,,,,,,,,,,,,31.79,,,,,,,,,,,,,,,,,,,,,,,,,,,,,,,,,,,,,,,
09-20-11,,,,,,,,,,,,,,,,,,,,,,,,,,,,,,,,,,,,,,,,,,28.08,,,,,,,,,,,,,,,,,,,,,,,,,,,,,,,,,,,,,,,
09-21-11,,,,,,,,,,,,,,,,,,,,,,,,,,,,,,,,,,,,,,,,,,25.63,,,,,,,,,,,,,,,,,,,,,,,,,,,,,,,,,,,,,,,
09-22-11,,,,,,,,,,,,,,,,,,,,,,,,,,,,,,,,,,,,,,,,,,22.71,,,,,,,,,,,,,,,,,,,,,,,,,,,,,,,,,,,,,,,
09-23-11,,,,,,,,,,,,,,,,,,,,,,,,,,,,,,,,,,,,,,,,,,21.22,,,,,,,,,,,,,,,,,,,,,,,,,,,,,,,,,,,,,,,
09-24-11,,,,,,,,,,,,,,,,,,,,,,,,,,,,,,,,,,,,,,,,,,14.76,,,,,,,,,,,,,,,,,,,,,,,,,,,,,,,,,,,,,,,
09-25-11,,,,,,,,,,,,,,,,,,,,,,,,,,,,,,,,,,,,,,,,,,12.79,,,,,,,,,,,,,,,,,,,,,,,,,,,,,,,,,,,,,,,
09-26-11,,,,,,,,,,,,,,,,,,,,,,,,,,,,,,,,,,,,,,,,,,3.96,,,,,,,,,,,,,,,,,,,,,,,,,,,,,,,,,,,,,,,
09-27-11,,,,,,,,,,,,,,,,,,,,,,,,,,,,,,,,,,,,,,,,,,0.00,,,335.00,,,,,,,,,,,,,,,,,,,,,,,,,,,,,,,,,,,,
09-28-11,,,,,,,,,,,,,,,,,,,,,,,,,,,,,,,,,,,,,,,,,,0.00,,,303.72,,,,,,,,,,,,,,,,,,,,,,,,,,,,,,,,,,,,
09-29-11,,,,,,,,,,,,,,,,,,,,,,,,,,,,,,,,,,,,,,,,,,4.23,,,299.83,,,,,,,,,,,,,,,,,,,,,,,,,,,,,,,,,,,,
09-30-11,,,,,,,,,,,,,,,,,,,,,,,,,,,,,,,,,,,,,,,,,,0.00,,,299.67,,,,,,,,,,,,,,,,,,,,,,,,,,,,,,,,,,,,
10-01-11,,,,,,,,,,,,,,,,,,,,,,,,,,,,,,,,,,,,,,,,,,4.42,,,299.82,,,,,,,,,,,,,,,,,,,,,,,,,,,,,,,,,,,,
10-02-11,,,,,,,,,,,,,,,,,,,,,,,,,,,,,,,,,,,,,,,,,,0.00,,,299.54,,,,,,,,,,,,,,,,,,,,,,,,,,,,,,,,,,,,
10-03-11,,,,,,,,,,,,,,,,,,,,,,,,,,,,,,,,,,,,,,,,,,0.00,,,299.67,,,,,,,,,,,,,,,,,,,,,,,,,,,,,,,,,,,,
10-04-11,,,,,,,,,,,,,,,,,,,,,,,,,,,,,,,,,,,,,,,,,,0.00,,,299.74,,,,,,,,,,,,,,,,,,,,,,,,,,,,,,,,,,,,
10-05-11,,,,,,,,,,,,,,,,,,,,,,,,,,,,,,,,,,,,,,,,,,0.00,,,299.58,,,,,,,,,,,,,,,,,,,,,,,,,,,,,,,,,,,,
10-06-11,,,,,,,,,,,,,,,,,,,,,,,,,,,,,,,,,,,,,,,,,,0.00,,,319.88,,,,,,,,,,,,,,,,,,,,,,,,,,,,,,,,,,,,
10-07-11,,,,,,,,,,,,,,,,,,,,,,,,,,,,,,,,,,,,,,,,,,0.00,,,295.79,,,,,,,,,,,,,,,,,,,,,,,,,,,,,,,,,,,,
10-08-11,,,,,,,,,,,,,,,,,,,,,,,,,,,,,,,,,,,,,,,,,,0.00,,,300.31,,,,,,,,,,,,,,,,,,,,,,,,,,,,,,,,,,,,
10-09-11,,,,,,,,,,,,,,,,,,,,,,,,,,,,,,,,,,,,,,,,,,0.00,,,290.07,,,,,,,,,,,,,,,,,,,,,,,,,,,,,,,,,,,,
10-10-11,,,,,,,,,,,,,,,,,,,,,,,,,,,,,,,,,,,,,,,,,,0.00,,,299.35,,,,,,,,,,,,,,,,,,,,,,,,,,,,,,,,,,,,
10-11-11,,,,,,,,,,,,,,,,,,,,,,,,,,,,,,,,,,,,,,,,,,0.00,,,296.86,,,,,,,,,,,,,,,,,,,,,,,,,,,,,,,,,,,,
10-12-11,,,,,,,,,,,,,,,,,,,,,,,,,,,,,,,,,,,,,,,,,,0.00,,,335.00,,,,,,,,,,,,,,,,,,,,,,,,,,,,,,,,,,,,
10-13-11,,,,,,,,,,,,,,,,,,,,,,,,,,,,,,,,,,,,,,,,,,,,,335.00,,,,,,,,,,,,,,,,,,,,,,,,,,,,,,,,,,,,
10-14-11,,,,,,,,,,,,,,,,,,,,,,,,,,,,,,,,,,,,,,,,,,0.00,,,290.44,,,,,,,,,,,,,,,,,,,,,,,,,,,,,,,,,,,,
10-15-11,,,,,,,,,,,,,,,,,,,,,,,,,,,,,,,,,,,,,,,,,,0.00,,,292.59,,,,,,,,,,,,,,,,,,,,,,,,,,,,,,,,,,,,
10-16-11,,,,,,,,,,,,,,,,,,,,,,,,,,,,,,,,,,,,,,,,,,0.00,,,300.02,,,,,,,,,,,,,,,,,,,,,,,,,,,,,,,,,,,,
10-17-11,,,,,,,,,,,,,,,,,,,,,,,,,,,,,,,,,,,,,,,,,,0.00,,,299.63,,,,,,,,,,,,,,,,,,,,,,,,,,,,,,,,,,,,
10-18-11,,,,,,,,,,,,,,,,,,,,,,,,,,,,,,,,,,,,,,,,,,0.00,,,299.18,,,,,,,,,,,,,,,,,,,,,,,,,,,,,,,,,,,,
10-19-11,,,,,,,,,,,,,,,,,,,,,,,,,,,,,,,,,,,,,,,,,,0.00,,,,,,,,,,,,,,,,,,,,,,,,,,,,,,,,,,,,,,,
10-20-11,,,,,,,,,,,,,,,,,,,,,,,,,,,,,,,,,,,,,,,,,,0.00,,,299.17,,,,,,,,,,,,,,,,,,,,,,,,,,,,,,,,,,,,
10-21-11,,,,,,,,,,,,,,,,,,,,,,,,,,,,,,,,,,,,,,,,,,0.00,,,298.50,,,,,,,,,,,,,,,,,,,,,,,,,,,,,,,,,,,,
10-22-11,,,,,,,,,,,,,,,,,,,,,,,,,,,,,,,,,,,,,,,,,,0.00,,,295.16,,,,,,,,,,,,,,,,,,,,,,,,,,,,,,,,,,,,
10-23-11,,,,,,,,,,,,,,,,,,,,,,,,,,,,,,,,,,,,,,,,,,0.00,,,290.00,,,,,,,,,,,,,,,,,,,,,,,,,,,,,,,,,,,,
10-24-11,,,,,,,,,,,,,,,,,,,,,,,,,,,,,,,,,,,,,,,,,,0.00,,,285.31,,,,,,,,,,,,,,,,,,,,,,,,,,,,,,,,,,,,
10-25-11,,,,,,,,,,,,,,,,,,,,,,,,,,,,,,,,,,,,,,,,,,0.00,,,278.96,,,,,,,,,,,,,,,,,,,,,,,,,,,,,,,,,,,,
10-26-11,,,,,,,,,,,,,,,,,,,,,,,,,,,,,,,,,,,,,,,,,,0.00,,,272.82,,,,,,,,,,,,,,,,,,,,,,,,,,,,,,,,,,,,
10-27-11,,,,,,,,,,,,,,,,,,,,,,,,,,,,,,,,,,,,,,,,,,3.67,,,266.32,,,,,,,,,,,,,,,,,,,,,,,,,,,,,,,,,,,,
10-28-11,,,,,,,,,,,,,,,,,,,,,,,,,,,,,,,,,,,,,,,,,,3.79,,,261.32,,,,,,,,,,,,,,,,,,,,,,,,,,,,,,,,,,,,
10-29-11,,,,,,,,,,,,,,,,,,,,,,,,,,,,,,,,,,,,,,,,,,0.00,,,256.07,,,,,,,,,,,,,,,,,,,,,,,,,,,,,,,,,,,,
10-30-11,,,,,,,,,,,,,,,,,,,,,,,,,,,,,,,,,,,,,,,,,,0.00,,,249.78,,,,,,,,,,,,,,,,,,,,,,,,,,,,,,,,,,,,
10-31-11,,,,,,,,,,,,,,,,,,,,,,,,,,,,,,,,,,,,,,,,,,0.00,,,242.02,,,,,,,,,,,,,,,,,,,,,,,,,,,,,,,,,,,,
11-01-11,,,,,,,,,,,,,,,,,,,,,,,,,,,,,,,,,,,,,,,,,,0.00,,,235.90,,,,,,,,,,,,,,,,,,,,,,,,,,,,,,,,,,,,
11-02-11,,,,,,,,,,,,,,,,,,,,,,,,,,,,,,,,,,,,,,,,,,6.00,,,229.17,,,,,,,,,,,,,,,,,,,,,,,,,,,,,,,,,,,,
11-03-11,,,,,,,,,,,,,,,,,,,,,,,,,,,,,,,,,,,,,,,,,,2.33,,,222.31,,,,,,,,,,,,,,,,,,,,,,,,,,,,,,,,,,,,
11-04-11,,,,,,,,,,,,,,,,,,,,,,,,,,,,,,,,,,,,,,,,,,0.00,,,215.11,,,,,,,,,,,,,,,,,,,,,,,,,,,,,,,,,,,,
11-05-11,,,,,,,,,,,,,,,,,,,,,,,,,,,,,,,,,,,,,,,,,,0.00,,,211.97,,,,,,,,,,,,,,,,,,,,,,,,,,,,,,,,,,,,
11-06-11,,,,,,,,,,,,,,,,,,,,,,,,,,,,,,,,,,,,,,,,,,0.00,,,202.85,,,,,,,,,,,,,,,,,,,,,,,,,,,,,,,,,,,,
11-07-11,,,,,,,,,,,,,,,,,,,,,,,,,,,,,,,,,,,,,,,,,,0.00,,,195.80,,,,,,,,,,,,,,,,,,,,,,,,,,,,,,,,,,,,
11-08-11,,,,,,,,,,,,,,,,,,,,,,,,,,,,,,,,,,,,,,,,,,0.00,,,194.40,,,,,,,,,,,,,,,,,,,,,,,,,,,,,,,,,,,,
11-09-11,,,,,,,,,,,,,,,,,,,,,,,,,,,,,,,,,,,,,,,,,,0.00,,,244.24,,,,,,,,,,,,,,,,,,,,,,,,,,,,,,,,,,,,
11-10-11,,,,,,,,,,,,,,,,,,,,,,,,,,,,,,,,,,,,,,,,,,,,,243.83,,,,,,,,,,,,,,,,,,,,,,,,,,,,,,,,,,,,
11-11-11,,,,,,,,,,,,,,,,,,,,,,,,,,,,,,,,,,,,,,,,,,0.00,,,229.96,,,,,,,,,,,,,,,,,,,,,,,,,,,,,,,,,,,,
11-12-11,,,,,,,,,,,,,,,,,,,,,,,,,,,,,,,,,,,,,,,,,,0.00,,,220.20,,,,,,,,,,,,,,,,,,,,,,,,,,,,,,,,,,,,
11-13-11,,,,,,,,,,,,,,,,,,,,,,,,,,,,,,,,,,,,,,,,,,0.00,,,214.07,,,,,,,,,,,,,,,,,,,,,,,,,,,,,,,,,,,,
11-14-11,,,,,,,,,,,,,,,,,,,,,,,,,,,,,,,,,,,,,,,,,,0.00,,,204.31,,,,,,,,,,,,,,,,,,,,,,,,,,,,,,,,,,,,
11-15-11,,,,,,,,,,,,,,,,,,,,,,,,,,,,,,,,,,,,,,,,,,0.00,,,192.95,,,,,,,,,,,,,,,,,,,,,,,,,,,,,,,,,,,,
11-16-11,,,,,,,,,,,,,,,,,,,,,,,,,,,,,,,,,,,,,,,,,,0.00,,,183.79,,,,,,,,,,,,,,,,,,,,,,,,,,,,,,,,,,,,
11-17-11,,,,,,,,,,,,,,,,,,,,,,,,,,,,,,,,,,,,,,,,,,0.00,,,176.31,,,,,,,,,,,,,,,,,,,,,,,,,,,,,,,,,,,,
11-18-11,,,,,,,,,,,,,,,,,,,,,,,,,,,,,,,,,,,,,,,,,,0.00,,,169.71,,,,,,,,,,,,,,,,,,,,,,,,,,,,,,,,,,,,
11-19-11,,,,,,,,,,,,,,,,,,,,,,,,,,,,,,,,,,,,,,,,,,0.00,,,163.33,,,,,,,,,,,,,,,,,,,,,,,,,,,,,,,,,,,,
11-20-11,,,,,,,,,,,,,,,,,,,,,,,,,,,,,,,,,,,,,,,,,,0.00,,,160.47,,,,,,,,,,,,,,,,,,,,,,,,,,,,,,,,,,,,
11-21-11,,,,,,,,,,,,,,,,,,,,,,,,,,,,,,,,,,,,,,,,,,0.00,,,157.03,,,,,,,,,,,,,,,,,,,,,,,,,,,,,,,,,,,,
11-22-11,,,,,,,,,,,,,,,,,,,,,,,,,,,,,,,,,,,,,,,,,,0.00,,,149.54,,,,,,,,,,,,,,,,,,,,,,,,,,,,,,,,,,,,
11-23-11,,,,,,,,,,,,,,,,,,,,,,,,,,,,,,,,,,,,,,,,,,0.00,,,142.01,,,,,,,,,,,,,,,,,,,,,,,,,,,,,,,,,,,,
11-24-11,,,,,,,,,,,,,,,,,,,,,,,,,,,,,,,,,,,,,,,,,,3.11,,,133.31,,,,,,,,,,,,,,,,,,,,,,,,,,,,,,,,,,,,
11-25-11,,,,,,,,,,,,,,,,,,,,,,,,,,,,,,,,,,,,,,,,,,5.47,,,,,,,,,,,,,,,,,,,,,,,,,,,,,,,,,,,,,,,
11-26-11,,,,,,,,,,,,,,,,,,,,,,,,,,,,,,,,,,,,,,,,,,0.00,,,,,,,,,,,,,,,,,,,,,,,,,,,,,,,,,,,,,,,
11-27-11,,,,,,,,,,,,,,,,,,,,,,,,,,,,,,,,,,,,,,,,,,0.00,,,,,,,,,,,,,,,,,,,,,,,,,,,,,,,,,,,,,,,
11-28-11,,,,,,,,,,,,,,,,,,,,,,,,,,,,,,,,,,,,,,,,,,10.78,,,,,,,,,,,,,,,,,,,,,,,,,,,,,,,,,,,,,,,
11-29-11,,,,,,,,,,,,,,,,,,,,,,,,,,,,,,,,,,,,,,,,,,19.02,,,,,,,,,,,,,,,,,,,,,,,,,,,,,,,,,,,,,,,
11-30-11,,,,,,,,,,,,,,,,,,,,,,,,,,,,,,,,,,,,,,,,,,0.00,,,,,,,,,,,,,,,,,,,,,,,,,,,,,,,,,,,,,,,
12-01-11,,,,,,,,,,,,,,,,,,,,,,,,,,,,,,,,,,,,,,,,,,5.90,,,,,,,,,,,,,,,,,,,,,,,,,,,,,,,,,,,,,,,
12-02-11,,,,,,,,,,,,,,,,,,,,,,,,,,,,,,,,,,,,,,,,,,0.00,,,,,,,,,,,,,,,,,,,,,,,,,,,,,,,,,,,,,,,
12-03-11,,,,,,,,,,,,,,,,,,,,,,,,,,,,,,,,,,,,,,,,,,0.00,,,,,,,,,,,,,,,,,,,,,,,,,,,,,,,,,,,,,,,
12-04-11,,,,,,,,,,,,,,,,,,,,,,,,,,,,,,,,,,,,,,,,,,0.00,,,,,,,,,,,,,,,,,,,,,,,,,,,,,,,,,,,,,,,
12-05-11,,,,,,,,,,,,,,,,,,,,,,,,,,,,,,,,,,,,,,,,,,0.00,,,,,,,,,,,,,,,,,,,,,,,,,,,,,,,,,,,,,,,
12-06-11,,,,,,,,,,,,,,,,,,,,,,,,,,,,,,,,,,,,,,,,,,0.00,,,,,,,,,,,,,,,,,,,,,,,,,,,,,,,,,,,,,,,
12-07-11,,,,,,,,,,,,,,,,,,,,,,,,,,,,,,,,,,,,,,,,,,0.00,,,,,,,,,,,,,,,,,,,,,,,,,,,,,,,,,,,,,,,
12-08-11,,,,,,,,,,,,,,,,,,,,,,,,,,,,,,,,,,,,,,,,,,0.00,,,,,,,,,,,,,,,,,,,,,,,,,,,,,,,,,,,,,,,
12-09-11,,,,,,,,,,,,,,,,,,,,,,,,,,,,,,,,,,,,,,,,,,0.00,,,,,,,,,,,,,,,,,,,,,,,,,,,,,,,,,,,,,,,
12-10-11,,,,,,,,,,,,,,,,,,,,,,,,,,,,,,,,,,,,,,,,,,0.00,,,,,,,,,,,,,,,,,,,,,,,,,,,,,,,,,,,,,,,
12-11-11,,,,,,,,,,,,,,,,,,,,,,,,,,,,,,,,,,,,,,,,,,,,,,,,,,,,,,,,,,,,,,,,,,,,,,,,,,,,,,,,,
12-12-11,,,,,,,,,,,,,,,,,,,,,,,,,,,,,,,,,,,,,,,,,,0.00,,,,,,,,,,,,,,,,,,,,,,,,,,,,,,,,,,,,,,,
12-13-11,,,,,,,,,,,,,,,,,,,,,,,,,,,,,,,,,,,,,,,,,,0.00,,,,,,,,,,,,,,,,,,,,,,,,,,,,,,,,,,,,,,,
12-14-11,,,,,,,,,,,,,,,,,,,,,,,,,,,,,,,,,,,,,,,,,,0.00,,,,,,,,,,,,,,,,,,,,,,,,,,,,,,,,,,,,,,,
12-15-11,,,,,,,,,,,,,,,,,,,,,,,,,,,,,,,,,,,,,,,,,,0.00,,,,,,,,,,,,,,,,,,,,,,,,,,,,,,,,,,,,,,,
12-16-11,,,,,,,,,,,,,,,,,,,,,,,,,,,,,,,,,,,,,,,,,,0.00,,,,,,,,,,,,,,,,,,,,,,,,,,,,,,,,,,,,,,,
12-17-11,,,,,,,,,,,,,,,,,,,,,,,,,,,,,,,,,,,,,,,,,,0.00,,,,,,,,,,,,,,,,,,,,,,,,,,,,,,,,,,,,,,,
12-18-11,,,,,,,,,,,,,,,,,,,,,,,,,,,,,,,,,,,,,,,,,,,,,,,,,,,,,,,,,,,,,,,,,,,,,,,,,,,,,,,,,
12-19-11,,,,,,,,,,,,,,,,,,,,,,,,,,,,,,,,,,,,,,,,,,0.00,,,,,,,,,,,,,,,,,,,,,,,,,,,,,,,,,,,,,,,
12-20-11,,,,,,,,,,,,,,,,,,,,,,,,,,,,,,,,,,,,,,,,,,0.00,,,,,,,,,,,,,,,,,,,,,,,,,,,,,,,,,,,,,,,
12-21-11,,,,,,,,,,,,,,,,,,,,,,,,,,,,,,,,,,,,,,,,,,0.00,,,,,,,,,,,,,,,,,,,,,,,,,,,,,,,,,,,,,,,
12-22-11,,,,,,,,,,,,,,,,,,,,,,,,,,,,,,,,,,,,,,,,,,10.25,,,,,,,,,,,,,,,,,,,,,,,,,,,,,,,,,,,,,,,
12-23-11,,,,,,,,,,,,,,,,,,,,,,,,,,,,,,,,,,,,,,,,,,8.96,,,,,,,,,,,,,,,,,,,,,,,,,,,,,,,,,,,,,,,
12-24-11,,,,,,,,,,,,,,,,,,,,,,,,,,,,,,,,,,,,,,,,,,4.07,,,,,,,,,,,,,,,,,,,,,,,,,,,,,,,,,,,,,,,
12-25-11,,,,,,,,,,,,,,,,,,,,,,,,,,,,,,,,,,,,,,,,,,0.00,,,,,,,,,,,,,,,,,,,,,,,,,,,,,,,,,,,,,,,
12-26-11,,,,,,,,,,,,,,,,,,,,,,,,,,,,,,,,,,,,,,,,,,0.00,,,,,,,,,,,,,,,,,,,,,,,,,,,,,,,,,,,,,,,
12-27-11,,,,,,,,,,,,,,,,,,,,,,,,,,,,,,,,,,,,,,,,,,0.00,,,,,,,,,,,,,,,,,,,,,,,,,,,,,,,,,,,,,,,
12-28-11,,,,,,,,,,,,,,,,,,,,,,,,,,,,,,,,,,,,,,,,,,0.00,,,,,,,,,,,,,,,,,,,,,,,,,,,,,,,,,,,,,,,
12-29-11,,,,,,,,,,,,,,,,,,,,,,,,,,,,,,,,,,,,,,,,,,0.00,,,,,,,,,,,,,,,,,,,,,,,,,,,,,,,,,,,,,,,
12-30-11,,,,,,,,,,,,,,,,,,,,,,,,,,,,,,,,,,,,,,,,,,0.00,,,,,,,,,,,,,,,,,,,,,,,,,,,,,,,,,,,,,,,
12-31-11,,,,,,,,,,,,,,,,,,,,,,,,,,,,,,,,,,,,,,,,,,0.00,,,,,,,,,,,,,,,,,,,,,,,,,,,,,,,,,,,,,,,
01-01-12,,,,,,,,,,,,,,,,,,,,,,,,,,,,,,,,,,,,,,,,,,,,,,,,,,,,,,,,,,,,,,,,,,,,,,,,,,,,,,,,,
01-02-12,,,,,,,,,,,,,,,,,,,,,,,,,,,,,,,,,,,,,,,,,,,,,,,,,,,,,,,,,,,,,,,,,,,,,,,,,,,,,,,,,
01-03-12,,,,,,,,,,,,,,,,,,,,,,,,,,,,,,,,,,,,,,,,,,,,,,,,,,,,,,,,,,,,,,,,,,,,,,,,,,,,,,,,,
01-04-12,,,,,,,,,,,,,,,,,,,,,,,,,,,,,,,,,,,,,,,,,,,,,,,,,,,,,,,,,,,,,,,,,,,,,,,,,,,,,,,,,
01-05-12,,,,,,,,,,,,,,,,,,,,,,,,,,,,,,,,,,,,,,,,,,,,,,,,,,,,,,,,,,,,,,,,,,,,,,,,,,,,,,,,,
01-06-12,,,,,,,,,,,,,,,,,,,,,,,,,,,,,,,,,,,,,,,,,,,,,,,,,,,,,,,,,,,,,,,,,,,,,,,,,,,,,,,,,
01-07-12,,,,,,,,,,,,,,,,,,,,,,,,,,,,,,,,,,,,,,,,,,,,,,,,,,,,,,,,,,,,,,,,,,,,,,,,,,,,,,,,,
01-08-12,,,,,,,,,,,,,,,,,,,,,,,,,,,,,,,,,,,,,,,,,,,,,,,,,,,,,,,,,,,,,,,,,,,,,,,,,,,,,,,,,
01-09-12,,,,,,,,,,,,,,,,,,,,,,,,,,,,,,,,,,,,,,,,,,,,,,,,,,,,,,,,,,,,,,,,,,,,,,,,,,,,,,,,,
01-10-12,,,,,,,,,,,,,,,,,,,,,,,,,,,,,,,,,,,,,,,,,,,,,,,,,,,,,,,,,,,,,,,,,,,,,,,,,,,,,,,,,
01-11-12,,,,,,,,,,,,,,,,,,,,,,,,,,,,,,,,,,,,,,,,,,,,,,,,,,,,,,,,,,,,,,,,,,,,,,,,,,,,,,,,,
01-12-12,,,,,,,,,,,,,,,,,,,,,,,,,,,,,,,,,,,,,,,,,,,,,,,,,,,,,,,,,,,,,,,,,,,,,,,,,,,,,,,,,
01-13-12,,,,,,,,,,,,,,,,,,,,,,,,,,,,,,,,,,,,,,,,,,,,,,,,,,,,,,,,,,,,,,,,,,,,,,,,,,,,,,,,,
01-14-12,,,,,,,,,,,,,,,,,,,,,,,,,,,,,,,,,,,,,,,,,,,,,,,,,,,,,,,,,,,,,,,,,,,,,,,,,,,,,,,,,
01-15-12,,,,,,,,,,,,,,,,,,,,,,,,,,,,,,,,,,,,,,,,,,,,,,,,,,,,,,,,,,,,,,,,,,,,,,,,,,,,,,,,,
01-16-12,,,,,,,,,,,,,,,,,,,,,,,,,,,,,,,,,,,,,,,,,,,,,,,,,,,,,,,,,,,,,,,,,,,,,,,,,,,,,,,,,
01-17-12,,,,,,,,,,,,,,,,,,,,,,,,,,,,,,,,,,,,,,,,,,,,,,,,,,,,,,,,,,,,,,,,,,,,,,,,,,,,,,,,,
01-18-12,,,,,,,,,,,,,,,,,,,,,,,,,,,,,,,,,,,,,,,,,,,,,,,,,,,,,,,,,,,,,,,,,,,,,,,,,,,,,,,,,
01-19-12,,,,,,,,,,,,,,,,,,,,,,,,,,,,,,,,,,,,,,,,,,,,,,,,,,,,,,,,,,,,,,,,,,,,,,,,,,,,,,,,,
01-20-12,,,,,,,,,,,,,,,,,,,,,,,,,,,,,,,,,,,,,,,,,,,,,,,,,,,,,,,,,,,,,,,,,,,,,,,,,,,,,,,,,
01-21-12,,,,,,,,,,,,,,,,,,,,,,,,,,,,,,,,,,,,,,,,,,,,,,,,,,,,,,,,,,,,,,,,,,,,,,,,,,,,,,,,,
01-22-12,,,,,,,,,,,,,,,,,,,,,,,,,,,,,,,,,,,,,,,,,,,,,,,,,,,,,,,,,,,,,,,,,,,,,,,,,,,,,,,,,
01-23-12,,,,,,,,,,,,,,,,,,,,,,,,,,,,,,,,,,,,,,,,,,,,,,,,,,,,,,,,,,,,,,,,,,,,,,,,,,,,,,,,,
01-24-12,,,,,,,,,,,,,,,,,,,,,,,,,,,,,,,,,,,,,,,,,,,,,,,,,,,,,,,,,,,,,,,,,,,,,,,,,,,,,,,,,
01-25-12,,,,,,,,,,,,,,,,,,,,,,,,,,,,,,,,,,,,,,,,,,,,,,,,,,,,,,,,,,,,,,,,,,,,,,,,,,,,,,,,,
01-26-12,,,,,,,,,,,,,,,,,,,,,,,,,,,,,,,,,,,,,,,,,,,,,,,,,,,,,,,,,,,,,,,,,,,,,,,,,,,,,,,,,
01-27-12,,,,,,,,,,,,,,,,,,,,,,,,,,,,,,,,,,,,,,,,,,,,,0.00,,,,,,,,,,,,,,,,,,,,,,,,,,,,,,,,,,,,
01-28-12,,,,,,,,,,,,,,,,,,,,,,,,,,,,,,,,,,,,,,,,,,,,,0.00,,,,,,,,,,,,,,,,,,,,,,,,,,,,,,,,,,,,
01-29-12,,,,,,,,,,,,,,,,,,,,,,,,,,,,,,,,,,,,,,,,,,,,,2.71,,,,,,,,,,,,,,,,,,,,,,,,,,,,,,,,,,,,
01-30-12,,,,,,,,,,,,,,,,,,,,,,,,,,,,,,,,,,,,,,,,,,,,,0.00,,,,,,,,,,,,,,,,,,,,,,,,,,,,,,,,,,,,
01-31-12,,,,,,,,,,,,,,,,,,,,,,,,,,,,,,,,,,,,,,,,,,,,,0.00,,,,,,,,,,,,,,,,,,,,,,,,,,,,,,,,,,,,
02-01-12,,,,,,,,,,,,,,,,,,,,,,,,,,,,,,,,,,,,,,,,,,,,,3.96,,,,,,,,,,,,,,,,,,,,,,,,,,,,,,,,,,,,
02-02-12,,,,,,,,,,,,,,,,,,,,,,,,,,,,,,,,,,,,,,,,,,,,,2.75,,,,,,,,,,,,,,,,,,,,,,,,,,,,,,,,,,,,
02-03-12,,,,,,,,,,,,,,,,,,,,,,,,,,,,,,,,,,,,,,,,,,,,,3.58,,,,,,,,,,,,,,,,,,,,,,,,,,,,,,,,,,,,
02-04-12,,,,,,,,,,,,,,,,,,,,,,,,,,,,,,,,,,,,,,,,,,,,,0.00,,,,,,,,,,,,,,,,,,,,,,,,,,,,,,,,,,,,
02-05-12,,,,,,,,,,,,,,,,,,,,,,,,,,,,,,,,,,,,,,,,,,,,,0.00,,,,,,,,,,,,,,,,,,,,,,,,,,,,,,,,,,,,
02-06-12,,,,,,,,,,,,,,,,,,,,,,,,,,,,,,,,,,,,,,,,,,,,,3.32,,,,,,,,,,,,,,,,,,,,,,,,,,,,,,,,,,,,
02-07-12,,,,,,,,,,,,,,,,,,,,,,,,,,,,,,,,,,,,,,,,,,,,,2.19,,,,,,,,,,,,,,,,,,,,,,,,,,,,,,,,,,,,
02-08-12,,,,,,,,,,,,,,,,,,,,,,,,,,,,,,,,,,,,,,,,,,,,,2.18,,,,,,,,,,,,,,,,,,,,,,,,,,,,,,,,,,,,
02-09-12,,,,,,,,,,,,,,,,,,,,,,,,,,,,,,,,,,,,,,,,,,,,,0.00,,,,,,,,,,,,,,,,,,,,,,,,,,,,,,,,,,,,
02-10-12,,,,,,,,,,,,,,,,,,,,,,,,,,,,,,,,,,,,,,,,,,,,,0.00,,,,,,,,,,,,,,,,,,,,,,,,,,,,,,,,,,,,
02-11-12,,,,,,,,,,,,,,,,,,,,,,,,,,,,,,,,,,,,,,,,,,,,,0.00,,,,,,,,,,,,,,,,,,,,,,,,,,,,,,,,,,,,
02-12-12,,,,,,,,,,,,,,,,,,,,,,,,,,,,,,,,,,,,,,,,,,,,,0.00,,,,,,,,,,,,,,,,,,,,,,,,,,,,,,,,,,,,
02-13-12,,,,,,,,,,,,,,,,,,,,,,,,,,,,,,,,,,,,,,,,,,,,,0.00,,,,,,,,,,,,,,,,,,,,,,,,,,,,,,,,,,,,
02-14-12,,,,,,,,,,,,,,,,,,,,,,,,,,,,,,,,,,,,,,,,,,,,,0.00,,,,,,,,,,,,,,,,,,,,,,,,,,,,,,,,,,,,
02-15-12,,,,,,,,,,,,,,,,,,,,,,,,,,,,,,,,,,,,,,,,,,,,,0.00,,,,,,,,,,,,,,,,,,,,,,,,,,,,,,,,,,,,
02-16-12,,,,,,,,,,,,,,,,,,,,,,,,,,,,,,,,,,,,,,,,,,,,,0.00,,,,,,,,,,,,,,,,,,,,,,,,,,,,,,,,,,,,
02-17-12,,,,,,,,,,,,,,,,,,,,,,,,,,,,,,,,,,,,,,,,,,,,,0.00,,,,,,,,,,,,,,,,,,,,,,,,,,,,,,,,,,,,
02-18-12,,,,,,,,,,,,,,,,,,,,,,,,,,,,,,,,,,,,,,,,,,,,,0.00,,,,,,,,,,,,,,,,,,,,,,,,,,,,,,,,,,,,
02-19-12,,,,,,,,,,,,,,,,,,,,,,,,,,,,,,,,,,,,,,,,,,,,,0.00,,,,,,,,,,,,,,,,,,,,,,,,,,,,,,,,,,,,
02-20-12,,,,,,,,,,,,,,,,,,,,,,,,,,,,,,,,,,,,,,,,,,,,,0.00,,,,,,,,,,,,,,,,,,,,,,,,,,,,,,,,,,,,
02-21-12,,,,,,,,,,,,,,,,,,,,,,,,,,,,,,,,,,,,,,,,,,,,,2.00,,,,,,,,,,,,,,,,,,,,,,,,,,,,,,,,,,,,
02-22-12,,,,,,,,,,,,,,,,,,,,,,,,,,,,,,,,,,,,,,,,,,,,,0.00,,,,,,,,,,,,,,,,,,,,,,,,,,,,,,,,,,,,
02-23-12,,,,,,,,,,,,,,,,,,,,,,,,,,,,,,,,,,,,,,,,,,,,,0.00,,,,,,,,,,,,,,,,,,,,,,,,,,,,,,,,,,,,
02-24-12,,,,,,,,,,,,,,,,,,,,,,,,,,,,,,,,,,,,,,,,,,,,,0.00,,,,,,,,,,,,,,,,,,,,,,,,,,,,,,,,,,,,
02-25-12,,,,,,,,,,,,,,,,,,,,,,,,,,,,,,,,,,,,,,,,,,,,,0.00,,,,,,,,,,,,,,,,,,,,,,,,,,,,,,,,,,,,
02-26-12,,,,,,,,,,,,,,,,,,,,,,,,,,,,,,,,,,,,,,,,,,,,,0.00,,,,,,,,,,,,,,,,,,,,,,,,,,,,,,,,,,,,
02-27-12,,,,,,,,,,,,,,,,,,,,,,,,,,,,,,,,,,,,,,,,,,,,,0.00,,,,,,,,,,,,,,,,,,,,,,,,,,,,,,,,,,,,
02-28-12,,,,,,,,,,,,,,,,,,,,,,,,,,,,,,,,,,,,,,,,,,,,,0.00,,,,,,,,,,,,,,,,,,,,,,,,,,,,,,,,,,,,
02-29-12,,,,,,,,,,,,,,,,,,,,,,,,,,,,,,,,,,,,,,,,,,,,,0.00,,,,,,,,,,,,,,,,,,,,,,,,,,,,,,,,,,,,
03-01-12,,,,,,,,,,,,,,,,,,,,,,,,,,,,,,,,,,,,,,,,,,,,,2.47,,,,,,,,,,,,,,,,,,,,,,,,,,,,,,,,,,,,
03-02-12,,,,,,,,,,,,,,,,,,,,,,,,,,,,,,,,,,,,,,,,,,,,,2.02,,,,,,,,,,,,,,,,,,,,,,,,,,,,,,,,,,,,
03-03-12,,,,,,,,,,,,,,,,,,,,,,,,,,,,,,,,,,,,,,,,,,,,,0.00,,,,,,,,,,,,,,,,,,,,,,,,,,,,,,,,,,,,
03-04-12,,,,,,,,,,,,,,,,,,,,,,,,,,,,,,,,,,,,,,,,,,,,,0.00,,,,,,,,,,,,,,,,,,,,,,,,,,,,,,,,,,,,
03-05-12,,,,,,,,,,,,,,,,,,,,,,,,,,,,,,,,,,,,,,,,,,,,,0.00,,,,,,,,,,,,,,,,,,,,,,,,,,,,,,,,,,,,
03-06-12,,,,,,,,,,,,,,,,,,,,,,,,,,,,,,,,,,,,,,,,,,,,,0.00,,,,,,,,,,,,,,,,,,,,,,,,,,,,,,,,,,,,
03-07-12,,,,,,,,,,,,,,,,,,,,,,,,,,,,,,,,,,,,,,,,,,,,,0.00,,,,,,,,,,,,,,,,,,,,,,,,,,,,,,,,,,,,
03-08-12,,,,,,,,,,,,,,,,,,,,,,,,,,,,,,,,,,,,,,,,,,,,,0.00,,,,,,,,,,,,,,,,,,,,,,,,,,,,,,,,,,,,
03-09-12,,,,,,,,,,,,,,,,,,,,,,,,,,,,,,,,,,,,,,,,,,,,,0.00,,,,,,,,,,,,,,,,,,,,,,,,,,,,,,,,,,,,
03-10-12,,,,,,,,,,,,,,,,,,,,,,,,,,,,,,,,,,,,,,,,,,,,,0.00,,,,,,,,,,,,,,,,,,,,,,,,,,,,,,,,,,,,
03-11-12,,,,,,,,,,,,,,,,,,,,,,,,,,,,,,,,,,,,,,,,,,,,,0.00,,,,,,,,,,,,,,,,,,,,,,,,,,,,,,,,,,,,
03-12-12,,,,,,,,,,,,,,,,,,,,,,,,,,,,,,,,,,,,,,,,,,,,,0.00,,,,,,,,,,,,,,,,,,,,,,,,,,,,,,,,,,,,
03-13-12,,,,,,,,,,,,,,,,,,,,,,,,,,,,,,,,,,,,,,,,,,,,,2.42,,,,,,,,,,,,,,,,,,,,,,,,,,,,,,,,,,,,
03-14-12,,,,,,,,,,,,,,,,,,,,,,,,,,,,,,,,,,,,,,,,,,,,,0.00,,,,,,,,,,,,,,,,,,,,,,,,,,,,,,,,,,,,
03-15-12,,,,,,,,,,,,,,,,,,,,,,,,,,,,,,,,,,,,,,,,,,,,,0.00,,,,,,,,,,,,,,,,,,,,,,,,,,,,,,,,,,,,
03-16-12,,,,,,,,,,,,,,,,,,,,,,,,,,,,,,,,,,,,,,,,,,,,,0.00,,,,,,,,,,,,,,,,,,,,,,,,,,,,,,,,,,,,
03-17-12,,,,,,,,,,,,,,,,,,,,,,,,,,,,,,,,,,,,,,,,,,,,,0.00,,,,,,,,,,,,,,,,,,,,,,,,,,,,,,,,,,,,
03-18-12,,,,,,,,,,,,,,,,,,,,,,,,,,,,,,,,,,,,,,,,,,,,,2.30,,,,,,,,,,,,,,,,,,,,,,,,,,,,,,,,,,,,
03-19-12,,,,,,,,,,,,,,,,,,,,,,,,,,,,,,,,,,,,,,,,,,,,,0.00,,,,,,,,,,,,,,,,,,,,,,,,,,,,,,,,,,,,
03-20-12,,,,,,,,,,,,,,,,,,,,,,,,,,,,,,,,,,,,,,,,,,,,,0.00,,,,,,,,,,,,,,,,,,,,,,,,,,,,,,,,,,,,
03-21-12,,,,,,,,,,,,,,,,,,,,,,,,,,,,,,,,,,,,,,,,,,,,,0.00,,,,,,,,,,,,,,,,,,,,,,,,,,,,,,,,,,,,
03-22-12,,,,,,,,,,,,,,,,,,,,,,,,,,,,,,,,,,,,,,,,,,,,,3.88,,,,,,,,,,,,,,,,,,,,,,,,,,,,,,,,,,,,
03-23-12,,,,,,,,,,,,,,,,,,,,,,,,,,,,,,,,,,,,,,,,,,,,,2.63,,,,,,,,,,,,,,,,,,,,,,,,,,,,,,,,,,,,
03-24-12,,,,,,,,,,,,,,,,,,,,,,,,,,,,,,,,,,,,,,,,,,,,,3.32,,,,,,,,,,,,,,,,,,,,,,,,,,,,,,,,,,,,
03-25-12,,,,,,,,,,,,,,,,,,,,,,,,,,,,,,,,,,,,,,,,,,,,,5.24,,,,,,,,,,,,,,,,,,,,,,,,,,,,,,,,,,,,
03-26-12,,,,,,,,,,,,,,,,,,,,,,,,,,,,,,,,,,,,,,,,,,,,,4.63,,,,,,,,,,,,,,,,,,,,,,,,,,,,,,,,,,,,
03-27-12,,,,,,,,,,,,,,,,,,,,,,,,,,,,,,,,,,,,,,,,,,,,,6.31,,,,,,,,,,,,,,,,,,,,,,,,,,,,,,,,,,,,
03-28-12,,,,,,,,,,,,,,,,,,,,,,,,,,,,,,,,,,,,,,,,,,,,,3.45,,,,,,,,,,,,,,,,,,,,,,,,,,,,,,,,,,,,
03-29-12,,,,,,,,,,,,,,,,,,,,,,,,,,,,,,,,,,,,,,,,,,,,,2.99,,,,,,,,,,,,,,,,,,,,,,,,,,,,,,,,,,,,
03-30-12,,,,,,,,,,,,,,,,,,,,,,,,,,,,,,,,,,,,,,,,,,,,,0.00,,,,,,,,,,,,,,,,,,,,,,,,,,,,,,,,,,,,
03-31-12,,,,,,,,,,,,,,,,,,,,,,,,,,,,,,,,,,,,,,,,,,,,,0.00,,,,,,,,,,,,,,,,,,,,,,,,,,,,,,,,,,,,
04-01-12,,,,,,,,,,,,,,,,,,,,,,,,,,,,,,,,,,,,,,,,,,,,,0.00,,,,,,,,,,,,,,,,,,,,,,,,,,,,,,,,,,,,
04-02-12,,,,,,,,,,,,,,,,,,,,,,,,,,,,,,,,,,,,,,,,,,,,,0.00,,,,,,,,,,,,,,,,,,,,,,,,,,,,,,,,,,,,
04-03-12,,,,,,,,,,,,,,,,,,,,,,,,,,,,,,,,,,,,,,,,,,,,,0.00,,,,,,,,,,,,,,,,,,,,,,,,,,,,,,,,,,,,
04-04-12,,,,,,,,,,,,,,,,,,,,,,,,,,,,,,,,,,,,,,,,,,,,,,,,,,,,,,,,,,,,,,,,,,,,,,,,,,,,,,,,,
04-05-12,,,,,,,,,,,,,,,,,,,,,,,,,,,,,,,,,,,,,,,,,,,,,0.00,,,,,,,,,,,,,,,,,,,,,,,,,,,,,,,,,,,,
04-06-12,,,,,,,,,,,,,,,,,,,,,,,,,,,,,,,,,,,,,,,,,,,,,0.00,,,,,,,,,,,,,,,,,,,,,,,,,,,,,,,,,,,,
04-07-12,,,,,,,,,,,,,,,,,,,,,,,,,,,,,,,,,,,,,,,,,,,,,0.00,,,,,,,,,,,,,,,,,,,,,,,,,,,,,,,,,,,,
04-08-12,,,,,,,,,,,,,,,,,,,,,,,,,,,,,,,,,,,,,,,,,,,,,0.00,,,,,,,,,,,,,,,,,,,,,,,,,,,,,,,,,,,,
04-09-12,,,,,,,,,,,,,,,,,,,,,,,,,,,,,,,,,,,,,,,,,,,,,0.00,,,,,,,,,,,,,,,,,,,,,,,,,,,,,,,,,,,,
04-10-12,,,,,,,,,,,,,,,,,,,,,,,,,,,,,,,,,,,,,,,,,,,,,0.00,,,,,,,,,,,,,,,,,,,,,,,,,,,,,,,,,,,,
04-11-12,,,,,,,,,,,,,,,,,,,,,,,,,,,,,,,,,,,,,,,,,,,,,0.00,,,,,,,,,,,,,,,,,,,,,,,,,,,,,,,,,,,,
04-12-12,,,,,,,,,,,,,,,,,,,,,,,,,,,,,,,,,,,,,,,,,,,,,0.00,,,,,,,,,,,,,,,,,,,,,,,,,,,,,,,,,,,,
04-13-12,,,,,,,,,,,,,,,,,,,,,,,,,,,,,,,,,,,,,,,,,,,,,0.00,,,,,,,,,,,,,,,,,,,,,,,,,,,,,,,,,,,,
04-14-12,,,,,,,,,,,,,,,,,,,,,,,,,,,,,,,,,,,,,,,,,,,,,0.00,,,,,,,,,,,,,,,,,,,,,,,,,,,,,,,,,,,,
04-15-12,,,,,,,,,,,,,,,,,,,,,,,,,,,,,,,,,,,,,,,,,,,,,0.00,,,,,,,,,,,,,,,,,,,,,,,,,,,,,,,,,,,,
04-16-12,,,,,,,,,,,,,,,,,,,,,,,,,,,,,,,,,,,,,,,,,,,,,0.00,,,,,,,,,,,,,,,,,,,,,,,,,,,,,,,,,,,,
04-17-12,,,,,,,,,,,,,,,,,,,,,,,,,,,,,,,,,,,,,,,,,,,,,0.00,,,,,,,,,,,,,,,,,,,,,,,,,,,,,,,,,,,,
04-18-12,,,,,,,,,,,,,,,,,,,,,,,,,,,,,,,,,,,,,,,,,,,,,0.00,,,,,,,,,,,,,,,,,,,,,,,,,,,,,,,,,,,,
04-19-12,,,,,,,,,,,,,,,,,,,,,,,,,,,,,,,,,,,,,,,,,,,,,0.00,,,,,,,,,,,,,,,,,,,,,,,,,,,,,,,,,,,,
04-20-12,,,,,,,,,,,,,,,,,,,,,,,,,,,,,,,,,,,,,,,,,,,,,0.00,,,,,,,,,,,,,,,,,,,,,,,,,,,,,,,,,,,,
04-21-12,,,,,,,,,,,,,,,,,,,,,,,,,,,,,,,,,,,,,,,,,,,,,0.00,,,,,,,,,,,,,,,,,,,,,,,,,,,,,,,,,,,,
04-22-12,,,,,,,,,,,,,,,,,,,,,,,,,,,,,,,,,,,,,,,,,,,,,0.00,,,,,,,,,,,,,,,,,,,,,,,,,,,,,,,,,,,,
04-23-12,,,,,,,,,,,,,,,,,,,,,,,,,,,,,,,,,,,,,,,,,,,,,0.00,,,,,,,,,,,,,,,,,,,,,,,,,,,,,,,,,,,,
04-24-12,,,,,,,,,,,,,,,,,,,,,,,,,,,,,,,,,,,,,,,,,,,,,0.00,,,,,,,,,,,,,,,,,,,,,,,,,,,,,,,,,,,,
04-25-12,,,,,,,,,,,,,,,,,,,,,,,,,,,,,,,,,,,,,,,,,,,,,0.00,,,,,,,,,,,,,,,,,,,,,,,,,,,,,,,,,,,,
04-26-12,,,,,,,,,,,,,,,,,,,,,,,,,,,,,,,,,,,,,,,,,,,,,0.00,,,,,,,,,,,,,,,,,,,,,,,,,,,,,,,,,,,,
04-27-12,,,,,,,,,,,,,,,,,,,,,,,,,,,,,,,,,,,,,,,,,,,,,0.00,,,,,,,,,,,,,,,,,,,,,,,,,,,,,,,,,,,,
04-28-12,,,,,,,,,,,,,,,,,,,,,,,,,,,,,,,,,,,,,,,,,,,,,11.59,,,,,,,,,,,,,,,,,,,,,,,,,,,,,,,,,,,,
04-29-12,,,,,,,,,,,,,,,,,,,,,,,,,,,,,,,,,,,,,,,,,,,,,9.64,,,,,,,,,,,,,,,,,,,,,,,,,,,,,,,,,,,,
04-30-12,,,,,,,,,,,,,,,,,,,,,,,,,,,,,,,,,,,,,,,,,,,,,6.17,,,,,,,,,,,,,,,,,,,,,,,,,,,,,,,,,,,,
05-01-12,,,,,,,,,,,,,,,,,,,,,,,,,,,,,,,,,,,,,,,,,,,,,2.08,,,,,,,,,,,,,,,,,,,,,,,,,,,,,,,,,,,,
05-02-12,,,,,,,,,,,,,,,,,,,,,,,,,,,,,,,,,,,,,,,,,,,,,0.00,,,,,,,,,,,,,,,,,,,,,,,,,,,,,,,,,,,,
05-03-12,,,,,,,,,,,,,,,,,,,,,,,,,,,,,,,,,,,,,,,,,,,,,0.00,,,,,,,,,,,,,,,,,,,,,,,,,,,,,,,,,,,,
05-04-12,,,,,,,,,,,,,,,,,,,,,,,,,,,,,,,,,,,,,,,,,,,,,0.00,,,,,,,,,,,,,,,,,,,,,,,,,,,,,,,,,,,,
05-05-12,,,,,,,,,,,,,,,,,,,,,,,,,,,,,,,,,,,,,,,,,,,,,,,,,,,,,,,,,,,,,,,,,,,,,,,,,,,,,,,,,
05-06-12,,,,,,,,,,,,,,,,,,,,,,,,,,,,,,,,,,,,,,,,,,,,,0.00,,,,,,,,,,,,,,,,,,,,,,,,,,,,,,,,,,,,
05-07-12,,,,,,,,,,,,,,,,,,,,,,,,,,,,,,,,,,,,,,,,,,,,,0.00,,,,,,,,,,,,,,,,,,,,,,,,,,,,,,,,,,,,
05-08-12,,,,,,,,,,,,,,,,,,,,,,,,,,,,,,,,,,,,,,,,,,,,,0.00,,,,,,,,,,,,,,,,,,,,,,,,,,,,,,,,,,,,
05-09-12,,,,,,,,,,,,,,,,,,,,,,,,,,,,,,,,,,,,,,,,,,,,,0.00,,,,,,,,,,,,,,,,,,,,,,,,,,,,,,,,,,,,
05-10-12,,,,,,,,,,,,,,,,,,,,,,,,,,,,,,,,,,,,,,,,,,,,,0.00,,,,,,,,,,,,,,,,,,,,,,,,,,,,,,,,,,,,
05-11-12,,,,,,,,,,,,,,,,,,,,,,,,,,,,,,,,,,,,,,,,,,,,,0.00,,,,,,,,,,,,,,,,,,,,,,,,,,,,,,,,,,,,
05-12-12,,,,,,,,,,,,,,,,,,,,,,,,,,,,,,,,,,,,,,,,,,,,,0.00,,,,,,,,,,,,,,,,,,,,,,,,,,,,,,,,,,,,
05-13-12,,,,,,,,,,,,,,,,,,,,,,,,,,,,,,,,,,,,,,,,,,,,,0.00,,,,,,,,,,,,,,,,,,,,,,,,,,,,,,,,,,,,
05-14-12,,,,,,,,,,,,,,,,,,,,,,,,,,,,,,,,,,,,,,,,,,,,,0.00,,,,,,,,,,,,,,,,,,,,,,,,,,,,,,,,,,,,
05-15-12,,,,,,,,,,,,,,,,,,,,,,,,,,,,,,,,,,,,,,,,,,,,,0.00,,,,,,,,,,,,,,,,,,,,,,,,,,,,,,,,,,,,
05-16-12,,,,,,,,,,,,,,,,,,,,,,,,,,,,,,,,,,,,,,,,,,,,,0.00,,,,,,,,,,,,,,,,,,,,,,,,,,,,,,,,,,,,
05-17-12,,,,,,,,,,,,,,,,,,,,,,,,,,,,,,,,,,,,,,,,,,,,,0.00,,,,,,,,,,,,,,,,,,,,,,,,,,,,,,,,,,,,
05-18-12,,,,,,,,,,,,,,,,,,,,,,,,,,,,,,,,,,,,,,,,,,,,,0.00,,,,,,,,,,,,,,,,,,,,,,,,,,,,,,,,,,,,
05-19-12,,,,,,,,,,,,,,,,,,,,,,,,,,,,,,,,,,,,,,,,,,,,,0.00,,,,,,,,,,,,,,,,,,,,,,,,,,,,,,,,,,,,
05-20-12,,,,,,,,,,,,,,,,,,,,,,,,,,,,,,,,,,,,,,,,,,,,,0.00,,,,,,,,,,,,,,,,,,,,,,,,,,,,,,,,,,,,
05-21-12,,,,,,,,,,,,,,,,,,,,,,,,,,,,,,,,,,,,,,,,,,,,,0.00,,,,,,,,,,,,,,,,,,,,,,,,,,,,,,,,,,,,
05-22-12,,,,,,,,,,,,,,,,,,,,,,,,,,,,,,,,,,,,,,,,,,,,,0.00,,,,,,,,,,,,,,,,,,,,,,,,,,,,,,,,,,,,
05-23-12,,,,,,,,,,,,,,,,,,,,,,,,,,,,,,,,,,,,,,,,,,,,,0.00,,,,,,,,,,,,,,,,,,,,,,,,,,,,,,,,,,,,
05-24-12,,,,,,,,,,,,,,,,,,,,,,,,,,,,,,,,,,,,,,,,,,,,,0.00,,,,,,,,,,,,,,,,,,,,,,,,,,,,,,,,,,,,
05-25-12,,,,,,,,,,,,,,,,,,,,,,,,,,,,,,,,,,,,,,,,,,,,,0.00,,,,,,,,,,,,,,,,,,,,,,,,,,,,,,,,,,,,
05-26-12,,,,,,,,,,,,,,,,,,,,,,,,,,,,,,,,,,,,,,,,,,,,,0.00,,,,,,,,,,,,,,,,,,,,,,,,,,,,,,,,,,,,
05-27-12,,,,,,,,,,,,,,,,,,,,,,,,,,,,,,,,,,,,,,,,,,,,,0.00,,,,,,,,,,,,,,,,,,,,,,,,,,,,,,,,,,,,
05-28-12,,,,,,,,,,,,,,,,,,,,,,,,,,,,,,,,,,,,,,,,,,,,,0.00,,,,,,,,,,,,,,,,,,,,,,,,,,,,,,,,,,,,
05-29-12,,,,,,,,,,,,,,,,,,,,,,,,,,,,,,,,,,,,,,,,,,,,,6.65,,,,,,,,,,,,,,,,,,,,,,,,,,,,,,,,,,,,
05-30-12,,,,,,,,,,,,,,,,,,,,,,,,,,,,,,,,,,,,,,,,,,,,,4.12,,,,,,,,,,,,,,,,,,,,,,,,,,,,,,,,,,,,
05-31-12,,,,,,,,,,,,,,,,,,,,,,,,,,,,,,,,,,,,,,,,,,,,,0.00,,,,,,,,,,,,,,,,,,,,,,,,,,,,,,,,,,,,
06-01-12,,,,,,,,,,,,,,,,,,,,,,,,,,,,,,,,,,,,,,,,,,,,,0.00,,,,,,,,,,,,,,,,,,,,,,,,,,,,,,,,,,,,
06-02-12,,,,,,,,,,,,,,,,,,,,,,,,,,,,,,,,,,,,,,,,,,,,,4.67,,,,,,,,,,,,,,,,,,,,,,,,,,,,,,,,,,,,
06-03-12,,,,,,,,,,,,,,,,,,,,,,,,,,,,,,,,,,,,,,,,,,,,,3.62,,,,,,,,,,,,,,,,,,,,,,,,,,,,,,,,,,,,
06-04-12,,,,,,,,,,,,,,,,,,,,,,,,,,,,,,,,,,,,,,,,,,,,,4.03,,,,,,,,,,,,,,,,,,,,,,,,,,,,,,,,,,,,
06-05-12,,,,,,,,,,,,,,,,,,,,,,,,,,,,,,,,,,,,,,,,,,,,,4.18,,,,,,,,,,,,,,,,,,,,,,,,,,,,,,,,,,,,
06-06-12,,,,,,,,,,,,,,,,,,,,,,,,,,,,,,,,,,,,,,,,,,,,,4.59,,,,,,,,,,,,,,,,,,,,,,,,,,,,,,,,,,,,
06-07-12,,,,,,,,,,,,,,,,,,,,,,,,,,,,,,,,,,,,,,,,,,,,,5.16,,,,,,,,,,,,,,,,,,,,,,,,,,,,,,,,,,,,
06-08-12,,,,,,,,,,,,,,,,,,,,,,,,,,,,,,,,,,,,,,,,,,,,,4.70,,,,,,,,,,,,,,,,,,,,,,,,,,,,,,,,,,,,
06-09-12,,,,,,,,,,,,,,,,,,,,,,,,,,,,,,,,,,,,,,,,,,,,,4.91,,,,,,,,,,,,,,,,,,,,,,,,,,,,,,,,,,,,
06-10-12,,,,,,,,,,,,,,,,,,,,,,,,,,,,,,,,,,,,,,,,,,,,,4.63,,,,,,,,,,,,,,,,,,,,,,,,,,,,,,,,,,,,
06-11-12,,,,,,,,,,,,,,,,,,,,,,,,,,,,,,,,,,,,,,,,,,,,,7.33,,,,,,,,,,,,,,,,,,,,,,,,,,,,,,,,,,,,
06-12-12,,,,,,,,,,,,,,,,,,,,,,,,,,,,,,,,,,,,,,,,,,,,,,,,,,,,,,,,,,,,,,,,,,,,,,,,,,,,,,,,,
06-13-12,,,,,,,,,,,,,,,,,,,,,,,,,,,,,,,,,,,,,,,,,,,,,6.78,,,,,,,,,,,,,,,,,,,,,,,,,,,,,,,,,,,,
06-14-12,,,,,,,,,,,,,,,,,,,,,,,,,,,,,,,,,,,,,,,,,,,,,10.87,,,,,,,,,,,,,,,,,,,,,,,,,,,,,,,,,,,,
06-15-12,,,,,,,,,,,,,,,,,,,,,,,,,,,,,,,,,,,,,,,,,,,,,7.51,,,,,,,,,,,,,,,,,,,,,,,,,,,,,,,,,,,,
06-16-12,,,,,,,,,,,,,,,,,,,,,,,,,,,,,,,,,,,,,,,,,,,,,8.94,,,,,,,,,,,,,,,,,,,,,,,,,,,,,,,,,,,,
06-17-12,,,,,,,,,,,,,,,,,,,,,,,,,,,,,,,,,,,,,,,,,,,,,8.92,,,,,,,,,,,,,,,,,,,,,,,,,,,,,,,,,,,,
06-18-12,,,,,,,,,,,,,,,,,,,,,,,,,,,,,,,,,,,,,,,,,,,,,23.55,,,,,,,,,,,,,,,,,,,,,,,,,,,,,,,,,,,,
06-19-12,,,,,,,,,,,,,,,,,,,,,,,,,,,,,,,,,,,,,,,,,,,,,22.10,,,,,,,,,,,,,,,,,,,,,,,,,,,,,,,,,,,,
06-20-12,,,,,,,,,,,,,,,,,,,,,,,,,,,,,,,,,,,,,,,,,,,,,34.95,,,,,,,,,,,,,,,,,,,,,,,,,,,,,,,,,,,,
06-21-12,,,,,,,,,,,,,,,,,,,,,,,,,,,,,,,,,,,,,,,,,,,,,50.24,,,,,,,,,,,,,,,,,,,,,,,,,,,,,,,,,,,,
06-22-12,,,,,,,,,,,,,,,,,,,,,,,,,,,,,,,,,,,,,,,,,,,,,49.33,,,,,,,,,,,,,,,,,,,,,,,,,,,,,,,,,,,,
06-23-12,,,,,,,,,,,,,,,,,,,,,,,,,,,,,,,,,,,,,,,,,,,,,47.70,,,,,,,,,,,,,,,,,,,,,,,,,,,,,,,,,,,,
06-24-12,,,,,,,,,,,,,,,,,,,,,,,,,,,,,,,,,,,,,,,,,,,,,47.70,,,,,,,,,,,,,,,,,,,,,,,,,,,,,,,,,,,,
06-25-12,,,,,,,,,,,,,,,,,,,,,,,,,,,,,,,,,,,,,,,,,,,,,46.35,,,,,,,,,,,,,,,,,,,,,,,,,,,,,,,,,,,,
06-26-12,,,,,,,,,,,,,,,,,,,,,,,,,,,,,,,,,,,,,,,,,,,,,45.89,,,,,,,,,,,,,,,,,,,,,,,,,,,,,,,,,,,,
06-27-12,,,,,,,,,,,,,,,,,,,,,,,,,,,,,,,,,,,,,,,,,,,,,44.76,,,,,,,,,,,,,,,,,,,,,,,,,,,,,,,,,,,,
06-28-12,,,,,,,,,,,,,,,,,,,,,,,,,,,,,,,,,,,,,,,,,,,,,62.12,,,,,,,,,,,,,,,,,,,,,,,,,,,,,,,,,,,,
06-29-12,,,,,,,,,,,,,,,,,,,,,,,,,,,,,,,,,,,,,,,,,,,,,,,,,,,,,,,,,,,,,,,,,,,,,,,,,,,,,,,,,
06-30-12,,,,,,,,,,,,,,,,,,,,,,,,,,,,,,,,,,,,,,,,,,,,,,,,,,,,,,,,,,,,,,,,,,,,,,,,,,,,,,,,,
07-01-12,,,,,,,,,,,,,,,,,,,,,,,,,,,,,,,,,,,,,,,,,,,,,78.16,,,,,,,,,,,,,,,,,,,,,,,,,,,,,,,,,,,,
07-02-12,,,,,,,,,,,,,,,,,,,,,,,,,,,,,,,,,,,,,,,,,,,,,99.62,,,,,,,,,,,,,,,,,,,,,,,,,,,,,,,,,,,,
07-03-12,,,,,,,,,,,,,,,,,,,,,,,,,,,,,,,,,,,,,,,,,,,,,97.27,,,,,,,,,,,,,,,,,,,,,,,,,,,,,,,,,,,,
07-04-12,,,,,,,,,,,,,,,,,,,,,,,,,,,,,,,,,,,,,,,,,,,,,108.11,,,,,,,,,,,,,,,,,,,,,,,,,,,,,,,,,,,,
07-05-12,,,,,,,,,,,,,,,,,,,,,,,,,,,,,,,,,,,,,,,,,,,,,126.80,,,,,,,,,,,,,,,,,,,,,,,,,,,,,,,,,,,,
07-06-12,,,,,,,,,,,,,,,,,,,,,,,,,,,,,,,,,,,,,,,,,,,,,123.26,,,,,,,,,,,,,,,,,,,,,,,,,,,,,,,,,,,,
07-07-12,,,,,,,,,,,,,,,,,,,,,,,,,,,,,,,,,,,,,,,,,,,,,120.33,,,,,,,,,,,,,,,,,,,,,,,,,,,,,,,,,,,,
07-08-12,,,,,,,,,,,,,,,,,,,,,,,,,,,,,,,,,,,,,,,,,,,,,117.40,,,,,,,,,,,,,,,,,,,,,,,,,,,,,,,,,,,,
07-09-12,,,,,,,,,,,,,,,,,,,,,,,,,,,,,,,,,,,,,,,,,,,,,115.12,,,,,,,,,,,,,,,,,,,,,,,,,,,,,,,,,,,,
07-10-12,,,,,,,,,,,,,,,,,,,,,,,,,,,,,,,,,,,,,,,,,,,,,115.16,,,,,,,,,,,,,,,,,,,,,,,,,,,,,,,,,,,,
07-11-12,,,,,,,,,,,,,,,,,,,,,,,,,,,,,,,,,,,,,,,,,,,,,114.27,,,,,,,,,,,,,,,,,,,,,,,,,,,,,,,,,,,,
07-12-12,,,,,,,,,,,,,,,,,,,,,,,,,,,,,,,,,,,,,,,,,,,,,114.06,,,,,,,,,,,,,,,,,,,,,,,,,,,,,,,,,,,,
07-13-12,,,,,,,,,,,,,,,,,,,,,,,,,,,,,,,,,,,,,,,,,,,,,112.47,,,,,,,,,,,,,,,,,,,,,,,,,,,,,,,,,,,,
07-14-12,,,,,,,,,,,,,,,,,,,,,,,,,,,,,,,,,,,,,,,,,,,,,109.11,,,,,,,,,,,,,,,,,,,,,,,,,,,,,,,,,,,,
07-15-12,,,,,,,,,,,,,,,,,,,,,,,,,,,,,,,,,,,,,,,,,,,,,106.71,,,,,,,,,,,,,,,,,,,,,,,,,,,,,,,,,,,,
07-16-12,,,,,,,,,,,,,,,,,,,,,,,,,,,,,,,,,,,,,,,,,,,,,106.49,,,,,,,,,,,,,,,,,,,,,,,,,,,,,,,,,,,,
07-17-12,,,,,,,,,,,,,,,,,,,,,,,,,,,,,,,,,,,,,,,,,,,,,102.63,,,,,,,,,,,,,,,,,,,,,,,,,,,,,,,,,,,,
07-18-12,,,,,,,,,,,,,,,,,,,,,,,,,,,,,,,,,,,,,,,,,,,,,99.19,,,,,,,,,,,,,,,,,,,,,,,,,,,,,,,,,,,,
07-19-12,,,,,,,,,,,,,,,,,,,,,,,,,,,,,,,,,,,,,,,,,,,,,97.47,,,,,,,,,,,,,,,,,,,,,,,,,,,,,,,,,,,,
07-20-12,,,,,,,,,,,,,,,,,,,,,,,,,,,,,,,,,,,,,,,,,,,,,97.37,,,,,,,,,,,,,,,,,,,,,,,,,,,,,,,,,,,,
07-21-12,,,,,,,,,,,,,,,,,,,,,,,,,,,,,,,,,,,,,,,,,,,,,100.34,,,,,,,,,,,,,,,,,,,,,,,,,,,,,,,,,,,,
07-22-12,,,,,,,,,,,,,,,,,,,,,,,,,,,,,,,,,,,,,,,,,,,,,101.10,,,,,,,,,,,,,,,,,,,,,,,,,,,,,,,,,,,,
07-23-12,,,,,,,,,,,,,,,,,,,,,,,,,,,,,,,,,,,,,,,,,,,,,101.64,,,,,,,,,,,,,,,,,,,,,,,,,,,,,,,,,,,,
07-24-12,,,,,,,,,,,,,,,,,,,,,,,,,,,,,,,,,,,,,,,,,,,,,104.31,,,,,,,,,,,,,,,,,,,,,,,,,,,,,,,,,,,,
07-25-12,,,,,,,,,,,,,,,,,,,,,,,,,,,,,,,,,,,,,,,,,,,,,106.09,,,,,,,,,,,,,,,,,,,,,,,,,,,,,,,,,,,,
07-26-12,,,,,,,,,,,,,,,,,,,,,,,,,,,,,,,,,,,,,,,,,,,,,105.57,,,,,,,,,,,,,,,,,,,,,,,,,,,,,,,,,,,,
07-27-12,,,,,,,,,,,,,,,,,,,,,,,,,,,,,,,,,,,,,,,,,,,,,106.15,,,,,,,,,,,,,,,,,,,,,,,,,,,,,,,,,,,,
07-28-12,,,,,,,,,,,,,,,,,,,,,,,,,,,,,,,,,,,,,,,,,,,,,106.21,,,,,,,,,,,,,,,,,,,,,,,,,,,,,,,,,,,,
07-29-12,,,,,,,,,,,,,,,,,,,,,,,,,,,,,,,,,,,,,,,,,,,,,104.80,,,,,,,,,,,,,,,,,,,,,,,,,,,,,,,,,,,,
07-30-12,,,,,,,,,,,,,,,,,,,,,,,,,,,,,,,,,,,,,,,,,,,,,103.56,,,,,,,,,,,,,,,,,,,,,,,,,,,,,,,,,,,,
07-31-12,,,,,,,,,,,,,,,,,,,,,,,,,,,,,,,,,,,,,,,,,,,,,104.51,,,,,,,,,,,,,,,,,,,,,,,,,,,,,,,,,,,,
08-01-12,,,,,,,,,,,,,,,,,,,,,,,,,,,,,,,,,,,,,,,,,,,,,103.89,,,,,,,,,,,,,,,,,,,,,,,,,,,,,,,,,,,,
08-02-12,,,,,,,,,,,,,,,,,,,,,,,,,,,,,,,,,,,,,,,,,,,,,157.50,,,,,,,,,,,,,,,,,,,,,,,,,,,,,,,,,,,,
08-03-12,,,,,,,,,,,,,,,,,,,,,,,,,,,,,,,,,,,,,,,,,,,,,164.43,,,,,,,,,,,,,,,,,,,,,,,,,,,,,,,,,,,,
08-04-12,,,,,,,,,,,,,,,,,,,,,,,,,,,,,,,,,,,,,,,,,,,,,153.67,,,,,,,,,,,,,,,,,,,,,,,,,,,,,,,,,,,,
08-05-12,,,,,,,,,,,,,,,,,,,,,,,,,,,,,,,,,,,,,,,,,,,,,148.58,,,,,,,,,,,,,,,,,,,,,,,,,,,,,,,,,,,,
08-06-12,,,,,,,,,,,,,,,,,,,,,,,,,,,,,,,,,,,,,,,,,,,,,147.15,,,,,,,,,,,,,,,,,,,,,,,,,,,,,,,,,,,,
08-07-12,,,,,,,,,,,,,,,,,,,,,,,,,,,,,,,,,,,,,,,,,,,,,145.12,,,,,,,,,,,,,,,,,,,,,,,,,,,,,,,,,,,,
08-08-12,,,,,,,,,,,,,,,,,,,,,,,,,,,,,,,,,,,,,,,,,,,,,142.08,,,,,,,,,,,,,,,,,,,,,,,,,,,,,,,,,,,,
08-09-12,,,,,,,,,,,,,,,,,,,,,,,,,,,,,,,,,,,,,,,,,,,,,139.19,,,,,,,,,,,,,,,,,,,,,,,,,,,,,,,,,,,,
08-10-12,,,,,,,,,,,,,,,,,,,,,,,,,,,,,,,,,,,,,,,,,,,,,137.61,,,,,,,,,,,,,,,,,,,,,,,,,,,,,,,,,,,,
08-11-12,,,,,,,,,,,,,,,,,,,,,,,,,,,,,,,,,,,,,,,,,,,,,136.68,,,,,,,,,,,,,,,,,,,,,,,,,,,,,,,,,,,,
08-12-12,,,,,,,,,,,,,,,,,,,,,,,,,,,,,,,,,,,,,,,,,,,,,135.84,,,,,,,,,,,,,,,,,,,,,,,,,,,,,,,,,,,,
08-13-12,,,,,,,,,,,,,,,,,,,,,,,,,,,,,,,,,,,,,,,,,,,,,135.41,,,,,,,,,,,,,,,,,,,,,,,,,,,,,,,,,,,,
08-14-12,,,,,,,,,,,,,,,,,,,,,,,,,,,,,,,,,,,,,,,,,,,,,135.96,,,,,,,,,,,,,,,,,,,,,,,,,,,,,,,,,,,,
08-15-12,,,,,,,,,,,,,,,,,,,,,,,,,,,,,,,,,,,,,,,,,,,,,147.02,,,,,,,,,,,,,,,,,,,,,,,,,,,,,,,,,,,,
08-16-12,,,,,,,,,,,,,,,,,,,,,,,,,,,,,,,,,,,,,,,,,,,,,169.71,,,,,,,,,,,,,,,,,,,,,,,,,,,,,,,,,,,,
08-17-12,,,,,,,,,,,,,,,,,,,,,,,,,,,,,,,,,,,,,,,,,,,,,164.81,,,,,,,,,,,,,,,,,,,,,,,,,,,,,,,,,,,,
08-18-12,,,,,,,,,,,,,,,,,,,,,,,,,,,,,,,,,,,,,,,,,,,,,161.76,,,,,,,,,,,,,,,,,,,,,,,,,,,,,,,,,,,,
08-19-12,,,,,,,,,,,,,,,,,,,,,,,,,,,,,,,,,,,,,,,,,,,,,160.83,,,,,,,,,,,,,,,,,,,,,,,,,,,,,,,,,,,,
08-20-12,,,,,,,,,,,,,,,,,,,,,,,,,,,,,,,,,,,,,,,,,,,,,177.24,,,,,,,,,,,,,,,,,,,,,,,,,,,,,,,,,,,,
08-21-12,,,,,,,,,,,,,,,,,,,,,,,,,,,,,,,,,,,,,,,,,,,,,173.95,,,,,,,,,,,,,,,,,,,,,,,,,,,,,,,,,,,,
08-22-12,,,,,,,,,,,,,,,,,,,,,,,,,,,,,,,,,,,,,,,,,,,,,192.12,,,,,,,,,,,,,,,,,,,,,,,,,,,,,,,,,,,,
08-23-12,,,,,,,,,,,,,,,,,,,,,,,,,,,,,,,,,,,,,,,,,,,,,199.59,,,,,,,,,,,,,,,,,,,,,,,,,,,,,,,,,,,,
08-24-12,,,,,,,,,,,,,,,,,,,,,,,,,,,,,,,,,,,,,,,,,,,,,196.83,,,,,,,,,,,,,,,,,,,,,,,,,,,,,,,,,,,,
08-25-12,,,,,,,,,,,,,,,,,,,,,,,,,,,,,,,,,,,,,,,,,,,,,190.92,,,,,,,,,,,,,,,,,,,,,,,,,,,,,,,,,,,,
08-26-12,,,,,,,,,,,,,,,,,,,,,,,,,,,,,,,,,,,,,,,,,,,,,186.56,,,,,,,,,,,,,,,,,,,,,,,,,,,,,,,,,,,,
08-27-12,,,,,,,,,,,,,,,,,,,,,,,,,,,,,,,,,,,,,,,,,,,,,181.62,,,,,,,,,,,,,,,,,,,,,,,,,,,,,,,,,,,,
08-28-12,,,,,,,,,,,,,,,,,,,,,,,,,,,,,,,,,,,,,,,,,,,,,176.53,,,,,,,,,,,,,,,,,,,,,,,,,,,,,,,,,,,,
08-29-12,,,,,,,,,,,,,,,,,,,,,,,,,,,,,,,,,,,,,,,,,,,,,170.80,,,,,,,,,,,,,,,,,,,,,,,,,,,,,,,,,,,,
08-30-12,,,,,,,,,,,,,,,,,,,,,,,,,,,,,,,,,,,,,,,,,,,,,166.17,,,,,,,,,,,,,,,,,,,,,,,,,,,,,,,,,,,,
08-31-12,,,,,,,,,,,,,,,,,,,,,,,,,,,,,,,,,,,,,,,,,,,,,163.13,,,,,,,,,,,,,,,,,,,,,,,,,,,,,,,,,,,,
09-01-12,,,,,,,,,,,,,,,,,,,,,,,,,,,,,,,,,,,,,,,,,,,,,159.89,,,,,,,,,,,,,,,,,,,,,,,,,,,,,,,,,,,,
09-02-12,,,,,,,,,,,,,,,,,,,,,,,,,,,,,,,,,,,,,,,,,,,,,156.29,,,,,,,,,,,,,,,,,,,,,,,,,,,,,,,,,,,,
09-03-12,,,,,,,,,,,,,,,,,,,,,,,,,,,,,,,,,,,,,,,,,,,,,153.63,,,,,,,,,,,,,,,,,,,,,,,,,,,,,,,,,,,,
09-04-12,,,,,,,,,,,,,,,,,,,,,,,,,,,,,,,,,,,,,,,,,,,,,149.58,,,,,,,,,,,,,,,,,,,,,,,,,,,,,,,,,,,,
09-05-12,,,,,,,,,,,,,,,,,,,,,,,,,,,,,,,,,,,,,,,,,,,,,146.78,,,,,,,,,,,,,,,,,,,,,,,,,,,,,,,,,,,,
09-06-12,,,,,,,,,,,,,,,,,,,,,,,,,,,,,,,,,,,,,,,,,,,,,138.34,,,,,,,,,,,,,,,,,,,,,,,,,,,,,,,,,,,,
09-07-12,,,,,,,,,,,,,,,,,,,,,,,,,,,,,,,,,,,,,,,,,,,,,133.89,,,,,,,,,,,,,,,,,,,,,,,,,,,,,,,,,,,,
09-08-12,,,,,,,,,,,,,,,,,,,,,,,,,,,,,,,,,,,,,,,,,,,,,131.35,,,,,,,,,,,,,,,,,,,,,,,,,,,,,,,,,,,,
09-09-12,,,,,,,,,,,,,,,,,,,,,,,,,,,,,,,,,,,,,,,,,,,,,128.64,,,,,,,,,,,,,,,,,,,,,,,,,,,,,,,,,,,,
09-10-12,,,,,,,,,,,,,,,,,,,,,,,,,,,,,,,,,,,,,,,,,,,,,125.40,,,,,,,,,,,,,,,,,,,,,,,,,,,,,,,,,,,,
09-11-12,,,,,,,,,,,,,,,,,,,,,,,,,,,,,,,,,,,,,,,,,,,,,123.71,,,,,,,,,,,,,,,,,,,,,,,,,,,,,,,,,,,,
09-12-12,,,,,,,,,,,,,,,,,,,,,,,,,,,,,,,,,,,,,,,,,,,,,120.01,,,,,,,,,,,,,,,,,,,,,,,,,,,,,,,,,,,,
09-13-12,,,,,,,,,,,,,,,,,,,,,,,,,,,,,,,,,,,,,,,,,,,,,118.31,,,,,,,,,,,,,,,,,,,,,,,,,,,,,,,,,,,,
09-14-12,,,,,,,,,,,,,,,,,,,,,,,,,,,,,,,,,,,,,,,,,,,,,116.98,,,,,,,,,,,,,,,,,,,,,,,,,,,,,,,,,,,,
09-15-12,,,,,,,,,,,,,,,,,,,,,,,,,,,,,,,,,,,,,,,,,,,,,114.76,,,,,,,,,,,,,,,,,,,,,,,,,,,,,,,,,,,,
09-16-12,,,,,,,,,,,,,,,,,,,,,,,,,,,,,,,,,,,,,,,,,,,,,114.40,,,,,,,,,,,,,,,,,,,,,,,,,,,,,,,,,,,,
09-17-12,,,,,,,,,,,,,,,,,,,,,,,,,,,,,,,,,,,,,,,,,,,,,112.98,,,,,,,,,,,,,,,,,,,,,,,,,,,,,,,,,,,,
09-18-12,,,,,,,,,,,,,,,,,,,,,,,,,,,,,,,,,,,,,,,,,,,,,113.61,,,,,,,,,,,,,,,,,,,,,,,,,,,,,,,,,,,,
09-19-12,,,,,,,,,,,,,,,,,,,,,,,,,,,,,,,,,,,,,,,,,,,,,114.63,,,,,,,,,,,,,,,,,,,,,,,,,,,,,,,,,,,,
09-20-12,,,,,,,,,,,,,,,,,,,,,,,,,,,,,,,,,,,,,,,,,,,,,,,,,,,,,,,,,,,,,,,,,,,,,,,,,,,,,,,,,
09-21-12,,,,,,,,,,,,,,,,,,,,,,,,,,,,,,,,,,,,,,,,,,,,,115.59,,,,,,,,,,,,,,,,,,,,,,,,,,,,,,,,,,,,
09-22-12,,,,,,,,,,,,,,,,,,,,,,,,,,,,,,,,,,,,,,,,,,,,,112.13,,,,,,,,,,,,,,,,,,,,,,,,,,,,,,,,,,,,
09-23-12,,,,,,,,,,,,,,,,,,,,,,,,,,,,,,,,,,,,,,,,,,,,,109.92,,,,,,,,,,,,,,,,,,,,,,,,,,,,,,,,,,,,
09-24-12,,,,,,,,,,,,,,,,,,,,,,,,,,,,,,,,,,,,,,,,,,,,,106.49,,,,,,,,,,,,,,,,,,,,,,,,,,,,,,,,,,,,
09-25-12,,,,,,,,,,,,,,,,,,,,,,,,,,,,,,,,,,,,,,,,,,,,,103.09,,,,,,,,,,,,,,,,,,,,,,,,,,,,,,,,,,,,
09-26-12,,,,,,,,,,,,,,,,,,,,,,,,,,,,,,,,,,,,,,,,,,,,,98.74,,,,,,,,,,,,,,,,,,,,,,,,,,,,,,,,,,,,
09-27-12,,,,,,,,,,,,,,,,,,,,,,,,,,,,,,,,,,,,,,,,,,,,,95.29,,,,,,,,,,,,,,,,,,,,,,,,,,,,,,,,,,,,
09-28-12,,,,,,,,,,,,,,,,,,,,,,,,,,,,,,,,,,,,,,,,,,,,,93.67,,,,,,,,,,,,,,,,,,,,,,,,,,,,,,,,,,,,
09-29-12,,,,,,,,,,,,,,,,,,,,,,,,,,,,,,,,,,,,,,,,,,,,,91.66,,,,,,,,,,,,,,,,,,,,,,,,,,,,,,,,,,,,
09-30-12,,,,,,,,,,,,,,,,,,,,,,,,,,,,,,,,,,,,,,,,,,,,,90.11,,,,,,,,,,,,,,,,,,,,,,,,,,,,,,,,,,,,
10-01-12,,,,,,,,,,,,,,,,,,,,,,,,,,,,,,,,,,,,,,,,,,,,,89.42,,,,,,,,,,,,,,,,,,,,,,,,,,,,,,,,,,,,
10-02-12,,,,,,,,,,,,,,,,,,,,,,,,,,,,,,,,,,,,,,,,,,,,,86.61,,,,,,,,,,,,,,,,,,,,,,,,,,,,,,,,,,,,
10-03-12,,,,,,,,,,,,,,,,,,,,,,,,,,,,,,,,,,,,,,,,,,,,,84.46,,,,,,,,,,,,,,,,,,,,,,,,,,,,,,,,,,,,
10-04-12,,,,,,,,,,,,,,,,,,,,,,,,,,,,,,,,,,,,,,,,,,,,,82.30,,,,,,,,,,,,,,,,,,,,,,,,,,,,,,,,,,,,
10-05-12,,,,,,,,,,,,,,,,,,,,,,,,,,,,,,,,,,,,,,,,,,,,,97.24,,,,,,,,,,,,,,,,,,,,,,,,,,,,,,,,,,,,
10-06-12,,,,,,,,,,,,,,,,,,,,,,,,,,,,,,,,,,,,,,,,,,,,,108.37,,,,,,,,,,,,,,,,,,,,,,,,,,,,,,,,,,,,
10-07-12,,,,,,,,,,,,,,,,,,,,,,,,,,,,,,,,,,,,,,,,,,,,,111.57,,,,,,,,,,,,,,,,,,,,,,,,,,,,,,,,,,,,
10-08-12,,,,,,,,,,,,,,,,,,,,,,,,,,,,,,,,,,,,,,,,,,,,,108.08,,,,,,,,,,,,,,,,,,,,,,,,,,,,,,,,,,,,
10-09-12,,,,,,,,,,,,,,,,,,,,,,,,,,,,,,,,,,,,,,,,,,,,,102.11,,,,,,,,,,,,,,,,,,,,,,,,,,,,,,,,,,,,
10-10-12,,,,,,,,,,,,,,,,,,,,,,,,,,,,,,,,,,,,,,,,,,,,,98.26,,,,,,,,,,,,,,,,,,,,,,,,,,,,,,,,,,,,
10-11-12,,,,,,,,,,,,,,,,,,,,,,,,,,,,,,,,,,,,,,,,,,,,,91.64,,,,,,,,,,,,,,,,,,,,,,,,,,,,,,,,,,,,
10-12-12,,,,,,,,,,,,,,,,,,,,,,,,,,,,,,,,,,,,,,,,,,,,,87.00,,,,,,,,,,,,,,,,,,,,,,,,,,,,,,,,,,,,
10-13-12,,,,,,,,,,,,,,,,,,,,,,,,,,,,,,,,,,,,,,,,,,,,,82.07,,,,,,,,,,,,,,,,,,,,,,,,,,,,,,,,,,,,
10-14-12,,,,,,,,,,,,,,,,,,,,,,,,,,,,,,,,,,,,,,,,,,,,,76.98,,,,,,,,,,,,,,,,,,,,,,,,,,,,,,,,,,,,
10-15-12,,,,,,,,,,,,,,,,,,,,,,,,,,,,,,,,,,,,,,,,,,,,,73.64,,,,,,,,,,,,,,,,,,,,,,,,,,,,,,,,,,,,
10-16-12,,,,,,,,,,,,,,,,,,,,,,,,,,,,,,,,,,,,,,,,,,,,,69.46,,,,,,,,,,,,,,,,,,,,,,,,,,,,,,,,,,,,
10-17-12,,,,,,,,,,,,,,,,,,,,,,,,,,,,,,,,,,,,,,,,,,,,,65.07,,,,,,,,,,,,,,,,,,,,,,,,,,,,,,,,,,,,
10-18-12,,,,,,,,,,,,,,,,,,,,,,,,,,,,,,,,,,,,,,,,,,,,,61.14,,,,,,,,,,,,,,,,,,,,,,,,,,,,,,,,,,,,
10-19-12,,,,,,,,,,,,,,,,,,,,,,,,,,,,,,,,,,,,,,,,,,,,,56.47,,,,,,,,,,,,,,,,,,,,,,,,,,,,,,,,,,,,
10-20-12,,,,,,,,,,,,,,,,,,,,,,,,,,,,,,,,,,,,,,,,,,,,,53.22,,,,,,,,,,,,,,,,,,,,,,,,,,,,,,,,,,,,
10-21-12,,,,,,,,,,,,,,,,,,,,,,,,,,,,,,,,,,,,,,,,,,,,,51.66,,,,,,,,,,,,,,,,,,,,,,,,,,,,,,,,,,,,
10-22-12,,,,,,,,,,,,,,,,,,,,,,,,,,,,,,,,,,,,,,,,,,,,,63.34,,,,,,,,,,,,,,,,,,,,,,,,,,,,,,,,,,,,
10-23-12,,,,,,,,,,,,,,,,,,,,,,,,,,,,,,,,,,,,,,,,,,,,,60.86,,,,,,,,,,,,,,,,,,,,,,,,,,,,,,,,,,,,
10-24-12,,,,,,,,,,,,,,,,,,,,,,,,,,,,,,,,,,,,,,,,,,,,,56.34,,,,,,,,,,,,,,,,,,,,,,,,,,,,,,,,,,,,
10-25-12,,,,,,,,,,,,,,,,,,,,,,,,,,,,,,,,,,,,,,,,,,,,,50.51,,,,,,,,,,,,,,,,,,,,,,,,,,,,,,,,,,,,
10-26-12,,,,,,,,,,,,,,,,,,,,,,,,,,,,,,,,,,,,,,,,,,,,,44.62,,,,,,,,,,,,,,,,,,,,,,,,,,,,,,,,,,,,
10-27-12,,,,,,,,,,,,,,,,,,,,,,,,,,,,,,,,,,,,,,,,,,,,,38.23,,,,,,,,,,,,,,,,,,,,,,,,,,,,,,,,,,,,
10-28-12,,,,,,,,,,,,,,,,,,,,,,,,,,,,,,,,,,,,,,,,,,,,,31.14,,,,,,,,,,,,,,,,,,,,,,,,,,,,,,,,,,,,
10-29-12,,,,,,,,,,,,,,,,,,,,,,,,,,,,,,,,,,,,,,,,,,,,,24.14,,,,,,,,,,,,,,,,,,,,,,,,,,,,,,,,,,,,
10-30-12,,,,,,,,,,,,,,,,,,,,,,,,,,,,,,,,,,,,,,,,,,,,,18.64,,,,,,,,,,,,,,,,,,,,,,,,,,,,,,,,,,,,
10-31-12,,,,,,,,,,,,,,,,,,,,,,,,,,,,,,,,,,,,,,,,,,,,,13.47,,,,,,,,,,,,,,,,,,,,,,,,,,,,,,,,,,,,
11-01-12,,,,,,,,,,,,,,,,,,,,,,,,,,,,,,,,,,,,,,,,,,,,,8.79,,,,,,,,,,,,,,,,,,,,,,,,,,,,,,,,,,,,
11-02-12,,,,,,,,,,,,,,,,,,,,,,,,,,,,,,,,,,,,,,,,,,,,,7.07,,,,,,,,,,,,,,,,,,,,,,,,,,,,,,,,,,,,
11-03-12,,,,,,,,,,,,,,,,,,,,,,,,,,,,,,,,,,,,,,,,,,,,,7.25,,,,,,,,,,,,,,,,,,,,,,,,,,,,,,,,,,,,
11-04-12,,,,,,,,,,,,,,,,,,,,,,,,,,,,,,,,,,,,,,,,,,,,,,,,,,,,,,,,,,,,,,,,,,,,,,,,,,,,,,,,,
11-05-12,,,,,,,,,,,,,,,,,,,,,,,,,,,,,,,,,,,,,,,,,,,,,,,,,,,,,,,,,,,,,,,,,,,,,,,,,,,,,,,,,
11-06-12,,,,,,,,,,,,,,,,,,,,,,,,,,,,,,,,,,,,,,,,,,,,,,,,,,,,,,,,,,,,,,,,,,,,,,,,,,,,,,,,,
11-07-12,,,,,,,,,,,,,,,,,,,,,,,,,,,,,,,,,,,,,,,,,,,,,,,,,,,,,,,,,,,,,,,,,,,,,,,,,,,,,,,,,
11-08-12,,,,,,,,,,,,,,,,,,,,,,,,,,,,,,,,,,,,,,,,,,,,,,,,,,,,,,,,,,,,,,,,,,,,,,,,,,,,,,,,,
11-09-12,,,,,,,,,,,,,,,,,,,,,,,,,,,,,,,,,,,,,,,,,,,,,,,,,,,,,,,,,,,,,,,,,,,,,,,,,,,,,,,,,
11-10-12,,,,,,,,,,,,,,,,,,,,,,,,,,,,,,,,,,,,,,,,,,,,,,,,,,,,,,,,,,,,,,,,,,,,,,,,,,,,,,,,,
11-11-12,,,,,,,,,,,,,,,,,,,,,,,,,,,,,,,,,,,,,,,,,,,,,,,,,,,,,,,,,,,,,,,,,,,,,,,,,,,,,,,,,
11-12-12,,,,,,,,,,,,,,,,,,,,,,,,,,,,,,,,,,,,,,,,,,,,,,,,,,,,,,,,,,,,,,,,,,,,,,,,,,,,,,,,,
11-13-12,,,,,,,,,,,,,,,,,,,,,,,,,,,,,,,,,,,,,,,,,,,,,,,,,,,,,,,,,,,,,,,,,,,,,,,,,,,,,,,,,
11-14-12,,,,,,,,,,,,,,,,,,,,,,,,,,,,,,,,,,,,,,,,,,,,,,,,,,,,,,,,,,,,,,,,,,,,,,,,,,,,,,,,,
11-15-12,,,,,,,,,,,,,,,,,,,,,,,,,,,,,,,,,,,,,,,,,,,,,,,,,,,,,,,,,,,,,,,,,,,,,,,,,,,,,,,,,
11-16-12,,,,,,,,,,,,,,,,,,,,,,,,,,,,,,,,,,,,,,,,,,,,,,,,,,,,,,,,,,,,,,,,,,,,,,,,,,,,,,,,,
11-17-12,,,,,,,,,,,,,,,,,,,,,,,,,,,,,,,,,,,,,,,,,,,,,,,,,,,,,,,,,,,,,,,,,,,,,,,,,,,,,,,,,
11-18-12,,,,,,,,,,,,,,,,,,,,,,,,,,,,,,,,,,,,,,,,,,,,,,,,,,,,,,,,,,,,,,,,,,,,,,,,,,,,,,,,,
11-19-12,,,,,,,,,,,,,,,,,,,,,,,,,,,,,,,,,,,,,,,,,,,,,,,,,,,,,,,,,,,,,,,,,,,,,,,,,,,,,,,,,
11-20-12,,,,,,,,,,,,,,,,,,,,,,,,,,,,,,,,,,,,,,,,,,,,,,,,,,,,,,,,,,,,,,,,,,,,,,,,,,,,,,,,,
11-21-12,,,,,,,,,,,,,,,,,,,,,,,,,,,,,,,,,,,,,,,,,,,,,,,,,,,,,,,,,,,,,,,,,,,,,,,,,,,,,,,,,
11-22-12,,,,,,,,,,,,,,,,,,,,,,,,,,,,,,,,,,,,,,,,,,,,,,,,,,,,,,,,,,,,,,,,,,,,,,,,,,,,,,,,,
11-23-12,,,,,,,,,,,,,,,,,,,,,,,,,,,,,,,,,,,,,,,,,,,,,,,,,,,,,,,,,,,,,,,,,,,,,,,,,,,,,,,,,
11-24-12,,,,,,,,,,,,,,,,,,,,,,,,,,,,,,,,,,,,,,,,,,,,,,,,,,,,,,,,,,,,,,,,,,,,,,,,,,,,,,,,,
11-25-12,,,,,,,,,,,,,,,,,,,,,,,,,,,,,,,,,,,,,,,,,,,,,,,,,,,,,,,,,,,,,,,,,,,,,,,,,,,,,,,,,
11-26-12,,,,,,,,,,,,,,,,,,,,,,,,,,,,,,,,,,,,,,,,,,,,,,,,,,,,,,,,,,,,,,,,,,,,,,,,,,,,,,,,,
11-27-12,,,,,,,,,,,,,,,,,,,,,,,,,,,,,,,,,,,,,,,,,,,,,,,,,,,,,,,,,,,,,,,,,,,,,,,,,,,,,,,,,
11-28-12,,,,,,,,,,,,,,,,,,,,,,,,,,,,,,,,,,,,,,,,,,,,,,,,,,,,,,,,,,,,,,,,,,,,,,,,,,,,,,,,,
11-29-12,,,,,,,,,,,,,,,,,,,,,,,,,,,,,,,,,,,,,,,,,,,,,,,,,,,,,,,,,,,,,,,,,,,,,,,,,,,,,,,,,
11-30-12,,,,,,,,,,,,,,,,,,,,,,,,,,,,,,,,,,,,,,,,,,,,,,,,,,,,,,,,,,,,,,,,,,,,,,,,,,,,,,,,,
12-01-12,,,,,,,,,,,,,,,,,,,,,,,,,,,,,,,,,,,,,,,,,,,,,,,,,,,,,,,,,,,,,,,,,,,,,,,,,,,,,,,,,
12-02-12,,,,,,,,,,,,,,,,,,,,,,,,,,,,,,,,,,,,,,,,,,,,,,,,,,,,,,,,,,,,,,,,,,,,,,,,,,,,,,,,,
12-03-12,,,,,,,,,,,,,,,,,,,,,,,,,,,,,,,,,,,,,,,,,,,,,,,,,,,,,,,,,,,,,,,,,,,,,,,,,,,,,,,,,
12-04-12,,,,,,,,,,,,,,,,,,,,,,,,,,,,,,,,,,,,,,,,,,,,,,,,,,,,,,,,,,,,,,,,,,,,,,,,,,,,,,,,,
12-05-12,,,,,,,,,,,,,,,,,,,,,,,,,,,,,,,,,,,,,,,,,,,,,,,,,,,,,,,,,,,,,,,,,,,,,,,,,,,,,,,,,
12-06-12,,,,,,,,,,,,,,,,,,,,,,,,,,,,,,,,,,,,,,,,,,,,,,,,,,,,,,,,,,,,,,,,,,,,,,,,,,,,,,,,,
12-07-12,,,,,,,,,,,,,,,,,,,,,,,,,,,,,,,,,,,,,,,,,,,,,,,,,,,,,,,,,,,,,,,,,,,,,,,,,,,,,,,,,
12-08-12,,,,,,,,,,,,,,,,,,,,,,,,,,,,,,,,,,,,,,,,,,,,,,,,,,,,,,,,,,,,,,,,,,,,,,,,,,,,,,,,,
12-09-12,,,,,,,,,,,,,,,,,,,,,,,,,,,,,,,,,,,,,,,,,,,,,,,,,,,,,,,,,,,,,,,,,,,,,,,,,,,,,,,,,
12-10-12,,,,,,,,,,,,,,,,,,,,,,,,,,,,,,,,,,,,,,,,,,,,,,,,,,,,,,,,,,,,,,,,,,,,,,,,,,,,,,,,,
12-11-12,,,,,,,,,,,,,,,,,,,,,,,,,,,,,,,,,,,,,,,,,,,,,,,,,,,,,,,,,,,,,,,,,,,,,,,,,,,,,,,,,
12-12-12,,,,,,,,,,,,,,,,,,,,,,,,,,,,,,,,,,,,,,,,,,,,,,,,,,,,,,,,,,,,,,,,,,,,,,,,,,,,,,,,,
12-13-12,,,,,,,,,,,,,,,,,,,,,,,,,,,,,,,,,,,,,,,,,,,,,,,,,,,,,,,,,,,,,,,,,,,,,,,,,,,,,,,,,
12-14-12,,,,,,,,,,,,,,,,,,,,,,,,,,,,,,,,,,,,,,,,,,,,,,,,,,,,,,,,,,,,,,,,,,,,,,,,,,,,,,,,,
12-15-12,,,,,,,,,,,,,,,,,,,,,,,,,,,,,,,,,,,,,,,,,,,,,,,,,,,,,,,,,,,,,,,,,,,,,,,,,,,,,,,,,
12-16-12,,,,,,,,,,,,,,,,,,,,,,,,,,,,,,,,,,,,,,,,,,,,,,,,,,,,,,,,,,,,,,,,,,,,,,,,,,,,,,,,,
12-17-12,,,,,,,,,,,,,,,,,,,,,,,,,,,,,,,,,,,,,,,,,,,,,,,,,,,,,,,,,,,,,,,,,,,,,,,,,,,,,,,,,
12-18-12,,,,,,,,,,,,,,,,,,,,,,,,,,,,,,,,,,,,,,,,,,,,,,,,,,,,,,,,,,,,,,,,,,,,,,,,,,,,,,,,,
12-19-12,,,,,,,,,,,,,,,,,,,,,,,,,,,,,,,,,,,,,,,,,,,,,,,,,,,,,,,,,,,,,,,,,,,,,,,,,,,,,,,,,
12-20-12,,,,,,,,,,,,,,,,,,,,,,,,,,,,,,,,,,,,,,,,,,,,,,,,,,,,,,,,,,,,,,,,,,,,,,,,,,,,,,,,,
12-21-12,,,,,,,,,,,,,,,,,,,,,,,,,,,,,,,,,,,,,,,,,,,,,,,,,,,,,,,,,,,,,,,,,,,,,,,,,,,,,,,,,
12-22-12,,,,,,,,,,,,,,,,,,,,,,,,,,,,,,,,,,,,,,,,,,,,,,,,,,,,,,,,,,,,,,,,,,,,,,,,,,,,,,,,,
12-23-12,,,,,,,,,,,,,,,,,,,,,,,,,,,,,,,,,,,,,,,,,,,,,,,,,,,,,,,,,,,,,,,,,,,,,,,,,,,,,,,,,
12-24-12,,,,,,,,,,,,,,,,,,,,,,,,,,,,,,,,,,,,,,,,,,,,,,,,,,,,,,,,,,,,,,,,,,,,,,,,,,,,,,,,,
12-25-12,,,,,,,,,,,,,,,,,,,,,,,,,,,,,,,,,,,,,,,,,,,,,,,,,,,,,,,,,,,,,,,,,,,,,,,,,,,,,,,,,
12-26-12,,,,,,,,,,,,,,,,,,,,,,,,,,,,,,,,,,,,,,,,,,,,,,,,,,,,,,,,,,,,,,,,,,,,,,,,,,,,,,,,,
12-27-12,,,,,,,,,,,,,,,,,,,,,,,,,,,,,,,,,,,,,,,,,,,,,,,,,,,,,,,,,,,,,,,,,,,,,,,,,,,,,,,,,
12-28-12,,,,,,,,,,,,,,,,,,,,,,,,,,,,,,,,,,,,,,,,,,,,,,,,,,,,,,,,,,,,,,,,,,,,,,,,,,,,,,,,,
12-29-12,,,,,,,,,,,,,,,,,,,,,,,,,,,,,,,,,,,,,,,,,,,,,,,,,,,,,,,,,,,,,,,,,,,,,,,,,,,,,,,,,
12-30-12,,,,,,,,,,,,,,,,,,,,,,,,,,,,,,,,,,,,,,,,,,,,,,,,,,,,,,,,,,,,,,,,,,,,,,,,,,,,,,,,,
12-31-12,,,,,,,,,,,,,,,,,,,,,,,,,,,,,,,,,,,,,,,,,,,,,,,,,,,,,,,,,,,,,,,,,,,,,,,,,,,,,,,,,
01-01-13,,,,,,,,,,,,,,,,,,,,,,,,,,,,,,,,,,,,,,,,,,,,,,,,,,,,,,,,,,,,,,,,,,,,,,,,,,,,,,,,,
01-02-13,,,,,,,,,,,,,,,,,,,,,,,,,,,,,,,,,,,,,,,,,,,,,,,,,,,,,,,,,,,,,,,,,,,,,,,,,,,,,,,,,
01-03-13,,,,,,,,,,,,,,,,,,,,,,,,,,,,,,,,,,,,,,,,,,,,,,,,,,,,,,,,,,,,,,,,,,,,,,,,,,,,,,,,,
01-04-13,,,,,,,,,,,,,,,,,,,,,,,,,,,,,,,,,,,,,,,,,,,,,,,,,,,,,,,,,,,,,,,,,,,,,,,,,,,,,,,,,
01-05-13,,,,,,,,,,,,,,,,,,,,,,,,,,,,,,,,,,,,,,,,,,,,,,,,,,,,,,,,,,,,,,,,,,,,,,,,,,,,,,,,,
01-06-13,,,,,,,,,,,,,,,,,,,,,,,,,,,,,,,,,,,,,,,,,,,,,,,,,,,,,,,,,,,,,,,,,,,,,,,,,,,,,,,,,
01-07-13,,,,,,,,,,,,,,,,,,,,,,,,,,,,,,,,,,,,,,,,,,,,,,,,,,,,,,,,,,,,,,,,,,,,,,,,,,,,,,,,,
01-08-13,,,,,,,,,,,,,,,,,,,,,,,,,,,,,,,,,,,,,,,,,,,,,,,,,,,,,,,,,,,,,,,,,,,,,,,,,,,,,,,,,
01-09-13,,,,,,,,,,,,,,,,,,,,,,,,,,,,,,,,,,,,,,,,,,,,,,,,,,,,,,,,,,,,,,,,,,,,,,,,,,,,,,,,,
01-10-13,,,,,,,,,,,,,,,,,,,,,,,,,,,,,,,,,,,,,,,,,,,,,,,,,,,,,,,,,,,,,,,,,,,,,,,,,,,,,,,,,
01-11-13,,,,,,,,,,,,,,,,,,,,,,,,,,,,,,,,,,,,,,,,,,,,,,,,,,,,,,,,,,,,,,,,,,,,,,,,,,,,,,,,,
01-12-13,,,,,,,,,,,,,,,,,,,,,,,,,,,,,,,,,,,,,,,,,,,,,,,,,,,,,,,,,,,,,,,,,,,,,,,,,,,,,,,,,
01-13-13,,,,,,,,,,,,,,,,,,,,,,,,,,,,,,,,,,,,,,,,,,,,,,,,,,,,,,,,,,,,,,,,,,,,,,,,,,,,,,,,,
01-14-13,,,,,,,,,,,,,,,,,,,,,,,,,,,,,,,,,,,,,,,,,,,,,,,,,,,,,,,,,,,,,,,,,,,,,,,,,,,,,,,,,
01-15-13,,,,,,,,,,,,,,,,,,,,,,,,,,,,,,,,,,,,,,,,,,,,,,,,,,,,,,,,,,,,,,,,,,,,,,,,,,,,,,,,,
01-16-13,,,,,,,,,,,,,,,,,,,,,,,,,,,,,,,,,,,,,,,,,,,,,,,,,,,,,,,,,,,,,,,,,,,,,,,,,,,,,,,,,
01-17-13,,,,,,,,,,,,,,,,,,,,,,,,,,,,,,,,,,,,,,,,,,,,,,,,,,,,,,,,,,,,,,,,,,,,,,,,,,,,,,,,,
01-18-13,,,,,,,,,,,,,,,,,,,,,,,,,,,,,,,,,,,,,,,,,,,,,,,,,,,,,,,,,,,,,,,,,,,,,,,,,,,,,,,,,
01-19-13,,,,,,,,,,,,,,,,,,,,,,,,,,,,,,,,,,,,,,,,,,,,,,,,,,,,,,,,,,,,,,,,,,,,,,,,,,,,,,,,,
01-20-13,,,,,,,,,,,,,,,,,,,,,,,,,,,,,,,,,,,,,,,,,,,,,,,,,,,,,,,,,,,,,,,,,,,,,,,,,,,,,,,,,
01-21-13,,,,,,,,,,,,,,,,,,,,,,,,,,,,,,,,,,,,,,,,,,,,,,,,,,,,,,,,,,,,,,,,,,,,,,,,,,,,,,,,,
01-22-13,,,,,,,,,,,,,,,,,,,,,,,,,,,,,,,,,,,,,,,,,,,,,,,,,,,,,,,,,,,,,,,,,,,,,,,,,,,,,,,,,
01-23-13,,,,,,,,,,,,,,,,,,,,,,,,,,,,,,,,,,,,,,,,,,,,,,,,,,,,,,,,,,,,,,,,,,,,,,,,,,,,,,,,,
01-24-13,,,,,,,,,,,,,,,,,,,,,,,,,,,,,,,,,,,,,,,,,,,,,,,,,,,,,,,,,,,,,,,,,,,,,,,,,,,,,,,,,
01-25-13,,,,,,,,,,,,,,,,,,,,,,,,,,,,,,,,,,,,,,,,,,,,,,,,,,,,,,,,,,,,,,,,,,,,,,,,,,,,,,,,,
01-26-13,,,,,,,,,,,,,,,,,,,,,,,,,,,,,,,,,,,,,,,,,,,,,,,,,,,,,,,,,,,,,,,,,,,,,,,,,,,,,,,,,
01-27-13,,,,,,,,,,,,,,,,,,,,,,,,,,,,,,,,,,,,,,,,,,,,,,,,,,,,,,,,,,,,,,,,,,,,,,,,,,,,,,,,,
01-28-13,,,,,,,,,,,,,,,,,,,,,,,,,,,,,,,,,,,,,,,,,,,,,,,,,,,,,,,,,,,,,,,,,,,,,,,,,,,,,,,,,
01-29-13,,,,,,,,,,,,,,,,,,,,,,,,,,,,,,,,,,,,,,,,,,,,,,,,,,,,,,,,,,,,,,,,,,,,,,,,,,,,,,,,,
01-30-13,,,,,,,,,,,,,,,,,,,,,,,,,,,,,,,,,,,,,,,,,,,,,,,,,,,,,,,,,,,,,,,,,,,,,,,,,,,,,,,,,
01-31-13,,,,,,,,,,,,,,,,,,,,,,,,,,,,,,,,,,,,,,,,,,,,,,,,,,,,,,,,,,,,,,,,,,,,,,,,,,,,,,,,,
02-01-13,,,,,,,,,,,,,,,,,,,,,,,,,,,,,,,,,,,,,,,,,,,,,,,,,,,,,,,,,,,,,,,,,,,,,,,,,,,,,,,,,
02-02-13,,,,,,,,,,,,,,,,,,,,,,,,,,,,,,,,,,,,,,,,,,,,,,,,,,,,,,,,,,,,,,,,,,,,,,,,,,,,,,,,,
02-03-13,,,,,,,,,,,,,,,,,,,,,,,,,,,,,,,,,,,,,,,,,,,,,,,,,,,,,,,,,,,,,,,,,,,,,,,,,,,,,,,,,
02-04-13,,,,,,,,,,,,,,,,,,,,,,,,,,,,,,,,,,,,,,,,,,,,,,,,,,,,,,,,,,,,,,,,,,,,,,,,,,,,,,,,,
02-05-13,,,,,,,,,,,,,,,,,,,,,,,,,,,,,,,,,,,,,,,,,,,,,,,,,,,,,,,,,,,,,,,,,,,,,,,,,,,,,,,,,
02-06-13,,,,,,,,,,,,,,,,,,,,,,,,,,,,,,,,,,,,,,,,,,,,,,,,,,,,,,,,,,,,,,,,,,,,,,,,,,,,,,,,,
02-07-13,,,,,,,,,,,,,,,,,,,,,,,,,,,,,,,,,,,,,,,,,,,,,,,,,,,,,,,,,,,,,,,,,,,,,,,,,,,,,,,,,
02-08-13,,,,,,,,,,,,,,,,,,,,,,,,,,,,,,,,,,,,,,,,,,,,,,,,,,,,,,,,,,,,,,,,,,,,,,,,,,,,,,,,,
02-09-13,,,,,,,,,,,,,,,,,,,,,,,,,,,,,,,,,,,,,,,,,,,,,,,,,,,,,,,,,,,,,,,,,,,,,,,,,,,,,,,,,
02-10-13,,,,,,,,,,,,,,,,,,,,,,,,,,,,,,,,,,,,,,,,,,,,,,,,,,,,,,,,,,,,,,,,,,,,,,,,,,,,,,,,,
02-11-13,,,,,,,,,,,,,,,,,,,,,,,,,,,,,,,,,,,,,,,,,,,,,,,,,,,,,,,,,,,,,,,,,,,,,,,,,,,,,,,,,
02-12-13,,,,,,,,,,,,,,,,,,,,,,,,,,,,,,,,,,,,,,,,,,,,,,,,,,,,,,,,,,,,,,,,,,,,,,,,,,,,,,,,,
02-13-13,,,,,,,,,,,,,,,,,,,,,,,,,,,,,,,,,,,,,,,,,,,,,,,,,,,,,,,,,,,,,,,,,,,,,,,,,,,,,,,,,
02-14-13,,,,,,,,,,,,,,,,,,,,,,,,,,,,,,,,,,,,,,,,,,,,,,,,,,,,,,,,,,,,,,,,,,,,,,,,,,,,,,,,,
02-15-13,,,,,,,,,,,,,,,,,,,,,,,,,,,,,,,,,,,,,,,,,,,,,,,,,,,,,,,,,,,,,,,,,,,,,,,,,,,,,,,,,
02-16-13,,,,,,,,,,,,,,,,,,,,,,,,,,,,,,,,,,,,,,,,,,,,,,,,,,,,,,,,,,,,,,,,,,,,,,,,,,,,,,,,,
02-17-13,,,,,,,,,,,,,,,,,,,,,,,,,,,,,,,,,,,,,,,,,,,,,,,,,,,,,,,,,,,,,,,,,,,,,,,,,,,,,,,,,
02-18-13,,,,,,,,,,,,,,,,,,,,,,,,,,,,,,,,,,,,,,,,,,,,,,,,,,,,,,,,,,,,,,,,,,,,,,,,,,,,,,,,,
02-19-13,,,,,,,,,,,,,,,,,,,,,,,,,,,,,,,,,,,,,,,,,,,,,,,,,,,,,,,,,,,,,,,,,,,,,,,,,,,,,,,,,
02-20-13,,,,,,,,,,,,,,,,,,,,,,,,,,,,,,,,,,,,,,,,,,,,,,,,,,,,,,,,,,,,,,,,,,,,,,,,,,,,,,,,,
02-21-13,,,,,,,,,,,,,,,,,,,,,,,,,,,,,,,,,,,,,,,,,,,,,,,,,,,,,,,,,,,,,,,,,,,,,,,,,,,,,,,,,
02-22-13,,,,,,,,,,,,,,,,,,,,,,,,,,,,,,,,,,,,,,,,,,,,,,,,,,,,,,,,,,,,,,,,,,,,,,,,,,,,,,,,,
02-23-13,,,,,,,,,,,,,,,,,,,,,,,,,,,,,,,,,,,,,,,,,,,,,,,,,,,,,,,,,,,,,,,,,,,,,,,,,,,,,,,,,
02-24-13,,,,,,,,,,,,,,,,,,,,,,,,,,,,,,,,,,,,,,,,,,,,,,,,,,,,,,,,,,,,,,,,,,,,,,,,,,,,,,,,,
02-25-13,,,,,,,,,,,,,,,,,,,,,,,,,,,,,,,,,,,,,,,,,,,,,,,,,,,,,,,,,,,,,,,,,,,,,,,,,,,,,,,,,
02-26-13,,,,,,,,,,,,,,,,,,,,,,,,,,,,,,,,,,,,,,,,,,,,,,,,,,,,,,,,,,,,,,,,,,,,,,,,,,,,,,,,,
02-27-13,,,,,,,,,,,,,,,,,,,,,,,,,,,,,,,,,,,,,,,,,,,,,,,,,,,,,,,,,,,,,,,,,,,,,,,,,,,,,,,,,
02-28-13,,,,,,,,,,,,,,,,,,,,,,,,,,,,,,,,,,,,,,,,,,,,,11.38,,,,,,,,,,,,,,,,,,,,,,,,,,,,,,,,,,,,
03-01-13,,,,,,,,,,,,,,,,,,,,,,,,,,,,,,,,,,,,,,,,,,,,,10.31,,,,,,,,,,,,,,,,,,,,,,,,,,,,,,,,,,,,
03-02-13,,,,,,,,,,,,,,,,,,,,,,,,,,,,,,,,,,,,,,,,,,,,,,,,,,,,,,,,,,,,,,,,,,,,,,,,,,,,,,,,,
03-03-13,,,,,,,,,,,,,,,,,,,,,,,,,,,,,,,,,,,,,,,,,,,,,,,,,,,,,,,,,,,,,,,,,,,,,,,,,,,,,,,,,
03-04-13,,,,,,,,,,,,,,,,,,,,,,,,,,,,,,,,,,,,,,,,,,,,,,,,,,,,,,,,,,,,,,,,,,,,,,,,,,,,,,,,,
03-05-13,,,,,,,,,,,,,,,,,,,,,,,,,,,,,,,,,,,,,,,,,,,,,,,,,,,,,,,,,,,,,,,,,,,,,,,,,,,,,,,,,
03-06-13,,,,,,,,,,,,,,,,,,,,,,,,,,,,,,,,,,,,,,,,,,,,,,,,,,,,,,,,,,,,,,,,,,,,,,,,,,,,,,,,,
03-07-13,,,,,,,,,,,,,,,,,,,,,,,,,,,,,,,,,,,,,,,,,,,,,,,,,,,,,,,,,,,,,,,,,,,,,,,,,,,,,,,,,
03-08-13,,,,,,,,,,,,,,,,,,,,,,,,,,,,,,,,,,,,,,,,,,,,,,,,,,,,,,,,,,,,,,,,,,,,,,,,,,,,,,,,,
03-09-13,,,,,,,,,,,,,,,,,,,,,,,,,,,,,,,,,,,,,4.39,,,,,,,,,,,,,,,,,,,,,,,,,,,,,,,,,,,,,,,,,,,,
03-10-13,,,,,,,,,,,,,,,,,,,,,,,,,,,,,,,,,,,,,3.93,,,,,,,,,,,,,,,,,,,,,,,,,,,,,,,,,,,,,,,,,,,,
03-11-13,,,,,,,,,,,,,,,,,,,,,,,,,,,,,,,,,,,,,0.00,,,,,,,,,,,,,,,,,,,,,,,,,,,,,,,,,,,,,,,,,,,,
03-12-13,,,,,,,,,,,,,,,,,,,,,,,,,,,,,,,,,,,,,0.00,,,,,,,,,,,,,,,,,,,,,,,,,,,,,,,,,,,,,,,,,,,,
03-13-13,,,,,,,,,,,,,,,,,,,,,,,,,,,,,,,,,,,,,0.00,,,,,,,,,,,,,,,,,,,,,,,,,,,,,,,,,,,,,,,,,,,,
03-14-13,,,,,,,,,,,,,,,,,,,,,,,,,,,,,,,,,,,,,0.00,,,,,,,,,,,,,,,,,,,,,,,,,,,,,,,,,,,,,,,,,,,,
03-15-13,,,,,,,,,,,,,,,,,,,,,,,,,,,,,,,,,,,,,2.23,,,,,,,,,,,,,,,,,,,,,,,,,,,,,,,,,,,,,,,,,,,,
03-16-13,,,,,,,,,,,,,,,,,,,,,,,,,,,,,,,,,,,,,2.92,,,,,,,,,,,,,,,,,,,,,,,,,,,,,,,,,,,,,,,,,,,,
03-17-13,,,,,,,,,,,,,,,,,,,,,,,,,,,,,,,,,,,,,2.41,,,,,,,,,,,,,,,,,,,,,,,,,,,,,,,,,,,,,,,,,,,,
03-18-13,,,,,,,,,,,,,,,,,,,,,,,,,,,,,,,,,,,,,0.00,,,,,,,,,,,,,,,,,,,,,,,,,,,,,,,,,,,,,,,,,,,,
03-19-13,,,,,,,,,,,,,,,,,,,,,,,,,,,,,,,,,,,,,0.00,,,,,,,,,,,,,,,,,,,,,,,,,,,,,,,,,,,,,,,,,,,,
03-20-13,,,,,,,,,,,,,,,,,,,,,,,,,,,,,,,,,,,,,0.00,,,,,,,,,,,,,,,,,,,,,,,,,,,,,,,,,,,,,,,,,,,,
03-21-13,,,,,,,,,,,,,,,,,,,,,,,,,,,,,,,,,,,,,0.00,,,,,,,,,,,,,,,,,,,,,,,,,,,,,,,,,,,,,,,,,,,,
03-22-13,,,,,,,,,,,,,,,,,,,,,,,,,,,,,,,,,,,,,0.00,,,,,,,,,,,,,,,,,,,,,,,,,,,,,,,,,,,,,,,,,,,,
03-23-13,,,,,,,,,,,,,,,,,,,,,,,,,,,,,,,,,,,,,0.00,,,,,,,,,,,,,,,,,,,,,,,,,,,,,,,,,,,,,,,,,,,,
03-24-13,,,,,,,,,,,,,,,,,,,,,,,,,,,,,,,,,,,,,0.00,,,,,,,,,,,,,,,,,,,,,,,,,,,,,,,,,,,,,,,,,,,,
03-25-13,,,,,,,,,,,,,,,,,,,,,,,,,,,,,,,,,,,,,0.00,,,,,,,,,,,,,,,,,,,,,,,,,,,,,,,,,,,,,,,,,,,,
03-26-13,,,,,,,,,,,,,,,,,,,,,,,,,,,,,,,,,,,,,3.93,,,,,,,,,,,,,,,,,,,,,,,,,,,,,,,,,,,,,,,,,,,,
03-27-13,,,,,,,,,,,,,,,,,,,,,,,,,,,,,,,,,,,,,4.59,,,,,,,,,,,,,,,,,,,,,,,,,,,,,,,,,,,,,,,,,,,,
03-28-13,,,,,,,,,,,,,,,,,,,,,,,,,,,,,,,,,,,,,4.20,,,,,,,,,,,,,,,,,,,,,,,,,,,,,,,,,,,,,,,,,,,,
03-29-13,,,,,,,,,,,,,,,,,,,,,,,,,,,,,,,,,,,,,3.05,,,,,,,,,,,,,,,,,,,,,,,,,,,,,,,,,,,,,,,,,,,,
03-30-13,,,,,,,,,,,,,,,,,,,,,,,,,,,,,,,,,,,,,0.00,,,,,,,,,,,,,,,,,,,,,,,,,,,,,,,,,,,,,,,,,,,,
03-31-13,,,,,,,,,,,,,,,,,,,,,,,,,,,,,,,,,,,,,0.00,,,,,,,,,,,,,,,,,,,,,,,,,,,,,,,,,,,,,,,,,,,,
04-01-13,,,,,,,,,,,,,,,,,,,,,,,,,,,,,,,,,,,,,0.00,,,,,,,,,,,,,,,,,,,,,,,,,,,,,,,,,,,,,,,,,,,,
04-02-13,,,,,,,,,,,,,,,,,,,,,,,,,,,,,,,,,,,,,0.00,,,,,,,,,,,,,,,,,,,,,,,,,,,,,,,,,,,,,,,,,,,,
04-03-13,,,,,,,,,,,,,,,,,,,,,,,,,,,,,,,,,,,,,0.00,,,,,,,,,,,,,,,,,,,,,,,,,,,,,,,,,,,,,,,,,,,,
04-04-13,,,,,,,,,,,,,,,,,,,,,,,,,,,,,,,,,,,,,0.00,,,,,,,,,,,,,,,,,,,,,,,,,,,,,,,,,,,,,,,,,,,,
04-05-13,,,,,,,,,,,,,,,,,,,,,,,,,,,,,,,,,,,,,0.00,,,,,,,,,,,,,,,,,,,,,,,,,,,,,,,,,,,,,,,,,,,,
04-06-13,,,,,,,,,,,,,,,,,,,,,,,,,,,,,,,,,,,,,0.00,,,,,,,,,,,,,,,,,,,,,,,,,,,,,,,,,,,,,,,,,,,,
04-07-13,,,,,,,,,,,,,,,,,,,,,,,,,,,,,,,,,,,,,0.00,,,,,,,,,,,,,,,,,,,,,,,,,,,,,,,,,,,,,,,,,,,,
04-08-13,,,,,,,,,,,,,,,,,,,,,,,,,,,,,,,,,,,,,0.00,,,,,,,,,,,,,,,,,,,,,,,,,,,,,,,,,,,,,,,,,,,,
04-09-13,,,,,,,,,,,,,,,,,,,,,,,,,,,,,,,,,,,,,0.00,0.00,,,,,,,,,,,,,,,,,,,,,,,,,,,,,,,,,,,,,,,,,,,
04-10-13,,,,,,,,,,,,,,,,,,,,,,,0.00,,,,,,,,,,,,,,0.00,0.00,,,,,,,,,,,,,,,,,,,,,,,,,,,,,,,,,,,,,,,,,,,
04-11-13,,,,,,,,,,,,,,,,,,,,,,,0.00,,,,,,,,,,,,,,0.00,,,,,,,,,,,,,,,,,,,,,,,,,,,,,,,,,,,,,,,,,,,,
04-12-13,,,,,,,,,,,,,,,,,,,,,,,0.00,,,,,,,,,,,,,,0.00,0.00,,,,,,,,,,,,,,,,,,,,,,,,,,,,,,,,,,,,,,,,,,,
04-13-13,,,,,,,,,,,,,,,,,,,,,,,0.00,,,,,,,,,,,,,,0.00,3.04,,,,,,,,,,,,,,,,,,,,,,,,,,,,,,,,,,,,,,,,,,,
04-14-13,,,,,,,,,,,,,,,,,,,,,,,0.00,,,,,,,,,,,,,,2.34,2.91,,,,,,,,,,,,,,,,,,,,,,,,,,,,,,,,,,,,,,,,,,,
04-15-13,,,,,,,,,,,,,,,,,,,,,,,0.00,,,,,,,,,,,,,,3.95,2.54,,,,,,,,,,,,,,,,,,,,,,,,,,,,,,,,,,,,,,,,,,,
04-16-13,,,,,,,,,,,,,,,,,,,,,,,0.00,,,,,,,,,,,,,,3.59,2.92,,,,,,,,,,,,,,,,,,,,,,,,,,,,,,,,,,,,,,,,,,,
04-17-13,,,,,,,,,,,,,,,,,,,,,,,0.00,,,,,,,,,,,,,,4.12,3.45,,,,,,,,,,,,,,,,,,,,,,,,,,,,,,,,,,,,,,,,,,,
04-18-13,,,,,,,,,,,,,,,,,,,,,,,0.00,,,,,,,,,,,,,,3.52,2.54,,,,,,,,,,,,,,,,,,,,,,,,,,,,,,,,,,,,,,,,,,,
04-19-13,,,,,,,,,,,,,,,,,,,,,,,0.00,,,,,,,,,,,,,,2.65,3.42,,,,,,,,,,,,,,,,,,,,,,,,,,,,,,,,,,,,,,,,,,,
04-20-13,,,,,,,,,,,,,,,,,,,,,,,0.00,,,,,,,,,,,,,,2.69,2.92,,,,,,,,,,,,,,,,,,,,,,,,,,,,,,,,,,,,,,,,,,,
04-21-13,,,,,,,,,,,,,,,,,,,,,,,0.00,,,,,,,,,,,,,,2.92,2.25,,,,,,,,,,,,,,,,,,,,,,,,,,,,,,,,,,,,,,,,,,,
04-22-13,,,,,,,,,,,,,,,,,,,,,,,0.00,,,,,,,,,,,,,,2.43,3.08,,,,,,,,,,,,,,,,,,,,,,,,,,,,,,,,,,,,,,,,,,,
04-23-13,,,,,,,,,,,,,,,,,,,,,,,0.00,,,,,,,,,,,,,,2.95,3.71,,,,,,,,,,,,,,,,,,,,,,,,,,,,,,,,,,,,,,,,,,,
04-24-13,,,,,,,,,,,,,,,,,,,,0.00,,,0.00,,,,,,,,,,,,,,2.67,3.08,,,,,,,,,,,,,,,,,,,,,,,,,,,,,,,,,,,,,,,,,,,
04-25-13,,,,,,,,,,,,,,,,,,,,0.00,,,0.00,,,,,,,,,,,,,,2.67,3.08,,,,,,,,,,,,,,,,,,,,,,,,,,,,,,,,,,,,,,,,,,,
04-26-13,,,,,,,,,,,,,,,,,,,,0.00,,,0.00,,,,,,,,,,,,,,0.00,0.00,,,,,,,,,,,,,,,,,,,,,,,,,,,,,,,,,,,,,,,,,,,
04-27-13,,,,,,,,,,,,,,,,,,,,0.00,,,0.00,,,,,,,,,,,,,,0.00,0.00,,,,,,,,,,,,,,,,,,,,,,,,,,,,,,,,,,,,,,,,,,,
04-28-13,,,,,,,,,,,,,,,,,,,,0.00,,,0.00,,,,,,,,,,,,,,0.00,2.13,,,,,,,,,,,,,,,,,,,,,,,,,,,,,,,,,,,,,,,,,,,
04-29-13,,,,,,,,,,,,,,,,,,,,0.00,,,0.00,,,,,,,,,,,,,,0.00,2.04,,,,,,,,,,,,,,,,,,,,,,,,,,,,,,,,,,,,,,,,,,,
04-30-13,,,,,,,,,,,,,,,,,,,,0.00,,,,,,,,,,,,,,,,,0.00,2.62,,,,,,,,,,,,,,,,,,,,,,,,,,,,,,,,,,,,,,,,,,,
05-01-13,,,,,,,,,,,,,,,,,,,,0.00,,,0.00,,,,,,,,,,,,,,0.00,0.00,,,,,,,,,,,,,,,,,,,,,,,,,,,,,,,,,,,,,,,,,,,
05-02-13,,,,,,,,,,,,,,,,,,,,0.00,,,0.00,,,,,,,,,,,,,,0.00,0.00,,,,,,,,,,,,,,,,,,,,,,,,,,,,,,,,,,,,,,,,,,,
05-03-13,,,,,,,,,,,,,,,,,,,,0.00,,,10.75,,,,,,,,,,,,,,5.44,19.14,,,,,,,,,,,,,,,,,,,,,,,,,,,,,,,,,,,,,,,,,,,
05-04-13,,,,,,,,,,,,,,,,,,,,0.00,,,7.37,,,,,,,,,,,,,,6.48,14.08,,,,,,,,,,,,,,,,,,,,,,,,,,,,,,,,,,,,,,,,,,,
05-05-13,,,,,,,,,,,,,,,,,,,,0.00,,,4.21,,,,,,,,,,,,,,5.17,11.33,,,,,,,,,,,,,,,,,,,,,,,,,,,,,,,,,,,,,,,,,,,
05-06-13,,,,,,,,,,,,,,,,,,,,0.00,,,2.29,,,,,,,,,,,,,,2.73,8.96,,,,,,,,,,,,,,,,,,,,,,,,,,,,,,,,,,,,,,,,,,,
05-07-13,,,,,,,,,,,,,,,,,,,,0.00,,,0.00,,,,,,,,,,,,,,2.30,6.37,,,,,,,,,,,,,,,,,,,,,,,,,,,,,,,,,,,,,,,,,,,
05-08-13,,,,,,,,,,,,,,,,,,,,,,,0.00,,,,,,,,,,,,,,0.00,4.54,,,,,,,,,,,,,,,,,,,,,,,,,,,,,,,,,,,,,,,,,,,
05-09-13,,,,,,,,,,,,,,,,,,,,0.00,,,0.00,,,,,,,,,,,,,,0.00,2.45,,,,,,,,,,,,,,,,,,,,,,,,,,,,,,,,,,,,,,,,,,,
05-10-13,,,,,,,,,,,,,,,,,,,,0.00,,,0.00,,,,,,,,,,,,,,0.00,0.00,,,,,,,,,,,,,,,,,,,,,,,,,,,,,,,,,,,,,,,,,,,
05-11-13,,,,,,,,,,,,,,,,,,,,0.00,,,0.00,,,,,,,,,,,,,,0.00,0.00,,,,,,,,,,,,,,,,,,,,,,,,,,,,,,,,,,,,,,,,,,,
05-12-13,,,,,,,,,,,,,,,,,,,,0.00,,,0.00,,,,,,,,,,,,,,,2.25,,,,,,,,,,,,,,,,,,,,,,,,,,,,,,,,,,,,,,,,,,,
05-13-13,,,,,,,,,,,,,,,,,,,,0.00,,,,,,,,,,,,,,,,,0.00,2.42,,,,,,,,,,,,,,,,,,,,,,,,,,,,,,,,,,,,,,,,,,,
05-14-13,,,,,,,,,,,,,,,,,,,,0.00,,,0.00,,,,,,,,,,,,,,0.00,3.12,,,,,,,,,,,,,,,,,,,,,,,,,,,,,,,,,,,,,,,,,,,
05-15-13,,,,,,,,,,,,,,,,,,,,0.00,,,0.00,,,,,,,,,,,,,,0.00,3.08,,,,,,,,,,,,,,,,,,,,,,,,,,,,,,,,,,,,,,,,,,,
05-16-13,,,,,,,,,,,,,,,,,,,,0.00,,,0.00,,,,,,,,,,,,,,0.00,4.18,,,,,,,,,,,,,,,,,,,,,,,,,,,,,,,,,,,,,,,,,,,
05-17-13,,,,,,,,,,,,,,,,,,,,0.00,,,0.00,,,,,,,,,,,,,,0.00,4.45,,,,,,,,,,,,,,,,,,,,,,,,,,,,,,,,,,,,,,,,,,,
05-18-13,,,,,,,,,,,,,,,,,,,,0.00,,,0.00,,,,,,,,,,,,,,0.00,2.87,,,,,,,,,,,,,,,,,,,,,,,,,,,,,,,,,,,,,,,,,,,
05-19-13,,,,,,,,,,,,,,,,,,,,0.00,,,0.00,,,,,,,,,,,,,,0.00,4.79,,,,,,,,,,,,,,,,,,,,,,,,,,,,,,,,,,,,,,,,,,,
05-20-13,,,,,,,,,,,,,,,,,,,,0.00,,,0.00,,,,,,,,,,,,,,0.00,4.00,,,,,,,,,,,,,,,,,,,,,,,,,,,,,,,,,,,,,,,,,,,
05-21-13,,,,,,,,,,,,,,,,,,,,0.00,,,0.00,,,,,,,,,,,,,,0.00,4.09,,,,,,,,,,,,,,,,,,,,,,,,,,,,,,,,,,,,,,,,,,,
05-22-13,,,,,,,,,,,,,,,,,,,,0.00,,,1.40,,,,,,,,,,,,,,0.00,4.56,,,,,,,,,,,,,,,,,,,,,,,,,,,,,,,,,,,,,,,,,,,
05-23-13,,,,,,,,,,,,,,,,,,,,0.00,,,1.17,,,,,,,,,,,,,,0.00,3.59,,,,,,,,,,,,,,,,,,,,,,,,,,,,,,,,,,,,,,,,,,,
05-24-13,,,,,,,,,,,,,,,,,,,,0.00,,,0.00,,,,,,,,,,,,,,0.00,3.77,,,,,,,,,,,,,,,,,,,,,,,,,,,,,,,,,,,,,,,,,,,
05-25-13,,,,,,,,,,,,,,,,,,,,0.00,,,0.00,,,,,,,,,,,,,,0.00,3.83,,,,,,,,,,,,,,,,,,,,,,,,,,,,,,,,,,,,,,,,,,,
05-26-13,,,,,,,,,,,,,,,,,,,,0.00,,,0.00,,,,,,,,,,,,,,0.00,4.29,,,,,,,,,,,,,,,,,,,,,,,,,,,,,,,,,,,,,,,,,,,
05-27-13,,,,,,,,,,,,,,,,,,,,0.00,,,,,,,,,,,,,,,,,0.00,10.62,,,,,,,,,,,,,,,,,,,,,,,,,,,,,,,,,,,,,,,,,,,
05-28-13,,,,,,,,,,,,,,,,,,,,0.00,,,40.98,,,,,,,,,,,,,,20.09,34.50,,,,,,,,,,,,,,,,,,,,,,,,,,,,,,,,,,,,,,,,,,,
05-29-13,,,,,,,,,,,,,,,,,,,,4.81,,,,,,,,,,,,,,,,,86.11,44.52,,,,,,,,,,,,,,,,,,,,,,,,,,,,,,,,,,,,,,,,,,,
05-30-13,,,,,,,,,,,,,,,,,,,,0.00,,,56.65,,,,,,,,,,,,,,82.30,41.57,,,,,,,,,,,,,,,,,,,,,,,,,,,,,,,,,,,,,,,,,,,
05-31-13,,,,,,,,,,,,,,,,,,,,11.83,,,62.88,,,,,,,,,,,,,,66.72,45.58,,,,,,,,,,,,,,,,,,,,,,,,,,,,,,,,,,,,,,,,,,,
06-01-13,,,,,,,,,,,,,,,,,,,,18.11,,,66.96,,,,,,,,,,,,,,93.62,54.29,,,,,,,,,,,,,,,,,,,,,,,,,,,,,,,,,,,,,,,,,,,
06-02-13,,,,,,,,,,,,,,,,,,,,16.29,,,63.81,,,,,,,,,,,,,,95.52,51.96,,,,,,,,,,,,,,,,,,,,,,,,,,,,,,,,,,,,,,,,,,,
06-03-13,,,,,,,,,,,,,,,,,,,,13.46,,,57.17,,,,,,,,,,,,,,91.77,48.71,,,,,,,,,,,,,,,,,,,,,,,,,,,,,,,,,,,,,,,,,,,
06-04-13,,,,,,,,,,,,,,,,,,,,11.94,,,53.75,,,,,,,,,,,,,,87.33,45.79,,,,,,,,,,,,,,,,,,,,,,,,,,,,,,,,,,,,,,,,,,,
06-05-13,,,,,,,,,,,,,,,,,,,,10.15,,,50.25,,,,,,,,,,,,,,80.99,43.04,,,,,,,,,,,,,,,,,,,,,,,,,,,,,,,,,,,,,,,,,,,
06-06-13,,,,,,,,,,,,,,,,,,,,8.67,,,49.37,,,,,,,,,,,,,,76.96,41.92,,,,,,,,,,,,,,,,,,,,,,,,,,,,,,,,,,,,,,,,,,,
06-07-13,,,,,,,,,,,,,,,,,,,,7.33,,,45.87,,,,,,,,,,,,,,72.00,40.62,,,,,,,,,,,,,,,,,,,,,,,,,,,,,,,,,,,,,,,,,,,
06-08-13,,,,,,,,,,,,,,,,,,,,7.06,,,43.75,,,,,,,,,,,,,,68.77,39.22,,,,,,,,,,,,,,,,,,,,,,,,,,,,,,,,,,,,,,,,,,,
06-09-13,,,,,,,,,,,,,,,,,,,,6.17,,,41.21,,,,,,,,,,,,,,65.57,38.25,,,,,,,,,,,,,,,,,,,,,,,,,,,,,,,,,,,,,,,,,,,
06-10-13,,,,,,,,,,,,,,,,,,,,5.47,,,38.46,,,,,,,,,,,,,,65.45,36.50,,,,,,,,,,,,,,,,,,,,,,,,,,,,,,,,,,,,,,,,,,,
06-11-13,,,,,,,,,,,,,,,,,,,,4.61,,,37.64,,,,,,,,,,,,,,63.42,35.32,,,,,,,,,,,,,,,,,,,,,,,,,,,,,,,,,,,,,,,,,,,
06-12-13,,,,,,,,,,,,,,,,,,,,3.97,,,36.24,,,,,,,,,,,,,,60.68,34.12,,,,,,,,,,,,,,,,,,,,,,,,,,,,,,,,,,,,,,,,,,,
06-13-13,,,,,,,,,,,,,,,,,,,,3.76,,,33.97,,,,,,,,,,,,,,66.51,34.00,,,,,,,,,,,,,,,,,,,,,,,,,,,,,,,,,,,,,,,,,,,
06-14-13,,,,,,,,,,,,,,,,,,,,3.24,,,32.37,,,,,,,,,,,,,,55.41,32.17,,,,,,,,,,,,,,,,,,,,,,,,,,,,,,,,,,,,,,,,,,,
06-15-13,,,,,,,,,,,,,,,,,,,,2.77,,,31.79,,,,,,,,,,,,,,51.92,31.29,,,,,,,,,,,,,,,,,,,,,,,,,,,,,,,,,,,,,,,,,,,
06-16-13,,,,,,,,,,,,,,,,,,,,2.08,,,32.03,,,,,,,,,,,,,,150.22,30.17,,,,,,,,,,,,,,,,,,,,,,,,,,,,,,,,,,,,,,,,,,,
06-17-13,,,,,,,,,,,,,,,,,,,,0.00,,,31.33,,,,,,,,,,,,,,97.50,30.17,,,,,,,,,,,,,,,,,,,,,,,,,,,,,,,,,,,,,,,,,,,
06-18-13,,,,,,,,,,,,,,,,,,,,0.00,,,30.97,,,,,,,,,,,,,,44.44,29.74,,,,,,,,,,,,,,,,,,,,,,,,,,,,,,,,,,,,,,,,,,,
06-19-13,,,,,,,,,,,,,,,,,,,,0.00,,,30.00,,,,,,,,,,,,,,46.25,29.70,,,,,,,,,,,,,,,,,,,,,,,,,,,,,,,,,,,,,,,,,,,
06-20-13,,,,,,,,,,,,,,,,,,,,0.00,,,29.58,,,,,,,,,,,,,,46.33,29.25,,,,,,,,,,,,,,,,,,,,,,,,,,,,,,,,,,,,,,,,,,,
06-21-13,,,,,,,,,,,,,,,,,,,,0.00,,,30.33,,,,,,,,,,,,,,45.97,30.00,,,,,,,,,,,,,,,,,,,,,,,,,,,,,,,,,,,,,,,,,,,
06-22-13,,,,,,,,,,,,,,,,,,,,,,,38.43,,,,,,,,,,,,,,59.08,34.98,,,,,,,,,,,,,,,,,,,,,,,,,,,,,,,,,,,,,,,,,,,
06-23-13,,,,,,,,,,,,,,,,,,,,35.83,,,54.43,,,,,,,,,,,,,,69.50,37.54,,,,,,,,,,,,,,,,,,,,,,,,,,,,,,,,,,,,,,,,,,,
06-24-13,,,,,,,,,,,,,,,,,,,,35.29,,,51.10,,,,,,,,,,,,,,70.64,38.67,,,,,,,,,,,,,,,,,,,,,,,,,,,,,,,,,,,,,,,,,,,
06-25-13,,,,,,,,,,,,,,,,,,,,30.08,,,48.20,,,,,,,,,,,,,,68.15,37.54,,,,,,,,,,,,,,,,,,,,,,,,,,,,,,,,,,,,,,,,,,,
06-26-13,,,,,,,,,,,,,,,,,,,,26.29,,,45.33,,,,,,,,,,,,,,67.25,35.50,,,,,,,,,,,,,,,,,,,,,,,,,,,,,,,,,,,,,,,,,,,
06-27-13,,,,,,,,,,,,,,,,,,,,38.92,,,57.55,,,,,,,,,,,,,,31.23,47.12,,,,,,,,,,,,,,,,,,,,,,,,,,,,,,,,,,,,,,,,,,,
06-28-13,,,,,,,,,,,,,,,,,,,,57.47,,,88.26,,,,,,,,,,,,,,,61.44,,,,,,,,,,,,,,,,,,,,,,,,,,,,,,,,,,,,,,,,,,,
06-29-13,,,,,,,,,,,,,,,,,,,,54.83,,,98.08,,,,,,,,,,,,,,140.84,68.35,,,,,,,,,,,,,,,,,,,,,,,,,,,,,,,,,,,,,,,,,,,
06-30-13,,,,,,,,,,,,,,,,,,,,50.96,,,92.83,,,,,,,,,,,,,,133.98,69.04,,,,,,,,,,,,,,,,,,,,,,,,,,,,,,,,,,,,,,,,,,,
07-01-13,,,,,,,,,,,,,,,,,,,,48.08,,,87.88,,,,,,,,,,,,,,137.07,64.29,,,,,,,,,,,,,,,,,,,,,,,,,,,,,,,,,,,,,,,,,,,
07-02-13,,,,,,,,,,,,,,,,,,,,45.94,,,85.00,,,,,,,,,,,,,,127.57,60.21,,,,,,,,,,,,,,,,,,,,,,,,,,,,,,,,,,,,,,,,,,,
07-03-13,,,,,,,,,,,,,,,,,,,,44.17,,,82.92,,,,,,,,,,,,,,122.20,59.21,,,,,,,,,,,,,,,,,,,,,,,,,,,,,,,,,,,,,,,,,,,
07-04-13,,,,,,,,,,,,,,,,,,,,42.29,,,80.42,,,,,,,,,,,,,,118.48,68.76,,,,,,,,,,,,,,,,,,,,,,,,,,,,,,,,,,,,,,,,,,,
07-05-13,,,,,,,,,,,,,,,,,,,,42.58,,,79.67,,,,,,,,,,,,,,81.23,66.38,,,,,,,,,,,,,,,,,,,,,,,,,,,,,,,,,,,,,,,,,,,
07-06-13,,,,,,,,,,,,,,,,,,,,44.54,,,81.22,,,,,,,,,,,,,,142.44,76.08,,,,,,,,,,,,,,,,,,,,,,,,,,,,,,,,,,,,,,,,,,,
07-07-13,,,,,,,,,,,,,,,,,,,,42.04,,,85.71,,,,,,,,,,,,,,145.04,69.54,,,,,,,,,,,,,,,,,,,,,,,,,,,,,,,,,,,,,,,,,,,
07-08-13,,,,,,,,,,,,,,,,,,,,40.62,,,83.17,,,,,,,,,,,,,,145.26,66.71,,,,,,,,,,,,,,,,,,,,,,,,,,,,,,,,,,,,,,,,,,,
07-09-13,,,,,,,,,,,,,,,,,,,,39.20,,,81.42,,,,,,,,,,,,,,142.14,63.04,,,,,,,,,,,,,,,,,,,,,,,,,,,,,,,,,,,,,,,,,,,
07-10-13,,,,,,,,,,,,,,,,,,,,40.87,,,79.67,,,,,,,,,,,,,,134.39,61.29,,,,,,,,,,,,,,,,,,,,,,,,,,,,,,,,,,,,,,,,,,,
07-11-13,,,,,,,,,,,,,,,,,,,,46.99,,,77.58,,,,,,,,,,,,,,131.51,60.04,,,,,,,,,,,,,,,,,,,,,,,,,,,,,,,,,,,,,,,,,,,
07-12-13,,,,,,,,,,,,,,,,,,,,44.37,,,76.29,,,,,,,,,,,,,,131.60,59.12,,,,,,,,,,,,,,,,,,,,,,,,,,,,,,,,,,,,,,,,,,,
07-13-13,,,,,,,,,,,,,,,,,,,,42.25,,,75.42,,,,,,,,,,,,,,129.96,58.38,,,,,,,,,,,,,,,,,,,,,,,,,,,,,,,,,,,,,,,,,,,
07-14-13,,,,,,,,,,,,,,,,,,,,40.29,,,73.29,,,,,,,,,,,,,,128.24,56.71,,,,,,,,,,,,,,,,,,,,,,,,,,,,,,,,,,,,,,,,,,,
07-15-13,,,,,,,,,,,,,,,,,,,,37.92,,,70.79,,,,,,,,,,,,,,129.22,54.76,,,,,,,,,,,,,,,,,,,,,,,,,,,,,,,,,,,,,,,,,,,
07-16-13,,,,,,,,,,,,,,,,,,,,35.71,,,68.94,,,,,,,,,,,,,,123.90,52.08,,,,,,,,,,,,,,,,,,,,,,,,,,,,,,,,,,,,,,,,,,,
07-17-13,,,,,,,,,,,,,,,,,,,,33.67,,,67.50,,,,,,,,,,,,,,118.50,51.67,,,,,,,,,,,,,,,,,,,,,,,,,,,,,,,,,,,,,,,,,,,
07-18-13,,,,,,,,,,,,,,,,,,,,32.33,,,67.62,,,,,,,,,,,,,,114.01,50.70,,,,,,,,,,,,,,,,,,,,,,,,,,,,,,,,,,,,,,,,,,,
07-19-13,,,,,,,,,,,,,,,,,,,,32.33,,,71.08,,,,,,,,,,,,,,110.71,50.00,,,,,,,,,,,,,,,,,,,,,,,,,,,,,,,,,,,,,,,,,,,
07-20-13,,,,,,,,,,,,,,,,,,,,33.23,,,77.29,,,,,,,,,,,,,,97.81,50.58,,,,,,,,,,,,,,,,,,,,,,,,,,,,,,,,,,,,,,,,,,,
07-21-13,,,,,,,,,,,,,,,,,,,,32.61,,,74.27,,,,,,,,,,,,,,118.35,57.62,,,,,,,,,,,,,,,,,,,,,,,,,,,,,,,,,,,,,,,,,,,
07-22-13,,,,,,,,,,,,,,,,,,,,31.76,,,79.20,,,,,,,,,,,,,,117.66,55.50,,,,,,,,,,,,,,,,,,,,,,,,,,,,,,,,,,,,,,,,,,,
07-23-13,,,,,,,,,,,,,,,,,,,,31.65,,,76.83,,,,,,,,,,,,,,119.58,54.67,,,,,,,,,,,,,,,,,,,,,,,,,,,,,,,,,,,,,,,,,,,
07-24-13,,,,,,,,,,,,,,,,,,,,30.29,,,76.02,,,,,,,,,,,,,,118.81,52.88,,,,,,,,,,,,,,,,,,,,,,,,,,,,,,,,,,,,,,,,,,,
07-25-13,,,,,,,,,,,,,,,,,,,,29.06,,,74.88,,,,,,,,,,,,,,157.52,52.38,,,,,,,,,,,,,,,,,,,,,,,,,,,,,,,,,,,,,,,,,,,
07-26-13,,,,,,,,,,,,,,,,,,,,28.33,,,73.79,,,,,,,,,,,,,,109.74,53.42,,,,,,,,,,,,,,,,,,,,,,,,,,,,,,,,,,,,,,,,,,,
07-27-13,,,,,,,,,,,,,,,,,,,,27.55,,,72.79,,,,,,,,,,,,,,110.49,52.59,,,,,,,,,,,,,,,,,,,,,,,,,,,,,,,,,,,,,,,,,,,
07-28-13,,,,,,,,,,,,,,,,,,,,25.94,,,71.38,,,,,,,,,,,,,,106.76,51.25,,,,,,,,,,,,,,,,,,,,,,,,,,,,,,,,,,,,,,,,,,,
07-29-13,,,,,,,,,,,,,,,,,,,,23.25,,,69.58,,,,,,,,,,,,,,105.47,49.67,,,,,,,,,,,,,,,,,,,,,,,,,,,,,,,,,,,,,,,,,,,
07-30-13,,,,,,,,,,,,,,,,,,,,21.03,,,67.62,,,,,,,,,,,,,,94.40,48.21,,,,,,,,,,,,,,,,,,,,,,,,,,,,,,,,,,,,,,,,,,,
07-31-13,,,,,,,,,,,,,,,,,,,,20.12,,,66.92,,,,,,,,,,,,,,90.18,47.70,,,,,,,,,,,,,,,,,,,,,,,,,,,,,,,,,,,,,,,,,,,
08-01-13,,,,,,,,,,,,,,,,,,,,19.46,,,66.33,,,,,,,,,,,,,,88.71,47.70,,,,,,,,,,,,,,,,,,,,,,,,,,,,,,,,,,,,,,,,,,,
08-02-13,,,,,,,,,,,,,,,,,,,,17.42,,,66.29,,,,,,,,,,,,,,88.76,47.43,,,,,,,,,,,,,,,,,,,,,,,,,,,,,,,,,,,,,,,,,,,
08-03-13,,,,,,,,,,,,,,,,,,,,17.04,,,,,,,,,,,,,,,,,84.09,47.58,,,,,,,,,,,,,,,,,,,,,,,,,,,,,,,,,,,,,,,,,,,
08-04-13,,,,,,,,,,,,,,,,,,,,16.54,,,66.33,,,,,,,,,,,,,,83.71,47.17,,,,,,,,,,,,,,,,,,,,,,,,,,,,,,,,,,,,,,,,,,,
08-05-13,,,,,,,,,,,,,,,,,,,,14.58,,,64.46,,,,,,,,,,,,,,91.01,49.00,,,,,,,,,,,,,,,,,,,,,,,,,,,,,,,,,,,,,,,,,,,
08-06-13,,,,,,,,,,,,,,,,,,,,13.75,,,66.65,,,,,,,,,,,,,,93.61,49.42,,,,,,,,,,,,,,,,,,,,,,,,,,,,,,,,,,,,,,,,,,,
08-07-13,,,,,,,,,,,,,,,,,,,,37.59,,,82.85,,,,,,,,,,,,,,,85.71,,,,,,,,,,,,,,,,,,,,,,,,,,,,,,,,,,,,,,,,,,,
08-08-13,,,,,,,,,,,,,,,,,,,,53.08,,,98.57,,,,,,,,,,,,,,143.72,87.67,,,,,,,,,,,,,,,,,,,,,,,,,,,,,,,,,,,,,,,,,,,
08-09-13,,,,,,,,,,,,,,,,,,,,50.54,,,95.01,,,,,,,,,,,,,,141.15,93.64,,,,,,,,,,,,,,,,,,,,,,,,,,,,,,,,,,,,,,,,,,,
08-10-13,,,,,,,,,,,,,,,,,,,,46.97,,,91.72,,,,,,,,,,,,,,140.29,91.46,,,,,,,,,,,,,,,,,,,,,,,,,,,,,,,,,,,,,,,,,,,
08-11-13,,,,,,,,,,,,,,,,,,,,46.57,,,93.31,,,,,,,,,,,,,,113.92,96.92,,,,,,,,,,,,,,,,,,,,,,,,,,,,,,,,,,,,,,,,,,,
08-12-13,,,,,,,,,,,,,,,,,,,,57.83,,,115.12,,,,,,,,,,,,,,136.75,104.62,,,,,,,,,,,,,,,,,,,,,,,,,,,,,,,,,,,,,,,,,,,
08-13-13,,,,,,,,,,,,,,,,,,,,58.25,,,113.04,,,,,,,,,,,,,,143.64,103.21,,,,,,,,,,,,,,,,,,,,,,,,,,,,,,,,,,,,,,,,,,,
08-14-13,,,,,,,,,,,,,,,,,,,,54.62,,,110.33,,,,,,,,,,,,,,145.46,100.25,,,,,,,,,,,,,,,,,,,,,,,,,,,,,,,,,,,,,,,,,,,
08-15-13,,,,,,,,,,,,,,,,,,,,53.21,,,107.38,,,,,,,,,,,,,,140.99,98.21,,,,,,,,,,,,,,,,,,,,,,,,,,,,,,,,,,,,,,,,,,,
08-16-13,,,,,,,,,,,,,,,,,,,,51.83,,,104.92,,,,,,,,,,,,,,139.46,96.24,,,,,,,,,,,,,,,,,,,,,,,,,,,,,,,,,,,,,,,,,,,
08-17-13,,,,,,,,,,,,,,,,,,,,49.94,,,103.29,,,,,,,,,,,,,,136.58,94.04,,,,,,,,,,,,,,,,,,,,,,,,,,,,,,,,,,,,,,,,,,,
08-18-13,,,,,,,,,,,,,,,,,,,,48.79,,,101.17,,,,,,,,,,,,,,132.33,91.75,,,,,,,,,,,,,,,,,,,,,,,,,,,,,,,,,,,,,,,,,,,
08-19-13,,,,,,,,,,,,,,,,,,,,47.08,,,100.17,,,,,,,,,,,,,,128.15,90.08,,,,,,,,,,,,,,,,,,,,,,,,,,,,,,,,,,,,,,,,,,,
08-20-13,,,,,,,,,,,,,,,,,,,,46.68,,,98.83,,,,,,,,,,,,,,128.63,87.38,,,,,,,,,,,,,,,,,,,,,,,,,,,,,,,,,,,,,,,,,,,
08-21-13,,,,,,,,,,,,,,,,,,,,45.83,,,95.54,,,,,,,,,,,,,,125.09,86.17,,,,,,,,,,,,,,,,,,,,,,,,,,,,,,,,,,,,,,,,,,,
08-22-13,,,,,,,,,,,,,,,,,,,,45.04,,,92.25,,,,,,,,,,,,,,124.59,85.88,,,,,,,,,,,,,,,,,,,,,,,,,,,,,,,,,,,,,,,,,,,
08-23-13,,,,,,,,,,,,,,,,,,,,45.33,,,91.42,,,,,,,,,,,,,,123.78,85.29,,,,,,,,,,,,,,,,,,,,,,,,,,,,,,,,,,,,,,,,,,,
08-24-13,,,,,,,,,,,,,,,,,,,,,,,91.74,,,,,,,,,,,,,,121.19,84.83,,,,,,,,,,,,,,,,,,,,,,,,,,,,,,,,,,,,,,,,,,,
08-25-13,,,,,,,,,,,,,,,,,,,,52.96,,,91.33,,,,,,,,,,,,,,117.35,84.17,,,,,,,,,,,,,,,,,,,,,,,,,,,,,,,,,,,,,,,,,,,
08-26-13,,,,,,,,,,,,,,,,,,,,52.46,,,91.50,,,,,,,,,,,,,,119.14,83.12,,,,,,,,,,,,,,,,,,,,,,,,,,,,,,,,,,,,,,,,,,,
08-27-13,,,,,,,,,,,,,,,,,,,,49.54,,,89.52,,,,,,,,,,,,,,118.71,81.08,,,,,,,,,,,,,,,,,,,,,,,,,,,,,,,,,,,,,,,,,,,
08-28-13,,,,,,,,,,,,,,,,,,,,45.92,,,86.17,,,,,,,,,,,,,,121.80,77.58,,,,,,,,,,,,,,,,,,,,,,,,,,,,,,,,,,,,,,,,,,,
08-29-13,,,,,,,,,,,,,,,,,,,,43.00,,,81.88,,,,,,,,,,,,,,118.73,74.29,,,,,,,,,,,,,,,,,,,,,,,,,,,,,,,,,,,,,,,,,,,
08-30-13,,,,,,,,,,,,,,,,,,,,40.83,,,79.50,,,,,,,,,,,,,,113.90,72.04,,,,,,,,,,,,,,,,,,,,,,,,,,,,,,,,,,,,,,,,,,,
08-31-13,,,,,,,,,,,,,,,,,,,,39.21,,,77.46,,,,,,,,,,,,,,110.64,70.29,,,,,,,,,,,,,,,,,,,,,,,,,,,,,,,,,,,,,,,,,,,
09-01-13,,,,,,,,,,,,,,,,,,,,39.97,,,76.61,,,,,,,,,,,,,,107.15,70.10,,,,,,,,,,,,,,,,,,,,,,,,,,,,,,,,,,,,,,,,,,,
09-02-13,,,,,,,,,,,,,,,,,,,,42.23,,,77.92,,,,,,,,,,,,,,108.00,75.45,,,,,,,,,,,,,,,,,,,,,,,,,,,,,,,,,,,,,,,,,,,
09-03-13,,,,,,,,,,,,,,,,,,,,44.33,,,81.25,,,,,,,,,,,,,,112.63,80.38,,,,,,,,,,,,,,,,,,,,,,,,,,,,,,,,,,,,,,,,,,,
09-04-13,,,,,,,,,,,,,,,,,,,,40.79,,,79.88,,,,,,,,,,,,,,107.57,74.37,,,,,,,,,,,,,,,,,,,,,,,,,,,,,,,,,,,,,,,,,,,
09-05-13,,,,,,,,,,,,,,,,,,,,40.02,,,79.12,,,,,,,,,,,,,,,76.84,,,,,,,,,,,,,,,,,,,,,,,,,,,,,,,,,,,,,,,,,,,
09-06-13,,,,,,,,,,,,,,,,,,,,43.79,,,77.88,,,,,,,,,,,,,,104.78,77.00,,,,,,,,,,,,,,,,,,,,,,,,,,,,,,,,,,,,,,,,,,,
09-07-13,,,,,,,,,,,,,,,,,,,,49.00,,,77.21,,,,,,,,,,,,,,101.90,84.00,,,,,,,,,,,,,,,,,,,,,,,,,,,,,,,,,,,,,,,,,,,
09-08-13,,,,,,,,,,,,,,,,,,,,45.92,,,73.21,,,,,,,,,,,,,,102.72,79.46,,,,,,,,,,,,,,,,,,,,,,,,,,,,,,,,,,,,,,,,,,,
09-09-13,,,,,,,,,,,,,,,,,,,,43.50,,,69.88,,,,,,,,,,,,,,95.45,75.58,,,,,,,,,,,,,,,,,,,,,,,,,,,,,,,,,,,,,,,,,,,
09-10-13,,,,,,,,,,,,,,,,,,,,41.21,,,65.79,,,,,,,,,,,,,,91.24,71.92,,,,,,,,,,,,,,,,,,,,,,,,,,,,,,,,,,,,,,,,,,,
09-11-13,,,,,,,,,,,,,,,,,,,,39.58,,,64.10,,,,,,,,,,,,,,83.02,70.48,,,,,,,,,,,,,,,,,,,,,,,,,,,,,,,,,,,,,,,,,,,
09-12-13,,,,,,,,,,,,,,,,,,,,38.16,,,62.07,,,,,,,,,,,,,,77.83,69.79,,,,,,,,,,,,,,,,,,,,,,,,,,,,,,,,,,,,,,,,,,,
09-13-13,,,,,,,,,,,,,,,,,,,,37.64,,,61.75,,,,,,,,,,,,,,78.27,69.00,,,,,,,,,,,,,,,,,,,,,,,,,,,,,,,,,,,,,,,,,,,
09-14-13,,,,,,,,,,,,,,,,,,,,38.71,,,63.00,,,,,,,,,,,,,,76.46,69.83,,,,,,,,,,,,,,,,,,,,,,,,,,,,,,,,,,,,,,,,,,,
09-15-13,,,,,,,,,,,,,,,,,,,,38.95,,,60.93,,,,,,,,,,,,,,72.86,69.10,,,,,,,,,,,,,,,,,,,,,,,,,,,,,,,,,,,,,,,,,,,
09-16-13,,,,,,,,,,,,,,,,,,,,38.77,,,61.98,,,,,,,,,,,,,,,69.83,,,,,,,,,,,,,,,,,,,,,,,,,,,,,,,,,,,,,,,,,,,
09-17-13,,,,,,,,,,,,,,,,,,,,38.12,,,62.13,,,,,,,,,,,,,,86.88,70.67,,,,,,,,,,,,,,,,,,,,,,,,,,,,,,,,,,,,,,,,,,,
09-18-13,,,,,,,,,,,,,,,,,,,,37.20,,,60.42,,,,,,,,,,,,,,80.65,69.71,,,,,,,,,,,,,,,,,,,,,,,,,,,,,,,,,,,,,,,,,,,
09-19-13,,,,,,,,,,,,,,,,,,,,36.25,,,60.02,,,,,,,,,,,,,,77.60,69.00,,,,,,,,,,,,,,,,,,,,,,,,,,,,,,,,,,,,,,,,,,,
09-20-13,,,,,,,,,,,,,,,,,,,,40.13,,,,,,,,,,,,,,,,,76.89,70.00,,,,,,,,,,,,,,,,,,,,,,,,,,,,,,,,,,,,,,,,,,,
09-21-13,,,,,,,,,,,,,,,,,,,,54.95,,,,,,,,,,,,,,,,,80.95,76.37,,,,,,,,,,,,,,,,,,,,,,,,,,,,,,,,,,,,,,,,,,,
09-22-13,,,,,,,,,,,,,,,,,,,,51.94,,,,,,,,,,,,,,,,,80.35,75.95,,,,,,,,,,,,,,,,,,,,,,,,,,,,,,,,,,,,,,,,,,,
09-23-13,,,,,,,,,,,,,,,,,,,,47.46,,,,,,,,,,,,,,,,,81.17,75.33,,,,,,,,,,,,,,,,,,,,,,,,,,,,,,,,,,,,,,,,,,,
09-24-13,,,,,,,,,,,,,,,,,,,,44.58,,,,,,,,,,,,,,,,,76.82,73.08,,,,,,,,,,,,,,,,,,,,,,,,,,,,,,,,,,,,,,,,,,,
09-25-13,,,,,,,,,,,,,,,,,,,,41.73,,,,,,,,,,,,,,,,,72.28,70.77,,,,,,,,,,,,,,,,,,,,,,,,,,,,,,,,,,,,,,,,,,,
09-26-13,,,,,,,,,,,,,,,,,,,,39.90,,,,,,,,,,,,,,,,,68.22,68.96,,,,,,,,,,,,,,,,,,,,,,,,,,,,,,,,,,,,,,,,,,,
09-27-13,,,,,,,,,,,,,,,,,,,,39.59,,,,,,,,,,,,,,,,,63.93,67.96,,,,,,,,,,,,,,,,,,,,,,,,,,,,,,,,,,,,,,,,,,,
09-28-13,,,,,,,,,,,,,,,,,,,,39.20,,,,,,,,,,,,,,,,,58.17,67.88,,,,,,,,,,,,,,,,,,,,,,,,,,,,,,,,,,,,,,,,,,,
09-29-13,,,,,,,,,,,,,,,,,,,,38.87,,,,,,,,,,,,,,,,,58.65,67.48,,,,,,,,,,,,,,,,,,,,,,,,,,,,,,,,,,,,,,,,,,,
09-30-13,,,,,,,,,,,,,,,,,,,,38.52,,,,,,,,,,,,,,,,,56.82,65.74,,,,,,,,,,,,,,,,,,,,,,,,,,,,,,,,,,,,,,,,,,,
10-01-13,,,,,,,,,,,,,,,,,,,,37.17,,,,,,,,,,,,,,,,,54.40,62.33,,,,,,,,,,,,,,,,,,,,,,,,,,,,,,,,,,,,,,,,,,,
10-02-13,,,,,,,,,,,,,,,,,,,,38.21,,,,,,,,,,,,,,,,,49.68,61.58,,,,,,,,,,,,,,,,,,,,,,,,,,,,,,,,,,,,,,,,,,,
10-03-13,,,,,,,,,,,,,,,,,,,,38.68,,,,,,,,,,,,,,,,,46.38,60.57,,,,,,,,,,,,,,,,,,,,,,,,,,,,,,,,,,,,,,,,,,,
10-04-13,,,,,,,,,,,,,,,,,,,,36.29,,,,,,,,,,,,,,,,,45.40,57.83,,,,,,,,,,,,,,,,,,,,,,,,,,,,,,,,,,,,,,,,,,,
10-05-13,,,,,,,,,,,,,,,,,,,,32.29,,,,,,,,,,,,,,,,,42.23,54.88,,,,,,,,,,,,,,,,,,,,,,,,,,,,,,,,,,,,,,,,,,,
10-06-13,,,,,,,,,,,,,,,,,,,,28.88,,,,,,,,,,,,,,,,,37.25,51.75,,,,,,,,,,,,,,,,,,,,,,,,,,,,,,,,,,,,,,,,,,,
10-07-13,,,,,,,,,,,,,,,,,,,,25.17,,,,,,,,,,,,,,,,,32.65,48.38,,,,,,,,,,,,,,,,,,,,,,,,,,,,,,,,,,,,,,,,,,,
10-08-13,,,,,,,,,,,,,,,,,,,,23.62,,,,,,,,,,,,,,,,,26.20,45.73,,,,,,,,,,,,,,,,,,,,,,,,,,,,,,,,,,,,,,,,,,,
10-09-13,,,,,,,,,,,,,,,,,,,,22.17,,,,,,,,,,,,,,,,,18.45,43.29,,,,,,,,,,,,,,,,,,,,,,,,,,,,,,,,,,,,,,,,,,,
10-10-13,,,,,,,,,,,,,,,,,,,,18.67,,,,,,,,,,,,,,,,,12.81,40.54,,,,,,,,,,,,,,,,,,,,,,,,,,,,,,,,,,,,,,,,,,,
10-11-13,,,,,,,,,,,,,,,,,,,,15.79,,,,,,,,,,,,,,,,,5.04,38.08,,,,,,,,,,,,,,,,,,,,,,,,,,,,,,,,,,,,,,,,,,,
10-12-13,,,,,,,,,,,,,,,,,,,,12.16,,,,,,,,,,,,,,,,,0.00,35.15,,,,,,,,,,,,,,,,,,,,,,,,,,,,,,,,,,,,,,,,,,,
10-13-13,,,,,,,,,,,,,,,,,,,,8.88,,,,,,,,,,,,,,,,,0.00,31.42,,,,,,,,,,,,,,,,,,,,,,,,,,,,,,,,,,,,,,,,,,,
10-14-13,,,,,,,,,,,,,,,,,,,,3.33,,,,,,,,,,,,,,,,,0.00,26.58,,,,,,,,,,,,,,,,,,,,,,,,,,,,,,,,,,,,,,,,,,,
10-15-13,,,,,,,,,,,,,,,,,,,,0.00,,,,,,,,,,,,,,,,,0.00,22.43,,,,,,,,,,,,,,,,,,,,,,,,,,,,,,,,,,,,,,,,,,,
10-16-13,,,,,,,,,,,,,,,,,,,,,,,,,,,,,,,,,,,,,0.00,18.25,,,,,,,,,,,,,,,,,,,,,,,,,,,,,,,,,,,,,,,,,,,
10-17-13,,,,,,,,,,,,,,,,,,,,0.00,,,,,,,,,,,,,,,,,0.00,14.33,,,,,,,,,,,,,,,,,,,,,,,,,,,,,,,,,,,,,,,,,,,
10-18-13,,,,,,,,,,,,,,,,,,,,0.00,,,,,,,,,,,,,,,,,0.00,9.96,,,,,,,,,,,,,,,,,,,,,,,,,,,,,,,,,,,,,,,,,,,
10-19-13,,,,,,,,,,,,,,,,,,,,0.00,,,,,,,,,,,,,,,,,0.00,8.50,,,,,,,,,,,,,,,,,,,,,,,,,,,,,,,,,,,,,,,,,,,
10-20-13,,,,,,,,,,,,,,,,,,,,0.00,,,,,,,,,,,,,,,,,0.00,5.95,,,,,,,,,,,,,,,,,,,,,,,,,,,,,,,,,,,,,,,,,,,
10-21-13,,,,,,,,,,,,,,,,,,,,0.00,,,,,,,,,,,,,,,,,0.00,3.78,,,,,,,,,,,,,,,,,,,,,,,,,,,,,,,,,,,,,,,,,,,
10-22-13,,,,,,,,,,,,,,,,,,,,0.00,,,,,,,,,,,,,,,,,0.00,0.00,,,,,,,,,,,,,,,,,,,,,,,,,,,,,,,,,,,,,,,,,,,
10-23-13,,,,,,,,,,,,,,,,,,,,0.00,,,,,,,,,,,,,,,,,0.00,3.27,,,,,,,,,,,,,,,,,,,,,,,,,,,,,,,,,,,,,,,,,,,
10-24-13,,,,,,,,,,,,,,,,,,,,0.00,,,,,,,,,,,,,,,,,0.00,,,,,,,,,,,,,,,,,,,,,,,,,,,,,,,,,,,,,,,,,,,,
10-25-13,,,,,,,,,,,,,,,,,,,,0.00,,,,,,,,,,,,,,,,,0.00,,,,,,,,,,,,,,,,,,,,,,,,,,,,,,,,,,,,,,,,,,,,
10-26-13,,,,,,,,,,,,,,,,,,,,0.00,,,,,,,,,,,,,,,,,0.00,2.83,,,,,,,,,,,,,,,,,,,,,,,,,,,,,,,,,,,,,,,,,,,
10-27-13,,,,,,,,,,,,,,,,,,,,0.00,,,,,,,,,,,,,,,,,0.00,2.67,,,,,,,,,,,,,,,,,,,,,,,,,,,,,,,,,,,,,,,,,,,
10-28-13,,,,,,,,,,,,,,,,,,,,0.00,,,,,,,,,,,,,,,,,0.00,2.68,,,,,,,,,,,,,,,,,,,,,,,,,,,,,,,,,,,,,,,,,,,
10-29-13,,,,,,,,,,,,,,,,,,,,0.00,,,,,,,,,,,,,,,,,0.00,2.65,,,,,,,,,,,,,,,,,,,,,,,,,,,,,,,,,,,,,,,,,,,
10-30-13,,,,,,,,,,,,,,,,,,,,0.00,,,,,,,,,,,,,,,,,0.00,3.30,,,,,,,,,,,,,,,,,,,,,,,,,,,,,,,,,,,,,,,,,,,
10-31-13,,,,,,,,,,,,,,,,,,,,0.00,,,,,,,,,,,,,,,,,0.00,2.25,,,,,,,,,,,,,,,,,,,,,,,,,,,,,,,,,,,,,,,,,,,
11-01-13,,,,,,,,,,,,,,,,,,,,0.00,,,,,,,,,,,,,,,,,0.00,0.00,,,,,,,,,,,,,,,,,,,,,,,,,,,,,,,,,,,,,,,,,,,
11-02-13,,,,,,,,,,,,,,,,,,,,0.00,,,,,,,,,,,,,,,,,0.00,2.75,,,,,,,,,,,,,,,,,,,,,,,,,,,,,,,,,,,,,,,,,,,
11-03-13,,,,,,,,,,,,,,,,,,,,0.00,,,,,,,,,,,,,,,,,0.00,2.17,,,,,,,,,,,,,,,,,,,,,,,,,,,,,,,,,,,,,,,,,,,
11-04-13,,,,,,,,,,,,,,,,,,,,0.00,,,,,,,,,,,,,,,,,0.00,0.00,,,,,,,,,,,,,,,,,,,,,,,,,,,,,,,,,,,,,,,,,,,
11-05-13,,,,,,,,,,,,,,,,,,,,0.00,,,,,,,,,,,,,,,,,0.00,2.17,,,,,,,,,,,,,,,,,,,,,,,,,,,,,,,,,,,,,,,,,,,
11-06-13,,,,,,,,,,,,,,,,,,,,0.00,,,,,,,,,,,,,,,,,0.00,2.17,,,,,,,,,,,,,,,,,,,,,,,,,,,,,,,,,,,,,,,,,,,
11-07-13,,,,,,,,,,,,,,,,,,,,0.00,,,,,,,,,,,,,,,,,0.00,2.67,,,,,,,,,,,,,,,,,,,,,,,,,,,,,,,,,,,,,,,,,,,
11-08-13,,,,,,,,,,,,,,,,,,,,0.00,,,,,,,,,,,,,,,,,0.00,2.86,,,,,,,,,,,,,,,,,,,,,,,,,,,,,,,,,,,,,,,,,,,
11-09-13,,,,,,,,,,,,,,,,,,,,0.00,,,,,,,,,,,,,,,,,0.00,2.60,,,,,,,,,,,,,,,,,,,,,,,,,,,,,,,,,,,,,,,,,,,
11-10-13,,,,,,,,,,,,,,,,,,,,0.00,,,,,,,,,,,,,,,,,0.00,0.00,,,,,,,,,,,,,,,,,,,,,,,,,,,,,,,,,,,,,,,,,,,
11-11-13,,,,,,,,,,,,,,,,,,,,0.00,,,,,,,,,,,,,,,,,0.00,2.00,,,,,,,,,,,,,,,,,,,,,,,,,,,,,,,,,,,,,,,,,,,
11-12-13,,,,,,,,,,,,,,,,,,,,0.00,,,,,,,,,,,,,,,,,0.00,2.08,,,,,,,,,,,,,,,,,,,,,,,,,,,,,,,,,,,,,,,,,,,
11-13-13,,,,,,,,,,,,,,,,,,,,0.00,,,,,,,,,,,,,,,,,0.00,2.42,,,,,,,,,,,,,,,,,,,,,,,,,,,,,,,,,,,,,,,,,,,
11-14-13,,,,,,,,,,,,,,,,,,,,0.00,,,,,,,,,,,,,,,,,0.00,0.00,,,,,,,,,,,,,,,,,,,,,,,,,,,,,,,,,,,,,,,,,,,
11-15-13,,,,,,,,,,,,,,,,,,,,0.00,,,,,,,,,,,,,,,,,0.00,2.79,,,,,,,,,,,,,,,,,,,,,,,,,,,,,,,,,,,,,,,,,,,
11-16-13,,,,,,,,,,,,,,,,,,,,0.00,,,,,,,,,,,,,,,,,0.00,2.04,,,,,,,,,,,,,,,,,,,,,,,,,,,,,,,,,,,,,,,,,,,
11-17-13,,,,,,,,,,,,,,,,,,,,0.00,,,,,,,,,,,,,,,,,0.00,2.12,,,,,,,,,,,,,,,,,,,,,,,,,,,,,,,,,,,,,,,,,,,
11-18-13,,,,,,,,,,,,,,,,,,,,0.00,,,,,,,,,,,,,,,,,0.00,0.00,,,,,,,,,,,,,,,,,,,,,,,,,,,,,,,,,,,,,,,,,,,
11-19-13,,,,,,,,,,,,,,,,,,,,0.00,,,,,,,,,,,,,,,,,0.00,2.42,,,,,,,,,,,,,,,,,,,,,,,,,,,,,,,,,,,,,,,,,,,
11-20-13,,,,,,,,,,,,,,,,,,,,0.00,,,,,,,,,,,,,,,,,0.00,2.62,,,,,,,,,,,,,,,,,,,,,,,,,,,,,,,,,,,,,,,,,,,
11-21-13,,,,,,,,,,,,,,,,,,,,0.00,,,,,,,,,,,,,,,,,0.00,2.08,,,,,,,,,,,,,,,,,,,,,,,,,,,,,,,,,,,,,,,,,,,
11-22-13,,,,,,,,,,,,,,,,,,,,0.00,,,,,,,,,,,,,,,,,0.00,2.45,,,,,,,,,,,,,,,,,,,,,,,,,,,,,,,,,,,,,,,,,,,
11-23-13,,,,,,,,,,,,,,,,,,,,0.00,,,,,,,,,,,,,,,,,0.00,2.00,,,,,,,,,,,,,,,,,,,,,,,,,,,,,,,,,,,,,,,,,,,
11-24-13,,,,,,,,,,,,,,,,,,,,0.00,,,,,,,,,,,,,,,,,0.00,2.35,,,,,,,,,,,,,,,,,,,,,,,,,,,,,,,,,,,,,,,,,,,
11-25-13,,,,,,,,,,,,,,,,,,,,0.00,,,,,,,,,,,,,,,,,0.00,2.50,,,,,,,,,,,,,,,,,,,,,,,,,,,,,,,,,,,,,,,,,,,
11-26-13,,,,,,,,,,,,,,,,,,,,0.00,,,,,,,,,,,,,,,,,0.00,2.65,,,,,,,,,,,,,,,,,,,,,,,,,,,,,,,,,,,,,,,,,,,
11-27-13,,,,,,,,,,,,,,,,,,,,0.00,,,,,,,,,,,,,,,,,0.00,3.17,,,,,,,,,,,,,,,,,,,,,,,,,,,,,,,,,,,,,,,,,,,
11-28-13,,,,,,,,,,,,,,,,,,,,0.00,,,,,,,,,,,,,,,,,0.00,2.71,,,,,,,,,,,,,,,,,,,,,,,,,,,,,,,,,,,,,,,,,,,
11-29-13,,,,,,,,,,,,,,,,,,,,0.00,,,,,,,,,,,,,,,,,0.00,2.33,,,,,,,,,,,,,,,,,,,,,,,,,,,,,,,,,,,,,,,,,,,
11-30-13,,,,,,,,,,,,,,,,,,,,0.00,,,,,,,,,,,,,,,,,0.00,2.91,,,,,,,,,,,,,,,,,,,,,,,,,,,,,,,,,,,,,,,,,,,
12-01-13,,,,,,,,,,,,,,,,,,,,0.00,,,,,,,,,,,,,,,,,0.00,2.91,,,,,,,,,,,,,,,,,,,,,,,,,,,,,,,,,,,,,,,,,,,
12-02-13,,,,,,,,,,,,,,,,,,,,0.00,,,,,,,,,,,,,,,,,0.00,2.55,,,,,,,,,,,,,,,,,,,,,,,,,,,,,,,,,,,,,,,,,,,
12-03-13,,,,,,,,,,,,,,,,,,,,0.00,,,,,,,,,,,,,,,,,0.00,2.79,,,,,,,,,,,,,,,,,,,,,,,,,,,,,,,,,,,,,,,,,,,
12-04-13,,,,,,,,,,,,,,,,,,,,0.00,,,,,,,,,,,,,,,,,0.00,2.25,,,,,,,,,,,,,,,,,,,,,,,,,,,,,,,,,,,,,,,,,,,
12-05-13,,,,,,,,,,,,,,,,,,,,0.00,,,,,,,,,,,,,,,,,0.00,2.73,,,,,,,,,,,,,,,,,,,,,,,,,,,,,,,,,,,,,,,,,,,
12-06-13,,,,,,,,,,,,,,,,,,,,0.00,,,,,,,,,,,,,,,,,0.00,2.58,,,,,,,,,,,,,,,,,,,,,,,,,,,,,,,,,,,,,,,,,,,
12-07-13,,,,,,,,,,,,,,,,,,,,0.00,,,,,,,,,,,,,,,,,2.06,2.29,,,,,,,,,,,,,,,,,,,,,,,,,,,,,,,,,,,,,,,,,,,
12-08-13,,,,,,,,,,,,,,,,,,,,0.00,,,,,,,,,,,,,,,,,0.00,2.00,,,,,,,,,,,,,,,,,,,,,,,,,,,,,,,,,,,,,,,,,,,
12-09-13,,,,,,,,,,,,,,,,,,,,0.00,,,,,,,,,,,,,,,,,0.00,,,,,,,,,,,,,,,,,,,,,,,,,,,,,,,,,,,,,,,,,,,,
12-10-13,,,,,,,,,,,,,,,,,,,,0.00,,,,,,,,,,,,,,,,,0.00,0.00,,,,,,,,,,,,,,,,,,,,,,,,,,,,,,,,,,,,,,,,,,,
12-11-13,,,,,,,,,,,,,,,,,,,,,,,,,,,,,,,,,,,,,0.00,0.00,,,,,,,,,,,,,,,,,,,,,,,,,,,,,,,,,,,,,,,,,,,
12-12-13,,,,,,,,,,,,,,,,,,,,0.00,,,,,,,,,,,,,,,,,0.00,0.00,,,,,,,,,,,,,,,,,,,,,,,,,,,,,,,,,,,,,,,,,,,
12-13-13,,,,,,,,,,,,,,,,,,,,0.00,,,,,,,,,,,,,,,,,0.00,0.00,,,,,,,,,,,,,,,,,,,,,,,,,,,,,,,,,,,,,,,,,,,
12-14-13,,,,,,,,,,,,,,,,,,,,,,,,,,,,,,,,,,,,,0.00,0.00,,,,,,,,,,,,,,,,,,,,,,,,,,,,,,,,,,,,,,,,,,,
12-15-13,,,,,,,,,,,,,,,,,,,,0.00,,,,,,,,,,,,,,,,,3.00,0.00,,,,,,,,,,,,,,,,,,,,,,,,,,,,,,,,,,,,,,,,,,,
12-16-13,,,,,,,,,,,,,,,,,,,,0.00,,,,,,,,,,,,,,,,,3.02,0.00,,,,,,,,,,,,,,,,,,,,,,,,,,,,,,,,,,,,,,,,,,,
12-17-13,,,,,,,,,,,,,,,,,,,,0.00,,,,,,,,,,,,,,,,,2.29,0.00,,,,,,,,,,,,,,,,,,,,,,,,,,,,,,,,,,,,,,,,,,,
12-18-13,,,,,,,,,,,,,,,,,,,,0.00,,,,,,,,,,,,,,,,,2.53,0.00,,,,,,,,,,,,,,,,,,,,,,,,,,,,,,,,,,,,,,,,,,,
12-19-13,,,,,,,,,,,,,,,,,,,,0.00,,,0.00,,,,,,,,,,,,,,2.25,0.00,,,,,,,,,,,,,,,,,,,,,,,,,,,,,,,,,,,,,,,,,,,
12-20-13,,,,,,,,,,,,,,,,,,,,0.00,,,0.00,,,,,,,,,,,,,,2.07,0.00,,,,,,,,,,,,,,,,,,,,,,,,,,,,,,,,,,,,,,,,,,,
12-21-13,,,,,,,,,,,,,,,,,,,,0.00,,,0.00,,,,,,,,,,,,,,2.47,0.00,,,,,,,,,,,,,,,,,,,,,,,,,,,,,,,,,,,,,,,,,,,
12-22-13,,,,,,,,,,,,,,,,,,,,0.00,,,0.00,,,,,,,,,,,,,,3.28,0.00,,,,,,,,,,,,,,,,,,,,,,,,,,,,,,,,,,,,,,,,,,,
12-23-13,,,,,,,,,,,,,,,,,,,,0.00,,,0.00,,,,,,,,,,,,,,4.07,0.00,,,,,,,,,,,,,,,,,,,,,,,,,,,,,,,,,,,,,,,,,,,
12-24-13,,,,,,,,,,,,,,,,,,,,0.00,,,0.00,,,,,,,,,,,,,,2.85,0.00,,,,,,,,,,,,,,,,,,,,,,,,,,,,,,,,,,,,,,,,,,,
12-25-13,,,,,,,,,,,,,,,,,,,,0.00,,,0.00,,,,,,,,,,,,,,4.97,0.00,,,,,,,,,,,,,,,,,,,,,,,,,,,,,,,,,,,,,,,,,,,
12-26-13,,,,,,,,,,,,,,,,,,,,0.00,,,0.00,,,,,,,,,,,,,,0.00,0.00,,,,,,,,,,,,,,,,,,,,,,,,,,,,,,,,,,,,,,,,,,,
12-27-13,,,,,,,,,,,,,,,,,,,,0.00,,,0.00,,,,,,,,,,,,,,2.71,0.00,,,,,,,,,,,,,,,,,,,,,,,,,,,,,,,,,,,,,,,,,,,
12-28-13,,,,,,,,,,,,,,,,,,,,0.00,,,0.00,,,,,,,,,,,,,,2.79,0.00,,,,,,,,,,,,,,,,,,,,,,,,,,,,,,,,,,,,,,,,,,,
12-29-13,,,,,,,,,,,,,,,,,,,,0.00,,,0.00,,,,,,,,,,,,,,2.02,2.04,,,,,,,,,,,,,,,,,,,,,,,,,,,,,,,,,,,,,,,,,,,
12-30-13,,,,,,,,,,,,,,,,,,,,0.00,,,0.00,,,,,,,,,,,,,,0.00,0.00,,,,,,,,,,,,,,,,,,,,,,,,,,,,,,,,,,,,,,,,,,,
12-31-13,,,,,,,,,,,,,,,,,,,,0.00,,,0.00,,,,,,,,,,,,,,0.00,0.00,,,,,,,,,,,,,,,,,,,,,,,,,,,,,,,,,,,,,,,,,,,
01-01-14,,,,,,,,,,,,,,,,,,,,,,,0.00,,,,,,,,,,,,,,0.00,0.00,,,,,,,,,,,,,,,,,,,,,,,,,,,,,,,,,,,,,,,,,,,
01-02-14,,,,,,,,,,,,,,,,,,,,,,,0.00,,,,,,,,,,,,,,0.00,0.00,,,,,,,,,,,,,,,,,,,,,,,,,,,,,,,,,,,,,,,,,,,
01-03-14,,,,,,,,,,,,,,,,,,,,,,,0.00,,,,,,,,,,,,,,0.00,2.08,,,,,,,,,,,,,,,,,,,,,,,,,,,,,,,,,,,,,,,,,,,
01-04-14,,,,,,,,,,,,,,,,,,,,,,,0.00,,,,,,,,,,,,,,4.75,0.00,,,,,,,,,,,,,,,,,,,,,,,,,,,,,,,,,,,,,,,,,,,
01-05-14,,,,,,,,,,,,,,,,,,,,,,,0.00,,,,,,,,,,,,,,4.10,0.00,,,,,,,,,,,,,,,,,,,,,,,,,,,,,,,,,,,,,,,,,,,
01-06-14,,,,,,,,,,,,,,,,,,,,,,,0.00,,,,,,,,,,,,,,3.18,0.00,,,,,,,,,,,,,,,,,,,,,,,,,,,,,,,,,,,,,,,,,,,
01-07-14,,,,,,,,,,,,,,,,,,,,,,,0.00,,,,,,,,,,,,,,3.08,2.04,,,,,,,,,,,,,,,,,,,,,,,,,,,,,,,,,,,,,,,,,,,
01-08-14,,,,,,,,,,,,,,,,,,,,,,,0.00,,,,,,,,,,,,,,3.29,0.00,,,,,,,,,,,,,,,,,,,,,,,,,,,,,,,,,,,,,,,,,,,
01-09-14,,,,,,,,,,,,,,,,,,,,,,,0.00,,,,,,,,,,,,,,0.00,0.00,,,,,,,,,,,,,,,,,,,,,,,,,,,,,,,,,,,,,,,,,,,
01-10-14,,,,,,,,,,,,,,,,,,,,,,,0.00,,,,,,,,,,,,,,0.00,2.08,,,,,,,,,,,,,,,,,,,,,,,,,,,,,,,,,,,,,,,,,,,
01-11-14,,,,,,,,,,,,,,,,,,,,,,,0.00,,,,,,,,,,,,,,3.54,0.00,,,,,,,,,,,,,,,,,,,,,,,,,,,,,,,,,,,,,,,,,,,
01-12-14,,,,,,,,,,,,,,,,,,,,,,,0.00,,,,,,,,,,,,,,4.61,0.00,,,,,,,,,,,,,,,,,,,,,,,,,,,,,,,,,,,,,,,,,,,
01-13-14,,,,,,,,,,,,,,,,,,,,,,,0.00,,,,,,,,,,,,,,3.26,0.00,,,,,,,,,,,,,,,,,,,,,,,,,,,,,,,,,,,,,,,,,,,
01-14-14,,,,,,,,,,,,,,,,,,,,,,,0.00,,,,,,,,,,,,,,4.09,0.00,,,,,,,,,,,,,,,,,,,,,,,,,,,,,,,,,,,,,,,,,,,
01-15-14,,,,,,,,,,,,,,,,,,,,,,,0.00,,,,,,,,,,,,,,7.05,0.00,,,,,,,,,,,,,,,,,,,,,,,,,,,,,,,,,,,,,,,,,,,
01-16-14,,,,,,,,,,,,,,,,,,,,,,,0.00,,,,,,,,,,,,,,4.71,0.00,,,,,,,,,,,,,,,,,,,,,,,,,,,,,,,,,,,,,,,,,,,
01-17-14,,,,,,,,,,,,,,,,,,,,,,,0.00,,,,,,,,,,,,,,2.10,0.00,,,,,,,,,,,,,,,,,,,,,,,,,,,,,,,,,,,,,,,,,,,
01-18-14,,,,,,,,,,,,,,,,,,,,,,,0.00,,,,,,,,,,,,,,0.00,0.00,,,,,,,,,,,,,,,,,,,,,,,,,,,,,,,,,,,,,,,,,,,
01-19-14,,,,,,,,,,,,,,,,,,,,,,,0.00,,,,,,,,,,,,,,3.07,0.00,,,,,,,,,,,,,,,,,,,,,,,,,,,,,,,,,,,,,,,,,,,
01-20-14,,,,,,,,,,,,,,,,,,,,,,,0.00,,,,,,,,,,,,,,2.70,0.00,,,,,,,,,,,,,,,,,,,,,,,,,,,,,,,,,,,,,,,,,,,
01-21-14,,,,,,,,,,,,,,,,,,,,,,,,,,,,,,,,,,,,,0.00,0.00,,,,,,,,,,,,,,,,,,,,,,,,,,,,,,,,,,,,,,,,,,,
01-22-14,,,,,,,,,,,,,,,,,,,,,,,0.00,,,,,,,,,,,,,,0.00,0.00,,,,,,,,,,,,,,,,,,,,,,,,,,,,,,,,,,,,,,,,,,,
01-23-14,,,,,,,,,,,,,,,,,,,,,,,0.00,,,,,,,,,,,,,,0.00,0.00,,,,,,,,,,,,,,,,,,,,,,,,,,,,,,,,,,,,,,,,,,,
01-24-14,,,,,,,,,,,,,,,,,,,,,,,0.00,,,,,,,,,,,,,,0.00,0.00,,,,,,,,,,,,,,,,,,,,,,,,,,,,,,,,,,,,,,,,,,,
01-25-14,,,,,,,,,,,,,,,,,,,,,,,0.00,,,,,,,,,,,,,,0.00,0.00,,,,,,,,,,,,,,,,,,,,,,,,,,,,,,,,,,,,,,,,,,,
01-26-14,,,,,,,,,,,,,,,,,,,,,,,0.00,,,,,,,,,,,,,,0.00,0.00,,,,,,,,,,,,,,,,,,,,,,,,,,,,,,,,,,,,,,,,,,,
01-27-14,,,,,,,,,,,,,,,,,,,,,,,0.00,,,,,,,,,,,,,,0.00,0.00,,,,,,,,,,,,,,,,,,,,,,,,,,,,,,,,,,,,,,,,,,,
01-28-14,,,,,,,,,,,,,,,,,,,,,,,,,,,,,,,,,,,,,0.00,0.00,,,,,,,,,,,,,,,,,,,,,,,,,,,,,,,,,,,,,,,,,,,
01-29-14,,,,,,,,,,,,,,,,,,,,,,,0.00,,,,,,,,,,,,,,2.37,0.00,,,,,,,,,,,,,,,,,,,,,,,,,,,,,,,,,,,,,,,,,,,
01-30-14,,,,,,,,,,,,,,,,,,,,,,,0.00,,,,,,,,,,,,,,2.26,0.00,,,,,,,,,,,,,,,,,,,,,,,,,,,,,,,,,,,,,,,,,,,
01-31-14,,,,,,,,,,,,,,,,,,,,,,,0.00,,,,,,,,,,,,,,0.00,0.00,,,,,,,,,,,,,,,,,,,,,,,,,,,,,,,,,,,,,,,,,,,
02-01-14,,,,,,,,,,,,,,,,,,,,,,,0.00,,,,,,,,,,,,,,0.00,,,,,,,,,,,,,,,,,,,,,,,,,,,,,,,,,,,,,,,,,,,,
02-02-14,,,,,,,,,,,,,,,,,,,,,,,0.00,,,,,,,,,,,,,,0.00,0.00,,,,,,,,,,,,,,,,,,,,,,,,,,,,,,,,,,,,,,,,,,,
02-03-14,,,,,,,,,,,,,,,,,,,,,,,0.00,,,,,,,,,,,,,,0.00,0.00,,,,,,,,,,,,,,,,,,,,,,,,,,,,,,,,,,,,,,,,,,,
02-04-14,,,,,,,,,,,,,,,,,,,,,,,0.00,,,,,,,,,,,,,,0.00,0.00,,,,,,,,,,,,,,,,,,,,,,,,,,,,,,,,,,,,,,,,,,,
02-05-14,,,,,,,,,,,,,,,,,,,,,,,0.00,,,,,,,,,,,,,,,0.00,,,,,,,,,,,,,,,,,,,,,,,,,,,,,,,,,,,,,,,,,,,
02-06-14,,,,,,,,,,,,,,,,,,,,,,,0.00,,,,,,,,,,,,,,0.00,0.00,,,,,,,,,,,,,,,,,,,,,,,,,,,,,,,,,,,,,,,,,,,
02-07-14,,,,,,,,,,,,,,,,,,,,,,,0.00,,,,,,,,,,,,,,0.00,0.00,,,,,,,,,,,,,,,,,,,,,,,,,,,,,,,,,,,,,,,,,,,
02-08-14,,,,,,,,,,,,,,,,,,,,,,,0.00,,,,,,,,,,,,,,0.00,0.00,,,,,,,,,,,,,,,,,,,,,,,,,,,,,,,,,,,,,,,,,,,
02-09-14,,,,,,,,,,,,,,,,,,,,,,,0.00,,,,,,,,,,,,,,0.00,0.00,,,,,,,,,,,,,,,,,,,,,,,,,,,,,,,,,,,,,,,,,,,
02-10-14,,,,,,,,,,,,,,,,,,,,,,,0.00,,,,,,,,,,,,,,0.00,0.00,,,,,,,,,,,,,,,,,,,,,,,,,,,,,,,,,,,,,,,,,,,
02-11-14,,,,,,,,,,,,,,,,,,,,,,,0.00,,,,,,,,,,,,,,0.00,0.00,,,,,,,,,,,,,,,,,,,,,,,,,,,,,,,,,,,,,,,,,,,
02-12-14,,,,,,,,,,,,,,,,,,,,,,,0.00,,,,,,,,,,,,,,0.00,0.00,,,,,,,,,,,,,,,,,,,,,,,,,,,,,,,,,,,,,,,,,,,
02-13-14,,,,,,,,,,,,,,,,,,,,,,,0.00,,,,,,,,,,,,,,0.00,0.00,,,,,,,,,,,,,,,,,,,,,,,,,,,,,,,,,,,,,,,,,,,
02-14-14,,,,,,,,,,,,,,,,,,,,,,,0.00,,,,,,,,,,,,,,0.00,0.00,,,,,,,,,,,,,,,,,,,,,,,,,,,,,,,,,,,,,,,,,,,
02-15-14,,,,,,,,,,,,,,,,,,,,,,,1.18,,,,,,,,,,,,,,0.00,0.00,,,,,,,,,,,,,,,,,,,,,,,,,,,,,,,,,,,,,,,,,,,
02-16-14,,,,,,,,,,,,,,,,,,,,,,,0.00,,,,,,,,,,,,,,0.00,0.00,,,,,,,,,,,,,,,,,,,,,,,,,,,,,,,,,,,,,,,,,,,
02-17-14,,,,,,,,,,,,,,,,,,,,,,,0.00,,,,,,,,,,,,,,0.00,0.00,,,,,,,,,,,,,,,,,,,,,,,,,,,,,,,,,,,,,,,,,,,
02-18-14,,,,,,,,,,,,,,,,,,,,,,,0.00,,,,,,,,,,,,,,0.00,0.00,,,,,,,,,,,,,,,,,,,,,,,,,,,,,,,,,,,,,,,,,,,
02-19-14,,,,,,,,,,,,,,,,,,,,,,,0.00,,,,,,,,,,,,,,0.00,0.00,,,,,,,,,,,,,,,,,,,,,,,,,,,,,,,,,,,,,,,,,,,
02-20-14,,,,,,,,,,,,,,,,,,,,,,,0.00,,,,,,,,,,,,,,0.00,0.00,,,,,,,,,,,,,,,,,,,,,,,,,,,,,,,,,,,,,,,,,,,
02-21-14,,,,,,,,,,,,,,,,,,,,,,,0.00,,,,,,,,,,,,,,0.00,0.00,,,,,,,,,,,,,,,,,,,,,,,,,,,,,,,,,,,,,,,,,,,
02-22-14,,,,,,,,,,,,,,,,,,,,,,,1.36,,,,,,,,,,,,,,0.00,0.00,,,,,,,,,,,,,,,,,,,,,,,,,,,,,,,,,,,,,,,,,,,
02-23-14,,,,,,,,,,,,,,,,,,,,,,,1.25,,,,,,,,,,,,,,0.00,0.00,,,,,,,,,,,,,,,,,,,,,,,,,,,,,,,,,,,,,,,,,,,
02-24-14,,,,,,,,,,,,,,,,,,,,,,,1.05,,,,,,,,,,,,,,0.00,0.00,,,,,,,,,,,,,,,,,,,,,,,,,,,,,,,,,,,,,,,,,,,
02-25-14,,,,,,,,,,,,,,,,,,,,,,,1.57,,,,,,,,,,,,,,,0.00,,,,,,,,,,,,,,,,,,,,,,,,,,,,,,,,,,,,,,,,,,,
02-26-14,,,,,,,,,,,,,,,,,,,,,,,1.58,,,,,,,,,,,,,,,0.00,,,,,,,,,,,,,,,,,,,,,,,,,,,,,,,,,,,,,,,,,,,
02-27-14,,,,,,,,,,,,,,,,,,,,,,,0.00,,,,,,,,,,,,,,,0.00,,,,,,,,,,,,,,,,,,,,,,,,,,,,,,,,,,,,,,,,,,,
02-28-14,,,,,,,,,,,,,,,,,,,,,,,0.00,,,,,,,,,,,,,,,0.00,,,,,,,,,,,,,,,,,,,,,,,,,,,,,,,,,,,,,,,,,,,
03-01-14,,,,,,,,,,,,,,,,,,,,,,,1.08,,,,,,,,,,,,,,,0.00,,,,,,,,,,,,,,,,,,,,,,,,,,,,,,,,,,,,,,,,,,,
03-02-14,,,,,,,,,,,,,,,,,,,,,,,1.36,,,,,,,,,,,,,,,0.00,,,,,,,,,,,,,,,,,,,,,,,,,,,,,,,,,,,,,,,,,,,
03-03-14,,,,,,,,,,,,,,,,,,,,,,,0.00,,,,,,,,,,,,,,,0.00,,,,,,,,,,,,,,,,,,,,,,,,,,,,,,,,,,,,,,,,,,,
03-04-14,,,,,,,,,,,,,,,,,,,,,,,1.28,,,,,,,,,,,,,,,0.00,,,,,,,,,,,,,,,,,,,,,,,,,,,,,,,,,,,,,,,,,,,
03-05-14,,,,,,,,,,,,,,,,,,,,,,,1.75,,,,,,,,,,,,,,,0.00,,,,,,,,,,,,,,,,,,,,,,,,,,,,,,,,,,,,,,,,,,,
03-06-14,,,,,,,,,,,,,,,,,,,,,,,1.62,,,,,,,,,,,,,,,0.00,,,,,,,,,,,,,,,,,,,,,,,,,,,,,,,,,,,,,,,,,,,
03-07-14,,,,,,,,,,,,,,,,,,,,,,,1.42,,,,,,,,,,,,,,,0.00,,,,,,,,,,,,,,,,,,,,,,,,,,,,,,,,,,,,,,,,,,,
03-08-14,,,,,,,,,,,,,,,,,,,,,,,1.62,,,,,,,,,,,,,,,0.00,,,,,,,,,,,,,,,,,,,,,,,,,,,,,,,,,,,,,,,,,,,
03-09-14,,,,,,,,,,,,,,,,,,,,,,,0.00,,,,,,,,,,,,,,,0.00,,,,,,,,,,,,,,,,,,,,,,,,,,,,,,,,,,,,,,,,,,,
03-10-14,,,,,,,,,,,,,,,,,,,,,,,1.03,,,,,,,,,,,,,,,0.00,,,,,,,,,,,,,,,,,,,,,,,,,,,,,,,,,,,,,,,,,,,
03-11-14,,,,,,,,,,,,,,,,,,,,,,,0.00,,,,,,,,,,,,,,,0.00,,,,,,,,,,,,,,,,,,,,,,,,,,,,,,,,,,,,,,,,,,,
03-12-14,,,,,,,,,,,,,,,,,,,,,,,0.00,,,,,,,,,,,,,,,0.00,,,,,,,,,,,,,,,,,,,,,,,,,,,,,,,,,,,,,,,,,,,
03-13-14,,,,,,,,,,,,,,,,,,,,,,,0.00,,,,,,,,,,,,,,,0.00,,,,,,,,,,,,,,,,,,,,,,,,,,,,,,,,,,,,,,,,,,,
03-14-14,,,,,,,,,,,,,,,,,,,,,,,0.00,,,,,,,,,,,,,,,0.00,,,,,,,,,,,,,,,,,,,,,,,,,,,,,,,,,,,,,,,,,,,
03-15-14,,,,,,,,,,,,,,,,,,,,,,,0.00,,,,,,,,,,,,,,,2.12,,,,,,,,,,,,,,,,,,,,,,,,,,,,,,,,,,,,,,,,,,,
03-16-14,,,,,,,,,,,,,,,,,,,,,,,0.00,,,,,,,,,,,,,,,0.00,,,,,,,,,,,,,,,,,,,,,,,,,,,,,,,,,,,,,,,,,,,
03-17-14,,,,,,,,,,,,,,,,,,,,,,,1.10,,,,,,,,,,,,,,,0.00,,,,,,,,,,,,,,,,,,,,,,,,,,,,,,,,,,,,,,,,,,,
03-18-14,,,,,,,,,,,,,,,,,,,,,,,0.00,,,,,,,,,,,,,,,,,,,,,,,,,,,,,,,,,,,,,,,,,,,,,,,,,,,,,,,,,,
03-19-14,,,,,,,,,,,,,,,,,,,,,,,0.00,,,,,,,,,,,,,,,0.00,,,,,,,,,,,,,,,,,,,,,,,,,,,,,,,,,,,,,,,,,,,
03-20-14,,,,,,,,,,,,,,,,,,,,,,,0.00,,,,,,,,,,,,,,,0.00,,,,,,,,,,,,,,,,,,,,,,,,,,,,,,,,,,,,,,,,,,,
03-21-14,,,,,,,,,,,,,,,,,,,,,,,0.00,,,,,,,,,,,,,,,0.00,,,,,,,,,,,,,,,,,,,,,,,,,,,,,,,,,,,,,,,,,,,
03-22-14,,,,,,,,,,,,,,,,,,,,,,,1.08,,,,,,,,,,,,,,,2.00,,,,,,,,,,,,,,,,,,,,,,,,,,,,,,,,,,,,,,,,,,,
03-23-14,,,,,,,,,,,,,,,,,,,,,,,1.17,,,,,,,,,,,,,,,0.00,,,,,,,,,,,,,,,,,,,,,,,,,,,,,,,,,,,,,,,,,,,
03-24-14,,,,,,,,,,,,,,,,,,,,,,,0.00,,,,,,,,,,,,,,,0.00,,,,,,,,,,,,,,,,,,,,,,,,,,,,,,,,,,,,,,,,,,,
03-25-14,,,,,,,,,,,,,,,,,,,,,,,1.19,,,,,,,,,,,,,,,0.00,,,,,,,,,,,,,,,,,,,,,,,,,,,,,,,,,,,,,,,,,,,
03-26-14,,,,,,,,,,,,,,,,,,,,,,,0.00,,,,,,,,,,,,,,,0.00,,,,,,,,,,,,,,,,,,,,,,,,,,,,,,,,,,,,,,,,,,,
03-27-14,,,,,,,,,,,,,,,,,,,,,,,1.12,,,,,,,,,,,,,,,0.00,,,,,,,,,,,,,,,,,,,,,,,,,,,,,,,,,,,,,,,,,,,
03-28-14,,,,,,,,,,,,,,,,,,,,,,,1.39,,,,,,,,,,,,,,,2.46,,,,,,,,,,,,,,,,,,,,,,,,,,,,,,,,,,,,,,,,,,,
03-29-14,,,,,,,,,,,,,,,,,,,,,,,0.00,,,,,,,,,,,,,,,0.00,,,,,,,,,,,,,,,,,,,,,,,,,,,,,,,,,,,,,,,,,,,
03-30-14,,,,,,,,,,,,,,,,,,,,,,,0.00,,,,,,,,,,,,,,,0.00,,,,,,,,,,,,,,,,,,,,,,,,,,,,,,,,5.80,,,,,,,,,,,
03-31-14,,,,,,,,,,,,,,,,,,,,,,,0.00,,,,,,,,,,,,,,,0.00,,,,,,,,,,,,,,,,,,,,,,,,,,,,,,,,2.90,,,,,,,,,,,
04-01-14,,,,,,,,,,,,,,,,,,,,,,,0.00,,,,,,,,,,,,,,,0.00,,,,,,,,,,,,,,,,,,,,,,,,,,,,,,,,0.00,,,,,,,,,,,
04-02-14,,,,,,,,,,,,,,,,,,,,,,,0.00,,,,,,,,,,,,,,,2.00,,,,,,,,,,,,,,,,,,,,,,,,,,,,,,,,0.00,,,,,,,,,,,
04-03-14,,,,,,,,,,,,,,,,,,,,,,,1.21,,,,,,,,,,,,,,,3.17,,,,,,,,,,,,,,,,,,,,,,,,,,,,,,,,0.00,,,,,,,,,,,
04-04-14,,,,,,,,,,,,,,,,,,,,,,,0.00,,,,,,,,,,,,,,,2.54,,,,,,,,,,,,,,,,,,,,,,,,,,,,,,,,0.00,,,,,,,,,,,
04-05-14,,,,,,,,,,,,,,,,,,,,,,,1.10,,,,,,,,,,,,,,,2.71,,,,,,,,,,,,,,,,,,,,,,,,,,,,,,,,0.00,,,,,,,,,,,
04-06-14,,,,,,,,,,,,,,,,,,,,,,,1.06,,,,,,,,,,,,,,,2.17,,,,,,,,,,,,,,,,,,,,,,,,,,,,,,,,0.00,,,,,,,,,,,
04-07-14,,,,,,,,,,,,,,,,,,,,,,,1.85,,,,,,,,,,,,,,,0.00,,,,,,,,,,,,,,,,,,,,,,,,,,,,,,,,0.00,,,,,,,,,,,
04-08-14,,,,,,,,,,,,,,,,,,,,,,,1.58,,,,,,,,,,,,,,,3.79,,,,,,,,,,,,,,,,,,,,,,,,,,,,,,,,0.00,,,,,,,,,,,
04-09-14,,,,,,,,,,,,,,,,,,,,,,,1.15,,,,,,,,,,,,,,,0.00,,,,,,,,,,,,,,,,,,,,,,,,,,,,,,,,0.00,,,,,,,,,,,
04-10-14,,,,,,,,,,,,,,,,,,,,,,,0.00,,,,,,,,,,,,,,,2.05,,,,,,,,,,,,,,,,,,,,,,,,,,,,,,,,0.00,,,,,,,,,,,
04-11-14,,,,,,,,,,,,,,,,,,,,,,,0.00,,,,,,,,,,,,,,,2.75,,,,,,,,,,,,,,,,,,,,,,,,,,,,,,,,2.10,,,,,,,,,,,
04-12-14,,,,,,,,,,,,,,,,,,,,,,,1.93,,,,,,,,,,,,,,,2.08,,,,,,,,,,,,,,,,,,,,,,,,,,,,,,,,0.00,,,,,,,,,,,
04-13-14,,,,,,,,,,,,,,,,,,,,,,,1.44,,,,,,,,,,,,,,,2.21,,,,,,,,,,,,,,,,,,,,,,,,,,,,,,,,0.00,,,,,,,,,,,
04-14-14,,,,,,,,,,,,,,,,,,,,,,,0.00,,,,,,,,,,,,,,,2.29,,,,,,,,,,,,,,,,,,,,,,,,,,,,,,,,0.00,,,,,,,,,,,
04-15-14,,,,,,,,,,,,,,,,,,,,,,,0.00,,,,,,,,,,,,,,,0.00,,,,,,,,,,,,,,,,,,,,,,,,,,,,,,,,0.00,,,,,,,,,,,
04-16-14,,,,,,,,,,,,,,,,,,,,,,,1.00,,,,,,,,,,,,,,,0.00,,,,,,,,,,,,,,,,,,,,,,,,,,,,,,,,3.10,,,,,,,,,,,
04-17-14,,,,,,,,,,,,,,,,,,,,,,,1.22,,,,,,,,,,,,,,,2.88,,,,,,,,,,,,,,,,,,,,,,,,,,,,,,,,4.40,,,,,,,,,,,
04-18-14,,,,,,,,,,,,,,,,,,,,,,,1.17,,,,,,,,,,,,,,,3.61,,,,,,,,,,,,,,,,,,,,,,,,,,,,,,,,39.70,,,,,,,,,,,
04-19-14,,,,,,,,,,,,,,,,,,,,,,,1.33,,,,,,,,,,,,,,0.00,2.04,,,,,,,,,,,,,,,,,,,,,,,,,,,,,,,,34.20,,,,,,,,,,,
04-20-14,,,,,,,,,,,,,,,,,,,,,,,1.71,,,,,,,,,,,,,,0.00,0.00,,,,,,,,,,,,,,,,,,,,,,,,,,,,,,,,29.00,,,,,,,,,,,
04-21-14,,,,,,,,,,,,,,,,,,,,,,,1.88,,,,,,,,,,,,,,0.00,2.04,,,,,,,,,,,,,,,,,,,,,,,,,,,,,,,,24.00,,,,,,,,,,,
04-22-14,,,,,,,,,,,,,,,,,,,,,,,1.00,,,,,,,,,,,,,,3.48,2.25,,,,,,,,,,,,,,,,,,,,,,,,,,,,,,,,17.40,,,,,,,,,,,
04-23-14,,,,,,,,,,,,,,,,,,,,,,,0.00,,,,,,,,,,,,,,3.49,2.21,,,,,,,,,,,,,,,,,,,,,,,,,,,,,,,,16.10,,,,,,,,,,,
04-24-14,,,,,,,,,,,,,,,,,,,,,,,0.00,,,,,,,,,,,,,,3.86,0.00,,,,,,,,,,,,,,,,,,,,,,,,,,,,,,,,14.70,,,,,,,,,,,
04-25-14,,,,,,,,,,,,,,,,,,,,,,,1.25,,,,,,,,,,,,,,2.48,0.00,,,,,,,,,,,,,,,,,,,,,,,,,,,,,,,,7.90,,,,,,,,,,,
04-26-14,,,,,,,,,,,,,,,,,,,,,,,1.50,,,,,,,,,,,,,,0.00,0.00,,,,,,,,,,,,,,,,,,,,,,,,,,,,,,,,0.00,,,,,,,,,,,
04-27-14,,,,,,,,,,,,,,,,,,,,,,,2.15,,,,,,,,,,,,,,0.00,0.00,,,,,,,,,,,,,,,,,,,,,,,,,,,,,,,,0.00,,,,,,,,,,,
04-28-14,,,,,,,,,,,,,,,,,,,,,,,2.36,,,,,,,,,,,,,,0.00,2.12,,,,,,,,,,,,,,,,,,,,,,,,,,,,,,,,0.00,,,,,,,,,,,
04-29-14,,,,,,,,,,,,,,,,,,,,,,,1.71,,,,,,,,,,,,,,0.00,2.71,,,,,,,,,,,,,,,,,,,,,,,,,,,,,,,,0.00,,,,,,,,,,,
04-30-14,,,,,,,,,,,,,,,,,,,,,,,2.62,,,,,,,,,,,,,,0.00,2.67,,,,,,,,,,,,,,,,,,,,,,,,,,,,,,,,0.00,,,,,,,,,,,
05-01-14,,,,,,,,,,,,,,,,,,,,,,,,,,,,,,,,,,,,,19.09,19.84,,,,,,,,,,,,,,,,,,,,,,,,,,,,,,,,0.00,,,,,,,,,,,
05-02-14,,,,,,,,,,,,,,,,,,,,,,,27.96,,,,,,,,,,,,,,41.89,44.57,,,,,,,,,,,,,,,,,,,,,,,,,,,,,,,,0.00,,,,,,,,,,,
05-03-14,,,,,,,,,,,,,,,,,,,,,,,24.73,,,,,,,,,,,,,,67.18,70.15,,,,,,,,,,,,,,,,,,,,,,,,,,,,,,,,4.60,,,,,,,,,,,
05-04-14,,,,,,,,,,,,,,,,,,,,,,,19.17,,,,,,,,,,,,,,55.41,61.46,,,,,,,,,,,,,,,,,,,,,,,,,,,,,,,,29.10,,,,,,,,,,,
05-05-14,,,,,,,,,,,,,,,,,,,,,,,15.50,,,,,,,,,,,,,,47.89,53.88,,,,,,,,,,,,,,,,,,,,,,,,,,,,,,,,14.40,,,,,,,,,,,
05-06-14,,,,,,,,,,,,,,,,,,,,,,,11.42,,,,,,,,,,,,,,44.15,48.92,,,,,,,,,,,,,,,,,,,,,,,,,,,,,,,,0.00,,,,,,,,,,,
05-07-14,,,,,,,,,,,,,,,,,,,,,,,7.08,,,,,,,,,,,,,,42.19,43.88,,,,,,,,,,,,,,,,,,,,,,,,,,,,,,,,0.00,,,,,,,,,,,
05-08-14,,,,,,,,,,,,,,,,,,,,,,,4.79,,,,,,,,,,,,,,39.64,40.17,,,,,,,,,,,,,,,,,,,,,,,,,,,,,,,,0.00,,,,,,,,,,,
05-09-14,,,,,,,,,,,,,,,,,,,,,,,2.00,,,,,,,,,,,,,,35.66,37.71,,,,,,,,,,,,,,,,,,,,,,,,,,,,,,,,0.00,,,,,,,,,,,
05-10-14,,,,,,,,,,,,,,,,,,,,,,,1.00,,,,,,,,,,,,,,33.31,35.29,,,,,,,,,,,,,,,,,,,,,,,,,,,,,,,,0.00,,,,,,,,,,,
05-11-14,,,,,,,,,,,,,,,,,,,,,,,2.83,,,,,,,,,,,,,,28.30,34.26,,,,,,,,,,,,,,,,,,,,,,,,,,,,,,,,0.00,,,,,,,,,,,
05-12-14,,,,,,,,,,,,,,,,,,,,,,,2.12,,,,,,,,,,,,,,25.18,33.17,,,,,,,,,,,,,,,,,,,,,,,,,,,,,,,,2.00,,,,,,,,,,,
05-13-14,,,,,,,,,,,,,,,,,,,,,,,2.38,,,,,,,,,,,,,,25.01,31.59,,,,,,,,,,,,,,,,,,,,,,,,,,,,,,,,7.60,,,,,,,,,,,
05-14-14,,,,,,,,,,,,,,,,,,,,,,,3.04,,,,,,,,,,,,,,,30.57,,,,,,,,,,,,,,,,,,,,,,,,,,,,,,,,0.00,,,,,,,,,,,
05-15-14,,,,,,,,,,,,,,,,,,,,,,,3.19,,,,,,,,,,,,,,22.08,30.08,,,,,,,,,,,,,,,,,,,,,,,,,,,,,,,,0.00,,,,,,,,,,,
05-16-14,,,,,,,,,,,,,,,,,,,,,,,1.92,,,,,,,,,,,,,,19.53,28.41,,,,,,,,,,,,,,,,,,,,,,,,,,,,,,,,0.00,,,,,,,,,,,
05-17-14,,,,,,,,,,,,,,,,,,,,,,,2.08,,,,,,,,,,,,,,18.73,27.00,,,,,,,,,,,,,,,,,,,,,,,,,,,,,,,,0.00,,,,,,,,,,,
05-18-14,,,,,,,,,,,,,,,,,,,,,,,2.38,,,,,,,,,,,,,,17.43,26.58,,,,,,,,,,,,,,,,,,,,,,,,,,,,,,,,0.00,,,,,,,,,,,
05-19-14,,,,,,,,,,,,,,,,,,,,,,,1.89,,,,,,,,,,,,,,16.21,25.67,,,,,,,,,,,,,,,,,,,,,,,,,,,,,,,,0.00,,,,,,,,,,,
05-20-14,,,,,,,,,,,,,,,,,,,,,,,2.86,,,,,,,,,,,,,,3.20,26.96,,,,,,,,,,,,,,,,,,,,,,,,,,,,,,,,0.00,,,,,,,,,,,
05-21-14,,,,,,,,,,,,,,,,,,,,,,,,,,,,,,,,,,,,,12.60,32.98,,,,,,,,,,,,,,,,,,,,,,,,,,,,,,,,0.00,,,,,,,,,,,
05-22-14,,,,,,,,,,,,,,,,,,,,,,,21.18,,,,,,,,,,,,,,40.12,28.58,,,,,,,,,,,,,,,,,,,,,,,,,,,,,,,,0.00,,,,,,,,,,,
05-23-14,,,,,,,,,,,,,,,,,,,,,,,20.92,,,,,,,,,,,,,,38.10,27.62,,,,,,,,,,,,,,,,,,,,,,,,,,,,,,,,0.00,,,,,,,,,,,
05-24-14,,,,,,,,,,,,,,,,,,,,,,,18.75,,,,,,,,,,,,,,34.93,27.38,,,,,,,,,,,,,,,,,,,,,,,,,,,,,,,,0.00,,,,,,,,,,,
05-25-14,,,,,,,,,,,,,,,,,,,,,,,18.22,,,,,,,,,,,,,,31.58,28.53,,,,,,,,,,,,,,,,,,,,,,,,,,,,,,,,13.10,,,,,,,,,,,
05-26-14,,,,,,,,,,,,,,,,,,,,,,,16.54,,,,,,,,,,,,,,33.03,28.00,,,,,,,,,,,,,,,,,,,,,,,,,,,,,,,,8.60,,,,,,,,,,,
05-27-14,,,,,,,,,,,,,,,,,,,,,,,15.35,,,,,,,,,,,,,,32.36,27.39,,,,,,,,,,,,,,,,,,,,,,,,,,,,,,,,9.30,,,,,,,,,,,
05-28-14,,,,,,,,,,,,,,,,,,,,,,,13.54,,,,,,,,,,,,,,29.24,27.46,,,,,,,,,,,,,,,,,,,,,,,,,,,,,,,,4.40,,,,,,,,,,,
05-29-14,,,,,,,,,,,,,,,,,,,,,,,12.62,,,,,,,,,,,,,,31.20,27.88,,,,,,,,,,,,,,,,,,,,,,,,,,,,,,,,3.40,,,,,,,,,,,
05-30-14,,,,,,,,,,,,,,,,,,,,,,,13.04,,,,,,,,,,,,,,37.04,27.86,,,,,,,,,,,,,,,,,,,,,,,,,,,,,,,,8.00,,,,,,,,,,,
05-31-14,,,,,,,,,,,,,,,,,,,,,,,12.75,,,,,,,,,,,,,,37.18,27.77,,,,,,,,,,,,,,,,,,,,,,,,,,,,,,,,35.20,,,,,,,,,,,
06-01-14,,,,,,,,,,,,,,,,,,,,,,,12.33,,,,,,,,,,,,,,39.34,26.79,,,,,,,,,,,,,,,,,,,,,,,,,,,,,,,,43.10,,,,,,,,,,,
06-02-14,,,,,,,,,,,,,,,,,,,,,,,12.62,,,,,,,,,,,,,,39.45,26.38,,,,,,,,,,,,,,,,,,,,,,,,,,,,,,,,38.70,,,,,,,,,,,
06-03-14,,,,,,,,,,,,,,,,,,,,,,,12.84,,,,,,,,,,,,,,35.99,25.53,,,,,,,,,,,,,,,,,,,,,,,,,,,,,,,,45.90,,,,,,,,,,,
06-04-14,,,,,,,,,,,,,,,,,,,,,,,34.64,,,,,,,,,,,,,,71.17,57.30,,,,,,,,,,,,,,,,,,,,,,,,,,,,,,,,49.60,,,,,,,,,,,
06-05-14,,,,,,,,,,,,,,,,,,,,,,,29.72,,,,,,,,,,,,,,78.22,50.58,,,,,,,,,,,,,,,,,,,,,,,,,,,,,,,,47.20,,,,,,,,,,,
06-06-14,,,,,,,,,,,,,,,,,,,,,,,29.84,,,,,,,,,,,,,,55.14,47.08,,,,,,,,,,,,,,,,,,,,,,,,,,,,,,,,44.80,,,,,,,,,,,
06-07-14,,,,,,,,,,,,,,,,,,,,,,,,,,,,,,,,,,,,,22.29,66.48,,,,,,,,,,,,,,,,,,,,,,,,,,,,,,,,41.80,,,,,,,,,,,
06-08-14,,,,,,,,,,,,,,,,,,,,,,,,,,,,,,,,,,,,,,82.54,,,,,,,,,,,,,,,,,,,,,,,,,,,,,,,,,,,,,,,,,,,
06-09-14,,,,,,,,,,,,,,,,,,,,,,,55.76,,,,,,,,,,,,,,167.26,81.62,,,,,,,,,,,,,,,,,,,,,,,,,,,,,,,,44.60,,,,,,,,,,,
06-10-14,,,,,,,,,,,,,,,,,,,,,,,52.33,,,,,,,,,,,,,,151.20,76.54,,,,,,,,,,,,,,,,,,,,,,,,,,,,,,,,,,,,,,,,,,,
06-11-14,,,,,,,,,,,,,,,,,,,,,,,,,,,,,,,,,,,,,55.57,76.79,,,,,,,,,,,,,,,,,,,,,,,,,,,,,,,,61.00,,,,,,,,,,,
06-12-14,,,,,,,,,,,,,,,,,,,,,,,,,,,,,,,,,,,,,,96.28,,,,,,,,,,,,,,,,,,,,,,,,,,,,,,,,60.00,,,,,,,,,,,
06-13-14,,,,,,,,,,,,,,,,,,,,,,,82.67,,,,,,,,,,,,,,171.66,96.67,,,,,,,,,,,,,,,,,,,,,,,,,,,,,,,,60.00,,,,,,,,,,,
06-14-14,,,,,,,,,,,,,,,,,,,,,,,76.62,,,,,,,,,,,,,,161.76,89.75,,,,,,,,,,,,,,,,,,,,,,,,,,,,,,,,62.30,,,,,,,,,,,
06-15-14,,,,,,,,,,,,,,,,,,,,,,,70.33,,,,,,,,,,,,,,147.98,85.62,,,,,,,,,,,,,,,,,,,,,,,,,,,,,,,,66.80,,,,,,,,,,,
06-16-14,,,,,,,,,,,,,,,,,,,,,,,65.83,,,,,,,,,,,,,,224.27,82.17,,,,,,,,,,,,,,,,,,,,,,,,,,,,,,,,67.80,,,,,,,,,,,
06-17-14,,,,,,,,,,,,,,,,,,,,,,,62.88,,,,,,,,,,,,,,132.47,79.88,,,,,,,,,,,,,,,,,,,,,,,,,,,,,,,,65.80,,,,,,,,,,,
06-18-14,,,,,,,,,,,,,,,,,,,,,,,60.36,,,,,,,,,,,,,,127.41,77.17,,,,,,,,,,,,,,,,,,,,,,,,,,,,,,,,64.50,,,,,,,,,,,
06-19-14,,,,,,,,,,,,,,,,,,,,,,,58.40,,,,,,,,,,,,,,124.68,74.12,,,,,,,,,,,,,,,,,,,,,,,,,,,,,,,,53.80,,,,,,,,,,,
06-20-14,,,,,,,,,,,,,,,,,,,,,,,55.54,,,,,,,,,,,,,,119.05,72.92,,,,,,,,,,,,,,,,,,,,,,,,,,,,,,,,48.50,,,,,,,,,,,
06-21-14,,,,,,,,,,,,,,,,,,,,,,,54.21,,,,,,,,,,,,,,112.24,72.42,,,,,,,,,,,,,,,,,,,,,,,,,,,,,,,,48.00,,,,,,,,,,,
06-22-14,,,,,,,,,,,,,,,,,,,,,,,53.12,,,,,,,,,,,,,,109.21,71.54,,,,,,,,,,,,,,,,,,,,,,,,,,,,,,,,47.30,,,,,,,,,,,
06-23-14,,,,,,,,,,,,,,,,,,,,,,,52.21,,,,,,,,,,,,,,108.92,70.46,,,,,,,,,,,,,,,,,,,,,,,,,,,,,,,,47.90,,,,,,,,,,,
06-24-14,,,,,,,,,,,,,,,,,,,,,,,51.38,,,,,,,,,,,,,,108.75,69.12,,,,,,,,,,,,,,,,,,,,,,,,,,,,,,,,49.90,,,,,,,,,,,
06-25-14,,,,,,,,,,,,,,,,,,,,,,,50.97,,,,,,,,,,,,,,105.81,69.10,,,,,,,,,,,,,,,,,,,,,,,,,,,,,,,,55.40,,,,,,,,,,,
06-26-14,,,,,,,,,,,,,,,,,,,,,,,49.32,,,,,,,,,,,,,,103.01,71.73,,,,,,,,,,,,,,,,,,,,,,,,,,,,,,,,57.00,,,,,,,,,,,
06-27-14,,,,,,,,,,,,,,,,,,,,,,,47.96,,,,,,,,,,,,,,105.24,70.83,,,,,,,,,,,,,,,,,,,,,,,,,,,,,,,,45.10,,,,,,,,,,,
06-28-14,,,,,,,,,,,,,,,,,,,,,,,47.73,,,,,,,,,,,,,,105.91,66.79,,,,,,,,,,,,,,,,,,,,,,,,,,,,,,,,34.10,,,,,,,,,,,
06-29-14,,,,,,,,,,,,,,,,,,,,,,,46.32,,,,,,,,,,,,,,104.65,65.96,,,,,,,,,,,,,,,,,,,,,,,,,,,,,,,,30.70,,,,,,,,,,,
06-30-14,,,,,,,,,,,,,,,,,,,,,,,46.08,,,,,,,,,,,,,,101.58,66.17,,,,,,,,,,,,,,,,,,,,,,,,,,,,,,,,30.90,,,,,,,,,,,
07-01-14,,,,,,,,,,,,,,,,,,,,,,,46.62,,,,,,,,,,,,,,99.72,65.38,,,,,,,,,,,,,,,,,,,,,,,,,,,,,,,,54.00,,,,,,,,,,,
07-02-14,,,,,,,,,,,,,,,,,,,,,,,48.93,,,,,,,,,,,,,,68.73,69.91,,,,,,,,,,,,,,,,,,,,,,,,,,,,,,,,49.40,,,,,,,,,,,
07-03-14,,,,,,,,,,,,,,,,,,,,,,,52.62,,,,,,,,,,,,,,124.40,70.38,,,,,,,,,,,,,,,,,,,,,,,,,,,,,,,,40.30,,,,,,,,,,,
07-04-14,,,,,,,,,,,,,,,,,,,,,,,52.38,,,,,,,,,,,,,,127.99,68.62,,,,,,,,,,,,,,,,,,,,,,,,,,,,,,,,40.20,,,,,,,,,,,
07-05-14,,,,,,,,,,,,,,,,,,,,,,,51.46,,,,,,,,,,,,,,126.91,70.45,,,,,,,,,,,,,,,,,,,,,,,,,,,,,,,,39.70,,,,,,,,,,,
07-06-14,,,,,,,,,,,,,,,,,,,,,,,49.58,,,,,,,,,,,,,,129.97,71.17,,,,,,,,,,,,,,,,,,,,,,,,,,,,,,,,,,,,,,,,,,,
07-07-14,,,,,,,,,,,,,,,,,,,,,,,49.71,,,,,,,,,,,,,,130.40,70.17,,,,,,,,,,,,,,,,,,,,,,,,,,,,,,,,58.70,,,,,,,,,,,
07-08-14,,,,,,,,,,,,,,,,,,,,,,,48.67,,,,,,,,,,,,,,126.93,68.88,,,,,,,,,,,,,,,,,,,,,,,,,,,,,,,,47.60,,,,,,,,,,,
07-09-14,,,,,,,,,,,,,,,,,,,,,,,48.58,,,,,,,,,,,,,,123.95,68.50,,,,,,,,,,,,,,,,,,,,,,,,,,,,,,,,47.20,,,,,,,,,,,
07-10-14,,,,,,,,,,,,,,,,,,,,,,,47.67,,,,,,,,,,,,,,122.36,67.43,,,,,,,,,,,,,,,,,,,,,,,,,,,,,,,,46.60,,,,,,,,,,,
07-11-14,,,,,,,,,,,,,,,,,,,,,,,47.03,,,,,,,,,,,,,,119.15,66.54,,,,,,,,,,,,,,,,,,,,,,,,,,,,,,,,46.10,,,,,,,,,,,
07-12-14,,,,,,,,,,,,,,,,,,,,,,,46.54,,,,,,,,,,,,,,116.26,65.96,,,,,,,,,,,,,,,,,,,,,,,,,,,,,,,,44.30,,,,,,,,,,,
07-13-14,,,,,,,,,,,,,,,,,,,,,,,46.35,,,,,,,,,,,,,,117.73,65.46,,,,,,,,,,,,,,,,,,,,,,,,,,,,,,,,41.40,,,,,,,,,,,
07-14-14,,,,,,,,,,,,,,,,,,,,,,,46.12,,,,,,,,,,,,,,,65.62,,,,,,,,,,,,,,,,,,,,,,,,,,,,,,,,36.80,,,,,,,,,,,
07-15-14,,,,,,,,,,,,,,,,,,,,,,,53.51,,,,,,,,,,,,,,151.49,92.22,,,,,,,,,,,,,,,,,,,,,,,,,,,,,,,,36.50,,,,,,,,,,,
07-16-14,,,,,,,,,,,,,,,,,,,,,,,55.74,,,,,,,,,,,,,,146.55,98.95,,,,,,,,,,,,,,,,,,,,,,,,,,,,,,,,36.60,,,,,,,,,,,
07-17-14,,,,,,,,,,,,,,,,,,,,,,,55.08,,,,,,,,,,,,,,155.56,96.38,,,,,,,,,,,,,,,,,,,,,,,,,,,,,,,,37.80,,,,,,,,,,,
07-18-14,,,,,,,,,,,,,,,,,,,,,,,53.96,,,,,,,,,,,,,,153.47,94.12,,,,,,,,,,,,,,,,,,,,,,,,,,,,,,,,44.60,,,,,,,,,,,
07-19-14,,,,,,,,,,,,,,,,,,,,,,,52.62,,,,,,,,,,,,,,148.67,91.96,,,,,,,,,,,,,,,,,,,,,,,,,,,,,,,,60.50,,,,,,,,,,,
07-20-14,,,,,,,,,,,,,,,,,,,,,,,51.71,,,,,,,,,,,,,,134.24,90.58,,,,,,,,,,,,,,,,,,,,,,,,,,,,,,,,84.00,,,,,,,,,,,
07-21-14,,,,,,,,,,,,,,,,,,,,,,,51.84,,,,,,,,,,,,,,139.29,88.88,,,,,,,,,,,,,,,,,,,,,,,,,,,,,,,,79.90,,,,,,,,,,,
07-22-14,,,,,,,,,,,,,,,,,,,,,,,,,,,,,,,,,,,,,132.26,88.04,,,,,,,,,,,,,,,,,,,,,,,,,,,,,,,,91.80,,,,,,,,,,,
07-23-14,,,,,,,,,,,,,,,,,,,,,,,45.99,,,,,,,,,,,,,,132.79,87.79,,,,,,,,,,,,,,,,,,,,,,,,,,,,,,,,114.00,,,,,,,,,,,
07-24-14,,,,,,,,,,,,,,,,,,,,,,,49.92,,,,,,,,,,,,,,132.10,87.38,,,,,,,,,,,,,,,,,,,,,,,,,,,,,,,,97.20,,,,,,,,,,,
07-25-14,,,,,,,,,,,,,,,,,,,,,,,50.62,,,,,,,,,,,,,,131.86,86.38,,,,,,,,,,,,,,,,,,,,,,,,,,,,,,,,82.10,,,,,,,,,,,
07-26-14,,,,,,,,,,,,,,,,,,,,,,,50.31,,,,,,,,,,,,,,131.19,85.62,,,,,,,,,,,,,,,,,,,,,,,,,,,,,,,,81.30,,,,,,,,,,,
07-27-14,,,,,,,,,,,,,,,,,,,,,,,52.29,,,,,,,,,,,,,,133.47,85.21,,,,,,,,,,,,,,,,,,,,,,,,,,,,,,,,82.20,,,,,,,,,,,
07-28-14,,,,,,,,,,,,,,,,,,,,,,,52.62,,,,,,,,,,,,,,132.20,86.43,,,,,,,,,,,,,,,,,,,,,,,,,,,,,,,,88.60,,,,,,,,,,,
07-29-14,,,,,,,,,,,,,,,,,,,,,,,56.31,,,,,,,,,,,,,,129.32,95.78,,,,,,,,,,,,,,,,,,,,,,,,,,,,,,,,86.90,,,,,,,,,,,
07-30-14,,,,,,,,,,,,,,,,,,,,,,,55.88,,,,,,,,,,,,,,125.15,93.75,,,,,,,,,,,,,,,,,,,,,,,,,,,,,,,,88.10,,,,,,,,,,,
07-31-14,,,,,,,,,,,,,,,,,,,,,,,,,,,,,,,,,,,,,123.92,105.24,,,,,,,,,,,,,,,,,,,,,,,,,,,,,,,,84.00,,,,,,,,,,,
08-01-14,,,,,,,,,,,,,,,,,,,,,,,60.78,,,,,,,,,,,,,,128.05,115.88,,,,,,,,,,,,,,,,,,,,,,,,,,,,,,,,85.50,,,,,,,,,,,
08-02-14,,,,,,,,,,,,,,,,,,,,,,,60.62,,,,,,,,,,,,,,118.04,107.96,,,,,,,,,,,,,,,,,,,,,,,,,,,,,,,,101.20,,,,,,,,,,,
08-03-14,,,,,,,,,,,,,,,,,,,,,,,59.46,,,,,,,,,,,,,,123.09,107.45,,,,,,,,,,,,,,,,,,,,,,,,,,,,,,,,97.90,,,,,,,,,,,
08-04-14,,,,,,,,,,,,,,,,,,,,,,,58.62,,,,,,,,,,,,,,127.16,104.29,,,,,,,,,,,,,,,,,,,,,,,,,,,,,,,,98.90,,,,,,,,,,,
08-05-14,,,,,,,,,,,,,,,,,,,,,,,57.46,,,,,,,,,,,,,,125.61,103.17,,,,,,,,,,,,,,,,,,,,,,,,,,,,,,,,107.90,,,,,,,,,,,
08-06-14,,,,,,,,,,,,,,,,,,,,,,,63.22,,,,,,,,,,,,,,103.11,121.22,,,,,,,,,,,,,,,,,,,,,,,,,,,,,,,,106.10,,,,,,,,,,,
08-07-14,,,,,,,,,,,,,,,,,,,,,,,69.50,,,,,,,,,,,,,,155.64,124.54,,,,,,,,,,,,,,,,,,,,,,,,,,,,,,,,114.10,,,,,,,,,,,
08-08-14,,,,,,,,,,,,,,,,,,,,,,,67.62,,,,,,,,,,,,,,150.03,119.12,,,,,,,,,,,,,,,,,,,,,,,,,,,,,,,,111.50,,,,,,,,,,,
08-09-14,,,,,,,,,,,,,,,,,,,,,,,65.35,,,,,,,,,,,,,,141.15,116.79,,,,,,,,,,,,,,,,,,,,,,,,,,,,,,,,109.30,,,,,,,,,,,
08-10-14,,,,,,,,,,,,,,,,,,,,,,,63.96,,,,,,,,,,,,,,132.94,114.79,,,,,,,,,,,,,,,,,,,,,,,,,,,,,,,,124.90,,,,,,,,,,,
08-11-14,,,,,,,,,,,,,,,,,,,,,,,62.67,,,,,,,,,,,,,,127.74,113.42,,,,,,,,,,,,,,,,,,,,,,,,,,,,,,,,124.90,,,,,,,,,,,
08-12-14,,,,,,,,,,,,,,,,,,,,,,,61.92,,,,,,,,,,,,,,128.09,112.71,,,,,,,,,,,,,,,,,,,,,,,,,,,,,,,,116.10,,,,,,,,,,,
08-13-14,,,,,,,,,,,,,,,,,,,,,,,61.22,,,,,,,,,,,,,,130.54,111.43,,,,,,,,,,,,,,,,,,,,,,,,,,,,,,,,100.00,,,,,,,,,,,
08-14-14,,,,,,,,,,,,,,,,,,,,,,,60.43,,,,,,,,,,,,,,128.64,110.92,,,,,,,,,,,,,,,,,,,,,,,,,,,,,,,,98.90,,,,,,,,,,,
08-15-14,,,,,,,,,,,,,,,,,,,,,,,58.25,,,,,,,,,,,,,,127.57,109.58,,,,,,,,,,,,,,,,,,,,,,,,,,,,,,,,102.60,,,,,,,,,,,
08-16-14,,,,,,,,,,,,,,,,,,,,,,,55.50,,,,,,,,,,,,,,124.56,107.46,,,,,,,,,,,,,,,,,,,,,,,,,,,,,,,,103.30,,,,,,,,,,,
08-17-14,,,,,,,,,,,,,,,,,,,,,,,54.21,,,,,,,,,,,,,,123.46,104.62,,,,,,,,,,,,,,,,,,,,,,,,,,,,,,,,99.50,,,,,,,,,,,
08-18-14,,,,,,,,,,,,,,,,,,,,,,,50.38,,,,,,,,,,,,,,121.74,101.53,,,,,,,,,,,,,,,,,,,,,,,,,,,,,,,,100.90,,,,,,,,,,,
08-19-14,,,,,,,,,,,,,,,,,,,,,,,48.38,,,,,,,,,,,,,,117.94,99.26,,,,,,,,,,,,,,,,,,,,,,,,,,,,,,,,101.30,,,,,,,,,,,
08-20-14,,,,,,,,,,,,,,,,,,,,,,,45.02,,,,,,,,,,,,,,113.60,97.77,,,,,,,,,,,,,,,,,,,,,,,,,,,,,,,,103.60,,,,,,,,,,,
08-21-14,,,,,,,,,,,,,,,,,,,,,,,44.58,,,,,,,,,,,,,,109.74,95.54,,,,,,,,,,,,,,,,,,,,,,,,,,,,,,,,106.60,,,,,,,,,,,
08-22-14,,,,,,,,,,,,,,,,,,,,,,,43.34,,,,,,,,,,,,,,104.29,94.53,,,,,,,,,,,,,,,,,,,,,,,,,,,,,,,,105.70,,,,,,,,,,,
08-23-14,,,,,,,,,,,,,,,,,,,,,,,41.27,,,,,,,,,,,,,,,96.47,,,,,,,,,,,,,,,,,,,,,,,,,,,,,,,,106.70,,,,,,,,,,,
08-24-14,,,,,,,,,,,,,,,,,,,,,,,,,,,,,,,,,,,,,84.18,120.91,,,,,,,,,,,,,,,,,,,,,,,,,,,,,,,,109.20,,,,,,,,,,,
08-25-14,,,,,,,,,,,,,,,,,,,,,,,,,,,,,,,,,,,,,158.38,115.08,,,,,,,,,,,,,,,,,,,,,,,,,,,,,,,,109.20,,,,,,,,,,,
08-26-14,,,,,,,,,,,,,,,,,,,,,,,55.27,,,,,,,,,,,,,,,110.92,,,,,,,,,,,,,,,,,,,,,,,,,,,,,,,,107.60,,,,,,,,,,,
08-27-14,,,,,,,,,,,,,,,,,,,,,,,54.75,,,,,,,,,,,,,,,107.21,,,,,,,,,,,,,,,,,,,,,,,,,,,,,,,,106.60,,,,,,,,,,,
08-28-14,,,,,,,,,,,,,,,,,,,,,,,53.67,,,,,,,,,,,,,,,105.00,,,,,,,,,,,,,,,,,,,,,,,,,,,,,,,,105.70,,,,,,,,,,,
08-29-14,,,,,,,,,,,,,,,,,,,,,,,52.85,,,,,,,,,,,,,,122.75,103.88,,,,,,,,,,,,,,,,,,,,,,,,,,,,,,,,104.40,,,,,,,,,,,
08-30-14,,,,,,,,,,,,,,,,,,,,,,,53.02,,,,,,,,,,,,,,129.10,108.00,,,,,,,,,,,,,,,,,,,,,,,,,,,,,,,,103.90,,,,,,,,,,,
08-31-14,,,,,,,,,,,,,,,,,,,,,,,54.54,,,,,,,,,,,,,,131.88,109.62,,,,,,,,,,,,,,,,,,,,,,,,,,,,,,,,,,,,,,,,,,,
09-01-14,,,,,,,,,,,,,,,,,,,,,,,53.41,,,,,,,,,,,,,,111.86,117.24,,,,,,,,,,,,,,,,,,,,,,,,,,,,,,,,104.70,,,,,,,,,,,
09-02-14,,,,,,,,,,,,,,,,,,,,,,,,,,,,,,,,,,,,,161.86,129.71,,,,,,,,,,,,,,,,,,,,,,,,,,,,,,,,103.30,,,,,,,,,,,
09-03-14,,,,,,,,,,,,,,,,,,,,,,,,,,,,,,,,,,,,,,134.81,,,,,,,,,,,,,,,,,,,,,,,,,,,,,,,,101.10,,,,,,,,,,,
09-04-14,,,,,,,,,,,,,,,,,,,,,,,65.84,,,,,,,,,,,,,,191.31,145.12,,,,,,,,,,,,,,,,,,,,,,,,,,,,,,,,99.00,,,,,,,,,,,
09-05-14,,,,,,,,,,,,,,,,,,,,,,,,,,,,,,,,,,,,,,144.25,,,,,,,,,,,,,,,,,,,,,,,,,,,,,,,,98.40,,,,,,,,,,,
09-06-14,,,,,,,,,,,,,,,,,,,,,,,70.72,,,,,,,,,,,,,,182.11,143.62,,,,,,,,,,,,,,,,,,,,,,,,,,,,,,,,97.70,,,,,,,,,,,
09-07-14,,,,,,,,,,,,,,,,,,,,,,,70.80,,,,,,,,,,,,,,177.71,139.71,,,,,,,,,,,,,,,,,,,,,,,,,,,,,,,,96.80,,,,,,,,,,,
09-08-14,,,,,,,,,,,,,,,,,,,,,,,68.25,,,,,,,,,,,,,,174.77,137.50,,,,,,,,,,,,,,,,,,,,,,,,,,,,,,,,96.30,,,,,,,,,,,
09-09-14,,,,,,,,,,,,,,,,,,,,,,,66.62,,,,,,,,,,,,,,154.05,135.42,,,,,,,,,,,,,,,,,,,,,,,,,,,,,,,,98.70,,,,,,,,,,,
09-10-14,,,,,,,,,,,,,,,,,,,,,,,65.88,,,,,,,,,,,,,,170.32,146.32,,,,,,,,,,,,,,,,,,,,,,,,,,,,,,,,97.30,,,,,,,,,,,
09-11-14,,,,,,,,,,,,,,,,,,,,,,,64.83,,,,,,,,,,,,,,167.25,158.77,,,,,,,,,,,,,,,,,,,,,,,,,,,,,,,,96.50,,,,,,,,,,,
09-12-14,,,,,,,,,,,,,,,,,,,,,,,63.00,,,,,,,,,,,,,,164.69,158.48,,,,,,,,,,,,,,,,,,,,,,,,,,,,,,,,96.80,,,,,,,,,,,
09-13-14,,,,,,,,,,,,,,,,,,,,,,,61.86,,,,,,,,,,,,,,162.61,157.62,,,,,,,,,,,,,,,,,,,,,,,,,,,,,,,,96.40,,,,,,,,,,,
09-14-14,,,,,,,,,,,,,,,,,,,,,,,62.32,,,,,,,,,,,,,,159.69,156.27,,,,,,,,,,,,,,,,,,,,,,,,,,,,,,,,99.90,,,,,,,,,,,
09-15-14,,,,,,,,,,,,,,,,,,,,,,,61.10,,,,,,,,,,,,,,156.10,154.61,,,,,,,,,,,,,,,,,,,,,,,,,,,,,,,,97.50,,,,,,,,,,,
09-16-14,,,,,,,,,,,,,,,,,,,,,,,58.75,,,,,,,,,,,,,,151.35,152.08,,,,,,,,,,,,,,,,,,,,,,,,,,,,,,,,101.80,,,,,,,,,,,
09-17-14,,,,,,,,,,,,,,,,,,,,,,,57.41,,,,,,,,,,,,,,147.14,150.92,,,,,,,,,,,,,,,,,,,,,,,,,,,,,,,,95.80,,,,,,,,,,,
09-18-14,,,,,,,,,,,,,,,,,,,,,,,53.79,,,,,,,,,,,,,,142.72,150.65,,,,,,,,,,,,,,,,,,,,,,,,,,,,,,,,97.60,,,,,,,,,,,
09-19-14,,,,,,,,,,,,,,,,,,,,,,,50.75,,,,,,,,,,,,,,138.80,148.88,,,,,,,,,,,,,,,,,,,,,,,,,,,,,,,,97.40,,,,,,,,,,,
09-20-14,,,,,,,,,,,,,,,,,,,,,,,48.58,,,,,,,,,,,,,,136.46,146.75,,,,,,,,,,,,,,,,,,,,,,,,,,,,,,,,98.50,,,,,,,,,,,
09-21-14,,,,,,,,,,,,,,,,,,,,,,,46.88,,,,,,,,,,,,,,133.82,146.00,,,,,,,,,,,,,,,,,,,,,,,,,,,,,,,,99.70,,,,,,,,,,,
09-22-14,,,,,,,,,,,,,,,,,,,,,,,46.26,,,,,,,,,,,,,,129.06,146.00,,,,,,,,,,,,,,,,,,,,,,,,,,,,,,,,101.30,,,,,,,,,,,
09-23-14,,,,,,,,,,,,,,,,,,,,,,,45.86,,,,,,,,,,,,,,125.04,145.25,,,,,,,,,,,,,,,,,,,,,,,,,,,,,,,,99.30,,,,,,,,,,,
09-24-14,,,,,,,,,,,,,,,,,,,,,,,47.27,,,,,,,,,,,,,,127.86,144.80,,,,,,,,,,,,,,,,,,,,,,,,,,,,,,,,103.90,,,,,,,,,,,
09-25-14,,,,,,,,,,,,,,,,,,,,,,,47.85,,,,,,,,,,,,,,,161.17,,,,,,,,,,,,,,,,,,,,,,,,,,,,,,,,103.00,,,,,,,,,,,
09-26-14,,,,,,,,,,,,,,,,,,,,,,,47.15,,,,,,,,,,,,,,147.99,162.17,,,,,,,,,,,,,,,,,,,,,,,,,,,,,,,,101.70,,,,,,,,,,,
09-27-14,,,,,,,,,,,,,,,,,,,,,,,46.62,,,,,,,,,,,,,,141.60,157.67,,,,,,,,,,,,,,,,,,,,,,,,,,,,,,,,100.00,,,,,,,,,,,
09-28-14,,,,,,,,,,,,,,,,,,,,,,,43.69,,,,,,,,,,,,,,,154.88,,,,,,,,,,,,,,,,,,,,,,,,,,,,,,,,99.60,,,,,,,,,,,
09-29-14,,,,,,,,,,,,,,,,,,,,,,,43.03,,,,,,,,,,,,,,133.56,151.00,,,,,,,,,,,,,,,,,,,,,,,,,,,,,,,,99.00,,,,,,,,,,,
09-30-14,,,,,,,,,,,,,,,,,,,,,,,40.79,,,,,,,,,,,,,,132.67,151.04,,,,,,,,,,,,,,,,,,,,,,,,,,,,,,,,98.10,,,,,,,,,,,
10-01-14,,,,,,,,,,,,,,,,,,,,,,,37.29,,,,,,,,,,,,,,129.82,148.08,,,,,,,,,,,,,,,,,,,,,,,,,,,,,,,,97.10,,,,,,,,,,,
10-02-14,,,,,,,,,,,,,,,,,,,,,,,33.72,,,,,,,,,,,,,,126.21,145.35,,,,,,,,,,,,,,,,,,,,,,,,,,,,,,,,96.20,,,,,,,,,,,
10-03-14,,,,,,,,,,,,,,,,,,,,,,,28.71,,,,,,,,,,,,,,120.28,143.00,,,,,,,,,,,,,,,,,,,,,,,,,,,,,,,,93.60,,,,,,,,,,,
10-04-14,,,,,,,,,,,,,,,,,,,,,,,26.16,,,,,,,,,,,,,,115.31,141.62,,,,,,,,,,,,,,,,,,,,,,,,,,,,,,,,89.90,,,,,,,,,,,
10-05-14,,,,,,,,,,,,,,,,,,,,,,,25.62,,,,,,,,,,,,,,112.18,140.42,,,,,,,,,,,,,,,,,,,,,,,,,,,,,,,,84.80,,,,,,,,,,,
10-06-14,,,,,,,,,,,,,,,,,,,,,,,18.58,,,,,,,,,,,,,,109.90,137.96,,,,,,,,,,,,,,,,,,,,,,,,,,,,,,,,80.70,,,,,,,,,,,
10-07-14,,,,,,,,,,,,,,,,,,,,,,,13.42,,,,,,,,,,,,,,102.60,134.21,,,,,,,,,,,,,,,,,,,,,,,,,,,,,,,,81.50,,,,,,,,,,,
10-08-14,,,,,,,,,,,,,,,,,,,,,,,8.19,,,,,,,,,,,,,,95.51,131.35,,,,,,,,,,,,,,,,,,,,,,,,,,,,,,,,77.90,,,,,,,,,,,
10-09-14,,,,,,,,,,,,,,,,,,,,,,,4.29,,,,,,,,,,,,,,86.82,130.50,,,,,,,,,,,,,,,,,,,,,,,,,,,,,,,,77.00,,,,,,,,,,,
10-10-14,,,,,,,,,,,,,,,,,,,,,,,2.99,,,,,,,,,,,,,,84.23,129.17,,,,,,,,,,,,,,,,,,,,,,,,,,,,,,,,75.00,,,,,,,,,,,
10-11-14,,,,,,,,,,,,,,,,,,,,,,,1.88,,,,,,,,,,,,,,81.19,126.12,,,,,,,,,,,,,,,,,,,,,,,,,,,,,,,,78.10,,,,,,,,,,,
10-12-14,,,,,,,,,,,,,,,,,,,,,,,2.19,,,,,,,,,,,,,,77.52,124.12,,,,,,,,,,,,,,,,,,,,,,,,,,,,,,,,78.70,,,,,,,,,,,
10-13-14,,,,,,,,,,,,,,,,,,,,,,,1.90,,,,,,,,,,,,,,73.00,122.67,,,,,,,,,,,,,,,,,,,,,,,,,,,,,,,,79.60,,,,,,,,,,,
10-14-14,,,,,,,,,,,,,,,,,,,,,,,1.96,,,,,,,,,,,,,,70.03,120.50,,,,,,,,,,,,,,,,,,,,,,,,,,,,,,,,79.20,,,,,,,,,,,
10-15-14,,,,,,,,,,,,,,,,,,,,,,,2.41,,,,,,,,,,,,,,66.16,119.48,,,,,,,,,,,,,,,,,,,,,,,,,,,,,,,,75.80,,,,,,,,,,,
10-16-14,,,,,,,,,,,,,,,,,,,,,,,2.36,,,,,,,,,,,,,,62.34,118.62,,,,,,,,,,,,,,,,,,,,,,,,,,,,,,,,75.10,,,,,,,,,,,
10-17-14,,,,,,,,,,,,,,,,,,,,,,,2.10,,,,,,,,,,,,,,57.87,117.47,,,,,,,,,,,,,,,,,,,,,,,,,,,,,,,,73.40,,,,,,,,,,,
10-18-14,,,,,,,,,,,,,,,,,,,,,,,,,,,,,,,,,,,,,54.14,122.90,,,,,,,,,,,,,,,,,,,,,,,,,,,,,,,,71.60,,,,,,,,,,,
10-19-14,,,,,,,,,,,,,,,,,,,,,,,1.91,,,,,,,,,,,,,,63.23,122.58,,,,,,,,,,,,,,,,,,,,,,,,,,,,,,,,69.50,,,,,,,,,,,
10-20-14,,,,,,,,,,,,,,,,,,,,,,,2.03,,,,,,,,,,,,,,54.74,115.12,,,,,,,,,,,,,,,,,,,,,,,,,,,,,,,,69.00,,,,,,,,,,,
10-21-14,,,,,,,,,,,,,,,,,,,,,,,0.00,,,,,,,,,,,,,,45.38,110.92,,,,,,,,,,,,,,,,,,,,,,,,,,,,,,,,68.30,,,,,,,,,,,
10-22-14,,,,,,,,,,,,,,,,,,,,,,,0.00,,,,,,,,,,,,,,36.11,106.25,,,,,,,,,,,,,,,,,,,,,,,,,,,,,,,,67.30,,,,,,,,,,,
10-23-14,,,,,,,,,,,,,,,,,,,,,,,0.00,,,,,,,,,,,,,,25.41,101.70,,,,,,,,,,,,,,,,,,,,,,,,,,,,,,,,62.90,,,,,,,,,,,
10-24-14,,,,,,,,,,,,,,,,,,,,,,,0.00,,,,,,,,,,,,,,3.71,93.58,,,,,,,,,,,,,,,,,,,,,,,,,,,,,,,,59.70,,,,,,,,,,,
10-25-14,,,,,,,,,,,,,,,,,,,,,,,0.00,,,,,,,,,,,,,,0.00,90.57,,,,,,,,,,,,,,,,,,,,,,,,,,,,,,,,56.30,,,,,,,,,,,
10-26-14,,,,,,,,,,,,,,,,,,,,,,,0.00,,,,,,,,,,,,,,0.00,85.75,,,,,,,,,,,,,,,,,,,,,,,,,,,,,,,,54.40,,,,,,,,,,,
10-27-14,,,,,,,,,,,,,,,,,,,,,,,1.32,,,,,,,,,,,,,,0.00,80.88,,,,,,,,,,,,,,,,,,,,,,,,,,,,,,,,53.50,,,,,,,,,,,
10-28-14,,,,,,,,,,,,,,,,,,,,,,,0.00,,,,,,,,,,,,,,0.00,77.38,,,,,,,,,,,,,,,,,,,,,,,,,,,,,,,,,,,,,,,,,,,
10-29-14,,,,,,,,,,,,,,,,,,,,,,,1.47,,,,,,,,,,,,,,0.00,74.39,,,,,,,,,,,,,,,,,,,,,,,,,,,,,,,,54.10,,,,,,,,,,,
10-30-14,,,,,,,,,,,,,,,,,,,,,,,2.62,,,,,,,,,,,,,,0.00,71.38,,,,,,,,,,,,,,,,,,,,,,,,,,,,,,,,53.80,,,,,,,,,,,
10-31-14,,,,,,,,,,,,,,,,,,,,,,,2.40,,,,,,,,,,,,,,0.00,68.42,,,,,,,,,,,,,,,,,,,,,,,,,,,,,,,,52.20,,,,,,,,,,,
11-01-14,,,,,,,,,,,,,,,,,,,,,,,1.97,,,,,,,,,,,,,,0.00,65.79,,,,,,,,,,,,,,,,,,,,,,,,,,,,,,,,49.80,,,,,,,,,,,
11-02-14,,,,,,,,,,,,,,,,,,,,,,,2.53,,,,,,,,,,,,,,0.00,63.62,,,,,,,,,,,,,,,,,,,,,,,,,,,,,,,,44.00,,,,,,,,,,,
11-03-14,,,,,,,,,,,,,,,,,,,,,,,2.67,,,,,,,,,,,,,,0.00,60.58,,,,,,,,,,,,,,,,,,,,,,,,,,,,,,,,40.60,,,,,,,,,,,
11-04-14,,,,,,,,,,,,,,,,,,,,,,,2.53,,,,,,,,,,,,,,0.00,55.96,,,,,,,,,,,,,,,,,,,,,,,,,,,,,,,,34.70,,,,,,,,,,,
11-05-14,,,,,,,,,,,,,,,,,,,,,,,2.88,,,,,,,,,,,,,,0.00,,,,,,,,,,,,,,,,,,,,,,,,,,,,,,,,,32.90,,,,,,,,,,,
11-06-14,,,,,,,,,,,,,,,,,,,,,,,2.94,,,,,,,,,,,,,,0.00,,,,,,,,,,,,,,,,,,,,,,,,,,,,,,,,,52.80,,,,,,,,,,,
11-07-14,,,,,,,,,,,,,,,,,,,,,,,2.94,,,,,,,,,,,,,,0.00,,,,,,,,,,,,,,,,,,,,,,,,,,,,,,,,,62.40,,,,,,,,,,,
11-08-14,,,,,,,,,,,,,,,,,,,,,,,3.20,,,,,,,,,,,,,,0.00,,,,,,,,,,,,,,,,,,,,,,,,,,,,,,,,,57.90,,,,,,,,,,,
11-09-14,,,,,,,,,,,,,,,,,,,,,,,2.24,,,,,,,,,,,,,,0.00,,,,,,,,,,,,,,,,,,,,,,,,,,,,,,,,,47.50,,,,,,,,,,,
11-10-14,,,,,,,,,,,,,,,,,,,,,,,1.67,,,,,,,,,,,,,,0.00,,,,,,,,,,,,,,,,,,,,,,,,,,,,,,,,,41.80,,,,,,,,,,,
11-11-14,,,,,,,,,,,,,,,,,,,,,,,1.46,,,,,,,,,,,,,,0.00,,,,,,,,,,,,,,,,,,,,,,,,,,,,,,,,,49.90,,,,,,,,,,,
11-12-14,,,,,,,,,,,,,,,,,,,,,,,2.08,,,,,,,,,,,,,,0.00,,,,,,,,,,,,,,,,,,,,,,,,,,,,,,,,,45.70,,,,,,,,,,,
11-13-14,,,,,,,,,,,,,,,,,,,,,,,2.26,,,,,,,,,,,,,,2.21,,,,,,,,,,,,,,,,,,,,,,,,,,,,,,,,,,,,,,,,,,,,
11-14-14,,,,,,,,,,,,,,,,,,,,,,,1.35,,,,,,,,,,,,,,4.43,,,,,,,,,,,,,,,,,,,,,,,,,,,,,,,,,,,,,,,,,,,,
11-15-14,,,,,,,,,,,,,,,,,,,,,,,1.25,,,,,,,,,,,,,,4.86,,,,,,,,,,,,,,,,,,,,,,,,,,,,,,,,,,,,,,,,,,,,
11-16-14,,,,,,,,,,,,,,,,,,,,,,,0.00,,,,,,,,,,,,,,6.14,,,,,,,,,,,,,,,,,,,,,,,,,,,,,,,,,,,,,,,,,,,,
11-17-14,,,,,,,,,,,,,,,,,,,,,,,1.08,,,,,,,,,,,,,,5.31,,,,,,,,,,,,,,,,,,,,,,,,,,,,,,,,,,,,,,,,,,,,
11-18-14,,,,,,,,,,,,,,,,,,,,,,,1.17,,,,,,,,,,,,,,6.57,,,,,,,,,,,,,,,,,,,,,,,,,,,,,,,,,,,,,,,,,,,,
11-19-14,,,,,,,,,,,,,,,,,,,,,,,2.15,,,,,,,,,,,,,,4.04,,,,,,,,,,,,,,,,,,,,,,,,,,,,,,,,,0.00,,,,,,,,,,,
11-20-14,,,,,,,,,,,,,,,,,,,,,,,,,,,,,,,,,,,,,4.12,,,,,,,,,,,,,,,,,,,,,,,,,,,,,,,,,0.00,,,,,,,,,,,
11-21-14,,,,,,,,,,,,,,,,,,,,,,,2.58,,,,,,,,,,,,,,0.00,,,,,,,,,,,,,,,,,,,,,,,,,,,,,,,,,0.00,,,,,,,,,,,
11-22-14,,,,,,,,,,,,,,,,,,,,,,,2.99,,,,,,,,,,,,,,2.70,,,,,,,,,,,,,,,,,,,,,,,,,,,,,,,,,0.00,,,,,,,,,,,
11-23-14,,,,,,,,,,,,,,,,,,,,,,,2.62,,,,,,,,,,,,,,0.00,,,,,,,,,,,,,,,,,,,,,,,,,,,,,,,,,0.00,,,,,,,,,,,
11-24-14,,,,,,,,,,,,,,,,,,,,,,,2.89,,,,,,,,,,,,,,0.00,,,,,,,,,,,,,,,,,,,,,,,,,,,,,,,,,0.00,,,,,,,,,,,
11-25-14,,,,,,,,,,,,,,,,,,,,,,,2.22,,,,,,,,,,,,,,0.00,,,,,,,,,,,,,,,,,,,,,,,,,,,,,,,,,,,,,,,,,,,,
11-26-14,,,,,,,,,,,,,,,,,,,,,,,2.90,,,,,,,,,,,,,,2.69,,,,,,,,,,,,,,,,,,,,,,,,,,,,,,,,,0.00,,,,,,,,,,,
11-27-14,,,,,,,,,,,,,,,,,,,,,,,1.88,,,,,,,,,,,,,,3.50,,,,,,,,,,,,,,,,,,,,,,,,,,,,,,,,,0.00,,,,,,,,,,,
11-28-14,,,,,,,,,,,,,,,,,,,,,,,1.91,,,,,,,,,,,,,,2.70,,,,,,,,,,,,,,,,,,,,,,,,,,,,,,,,,0.00,,,,,,,,,,,
11-29-14,,,,,,,,,,,,,,,,,,,,,,,0.00,,,,,,,,,,,,,,0.00,,,,,,,,,,,,,,,,,,,,,,,,,,,,,,,,,0.00,,,,,,,,,,,
11-30-14,,,,,,,,,,,,,,,,,,,,,,,2.17,,,,,,,,,,,,,,0.00,,,,,,,,,,,,,,,,,,,,,,,,,,,,,,,,,0.00,,,,,,,,,,,
12-01-14,,,,,,,,,,,,,,,,,,,,,,,2.58,,,,,,,,,,,,,,0.00,,,,,,,,,,,,,,,,,,,,,,,,,,,,,,,,,,,,,,,,,,,,
12-02-14,,,,,,,,,,,,,,,,,,,,,,,2.41,,,,,,,,,,,,,,2.80,,,,,,,,,,,,,,,,,,,,,,,,,,,,,,,,,,,,,,,,,,,,
12-03-14,,,,,,,,,,,,,,,,,,,,,,,1.79,,,,,,,,,,,,,,5.75,,,,,,,,,,,,,,,,,,,,,,,,,,,,,,,,,,,,,,,,,,,,
12-04-14,,,,,,,,,,,,,,,,,,,,,,,1.26,,,,,,,,,,,,,,6.43,,,,,,,,,,,,,,,,,,,,,,,,,,,,,,,,,0.00,,,,,,,,,,,
12-05-14,,,,,,,,,,,,,,,,,,,,,,,1.00,,,,,,,,,,,,,,5.55,,,,,,,,,,,,,,,,,,,,,,,,,,,,,,,,,0.00,,,,,,,,,,,
12-06-14,,,,,,,,,,,,,,,,,,,,,,,1.15,,,,,,,,,,,,,,0.00,,,,,,,,,,,,,,,,,,,,,,,,,,,,,,,,,,,,,,,,,,,,
12-07-14,,,,,,,,,,,,,,,,,,,,,,,,,,,,,,,,,,,,,4.61,,,,,,,,,,,,,,,,,,,,,,,,,,,,,,,,,,,,,,,,,,,,
12-08-14,,,,,,,,,,,,,,,,,,,,,,,1.03,,,,,,,,,,,,,,5.49,,,,,,,,,,,,,,,,,,,,,,,,,,,,,,,,,,,,,,,,,,,,
12-09-14,,,,,,,,,,,,,,,,,,,,,,,1.22,,,,,,,,,,,,,,4.27,,,,,,,,,,,,,,,,,,,,,,,,,,,,,,,,,,,,,,,,,,,,
12-10-14,,,,,,,,,,,,,,,,,,,,,,,1.12,,,,,,,,,,,,,,3.14,,,,,,,,,,,,,,,,,,,,,,,,,,,,,,,,,,,,,,,,,,,,
12-11-14,,,,,,,,,,,,,,,,,,,,,,,,,,,,,,,,,,,,,2.95,,,,,,,,,,,,,,,,,,,,,,,,,,,,,,,,,0.00,,,,,,,,,,,
12-12-14,,,,,,,,,,,,,,,,,,,,,,,1.12,,,,,,,,,,,,,,2.55,,,,,,,,,,,,,,,,,,,,,,,,,,,,,,,,,,,,,,,,,,,,
12-13-14,,,,,,,,,,,,,,,,,,,,,,,,,,,,,,,,,,,,,3.41,,,,,,,,,,,,,,,,,,,,,,,,,,,,,,,,,,,,,,,,,,,,
12-14-14,,,,,,,,,,,,,,,,,,,,,,,1.17,,,,,,,,,,,,,,2.71,,,,,,,,,,,,,,,,,,,,,,,,,,,,,,,,,,,,,,,,,,,,
12-15-14,,,,,,,,,,,,,,,,,,,,,,,1.04,,,,,,,,,,,,,,0.00,,,,,,,,,,,,,,,,,,,,,,,,,,,,,,,,,,,,,,,,,,,,
12-16-14,,,,,,,,,,,,,,,,,,,,,,,0.00,,,,,,,,,,,,,,0.00,,,,,,,,,,,,,,,,,,,,,,,,,,,,,,,,,,,,,,,,,,,,
12-17-14,,,,,,,,,,,,,,,,,,,,,,,0.00,,,,,,,,,,,,,,2.46,,,,,,,,,,,,,,,,,,,,,,,,,,,,,,,,,0.00,,,,,,,,,,,
12-18-14,,,,,,,,,,,,,,,,,,,,,,,0.00,,,,,,,,,,,,,,3.62,,,,,,,,,,,,,,,,,,,,,,,,,,,,,,,,,0.00,,,,,,,,,,,
12-19-14,,,,,,,,,,,,,,,,,,,,,,,0.00,,,,,,,,,,,,,,2.74,,,,,,,,,,,,,,,,,,,,,,,,,,,,,,,,,,,,,,,,,,,,
12-20-14,,,,,,,,,,,,,,,,,,,,,,,0.00,,,,,,,,,,,,,,,,,,,,,,,,,,,,,,,,,,,,,,,,,,,,,,,0.00,,,,,,,,,,,
12-21-14,,,,,,,,,,,,,,,,,,,,,,,1.12,,,,,,,,,,,,,,3.04,,,,,,,,,,,,,,,,,,,,,,,,,,,,,,,,,0.00,,,,,,,,,,,
12-22-14,,,,,,,,,,,,,,,,,,,,,,,2.20,,,,,,,,,,,,,,,,,,,,,,,,,,,,,,,,,,,,,,,,,,,,,,,0.00,,,,,,,,,,,
12-23-14,,,,,,,,,,,,,,,,,,,,,,,1.12,,,,,,,,,,,,,,4.31,,,,,,,,,,,,,,,,,,,,,,,,,,,,,,,,,0.00,,,,,,,,,,,
12-24-14,,,,,,,,,,,,,,,,,,,,,,,0.00,,,,,,,,,,,,,,4.27,,,,,,,,,,,,,,,,,,,,,,,,,,,,,,,,,0.00,,,,,,,,,,,
12-25-14,,,,,,,,,,,,,,,,,,,,,,,0.00,,,,,,,,,,,,,,,,,,,,,,,,,,,,,,,,,,,,,,,,,,,,,,,0.00,,,,,,,,,,,
12-26-14,,,,,,,,,,,,,,,,,,,,,,,0.00,,,,,,,,,,,,,,5.42,,,,,,,,,,,,,,,,,,,,,,,,,,,,,,,,,0.00,,,,,,,,,,,
12-27-14,,,,,,,,,,,,,,,,,,,,,,,0.00,,,,,,,,,,,,,,5.01,,,,,,,,,,,,,,,,,,,,,,,,,,,,,,,,,0.00,,,,,,,,,,,
12-28-14,,,,,,,,,,,,,,,,,,,,,,,0.00,,,,,,,,,,,,,,5.58,,,,,,,,,,,,,,,,,,,,,,,,,,,,,,,,,0.00,,,,,,,,,,,
12-29-14,,,,,,,,,,,,,,,,,,,,,,,0.00,,,,,,,,,,,,,,5.46,,,,,,,,,,,,,,,,,,,,,,,,,,,,,,,,,0.00,,,,,,,,,,,
12-30-14,,,,,,,,,,,,,,,,,,,,,,,0.00,,,,,,,,,,,,,,2.85,,,,,,,,,,,,,,,,,,,,,,,,,,,,,,,,,0.00,,,,,,,,,,,
12-31-14,,,,,,,,,,,,,,,,,,,,,,,1.03,,,,,,,,,,,,,,0.00,,,,,,,,,,,,,,,,,,,,,,,,,,,,,,,,,0.00,,,,,,,,,,,
01-01-15,,,,,,,,,,,,,,,,,,,,,,,0.00,,,,,,,,,,,,,,3.21,,,,,0.00,,,,0.00,0.00,0.00,0.00,,,,,,,,,,,,,,,,,,,,,0.00,,,,,,,,,,,
01-02-15,,,,,,,,,,,,,,,,,,,,,,,0.00,,,,,,,,,,,,,,4.59,,,,,0.00,0.00,,,0.00,0.00,0.00,0.00,,,,,,,,,,,,,,,,,,,,,0.00,,,,,,,,,,,
01-03-15,,,,,,,,,,,,,,,,,,,,,,,0.00,,,,,,,,,,,,,,6.39,,,,,0.00,0.00,,,0.00,0.00,0.00,0.00,,,,,,,,,,,,,,,,,,,,,0.00,,,,,,,,,,,
01-04-15,,,,,,,,,,,,,,,,,,,,,,,0.00,,,,,,,,,,,,,,7.43,,,,,0.00,0.00,,,0.00,0.00,0.00,0.00,,,,,,,,,,,,,,,,,,,,,0.00,,,,,,,,,,,
01-05-15,,,,,,,,,,,,,,,,,,,,,,,0.00,,,,,,,,,,,,,,6.99,,,,,0.00,0.00,,,0.00,0.00,0.00,0.00,,,,,,,,,,,,,,,,,,,,,0.00,,,,,,,,,,,
01-06-15,,,,,,,,,,,,,,,,,,,,,,,0.00,,,,,,,,,,,,,,6.50,,,,,0.00,0.00,,,0.00,0.00,0.00,0.00,,,,,,,,,,,,,,,,,,,,,0.00,,,,,,,,,,,
01-07-15,,,,,,,,,,,,,,,,,,,,,,,0.00,,,,,,,,,,,,,,5.64,,,,,0.00,0.00,,,0.00,0.00,0.00,0.00,,,,,,,,,,,,,,,,,,,,,0.00,,,,,,,,,,,
01-08-15,,,,,,,,,,,,,,,,,,,,,,,0.00,,,,,,,,,,,,,,4.78,,,,,0.00,0.00,,,0.00,0.00,0.00,0.00,,,,,,,,,,,,,,,,,,,,,0.00,,,,,,,,,,,
01-09-15,,,,,,,,,,,,,,,,,,,,,,,0.00,,,,,,,,,,,,,,6.74,,,,,0.00,0.00,,,0.00,0.00,0.00,0.00,,,,,,,,,,,,,,,,,,,,,0.00,,,,,,,,,,,
01-10-15,,,,,,,,,,,,,,,,,,,,,,,0.00,,,,,,,,,,,,,,7.85,,,,,0.00,,,,0.00,0.00,0.00,0.00,,,,,,,,,,,,,,,,,,,,,2.15,,,,,,,,,,,
01-11-15,,,,,,,,,,,,,,,,,,,,,,,0.00,,,,,,,,,,,,,,6.85,,,,,0.00,0.00,,,0.00,0.00,0.00,0.00,,,,,,,,,,,,,,,,,,,,,15.35,,,,,,,,,,,
01-12-15,,,,,,,,,,,,,,,,,,,,,,,0.00,,,,,,,,,,,,,,5.74,,,,,0.00,0.00,,,0.00,0.00,0.00,0.00,,,,,,,,,,,,,,,,,,,,,8.45,,,,,,,,,,,
01-13-15,,,,,,,,,,,,,,,,,,,,,,,0.00,,,,,,,,,,,,,,4.77,,,,,0.00,2.21,,,0.00,0.00,0.00,0.00,,,,,,,,,,,,,,,,,,,,,2.65,,,,,,,,,,,
01-14-15,,,,,,,,,,,,,,,,,,,,,,,,,,,,,,,,,,,,,5.04,,,,,0.00,0.00,,,0.00,0.00,0.00,0.00,,,,,,,,,,,,,,,,,,,,,0.00,,,,,,,,,,,
01-15-15,,,,,,,,,,,,,,,,,,,,,,,0.00,,,,,,,,,,,,,,5.55,,,,,0.00,0.00,,,0.00,0.00,0.00,0.00,,,,,,,,,,,,,,,,,,,,,0.00,,,,,,,,,,,
01-16-15,,,,,,,,,,,,,,,,,,,,,,,0.00,,,,,,,,,,,,,,5.93,,,,,0.00,0.00,,,0.00,0.00,0.00,0.00,,,,,,,,,,,,,,,,,,,,,0.00,,,,,,,,,,,
01-17-15,,,,,,,,,,,,,,,,,,,,,,,0.00,,,,,,,,,,,,,,6.40,,,,,0.00,0.00,,,0.00,0.00,0.00,0.00,,,,,,,,,,,,,,,,,,,,,0.00,,,,,,,,,,,
01-18-15,,,,,,,,,,,,,,,,,,,,,,,0.00,,,,,,,,,,,,,,5.98,,,,,0.00,0.00,,,0.00,0.00,0.00,0.00,,,,,,,,,,,,,,,,,,,,,0.00,,,,,,,,,,,
01-19-15,,,,,,,,,,,,,,,,,,,,,,,,,,,,,,,,,,,,,4.94,,,,,0.00,0.00,,,0.00,0.00,0.00,0.00,,,,,,,,,,,,,,,,,,,,,0.00,,,,,,,,,,,
01-20-15,,,,,,,,,,,,,,,,,,,,,,,0.00,,,,,,,,,,,,,,5.22,,,,,0.00,0.00,,,0.00,0.00,0.00,0.00,,,,,,,,,,,,,,,,,,,,,0.00,,,,,,,,,,,
01-21-15,,,,,,,,,,,,,,,,,,,,,,,0.00,,,,,,,,,,,,,,4.97,,,,,0.00,0.00,,,0.00,0.00,0.00,0.00,,,,,,,,,,,,,,,,,,,,,0.00,,,,,,,,,,,
01-22-15,,,,,,,,,,,,,,,,,,,,,,,0.00,,,,,,,,,,,,,,5.05,,,,,0.00,0.00,,,0.00,0.00,0.00,0.00,,,,,,,,,,,,,,,,,,,,,0.00,,,,,,,,,,,
01-23-15,,,,,,,,,,,,,,,,,,,,,,,0.00,,,,,,,,,,,,,,6.52,,,,,0.00,0.00,,,0.00,0.00,0.00,0.00,,,,,,,,,,,,,,,,,,,,,0.00,,,,,,,,,,,
01-24-15,,,,,,,,,,,,,,,,,,,,,,,0.00,,,,,,,,,,,,,,8.52,,,,,0.00,0.00,,,0.00,0.00,0.00,0.00,,,,,,,,,,,,,,,,,,,,,0.00,,,,,,,,,,,
01-25-15,,,,,,,,,,,,,,,,,,,,,,,0.00,,,,,,,,,,,,,,5.86,,,,,0.00,0.00,,,0.00,0.00,0.00,0.00,,,,,,,,,,,,,,,,,,,,,0.00,,,,,,,,,,,
01-26-15,,,,,,,,,,,,,,,,,,,,,,,0.00,,,,,,,,,,,,,,6.29,,,,,0.00,0.00,,,0.00,0.00,0.00,0.00,,,,,,,,,,,,,,,,,,,,,0.00,,,,,,,,,,,
01-27-15,,,,,,,,,,,,,,,,,,,,,,,0.00,,,,,,,,,,,,,,5.48,,,,,0.00,0.00,,,0.00,0.00,0.00,0.00,,,,,,,,,,,,,,,,,,,,,0.00,,,,,,,,,,,
01-28-15,,,,,,,,,,,,,,,,,,,,,,,0.00,,,,,,,,,,,,,,4.31,,,,,0.00,0.00,,,0.00,0.00,0.00,0.00,,,,,,,,,,,,,,,,,,,,,0.00,,,,,,,,,,,
01-29-15,,,,,,,,,,,,,,,,,,,,,,,0.00,,,,,,,,,,,,,,5.67,,,,,0.00,2.29,,,0.00,0.00,0.00,0.00,,,,,,,,,,,,,,,,,,,,,0.00,,,,,,,,,,,
01-30-15,,,,,,,,,,,,,,,,,,,,,,,0.00,,,,,,,,,,,,,,5.81,,,,,0.00,0.00,,,0.00,0.00,0.00,0.00,,,,,,,,,,,,,,,,,,,,,0.00,,,,,,,,,,,
01-31-15,,,,,,,,,,,,,,,,,,,,,,,0.00,,,,,,,,,,,,,,6.59,,,,,0.00,0.00,,,0.00,0.00,0.00,0.00,,,,,,,,,,,,,,,,,,,,,0.00,,,,,,,,,,,
02-01-15,,,,,,,,,,,,,,,,,,,,,,,0.00,,,,,,,,,,,,,,5.67,,,,,0.00,0.00,,,0.00,0.00,0.00,0.00,,,,,,,,,,,,,,,,,,,,,0.00,,,,,,,,,,,
02-02-15,,,,,,,,,,,,,,,,,,,,,,,0.00,,,,,,,,,,,,,,5.91,,,,,0.00,0.00,,,0.00,0.00,0.00,0.00,,,,,,,,,,,,,,,,,,,,,0.00,,,,,,,,,,,
02-03-15,,,,,,,,,,,,,,,,,,,,,,,0.00,,,,,,,,,,,,,,5.49,,,,,0.00,0.00,,,0.00,0.00,0.00,0.00,,,,,,,,,,,,,,,,,,,,,0.00,,,,,,,,,,,
02-04-15,,,,,,,,,,,,,,,,,,,,,,,0.00,,,,,,,,,,,,,,5.93,,,,,0.00,0.00,,,0.00,0.00,0.00,0.00,,,,,,,,,,,,,,,,,,,,,0.00,,,,,,,,,,,
02-05-15,,,,,,,,,,,,,,,,,,,,,,,0.00,,,,,,,,,,,,,,5.53,,,,,0.00,0.00,,,0.00,0.00,0.00,0.00,,,,,,,,,,,,,,,,,,,,,0.00,,,,,,,,,,,
02-06-15,,,,,,,,,,,,,,,,,,,,,,,0.00,,,,,,,,,,,,,,5.10,,,,,0.00,0.00,,,0.00,0.00,0.00,0.00,,,,,,,,,,,,,,,,,,,,,0.00,,,,,,,,,,,
02-07-15,,,,,,,,,,,,,,,,,,,,,,,0.00,,,,,,,,,,,,,,4.54,,,,,0.00,0.00,,,0.00,0.00,0.00,0.00,,,,,,,,,,,,,,,,,,,,,0.00,,,,,,,,,,,
02-08-15,,,,,,,,,,,,,,,,,,,,,,,0.00,,,,,,,,,,,,,,3.24,,,,,0.00,0.00,,,0.00,0.00,0.00,0.00,,,,,,,,,,,,,,,,,,,,,0.00,,,,,,,,,,,
02-09-15,,,,,,,,,,,,,,,,,,,,,,,0.00,,,,,,,,,,,,,,0.00,,,,,0.00,0.00,,,0.00,0.00,0.00,0.00,,,,,,,,,,,,,,,,,,,,,0.00,,,,,,,,,,,
02-10-15,,,,,,,,,,,,,,,,,,,,,,,0.00,,,,,,,,,,,,,,3.10,,,,,0.00,0.00,,,0.00,0.00,0.00,0.00,,,,,,,,,,,,,,,,,,,,,0.00,,,,,,,,,,,
02-11-15,,,,,,,,,,,,,,,,,,,,,,,0.00,,,,,,,,,,,,,,4.59,,,,,0.00,6.25,,,0.00,0.00,0.00,0.00,,,,,,,,,,,,,,,,,,,,,0.00,,,,,,,,,,,
02-12-15,,,,,,,,,,,,,,,,,,,,,,,0.00,,,,,,,,,,,,,,5.25,,,,,0.00,6.73,,,0.00,0.00,0.00,0.00,,,,,,,,,,,,,,,,,,,,,0.00,,,,,,,,,,,
02-13-15,,,,,,,,,,,,,,,,,,,,,,,0.00,,,,,,,,,,,,,,7.12,,,,,0.00,0.00,,,0.00,0.00,0.00,0.00,,,,,,,,,,,,,,,,,,,,,0.00,,,,,,,,,,,
02-14-15,,,,,,,,,,,,,,,,,,,,,,,0.00,,,,,,,,,,,,,,6.27,,,,,0.00,0.00,,,0.00,0.00,0.00,0.00,,,,,,,,,,,,,,,,,,,,,0.00,,,,,,,,,,,
02-15-15,,,,,,,,,,,,,,,,,,,,,,,0.00,,,,,,,,,,,,,,5.31,,,,,0.00,0.00,,,0.00,0.00,0.00,0.00,,,,,,,,,,,,,,,,,,,,,0.00,,,,,,,,,,,
02-16-15,,,,,,,,,,,,,,,,,,,,,,,0.00,,,,,,,,,,,,,,5.73,,,,,0.00,0.00,,,0.00,0.00,0.00,0.00,,,,,,,,,,,,,,,,,,,,,0.00,,,,,,,,,,,
02-17-15,,,,,,,,,,,,,,,,,,,,,,,0.00,,,,,,,,,,,,,,6.57,,,,,0.00,0.00,,,0.00,0.00,0.00,0.00,,,,,,,,,,,,,,,,,,,,,0.00,,,,,,,,,,,
02-18-15,,,,,,,,,,,,,,,,,,,,,,,0.00,,,,,,,,,,,,,,0.00,,,,,0.00,0.00,,,0.00,0.00,0.00,0.00,,,,,,,,,,,,,,,,,,,,,0.00,,,,,,,,,,,
02-19-15,,,,,,,,,,,,,,,,,,,,,,,0.00,,,,,,,,,,,,,,0.00,,,,,0.00,,,,0.00,0.00,0.00,0.00,,,,,,,,,,,,,,,,,,,,,0.00,,,,,,,,,,,
02-20-15,,,,,,,,,,,,,,,,,,,,,,,1.07,,,,,,,,,,,,,,0.00,,,,,0.00,0.00,,,0.00,0.00,0.00,0.00,,,,,,,,,,,,,,,,,,,,,0.00,,,,,,,,,,,
02-21-15,,,,,,,,,,,,,,,,,,,,,,,0.00,,,,,,,,,,,,,,2.09,,,,,0.00,3.26,,,0.00,0.00,0.00,0.00,,,,,,,,,,,,,,,,,,,,,0.00,,,,,,,,,,,
02-22-15,,,,,,,,,,,,,,,,,,,,,,,0.00,,,,,,,,,,,,,,3.12,,,,,0.00,0.00,,,0.00,0.00,0.00,0.00,,,,,,,,,,,,,,,,,,,,,0.00,,,,,,,,,,,
02-23-15,,,,,,,,,,,,,,,,,,,,,,,0.00,,,,,,,,,,,,,,5.00,,,,,0.00,0.00,,,0.00,0.00,0.00,0.00,,,,,,,,,,,,,,,,,,,,,,,,,,,,,,,,
02-24-15,,,,,,,,,,,,,,,,,,,,,,,0.00,,,,,,,,,,,,,,2.89,,,,,0.00,0.00,,,0.00,0.00,0.00,0.00,,,,,,,,,,,,,,,,,,,,,0.00,,,,,,,,,,,
02-25-15,,,,,,,,,,,,,,,,,,,,,,,0.00,,,,,,,,,,,,,,3.40,,,,,0.00,0.00,,,0.00,0.00,0.00,0.00,,,,,,,,,,,,,,,,,,,,,0.00,,,,,,,,,,,
02-26-15,,,,,,,,,,,,,,,,,,,,,,,0.00,,,,,,,,,,,,,,3.51,,,,,0.00,0.00,,,0.00,0.00,0.00,0.00,,,,,,,,,,,,,,,,,,,,,0.00,,,,,,,,,,,
02-27-15,,,,,,,,,,,,,,,,,,,,,,,0.00,,,,,,,,,,,,,,3.19,,,,,0.00,2.28,,,0.00,0.00,0.00,0.00,,,,,,,,,,,,,,,,,,,,,0.00,,,,,,,,,,,
02-28-15,,,,,,,,,,,,,,,,,,,,,,,0.00,,,,,,,,,,,,,,2.06,,,,,0.00,0.00,,,0.00,0.00,0.00,0.00,,,,,,,,,,,,,,,,,,,,,0.00,,,,,,,,,,,
03-01-15,,,,,,,,,,,,,,,,,,,,,,,0.00,,,,,,,,,,,,,,2.48,,,,,0.00,0.00,,,0.00,0.00,0.00,0.00,,,,,,,,,,,,,,,,,,,,,0.00,,,,,,,,,,,
03-02-15,,,,,,,,,,,,,,,,,,,,,,,0.00,,,,,,,,,,,,,,2.18,,,,,0.00,0.00,,,0.00,0.00,0.00,0.00,,,,,,,,,,,,,,,,,,,,,0.00,,,,,,,,,,,
03-03-15,,,,,,,,,,,,,,,,,,,,,,,0.00,,,,,,,,,,,,,,5.33,,,,,0.00,0.00,,,0.00,0.00,0.00,0.00,,,,,,,,,,,,,,,,,,,,,0.00,,,,,,,,,,,
03-04-15,,,,,,,,,,,,,,,,,,,,,,,0.00,,,,,,,,,,,,,,3.53,,,,,0.00,0.00,,,0.00,0.00,0.00,0.00,,,,,,,,,,,,,,,,,,,,,0.00,,,,,,,,,,,
03-05-15,,,,,,,,,,,,,,,,,,,,,,,0.00,,,,,,,,,,,,,,6.18,,,,,0.00,0.00,,,0.00,0.00,0.00,0.00,,,,,,,,,,,,,,,,,,,,,0.00,,,,,,,,,,,
03-06-15,,,,,,,,,,,,,,,,,,,,,,,0.00,,,,,,,,,,,,,,5.38,,,,,0.00,0.00,,,0.00,0.00,0.00,0.00,,,,,,,,,,,,,,,,,,,,,0.00,,,,,,,,,,,
03-07-15,,,,,,,,,,,,,,,0.00,,,,,,,,0.00,,,,,,,,,,,,,,4.97,,,,,0.00,0.00,,,0.00,0.00,0.00,0.00,,,,,,,,,,,,,,,,,,,,,0.00,,,,,,,,,,,
03-08-15,,,,,,,,,,,,,,,0.00,,,,,,,,0.00,,,,,,,,,,,,,,5.70,,,,,0.00,0.00,,,0.00,0.00,0.00,0.00,,,,,,,,,,,,,,,,,,,,,7.10,,,,,,,,,,,
03-09-15,,,,,,,,,,,,,,,0.00,,,,,,,,,,,,,,,,,,,,,,7.05,,,,,0.00,0.00,,,0.00,0.00,0.00,0.00,,,,,,,,,,,,,,,,,,,,,3.70,,,,,,,,,,,
03-10-15,,,,,,,,,,,,,,,0.00,,,,,,,,0.00,,,,,,,,,,,,,,7.15,,,,,0.00,0.00,,,0.00,0.00,0.00,0.00,,,,,,,,,,,,,,,,,,,,,0.00,,,,,,,,,,,
03-11-15,,,,,,,,,,,,,,,0.00,,,,,,,,0.00,,,,,,,,,,,,,,,,,,,0.00,0.00,,,0.00,0.00,0.00,0.00,,,,,,,,,,,,,,,,,,,,,0.00,,,,,,,,,,,
03-12-15,,,,,,,,,,,,,,,0.00,,,,,,,,0.00,,,,,,,,,,,,,,5.53,,,,,0.00,0.00,,,0.00,0.00,0.00,0.00,,,,,,,,,,,,,,,,,,,,,0.00,,,,,,,,,,,
03-13-15,,,,,,,,,,,,,,,0.10,,,,,,,,0.00,,,,,,,,,,,,,,4.01,,,,,0.00,0.00,,,0.00,0.00,0.00,0.00,,,,,,,,,,,,,,,,,,,,,,,,,,,,,,,,
03-14-15,,,,,,,,,,,,,,,0.37,,,,,,,,0.00,,,,,,,,,,,,,,3.05,,,,,0.00,0.00,,,0.00,0.00,0.00,0.00,,,,,,,,,,,,,,,,,,,,,0.00,,,,,,,,,,,
03-15-15,,,,,,,,,,,,,,,0.00,,,,,,,,0.00,,,,,,,,,,,,,,5.18,,,,,0.00,0.00,,,0.00,0.00,0.00,0.00,,,,,,,,,,,,,,,,,,,,,0.00,,,,,,,,,,,
03-16-15,,,,,,,,,,,,,,,0.00,,,,,,,,0.00,,,,,,,,,,,,,,4.91,,,,,0.00,0.00,,,0.00,0.00,0.00,0.00,,,,,,,,,,,,,,,,,,,,,0.00,,,,,,,,,,,
03-17-15,,,,,,,,,,,,,,,0.00,,,,,,,,0.00,,,,,,,,,,,,,,,,,,,0.00,0.00,,,0.00,0.00,0.00,0.00,,,,,,,,,,,,,,,,,,,,,0.00,,,,,,,,,,,
03-18-15,,,,,,,,,,,,,,,0.02,,,,,,,,0.00,,,,,,,,,,,,,,5.25,,,,,0.00,0.00,,,0.00,0.00,0.00,0.00,,,,,,,,,,,,,,,,,,,,,0.00,,,,,,,,,,,
03-19-15,,,,,,,,,,,,,,,0.00,,,,,,,,0.00,,,,,,,,,,,,,,6.00,,,,,0.00,0.00,,,0.00,0.00,0.00,0.00,,,,,,,,,,,,,,,,,,,,,7.50,,,,,,,,,,,
03-20-15,,,,,,,,,,,,,,,0.00,,,,,,,,0.00,,,,,,,,,,,,,,6.70,,,,,0.00,0.00,,,0.00,0.00,0.00,0.00,,,,,,,,,,,,,,,,,,,,,16.40,,,,,,,,,,,
03-21-15,,,,,,,,,,,,,,,0.00,,,,,,,,0.00,,,,,,,,,,,,,,7.61,,,,,0.00,3.83,,,0.00,0.00,0.00,0.00,,,,,,,,,,,,,,,,,,,,,8.50,,,,,,,,,,,
03-22-15,,,,,,,,,,,,,,,0.55,,,,,,,,0.00,,,,,,,,,,,,,,5.30,,,,,0.00,0.00,,,0.00,0.00,0.00,0.00,,,,,,,,,,,,,,,,,,,,,0.00,,,,,,,,,,,
03-23-15,,,,,,,,,,,,,,,0.23,,,,,,,,0.00,,,,,,,,,,,,,,3.72,,,,,0.00,0.00,,,0.00,0.00,0.00,0.00,,,,,,,,,,,,,,,,,,,,,0.00,,,,,,,,,,,
03-24-15,,,,,,,,,,,,,,,7.83,,,,,,,,0.00,,,,,,,,,,,,,,67.44,,,,,0.00,0.00,,,0.00,0.00,0.00,0.00,,,,,,,,,,,,,,,,,,,,,0.00,,,,,,,,,,,
03-25-15,,,,,,,,,,,,,,,28.05,,,,,,,,0.00,,,,,,,,,,,,,,27.01,,,,,0.00,0.00,,,0.00,0.00,0.00,0.00,,,,,,,,,,,,,,,,,,,,,0.00,,,,,,,,,,,
03-26-15,,,,,,,,,,,,,,,26.21,,,,,,,,0.00,,,,,,,,,,,,,,22.73,,,,,0.00,0.00,,,0.00,0.00,0.00,0.00,,,,,,,,,,,,,,,,,,,,,0.00,,,,,,,,,,,
03-27-15,,,,,,,,,,,,,,,16.95,,,,,,,,0.00,,,,,,,,,,,,,,0.00,,,,,0.00,0.00,,,0.00,0.00,0.00,0.00,,,,,,,,,,,,,,,,,,,,,0.00,,,,,,,,,,,
03-28-15,,,,,,,,,,,,,,,11.80,,,,,,,,0.00,,,,,,,,,,,,,,0.00,,,,,0.00,0.00,,,0.00,0.00,0.00,0.00,,,,,,,,,,,,,,,,,,,,,0.00,,,,,,,,,,,
03-29-15,,,,,,,,,,,,,,,7.00,,,,,,,,,,,,,,,,,,,,,,0.00,,,,,0.00,0.00,,,0.00,0.00,0.00,0.00,,,,,,,,,,,,,,,,,,,,,0.00,,,,,,,,,,,
03-30-15,,,,,,,,,,,,,,,2.55,,,,,,,,0.00,,,,,,,,,,,,,,0.00,,,,,0.00,4.41,,,0.00,0.00,0.00,0.00,,,,,,,,,,,,,,,,,,,,,0.00,,,,,,,,,,,
03-31-15,,,,,,,,,,,,,,,0.00,,,,,,,,,,,,,,,,,,,,,,0.00,,,,,0.00,0.00,,,0.00,0.00,0.00,0.00,,,,,,,,,,,,,,,,,,,,,0.00,,,,,,,,,,,
04-01-15,,,,,,,,,,,,,,,0.00,,,,,,,,0.00,,,,,,,,,,,,,,2.46,,,,,0.00,0.00,,,0.00,0.00,0.00,0.00,,,,,,,,,,,,,,,,,,,,,7.20,,,,,,,,,,,
04-02-15,,,,,,,,,,,,,,,0.00,,,,,,,,0.00,,,,,,,,,,,,,,2.89,,,,,0.00,0.00,,,0.00,0.00,0.00,0.00,,,,,,,,,,,,,,,,,,,,,11.90,,,,,,,,,,,
04-03-15,,,,,,,,,,,,,,,0.00,,,,,,,,0.00,,,,,,,,,,,,,,0.00,,,,,0.00,0.00,,,0.00,0.00,0.00,0.00,,,,,,,,,,,,,,,,,,,,,22.20,,,,,,,,,,,
04-04-15,,,,,,,,,,,,,,,0.00,,,,,,,,0.00,,,,,,,,,,,,,,0.00,,,,,0.00,8.00,,,0.00,0.00,0.00,0.00,,,,,,,,,,,,,,,,,,,,,18.80,,,,,,,,,,,
04-05-15,,,,,,,,,,,,,,,,,,,,,,,0.00,,,,,,,,,,,,,,2.12,,,,,0.00,4.65,,,0.00,0.00,0.00,0.00,,,,,,,,,,,,,,,,,,,,,15.20,,,,,,,,,,,
04-06-15,,,,,,,,,,,,,,,0.00,,,,,,,,0.00,,,,,,,,,,,,,,3.54,,,,,0.00,10.67,,,0.00,0.00,0.00,0.00,,,,,,,,,,,,,,,,,,,,,12.10,,,,,,,,,,,
04-07-15,,,,,,,,,,,,,,,0.00,,,,,,,,0.00,,,,,,,,,,,,,,0.00,,,,,0.00,8.00,,,0.00,0.00,0.00,0.00,,,,,,,,,,,,,,,,,,,,,9.90,,,,,,,,,,,
04-08-15,,,,,,,,,,,,,,,0.00,,,,,,,,0.00,,,,,,,,,,,,,,0.00,,,,,0.00,0.00,,,0.00,0.00,0.00,0.00,,,,,,,,,,,,,,,,,,,,,6.00,,,,,,,,,,,
04-09-15,,,,,,,,,,,,,,,0.00,,,,,,,,0.00,,,,,,,,,,,,,,2.98,,,,,,0.00,,,0.00,0.00,0.00,0.00,,,,,,,,,,,,,,,,,,,,,0.00,,,,,,,,,,,
04-10-15,,,,,,,,,,,,,,,0.00,,,,,,,,0.00,,,,,,,,,,,,,,4.43,,,,,0.00,0.00,,,0.00,0.00,0.00,0.00,,,,,,,,,,,,,,,,,,,,,0.00,,,,,,,,,,,
04-11-15,,,,,,,,,,,,,,,0.00,,,,,,,,0.00,,,,,,,,,,,,,,,,,,,0.00,0.00,,,0.00,0.00,0.00,0.00,,,,,,,,,,,,,,,,,,,,,0.00,,,,,,,,,,,
04-12-15,,,,,,,,,,,,,,,0.00,,,,,,,,1.00,,,,,,,,,,,,,,6.68,,,,,0.00,0.00,,,0.00,0.00,0.00,0.00,,,,,,,,,,,,,,,,,,,,,0.00,,,,,,,,,,,
04-13-15,,,,,,,,,,,,,,,0.00,,,,,,,,0.00,,,,,,,,,,,,,,6.46,,,,,0.00,0.00,,,0.00,0.00,0.00,0.00,,,,,,,,,,,,,,,,,,,,,0.00,,,,,,,,,,,
04-14-15,,,,,,,,,,,,,,,0.00,,,,,,,,0.00,,,,,,,,,,,,,,11.39,,,,,0.00,0.00,,,0.00,0.00,0.00,0.00,,,,,,,,,,,,,,,,,,,,,0.00,,,,,,,,,,,
04-15-15,,,,,,,,,,,,,,,0.00,,,,,,,,1.50,,,,,,,,,,,,,,0.00,,,,,0.00,0.00,,,0.00,0.00,0.00,0.00,,,,,,,,,,,,,,,,,,,,,0.00,,,,,,,,,,,
04-16-15,,,,,,,,,,,,,,,0.13,,,,,,,,0.00,,,,,,,,,,,,,,0.00,,,,,0.00,0.00,,,0.00,0.00,0.00,0.00,,,,,,,,,,,,,,,,,,,,,0.00,,,,,,,,,,,
04-17-15,,,,,,,,,,,,,,,0.26,,,,,,,,0.00,,,,,,,,,,,,,,6.02,,,,,0.00,0.00,,,0.00,0.00,0.00,0.00,,,,,,,,,,,,,,,,,,,,,0.00,,,,,,,,,,,
04-18-15,,,,,,,,,,,,,,,0.00,,,,,,,,0.00,,,,,,,,,,,,,,7.97,,,,,0.00,0.00,,,0.00,0.00,0.00,0.00,,,,,,,,,,,,,,,,,,,,,0.00,,,,,,,,,,,
04-19-15,,,,,,,,,,,,,,,0.11,,,,,,,,1.72,,,,,,,,,,,,,,5.82,,,,,7.88,,,,0.00,0.00,0.00,0.00,,,,,,,,,,,,,,,,,,,,,0.00,,,,,,,,,,,
04-20-15,,,,,,,,,,,,,,,0.11,,,,,,,,1.86,,,,,,,,,,,,,,7.40,,,,,2.21,0.00,,,0.00,0.00,0.00,0.00,,,,,,,,,,,,,,,,,,,,,0.00,,,,,,,,,,,
04-21-15,,,,,,,,,,,,,,,0.02,,,,,,,,0.00,,,,,,,,,,,,,,6.76,,,,,0.00,0.00,,,0.00,0.00,0.00,0.00,,,,,,,,,,,,,,,,,,,,,0.00,,,,,,,,,,,
04-22-15,,,,,,,,,,,,,,,0.00,,,,,,,,0.00,,,,,,,,,,,,,,,,,,,0.00,0.00,,,0.00,0.00,0.00,0.00,,,,,,,,,,,,,,,,,,,,,0.00,,,,,,,,,,,
04-23-15,,,,,,,,,,,,,,,0.00,,,,,,,,0.00,,,,,,,,,,,,,,40.52,,,,,0.00,0.00,,,0.00,0.00,0.00,0.00,,,,,,,,,,,,,,,,,,,,,0.00,,,,,,,,,,,
04-24-15,,,,,,,,,,,,,,,0.00,,,,,,,,0.00,,,,,,,,,,,,,,11.14,,,,,0.00,0.00,,,0.00,0.00,0.00,0.00,,,,,,,,,,,,,,,,,,,,,0.00,,,,,,,,,,,
04-25-15,,,,,,,,,,,,,,,0.00,,,,,,,,0.00,,,,,,,,,,,,,,11.04,,,,,0.00,0.00,,,0.00,0.00,0.00,0.00,,,,,,,,,,,,,,,,,,,,,0.00,,,,,,,,,,,
04-26-15,,,,,,,,,,,,,,,0.00,,,,,,,,0.00,,,,,,,,,,,,,,10.02,,,,,0.00,0.00,,,0.00,0.00,0.00,0.00,,,,,,,,,,,,,,,,,,,,,0.00,,,,,,,,,,,
04-27-15,,,,,,,,,,,,,,,0.00,,,,,,,,0.00,,,,,,,,,,,,,,10.19,,,,,0.00,0.00,,,0.00,0.00,0.00,0.00,,,,,,,,,,,,,,,,,,,,,0.00,,,,,,,,,,,
04-28-15,,,,,,,,,,,,,,,0.29,,,,,,,,0.00,,,,,,,,,,,,,,9.14,,,,,0.00,0.00,,,0.00,0.00,0.00,0.00,,,,,,,,,,,,,,,,,,,,,0.00,,,,,,,,,,,
04-29-15,,,,,,,,,,,,,,,0.00,,,,,,,,0.00,,,,,,,,,,,,,,12.38,,,,,0.00,0.00,,,0.00,0.00,0.00,0.00,,,,,,,,,,,,,,,,,,,,,0.00,,,,,,,,,,,
04-30-15,,,,,,,,,,,,,,,0.38,,,,,,,,0.00,,,,,,,,,,,,,,8.54,,,,,0.00,0.00,,,0.00,0.00,0.00,0.00,,,,,,,,,,,,,,,,,,,,,0.00,,,,,,,,,,,
05-01-15,,,,,,,,,,,,,,,0.92,,,,,,,,0.00,,,,,,,,,,,,,,11.61,,,,,2.29,0.00,,,0.00,0.00,0.00,0.00,,,,,,,,,,,,,,,,,,,,,0.00,,,,,,,,,,,
05-02-15,,,,,,,,,,,,,,,0.99,,,,,0.00,,,0.00,,,,,,,,,,,,,,0.00,,,,,17.57,10.79,,,0.00,0.00,0.00,0.00,,,,,,,,,,,,,,,,,,,,,0.00,,,,,,,,,,,
05-03-15,,,,,,,,,,,,,,,1.21,,,,,0.00,,,1.33,,,,,,,,,,,,,,2.11,,,,,8.24,5.88,,,0.00,0.00,0.00,0.00,,,,,,,,,,,,,,,,,,,,,0.00,,,,,,,,,,,
05-04-15,,,,,,,,,,,,,,,0.89,,,,,0.00,,,0.00,,,,,,,,,,,,,,4.28,,,,,2.77,3.33,,,0.00,0.00,0.00,0.00,,,,,,,,,,,,,,,,,,,,,0.00,,,,,,,,,,,
05-05-15,,,,,,,,,,,,,,,0.63,,,,,0.00,,,1.17,,,,,,,,,,,,,,,,,,,0.00,0.00,,,0.00,0.00,0.00,0.00,,,,,,,,,,,,,,,,,,,,,0.00,,,,,,,,,,,
05-06-15,,,,,,,,,,,,,,,0.86,,,,,0.00,,,1.05,,,,,,,,,,,,,,,,,,,0.00,0.00,,,0.00,0.00,0.00,0.00,,,,,,,,,,,,,,,,,,,,,0.00,,,,,,,,,,,
05-07-15,,,,,,,,,,,,,,,0.54,,,,,0.00,,,0.00,,,,,,,,,,,,,,,,,,,0.00,0.00,,,0.00,0.00,0.00,0.00,,,,,,,,,,,,,,,,,,,,,0.00,,,,,,,,,,,
05-08-15,,,,,,,,,,,,,,,0.60,,,,,0.00,,,1.33,,,,,,,,,,,,,,,,,,,0.00,0.00,,,0.00,0.00,0.00,0.00,,,,,,,,,,,,,,,,,,,,,2.80,,,,,,,,,,,
05-09-15,,,,,,,,,,,,,,,0.12,,,,,0.00,,,,,,,,,,,,,,,,,,,,,,0.00,0.00,,,0.00,0.00,0.00,0.00,,,,,,,,,,,,,,,,,,,,,5.80,,,,,,,,,,,
05-10-15,,,,,,,,,,,,,,,0.29,,,,,0.00,,,1.38,,,,,,,,,,,,,,,,,,,0.00,3.08,,,0.00,0.00,0.00,0.00,,,,,,,,,,,,,,,,,,,,,4.40,,,,,,,,,,,
05-11-15,,,,,,,,,,,,,,,0.01,,,,,0.00,,,1.86,,,,,,,,,,,,,,,,,,,0.00,0.00,,,0.00,0.00,0.00,0.00,,,,,,,,,,,,,,,,,,,,,0.00,,,,,,,,,,,
05-12-15,,,,,,,,,,,,,,,0.37,,,,,0.00,,,1.75,,,,,,,,,,,,,,,,,,,0.00,0.00,,,0.00,0.00,0.00,0.00,,,,,,,,,,,,,,,,,,,,,0.00,,,,,,,,,,,
05-13-15,,,,,,,,,,,,,,,0.56,,,,,0.00,,,1.07,,,,,,,,,,,,,,,,,,,0.00,0.00,,,0.00,0.00,0.00,0.00,,,,,,,,,,,,,,,,,,,,,12.10,,,,,,,,,,,
05-14-15,,,,,,,,,,,,,,,0.42,,,,,0.00,,,0.00,,,,,,,,,,,,,,,,,,,0.00,0.00,,,0.00,0.00,0.00,0.00,,,,,,,,,,,,,,,,,,,,,4.60,,,,,,,,,,,
05-15-15,,,,,,,,,,,,,,,0.42,,,,,0.00,,,0.00,,,,,,,,,,,,,,,,,,,0.00,0.00,,,0.00,0.00,0.00,0.00,,,,,,,,,,,,,,,,,,,,,0.00,,,,,,,,,,,
05-16-15,,,,,,,,,,,,,,,0.08,,,,,0.00,,,0.00,,,,,,,,,,,,,,,,,,,0.00,0.00,,,0.00,0.00,0.00,0.00,,,,,,,,,,,,,,,,,,,,,12.50,,,,,,,,,,,
05-17-15,,,,,,,,,,,,,,,0.12,,,,,0.00,,,1.04,,,,,,,,,,,,,,,,,,,0.00,0.00,,,0.00,0.00,0.00,0.00,,,,,,,,,,,,,,,,,,,,,23.50,,,,,,,,,,,
05-18-15,,,,,,,,,,,,,,,0.04,,,,,0.00,,,1.20,,,,,,,,,,,,,,,,,,,0.00,0.00,,,0.00,0.00,0.00,0.00,,,,,,,,,,,,,,,,,,,,,8.20,,,,,,,,,,,
05-19-15,,,,,,,,,,,,,,,0.12,,,,,0.00,,,1.00,,,,,,,,,,,,,,,,,,,0.00,0.00,,,0.00,0.00,0.00,0.00,,,,,,,,,,,,,,,,,,,,,0.00,,,,,,,,,,,
05-20-15,,,,,,,,,,,,,,,0.00,,,,,0.00,,,,,,,,,,,,,,,,,,,,,,0.00,0.00,,,0.00,0.00,0.00,0.00,,,,,,,,,,,,,,,,,,,,,2.80,,,,,,,,,,,
05-21-15,,,,,,,,,,,,,,,0.08,,,,,0.00,,,,,,,,,,,,,,,,,,,,,,0.00,0.00,,,0.00,0.00,0.00,0.00,,,,,,,,,,,,,,,,,,,,,14.90,,,,,,,,,,,
05-22-15,,,,,,,,,,,,,,,0.57,,,,,0.00,,,0.00,,,,,,,,,,,,,,,,,,,0.00,0.00,,,0.00,0.00,0.00,0.00,,,,,,,,,,,,,,,,,,,,,23.40,,,,,,,,,,,
05-23-15,,,,,,,,,,,,,,,0.54,,,,,0.00,,,0.00,,,,,,,,,,,,,,,,,,,0.00,0.00,,,0.00,0.00,0.00,0.00,,,,,,,,,,,,,,,,,,,,,23.00,,,,,,,,,,,
05-24-15,,,,,,,,,,,,,,,0.46,,,,,0.00,,,0.00,,,,,,,,,,,,,,,,,,,0.00,0.00,,,2.25,0.00,0.00,0.00,,,,,,,,,,,,,,,,,,,,,5.90,,,,,,,,,,,
05-25-15,,,,,,,,,,,,,,,0.00,,,,,0.00,,,0.00,,,,,,,,,,,,,,,,,,,0.00,0.00,,,2.55,0.00,0.00,0.00,,,,,,,,,,,,,,,,,,,,,0.00,,,,,,,,,,,
05-26-15,,,,,,,,,,,,,,,0.05,,,,,0.00,,,0.00,,,,,,,,,,,,,,,,,,,0.00,0.00,,,2.85,0.00,0.00,0.00,,,,,,,,,,,,,,,,,,,,,0.00,,,,,,,,,,,
05-27-15,,,,,,,,,,,,,,,0.00,,,,,0.00,,,0.00,,,,,,,,,,,,,,,,,,,0.00,0.00,,,3.15,0.00,0.00,0.00,,,,,,,,,,,,,,,,,,,,,0.00,,,,,,,,,,,
05-28-15,,,,,,,,,,,,,,,0.00,,,,,0.00,,,0.00,,,,,,,,,,,,,,,,,,,0.00,0.00,,,3.45,0.00,0.00,0.00,,,,,,,,,,,,,,,,,,,,,0.00,,,,,,,,,,,
05-29-15,,,,,,,,,,,,,,,0.00,,,,,0.00,,,0.00,,,,,,,,,,,,,,,,,,,0.00,2.37,,,3.75,0.00,0.00,0.00,,,,,,,,,,,,,,,,,,,,,25.90,,,,,,,,,,,
05-30-15,,,,,,,,,,,,,,,0.14,,,,,0.00,,,0.00,,,,,,,,,,,,,,,,,,,0.00,0.00,,,4.05,0.00,0.00,3.14,,,,,,,,,,,,,,,,,,,,,58.50,,,,,,,,,,,
05-31-15,,,,,,,,,,,,,,,0.14,,,,,0.00,,,1.22,,,,,,,,,,,,,,,,,,,0.00,0.00,,,4.35,0.00,11.66,7.94,,,,,,,,,,,,,,,,,,,,,51.70,,,,,,,,,,,
06-01-15,,,,,,,,,,0.18,,,,,0.00,,,,,0.00,,,0.00,,,,,,,,,,,,,,,,,,,0.00,0.00,,,4.65,0.00,22.91,12.74,,,,,,,,,,,,,,,,,,,,,45.40,,,,,,,,,,,
06-02-15,,,,,,,,,,0.29,,,,,0.00,,,,,0.00,,,0.00,,,,,,,,,,,,,,,,,,,0.00,0.00,,,4.95,0.00,32.51,17.54,,,,,,,,,,,,,,,,,,,,,52.10,,,,,,,,,,,
06-03-15,,,,,,,,,,0.17,,,,,0.00,,,,,0.00,,,0.00,,,,,,,,,,,,,,,,,,,0.00,0.00,,,5.25,9.19,42.11,22.34,,,,,,,,,,,,,,,,,,,,,67.40,,,,,,,,,,,
06-04-15,,,,,,,,,,0.29,,,,,0.02,,,,,0.00,,,0.00,,,,,,,,,,,,,,,,,,,0.00,0.00,,,5.55,22.19,47.06,26.92,,,,,,,,,,,,,,,,,,,,,74.60,,,,,,,,,,,
06-05-15,,,,,,,,,,0.42,,,,,0.00,,,,,0.00,,,0.00,,,,,,,,,,,,,,,,,,,0.00,0.00,,,5.85,37.19,47.54,29.71,,,,,,,,,,,,,,,,,,,,,76.30,,,,,,,,,,,
06-06-15,,,,,,,,,,0.46,,,,,0.10,,,,,0.00,,,0.00,,,,,,,,,,,,,,,,,,,0.00,0.00,,,8.59,47.19,48.02,31.66,,,,,,,,,,,,,,,,,,,,,71.00,,,,,,,,,,,
06-07-15,,,,,,,,,,,,,,,0.14,,,,,0.00,,,0.00,,,,,,,,,,,,,,,,,,,0.00,0.00,,,12.71,57.19,48.50,32.96,,,,,,,,,,,,,,,,,,,,,67.00,,,,,,,,,,,
06-08-15,,,,,,,,,,0.33,,,,,0.16,0.00,,,,0.00,,,0.00,,,,,,,,,,,,,,,,,,,2.43,0.00,,,13.21,62.20,55.06,37.28,,,,,,,,,,,,,,,,,,,,,64.00,,,,,,,,,,,
06-09-15,,,,,,,,,,0.29,,,,,0.00,,,,,0.00,,,0.00,,,,,,,,,,,,,,,,,,,32.07,28.67,,,28.68,63.49,75.88,53.89,,,,,,,,,,,,,,,,,,,,,61.40,,,,,,,,,,,
06-10-15,,,,,,,,,,0.17,,,,,0.10,0.00,,,,0.00,,,0.00,,,,,,,,,,,,,,,,,,,28.60,28.62,,,27.16,64.89,70.80,50.29,,,,,,,,,,,,,,,,,,,,,56.00,,,,,,,,,,,
06-11-15,,,,,,,,,,0.38,,,,,0.00,0.00,,,,6.14,,,0.00,,,,,,,,,,,,,,,,,,,26.17,26.79,,,31.35,60.33,66.83,48.76,,,,,,,,,,,,,,,,,,,,,37.20,,,,,,,,,,,
06-12-15,,,,,,,,,,0.38,,,,,0.41,0.25,,,,5.25,,,0.00,,,,,,,,,,,,,,,,,,,21.94,25.11,,,29.88,54.92,63.87,45.13,,,,,,,,,,,,,,,,,,,,,27.90,,,,,,,,,,,
06-13-15,,,,,,,,,,0.25,,,,,0.16,0.40,,,,5.33,,,0.00,,,,,,,,,,,,,,,,,,,21.06,32.79,,,33.04,66.51,72.83,52.10,,,,,,,,,,,,,,,,,,,,,36.00,,,,,,,,,,,
06-14-15,,,,,,,,,,0.21,,,,,0.73,0.00,,,,5.81,,,0.00,,,,,,,,,,,,,,,,,,,20.48,39.79,,,55.75,88.30,95.53,75.86,,,,,,,,,,,,,,,,,,,,,41.30,,,,,,,,,,,
06-15-15,,,,,,,,,,0.12,,,,,0.68,0.00,,,,4.16,,,0.00,,,,,,,,,,,,,,,,,,,17.22,34.21,,,58.64,85.66,90.94,72.73,,,,,,,,,,,,,,,,,,,,,38.40,,,,,,,,,,,
06-16-15,,,,,,,,,,0.25,,,,,0.47,0.00,,,,3.07,,,0.00,,,,,,,,,,,,,,,,,,,16.23,32.42,,,53.17,85.27,85.69,68.50,,,,,,,,,,,,,,,,,,,,,39.60,,,,,,,,,,,
06-17-15,,,,,,,,,,0.38,,,,,0.49,0.00,,,,3.23,,,0.00,,,,,,,,,,,,,,,,,,,17.12,31.42,,,55.68,88.89,82.29,64.91,,,,,,,,,,,,,,,,,,,,,30.70,,,,,,,,,,,
06-18-15,,,,,,,,,,0.25,,,,,0.14,0.00,,,,2.28,,,0.00,,,,,,,,,,,,,,,,,,,14.65,30.42,,,53.77,87.95,79.21,62.12,,,,,,,,,,,,,,,,,,,,,30.40,,,,,,,,,,,
06-19-15,,,,,,,,,,0.21,,,,,0.00,0.00,,,,0.00,,,0.00,,,,,,,,,,,,,,,,,,,11.77,29.46,,,49.41,86.41,77.35,59.39,,,,,,,,,,,,,,,,,,,,,34.90,,,,,,,,,,,
06-20-15,,,,,,,,,,0.33,,,,,0.00,0.00,,,,0.00,,,0.00,,,,,,,,,,,,,,,,,,,7.63,27.98,,,48.49,85.68,74.10,54.94,,,,,,,,,,,,,,,,,,,,,41.00,,,,,,,,,,,
06-21-15,,,,,,,,,,0.26,,,,,0.00,0.00,,,,0.00,,,0.00,,,,,,,,,,,,,,,,,,,8.12,27.42,,,40.07,84.20,70.73,51.96,,,,,,,,,,,,,,,,,,,,,,,,,,,,,,,,
06-22-15,,,,,,,,,,0.25,,,,,0.14,0.00,,,,0.00,,,0.00,,,,,,,,,,,,,,,,,,,2.85,27.50,,,35.24,81.18,68.53,50.13,,,,,,,,,,,,,,,,,,,,,38.40,,,,,,,,,,,
06-23-15,,,,,,,,,,0.42,,,,,0.00,0.00,,,,0.00,,,0.00,,,,,,,,,,,,,,,,,,,0.00,26.42,,,42.20,82.27,65.61,47.86,,,,,,,,,,,,,,,,,,,,,39.60,,,,,,,,,,,
06-24-15,,,,,,,,,,0.42,,,,,0.00,0.00,,,,0.00,,,0.00,,,,,,,,,,,,,,,,,,,0.00,25.54,,,39.18,78.67,62.51,45.97,,,,,,,,,,,,,,,,,,,,,38.80,,,,,,,,,,,
06-25-15,,,,,,,,,,0.12,,,,,0.00,0.00,,,,0.00,,,0.00,,,,,,,,,,,,,,,,,,,0.00,22.71,,,38.96,73.63,57.75,43.52,,,,,,,,,,,,,,,,,,,,,38.00,,,,,,,,,,,
06-26-15,,,,,,,,,,0.17,,,,,0.02,0.01,,,,0.00,,,,,,,,,,,,,,,,,,,,,,0.00,21.42,,,33.83,69.65,53.52,40.63,,,,,,,,,,,,,,,,,,,,,40.20,,,,,,,,,,,
06-27-15,,,,,,,,,,0.25,,,,,0.15,0.12,,,,0.00,,,0.00,,,,,,,,,,,,,,,,,,,0.00,20.92,,,32.99,67.39,50.73,38.13,,,,,,,,,,,,,,,,,,,,,38.20,,,,,,,,,,,
06-28-15,,,,,,,,,,0.38,,,,,0.00,0.12,,,,0.00,,,0.00,,,,,,,,,,,,,,,,,,,0.00,20.42,,,32.97,65.89,48.99,35.99,,,,,,,,,,,,,,,,,,,,,51.50,,,,,,,,,,,
06-29-15,,,,,,,,,,0.29,,,,,0.23,0.18,,,,2.10,,,0.00,,,,,,,,,,,,,,,,,,,0.00,20.67,,,28.23,65.98,46.97,33.82,,,,,,,,,,,,,,,,,,,,,75.60,,,,,,,,,,,
06-30-15,,,,,,,,,,0.17,,,,,0.03,0.00,,,,0.00,,,0.00,,,,,,,,,,,,,,,,,,,0.00,19.12,,,25.21,66.71,45.35,31.40,,,,,,,,,,,,,,,,,,,,,70.50,,,,,,,,,,,
07-01-15,,,,,,,,,,0.38,,,,,0.29,0.00,,,,0.00,,,0.00,,,,,,,,,,,,,,,,,,,0.00,18.17,,,29.95,67.71,44.33,29.85,,,,,,,,,,,,,,,,,,,,,66.90,,,,,,,,,,,
07-02-15,,,,,,,,,,0.38,,,,,0.44,0.00,,,,0.00,,,0.00,,,,,,,,,,,,,,,,,,,0.00,17.67,,,33.39,68.07,43.98,29.01,,,,,,,,,,,,,,,,,,,,,64.60,,,,,,,,,,,
07-03-15,,,,,,,,,,0.12,,,,,0.32,0.39,,,,0.00,,,0.00,,,,,,,,,,,,,,,,,,,0.00,16.71,,,27.01,67.79,41.72,27.15,,,,,,,,,,,,,,,,,,,,,64.00,,,,,,,,,,,
07-04-15,,,,,,,,,,0.26,,,,,0.15,0.18,,,,0.00,,,0.00,,,,,,,,,,,,,,,,,,,0.00,17.42,,,25.73,66.19,40.12,26.04,,,,,,,,,,,,,,,,,,,,,63.00,,,,,,,,,,,
07-05-15,,,,,,,,,,0.29,,,,,0.00,0.00,,,,0.00,,,0.00,,,,,,,,,,,,,,,,,,,12.59,31.79,,,35.07,73.94,50.11,32.31,,,,,,,,,,,,,,,,,,,,,62.30,,,,,,,,,,,
07-06-15,,,,,,,,,,0.48,,,,,0.00,10.18,,,,16.22,,,0.00,,,,,,,,,,,,,,,,,,,20.42,37.33,,,32.24,79.68,54.63,36.88,,,,,,,,,,,,,,,,,,,,,65.70,,,,,,,,,,,
07-07-15,,,,,,,,,,0.50,,,,,,13.74,,,,16.53,,,0.00,,,,,,,,,,,,,,,,,,,,35.29,,,36.77,78.03,,36.02,,,,,,,,,,,,,,,,,,,,,67.00,,,,,,,,,,,
07-08-15,,,,,,,,,,0.29,,,,,0.10,11.28,,,,16.33,,,0.00,,,,,,,,,,,,,,,,,,,19.95,36.75,,,37.15,84.14,54.38,35.91,,,,,,,,,,,,,,,,,,,,,72.50,,,,,,,,,,,
07-09-15,,,,,,,,,,0.42,,,,,0.00,9.48,,,,13.83,,,0.00,,,,,,,,,,,,,,,,,,,33.62,68.89,,,31.33,74.80,57.38,33.89,,,,,,,,,,,,,,,,,,,,,75.70,,,,,,,,,,,
07-10-15,,,,,,,,,,0.33,,,,,0.00,9.47,,,,,,,,,,,,,,,,,,,,,,,,,,34.85,69.56,,,37.12,77.70,60.18,34.05,,,,,,,,,,,,,,,,,,,,,78.90,,,,,,,,,,,
07-11-15,,,,,,,,,,2.12,,,,,0.00,19.42,,,,47.33,,,,,,,,,,,,,,,,,,,,,,52.85,87.14,,,47.42,94.36,74.18,45.80,,,,,,,,,,,,,,,,,,,,,81.60,,,,,,,,,,,
07-12-15,,,,,,,,,,23.08,,,,,26.10,50.43,,,,74.86,,,,,,,,,,,,,,,,,,,,,,160.23,174.29,,,56.75,118.54,104.56,60.06,,,,,,,,,,,,,,,,,,,,,79.80,,,,,,,,,,,
07-13-15,,,,,,,,,,59.29,,,,,59.56,81.75,,,,88.71,,,,,,,,,,,,,,,,,,,,,,153.77,174.94,,,55.57,124.42,114.13,68.11,,,,,,,,,,,,,,,,,,,,,83.40,,,,,,,,,,,
07-14-15,,,,,,,,,,46.92,,,,,47.82,72.57,,,,89.33,,,82.33,,,,,,,,,,,,,,,,,,,143.85,157.38,,,75.16,129.97,123.03,79.99,,,,,,,,,,,,,,,,,,,,,81.00,,,,,,,,,,,
07-15-15,,,,,,,,,,41.46,,,,,39.46,64.74,,,,83.83,,,77.36,,,,,,,,,,,,,,,,,,,132.12,139.42,,,74.94,131.61,116.21,76.29,,,,,,,,,,,,,,,,,,,,,95.60,,,,,,,,,,,
07-16-15,,,,,,,,,,36.50,,,,,26.64,60.20,,,,79.38,,,,,,,,,,,,,,,,,,,,,,123.96,127.62,,,70.00,130.59,111.24,75.04,,,,,,,,,,,,,,,,,,,,,93.00,,,,,,,,,,,
07-17-15,,,,,,,,,,30.04,,,,,24.08,54.57,,,,73.75,,,67.36,,,,,,,,,,,,,,,,,,,120.60,111.85,,,67.19,127.73,107.55,72.54,,,,,,,,,,,,,,,,,,,,,92.70,,,,,,,,,,,
07-18-15,,,,,,,,,,27.21,,,,,23.10,51.38,,,,70.46,,,63.48,,,,,,,,,,,,,,,,,,,114.56,108.83,,,82.18,139.12,121.85,83.72,,,,,,,,,,,,,,,,,,,,,85.50,,,,,,,,,,,
07-19-15,,,,,,,,,,22.17,,,,,21.48,49.57,,,,68.79,,,61.24,,,,,,,,,,,,,,,,,,,109.14,108.79,,,82.17,138.80,122.10,85.57,,,,,,,,,,,,,,,,,,,,,89.30,,,,,,,,,,,
07-20-15,,,,,,,,,,15.46,,,,,18.68,47.86,,,,67.73,,,58.95,,,,,,,,,,,,,,,,,,,106.12,107.89,,,81.57,139.56,120.97,86.29,,,,,,,,,,,,,,,,,,,,,89.90,,,,,,,,,,,
07-21-15,,,,,,,,,,14.50,,,,,17.86,45.35,,,,65.42,,,56.75,,,,,,,,,,,,,,,,,,,103.20,106.53,,,80.15,133.38,116.32,81.39,,,,,,,,,,,,,,,,,,,,,97.50,,,,,,,,,,,
07-22-15,,,,,,,,,,14.12,,,,,18.25,44.83,,,,64.08,,,55.33,,,,,,,,,,,,,,,,,,,99.16,105.50,,,79.47,134.84,111.54,77.56,,,,,,,,,,,,,,,,,,,,,96.00,,,,,,,,,,,
07-23-15,,,,,,,,,,13.88,,,,,17.60,43.75,,,,62.71,,,52.33,,,,,,,,,,,,,,,,,,,95.19,103.83,,,71.81,134.08,107.92,74.80,,,,,,,,,,,,,,,,,,,,,88.30,,,,,,,,,,,
07-24-15,,,,,,,,,,13.88,,,,,16.77,42.73,,,,59.74,,,50.71,,,,,,,,,,,,,,,,,,,90.90,102.96,,,71.84,131.59,103.88,70.50,,,,,,,,,,,,,,,,,,,,,89.60,,,,,,,,,,,
07-25-15,,,,,,,,,,12.88,,,,,16.29,42.09,,,,56.81,,,49.19,,,,,,,,,,,,,,,,,,,83.85,100.79,,,62.86,128.13,96.27,64.69,,,,,,,,,,,,,,,,,,,,,85.60,,,,,,,,,,,
07-26-15,,,,,,,,,,12.38,,,,,16.51,40.86,,,,54.17,,,47.30,,,,,,,,,,,,,,,,,,,78.35,97.83,,,65.17,122.00,89.78,60.14,,,,,,,,,,,,,,,,,,,,,87.30,,,,,,,,,,,
07-27-15,,,,,,,,,,11.12,,,,,16.65,39.69,,,,53.75,,,46.15,,,,,,,,,,,,,,,,,,,79.14,109.51,,,,119.54,97.26,56.01,,,,,,,,,,,,,,,,,,,,,93.50,,,,,,,,,,,
07-28-15,,,,,,,,,,9.52,,,,,13.56,38.99,,,,53.62,,,44.46,,,,,,,,,,,,,,,,,,,75.71,119.23,,,66.58,129.43,118.88,64.37,,,,,,,,,,,,,,,,,,,,,96.20,,,,,,,,,,,
07-29-15,,,,,,,,,,8.83,,,,,12.94,37.98,,,,52.00,,,43.91,,,,,,,,,,,,,,,,,,,75.56,117.79,,,70.87,137.40,126.92,68.74,,,,,,,,,,,,,,,,,,,,,95.50,,,,,,,,,,,
07-30-15,,,,,,,,,,7.71,,,,,12.44,38.42,,,,51.71,,,42.46,,,,,,,,,,,,,,,,,,,78.95,115.69,,,74.12,137.19,129.84,71.75,,,,,,,,,,,,,,,,,,,,,94.00,,,,,,,,,,,
07-31-15,,,,,,,,,,6.25,,,,,11.38,37.57,,,,53.12,,,42.53,,,,,,,,,,,,,,,,,,,90.06,123.92,,,85.56,146.05,141.22,83.80,,,,,,,,,,,,,,,,,,,,,93.20,,,,,,,,,,,
08-01-15,,,,,,,,,,6.08,,,,,10.19,37.94,,,,55.39,,,,,,,,,,,,,,,,,,,,,,88.23,112.64,,,88.36,150.09,139.07,86.34,,,,,,,,,,,,,,,,,,,,,93.00,,,,,,,,,,,
08-02-15,,,,,,,,,,5.21,,,,,11.35,41.70,,,,67.04,,,,,,,,,,,,,,,,,,,,,,84.77,110.64,,,113.86,190.72,174.49,115.95,,,,,,,,,,,,,,,,,,,,,93.20,,,,,,,,,,,
08-03-15,,,,,,,,,,4.92,,,,,10.77,41.90,,,,68.75,,,90.92,,,,,,,,,,,,,,,,,,,87.12,108.21,,,130.41,198.55,189.84,130.51,,,,,,,,,,,,,,,,,,,,,93.90,,,,,,,,,,,
08-04-15,,,,,,,,,,4.79,,,,,9.32,38.70,,,,64.04,,,86.74,,,,,,,,,,,,,,,,,,,90.56,107.08,,,126.44,194.17,178.85,119.69,,,,,,,,,,,,,,,,,,,,,96.60,,,,,,,,,,,
08-05-15,,,,,,,,,,8.33,,,,,13.77,50.52,,,,70.96,,,,,,,,,,,,,,,,,,,,,,88.15,104.42,,,113.28,188.39,171.61,108.09,,,,,,,,,,,,,,,,,,,,,100.60,,,,,,,,,,,
08-06-15,,,,,,,,,,4.12,,,,,35.44,103.09,,,,129.27,,,,,,,,,,,,,,,,,,,,,,134.71,153.85,,,108.84,185.08,181.76,107.16,,,,,,,,,,,,,,,,,,,,,99.50,,,,,,,,,,,
08-07-15,,,,,,,,,,3.33,,,,,49.69,141.34,,,,170.38,,,,,,,,,,,,,,,,,,,,,,134.29,179.28,,,115.93,193.03,191.96,114.76,,,,,,,,,,,,,,,,,,,,,103.70,,,,,,,,,,,
08-08-15,,,,,,,,,,2.90,,,,,62.94,119.75,,,,167.64,,,168.33,,,,,,,,,,,,,,,,,,,137.43,195.94,,,114.25,187.56,192.85,108.83,,,,,,,,,,,,,,,,,,,,,102.50,,,,,,,,,,,
08-09-15,,,,,,,,,,3.33,,,,,95.10,115.90,,,,163.54,,,163.78,,,,,,,,,,,,,,,,,,,120.35,190.75,,,114.09,200.12,209.44,116.73,,,,,,,,,,,,,,,,,,,,,100.60,,,,,,,,,,,
08-10-15,,,,,,,,,,13.67,,,,,99.44,115.69,,,,165.15,,,,,,,,,,,,,,,,,,,,,,155.58,204.67,,,120.87,212.56,220.44,128.70,,,,,,,,,,,,,,,,,,,,,100.00,,,,,,,,,,,
08-11-15,,,,,,,,,,38.86,,,,,120.40,115.11,,,,159.73,,,166.58,,,,,,,,,,,,,,,,,,,146.59,199.21,,,124.89,211.33,217.28,128.88,,,,,,,,,,,,,,,,,,,,,99.70,,,,,,,,,,,
08-12-15,,,,,,,,,,53.71,,,,,133.65,110.38,,,,156.12,,,162.15,,,,,,,,,,,,,,,,,,,149.90,190.63,,,123.83,210.30,209.89,123.33,,,,,,,,,,,,,,,,,,,,,99.10,,,,,,,,,,,
08-13-15,,,,,,,,,,45.79,,,,,130.64,110.88,,,,151.12,,,156.88,,,,,,,,,,,,,,,,,,,151.85,185.58,,,120.80,206.21,203.62,118.44,,,,,,,,,,,,,,,,,,,,,97.90,,,,,,,,,,,
08-14-15,,,,,,,,,,41.00,,,,,117.90,107.14,,,,145.67,,,152.48,,,,,,,,,,,,,,,,,,,147.94,181.20,,,122.78,202.27,198.00,116.40,,,,,,,,,,,,,,,,,,,,,97.60,,,,,,,,,,,
08-15-15,,,,,,,,,,31.48,,,,,110.77,105.15,,,,143.61,,,149.81,,,,,,,,,,,,,,,,,,,133.80,176.92,,,123.79,206.80,200.59,122.31,,,,,,,,,,,,,,,,,,,,,99.90,,,,,,,,,,,
08-16-15,,,,,,,,,,25.39,,,,,107.17,95.99,,,,141.75,,,148.38,,,,,,,,,,,,,,,,,,,143.19,172.96,,,128.76,208.96,199.03,122.04,,,,,,,,,,,,,,,,,,,,,83.40,,,,,,,,,,,
08-17-15,,,,,,,,,,22.92,,,,,103.82,90.09,,,,138.73,,,143.00,,,,,,,,,,,,,,,,,,,158.51,171.62,,,126.99,202.43,191.21,116.19,,,,,,,,,,,,,,,,,,,,,86.50,,,,,,,,,,,
08-18-15,,,,,,,,,,24.42,,,,,99.23,89.32,,,,135.07,,,139.94,,,,,,,,,,,,,,,,,,,152.45,168.42,,,120.53,198.08,185.99,111.73,,,,,,,,,,,,,,,,,,,,,90.80,,,,,,,,,,,
08-19-15,,,,,,,,,,25.71,,,,,96.56,88.27,,,,131.03,,,135.42,,,,,,,,,,,,,,,,,,,138.59,166.54,,,115.49,194.19,179.26,107.19,,,,,,,,,,,,,,,,,,,,,92.50,,,,,,,,,,,
08-20-15,,,,,,,,,,30.50,,,,,97.94,89.62,,,,127.73,,,131.81,,,,,,,,,,,,,,,,,,,131.06,162.50,,,108.72,191.17,172.47,102.25,,,,,,,,,,,,,,,,,,,,,96.50,,,,,,,,,,,
08-21-15,,,,,,,,,,26.92,,,,,95.94,90.25,,,,127.94,,,130.04,,,,,,,,,,,,,,,,,,,124.15,156.81,,,111.60,188.49,171.30,101.67,,,,,,,,,,,,,,,,,,,,,100.30,,,,,,,,,,,
08-22-15,,,,,,,,,,25.62,,,,,101.48,88.96,,,,130.62,,,129.06,,,,,,,,,,,,,,,,,,,117.35,163.67,,,122.63,207.52,190.03,118.00,,,,,,,,,,,,,,,,,,,,,108.00,,,,,,,,,,,
08-23-15,,,,,,,,,,24.62,,,,,101.85,86.73,,,,127.25,,,125.53,,,,,,,,,,,,,,,,,,,124.63,154.38,,,126.05,207.68,183.98,115.45,,,,,,,,,,,,,,,,,,,,,113.60,,,,,,,,,,,
08-24-15,,,,,,,,,,22.88,,,,,98.85,84.27,,,,124.75,,,121.52,,,,,,,,,,,,,,,,,,,137.95,151.25,,,116.47,200.20,177.43,110.02,,,,,,,,,,,,,,,,,,,,,119.50,,,,,,,,,,,
08-25-15,,,,,,,,,,21.79,,,,,97.90,83.52,,,,124.69,,,119.46,,,,,,,,,,,,,,,,,,,,149.84,,,121.99,207.46,179.43,113.54,,,,,,,,,,,,,,,,,,,,,119.30,,,,,,,,,,,
08-26-15,,,,,,,,,,21.62,,,,,96.21,83.13,,,,125.50,,,117.33,,,,,,,,,,,,,,,,,,,99.12,148.56,,,135.59,226.24,204.22,128.84,,,,,,,,,,,,,,,,,,,,,118.60,,,,,,,,,,,
08-27-15,,,,,,,,,,21.17,,,,,94.02,83.04,,,,124.25,,,116.42,,,,,,,,,,,,,,,,,,,151.60,146.46,,,133.92,223.87,202.26,126.24,,,,,,,,,,,,,,,,,,,,,119.20,,,,,,,,,,,
08-28-15,,,,,,,,,,19.09,,,,,92.15,81.61,,,,121.86,,,114.42,,,,,,,,,,,,,,,,,,,118.77,144.42,,,130.26,221.44,198.47,123.69,,,,,,,,,,,,,,,,,,,,,114.90,,,,,,,,,,,
08-29-15,,,,,,,,,,16.75,,,,,89.73,80.95,,,,119.25,,,112.24,,,,,,,,,,,,,,,,,,,92.73,139.38,,,119.92,212.52,188.60,114.03,,,,,,,,,,,,,,,,,,,,,116.60,,,,,,,,,,,
08-30-15,,,,,,,,,,13.50,,,,,86.69,78.52,,,,116.29,,,107.29,,,,,,,,,,,,,,,,,,,103.85,132.54,,,116.31,209.33,184.14,111.69,,,,,,,,,,,,,,,,,,,,,113.60,,,,,,,,,,,
08-31-15,,,,,,,,,,8.79,,,,,82.90,76.82,,,,111.21,,,101.35,,,,,,,,,,,,,,,,,,,107.94,129.25,,,116.48,205.03,179.39,107.39,,,,,,,,,,,,,,,,,,,,,111.20,,,,,,,,,,,
09-01-15,,,,,,,,,,4.71,,,,,79.77,73.19,,,,106.42,,,97.36,,,,,,,,,,,,,,,,,,,103.72,128.42,,,106.72,198.95,175.04,103.47,,,,,,,,,,,,,,,,,,,,,110.60,,,,,,,,,,,
09-02-15,,,,,,,,,,1.58,,,,,77.16,69.94,,,,101.75,,,92.77,,,,,,,,,,,,,,,,,,,94.85,127.50,,,101.51,195.98,171.60,100.31,,,,,,,,,,,,,,,,,,,,,110.10,,,,,,,,,,,
09-03-15,,,,,,,,,,0.00,,,,,75.69,67.48,,,,96.96,,,87.88,,,,,,,,,,,,,,,,,,,95.77,126.08,,,102.25,193.96,167.92,95.92,,,,,,,,,,,,,,,,,,,,,109.00,,,,,,,,,,,
09-04-15,,,,,,,,,,0.12,,,,,74.10,64.73,,,,94.25,,,85.47,,,,,,,,,,,,,,,,,,,90.48,124.04,,,98.75,190.29,165.15,91.26,,,,,,,,,,,,,,,,,,,,,104.30,,,,,,,,,,,
09-05-15,,,,,,,,,,0.04,,,,,72.44,62.82,,,,91.46,,,82.33,,,,,,,,,,,,,,,,,,,89.03,121.42,,,95.87,186.98,161.09,85.51,,,,,,,,,,,,,,,,,,,,,98.10,,,,,,,,,,,
09-06-15,,,,,,,,,,0.25,,,,,72.40,61.02,,,,89.24,,,80.49,,,,,,,,,,,,,,,,,,,75.15,119.75,,,96.61,186.35,158.67,81.33,,,,,,,,,,,,,,,,,,,,,99.50,,,,,,,,,,,
09-07-15,,,,,,,,,,0.33,,,,,70.19,60.61,,,,100.33,,,,,,,,,,,,,,,,,,,,,,36.24,127.12,,,98.92,198.48,172.98,83.67,,,,,,,,,,,,,,,,,,,,,101.70,,,,,,,,,,,
09-08-15,,,,,,,,,,0.33,,,,,70.52,64.38,,,,102.63,,,96.79,,,,,,,,,,,,,,,,,,,53.66,119.57,,,101.16,198.30,184.94,88.26,,,,,,,,,,,,,,,,,,,,,104.50,,,,,,,,,,,
09-09-15,,,,,,,,,,1.08,,,,,73.86,69.76,,,,115.28,,,,,,,,,,,,,,,,,,,,,,52.58,125.62,,,99.27,201.73,187.25,93.75,,,,,,,,,,,,,,,,,,,,,98.40,,,,,,,,,,,
09-10-15,,,,,,,,,,7.26,,,,,81.40,94.07,,,,136.25,,,,,,,,,,,,,,,,,,,,,,52.81,123.25,,,99.14,200.17,181.94,89.40,,,,,,,,,,,,,,,,,,,,,95.20,,,,,,,,,,,
09-11-15,,,,,,,,,,8.75,,,,,81.73,98.37,,,,135.25,,,132.85,,,,,,,,,,,,,,,,,,,50.28,119.42,,,98.55,198.78,178.02,86.25,,,,,,,,,,,,,,,,,,,,,95.20,,,,,,,,,,,
09-12-15,,,,,,,,,,2.88,,,,,77.69,90.78,,,,129.29,,,126.62,,,,,,,,,,,,,,,,,,,51.70,118.08,,,95.14,195.88,172.27,82.12,,,,,,,,,,,,,,,,,,,,,94.80,,,,,,,,,,,
09-13-15,,,,,,,,,,0.70,,,,,77.35,86.32,,,,124.79,,,120.79,,,,,,,,,,,,,,,,,,,80.73,117.42,,,91.39,191.98,166.05,77.12,,,,,,,,,,,,,,,,,,,,,95.20,,,,,,,,,,,
09-14-15,,,,,,,,,,0.25,,,,,76.94,84.36,,,,121.96,,,116.96,,,,,,,,,,,,,,,,,,,94.85,116.12,,,93.91,190.30,163.88,74.38,,,,,,,,,,,,,,,,,,,,,108.40,,,,,,,,,,,
09-15-15,,,,,,,,,,0.12,,,,,76.56,82.90,,,,120.46,,,115.15,,,,,,,,,,,,,,,,,,,77.99,114.69,,,92.68,190.39,163.57,74.63,,,,,,,,,,,,,,,,,,,,,105.80,,,,,,,,,,,
09-16-15,,,,,,,,,,0.33,,,,,76.23,81.86,,,,119.17,,,113.07,,,,,,,,,,,,,,,,,,,24.85,115.87,,,99.76,190.40,163.62,74.13,,,,,,,,,,,,,,,,,,,,,99.60,,,,,,,,,,,
09-17-15,,,,,,,,,,0.38,,,,,75.56,80.35,,,,117.63,,,111.31,,,,,,,,,,,,,,,,,,,58.85,134.67,,,96.22,192.21,167.68,75.43,,,,,,,,,,,,,,,,,,,,,96.50,,,,,,,,,,,
09-18-15,,,,,,,,,,0.68,,,,,75.35,79.23,,,,116.29,,,109.42,,,,,,,,,,,,,,,,,,,72.98,153.08,,,97.79,191.17,163.23,72.13,,,,,,,,,,,,,,,,,,,,,96.30,,,,,,,,,,,
09-19-15,,,,,,,,,,0.68,,,,,74.44,78.57,,,,114.75,,,107.08,,,,,,,,,,,,,,,,,,,110.38,143.92,,,91.39,189.19,160.41,68.69,,,,,,,,,,,,,,,,,,,,,95.20,,,,,,,,,,,
09-20-15,,,,,,,,,,0.03,,,,,72.23,78.57,,,,114.11,,,105.42,,,,,,,,,,,,,,,,,,,99.08,139.21,,,83.14,186.44,157.16,65.14,,,,,,,,,,,,,,,,,,,,,93.00,,,,,,,,,,,
09-21-15,,,,,,,,,,0.07,,,,,69.81,77.22,,,,113.33,,,103.33,,,,,,,,,,,,,,,,,,,87.85,132.08,,,85.82,184.74,155.18,63.48,,,,,,,,,,,,,,,,,,,,,92.60,,,,,,,,,,,
09-22-15,,,,,,,,,,0.00,,,,,69.31,75.44,,,,112.90,,,101.73,,,,,,,,,,,,,,,,,,,81.55,130.42,,,86.79,183.68,155.01,63.60,,,,,,,,,,,,,,,,,,,,,92.10,,,,,,,,,,,
09-23-15,,,,,,,,,,0.24,,,,,69.60,74.23,,,,111.83,,,212.52,,,,,,,,,,,,,,,,,,,70.25,127.25,,,84.71,181.87,154.36,60.06,,,,,,,,,,,,,,,,,,,,,90.60,,,,,,,,,,,
09-24-15,,,,,,,,,,0.00,,,,,69.98,75.83,,,,116.86,,,,,,,,,,,,,,,,,,,,,,47.81,124.42,,,86.02,184.22,160.00,65.24,,,,,,,,,,,,,,,,,,,,,88.60,,,,,,,,,,,
09-25-15,,,,,,,,,,0.21,,,,,68.38,82.86,,,,122.03,,,125.50,,,,,,,,,,,,,,,,,,,39.19,124.42,,,79.56,185.24,162.31,70.29,,,,,,,,,,,,,,,,,,,,,86.40,,,,,,,,,,,
09-26-15,,,,,,,,,,0.00,,,,,68.69,76.57,,,,120.17,,,118.27,,,,,,,,,,,,,,,,,,,49.42,124.42,,,87.06,183.47,156.77,64.10,,,,,,,,,,,,,,,,,,,,,85.90,,,,,,,,,,,
09-27-15,,,,,,,,,,0.00,,,,,66.98,74.69,,,,118.79,,,114.53,,,,,,,,,,,,,,,,,,,50.45,124.21,,,86.86,183.41,160.25,58.03,,,,,,,,,,,,,,,,,,,,,88.60,,,,,,,,,,,
09-28-15,,,,,,,,,,0.00,,,,,65.77,70.65,,,,116.67,,,113.33,,,,,,,,,,,,,,,,,,,43.38,149.42,,,86.47,188.08,164.86,51.48,,,,,,,,,,,,,,,,,,,,,87.00,,,,,,,,,,,
09-29-15,,,,,,,,,,0.40,,,,,64.51,67.36,,,,114.83,,,108.35,,,,,,,,,,,,,,,,,,,40.85,139.46,,,83.11,185.04,160.47,46.68,,,,,,,,,,,,,,,,,,,,,85.50,,,,,,,,,,,
09-30-15,,,,,,,,,,0.40,,,,,,65.07,,,,112.42,,,104.04,,,,,,,,,,,,,,,,,,,34.20,134.62,,,79.78,181.49,155.90,41.88,,,,,,,,,,,,,,,,,,,,,84.50,,,,,,,,,,,
10-01-15,,,,,,,,,,0.36,,,,,65.69,67.02,,,,,,,,,,,,,,,,,,,,,,,,,,22.68,129.33,,,74.34,176.24,150.68,37.08,,,,,,,,,,,,,,,,,,,,,83.80,,,,,,,,,,,
10-02-15,,,,,,,,,,0.39,,,,,63.16,65.65,,,,115.67,,,102.48,,,,,,,,,,,,,,,,,,,10.55,129.81,,,66.56,173.13,146.64,32.28,,,,,,,,,,,,,,,,,,,,,83.70,,,,,,,,,,,
10-03-15,,,,,,,,,,0.36,,,,,61.02,63.57,,,,110.50,,,100.04,,,,,,,,,,,,,,,,,,,12.07,126.12,,,61.13,167.17,141.21,27.48,,,,,,,,,,,,,,,,,,,,,82.20,,,,,,,,,,,
10-04-15,,,,,,,,,,0.15,,,,,61.06,62.19,,,,110.29,,,99.48,,,,,,,,,,,,,,,,,,,3.73,126.67,,,55.41,162.94,139.37,22.68,,,,,,,,,,,,,,,,,,,,,79.60,,,,,,,,,,,
10-05-15,,,,,,,,,,0.03,,,,,59.60,62.00,,,,109.33,,,98.61,,,,,,,,,,,,,,,,,,,3.90,136.12,,,54.94,161.98,144.63,17.88,,,,,,,,,,,,,,,,,,,,,77.50,,,,,,,,,,,
10-06-15,,,,,,,,,,0.24,,,,,59.27,61.98,,,,119.05,,,114.64,,,,,,,,,,,,,,,,,,,30.13,132.42,,,50.96,162.01,143.05,13.08,,,,,,,,,,,,,,,,,,,,,77.10,,,,,,,,,,,
10-07-15,,,,,,,,,,0.20,,,,,58.31,64.20,,,,124.29,,,112.46,,,,,,,,,,,,,,,,,,,22.40,129.92,,,50.48,159.18,141.41,8.28,,,,,,,,,,,,,,,,,,,,,76.20,,,,,,,,,,,
10-08-15,,,,,,,,,,0.32,,,,,58.19,65.04,,,,125.04,,,111.42,,,,,,,,,,,,,,,,,,,18.72,128.83,,,52.79,159.92,140.58,3.48,,,,,,,,,,,,,,,,,,,,,75.40,,,,,,,,,,,
10-09-15,,,,,,,,,,0.28,,,,,57.77,64.02,,,,122.50,,,109.60,,,,,,,,,,,,,,,,,,,18.63,127.42,,,51.13,158.56,139.32,0.00,,,,,,,,,,,,,,,,,,,,,73.20,,,,,,,,,,,
10-10-15,,,,,,,,,,0.32,,,,,57.10,62.44,,,,118.71,,,106.94,,,,,,,,,,,,,,,,,,,10.26,125.37,,,45.34,150.84,134.54,0.00,,,,,,,,,,,,,,,,,,,,,70.60,,,,,,,,,,,
10-11-15,,,,,,,,,,0.14,,,,,55.98,60.90,,,,114.79,,,103.42,,,,,,,,,,,,,,,,,,,4.77,123.42,,,39.06,145.41,129.08,0.00,,,,,,,,,,,,,,,,,,,,,67.70,,,,,,,,,,,
10-12-15,,,,,,,,,,0.24,,,,,55.60,60.44,,,,112.57,,,101.29,,,,,,,,,,,,,,,,,,,2.46,120.96,,,33.17,141.58,124.61,0.00,,,,,,,,,,,,,,,,,,,,,64.90,,,,,,,,,,,
10-13-15,,,,,,,,,,0.15,,,,,51.60,59.23,,,,,,,,,,,,,,,,,,,,,,,,,,2.03,119.42,,,38.39,140.20,125.81,0.00,,,,,,,,,,,,,,,,,,,,,62.40,,,,,,,,,,,
10-14-15,,,,,,,,,,0.00,,,,,69.73,79.04,,,,140.38,,,,,,,,,,,,,,,,,,,,,,0.00,141.37,,,34.73,154.72,156.43,0.00,,,,,,,,,,,,,,,,,,,,,65.30,,,,,,,,,,,
10-15-15,,,,,,,,,,0.00,,,,,88.35,85.75,,,,146.54,,,130.58,,,,,,,,,,,,,,,,,,,11.13,140.96,,,59.89,174.23,159.25,0.00,,,,,,,,,,,,,,,,,,,,,71.00,,,,,,,,,,,
10-16-15,,,,,,,,,,0.00,,,,,82.16,78.65,,,,141.03,,,123.27,,,,,,,,,,,,,,,,,,,4.60,133.72,,,49.29,161.66,146.50,0.00,,,,,,,,,,,,,,,,,,,,,69.40,,,,,,,,,,,
10-17-15,,,,,,,,,,0.05,,,,,76.95,72.26,,,,135.51,,,118.08,,,,,,,,,,,,,,,,,,,0.00,128.62,,,40.97,154.02,136.17,0.00,,,,,,,,,,,,,,,,,,,,,62.20,,,,,,,,,,,
10-18-15,,,,,,,,,,0.11,,,,,73.69,68.40,,,,131.00,,,112.13,,,,,,,,,,,,,,,,,,,0.00,122.71,,,32.67,146.51,125.47,0.00,,,,,,,,,,,,,,,,,,,,,58.70,,,,,,,,,,,
10-19-15,,,,,,,,,,0.18,,,,,76.25,67.73,,,,131.54,,,,,,,,,,,,,,,,,,,,,,0.00,119.71,,,33.56,142.23,119.82,0.00,,,,,,,,,,,,,,,,,,,,,51.50,,,,,,,,,,,
10-20-15,,,,,,,,,,0.00,,,,,74.34,,,,,132.46,,,121.62,,,,,,,,,,,,,,,,,,,0.00,118.54,,,27.63,140.33,121.72,0.00,,,,,,,,,,,,,,,,,,,,,64.40,,,,,,,,,,,
10-21-15,,,,,,,,,,0.00,,,,,72.94,67.52,,,,129.90,,,114.73,,,,,,,,,,,,,,,,,,,0.00,115.25,,,19.15,132.25,117.21,0.00,,,,,,,,,,,,,,,,,,,,,73.50,,,,,,,,,,,
10-22-15,,,,,,,,,,0.14,,,,,71.21,66.17,,,,127.55,,,110.20,,,,,,,,,,,,,,,,,,,0.00,112.71,,,15.71,130.04,111.02,0.00,,,,,,,,,,,,,,,,,,,,,63.00,,,,,,,,,,,
10-23-15,,,,,,,,,,0.00,,,,,68.31,62.94,,,,122.13,,,106.63,,,,,,,,,,,,,,,,,,,0.00,109.29,,,8.92,121.44,104.76,0.00,,,,,,,,,,,,,,,,,,,,,58.50,,,,,,,,,,,
10-24-15,,,,,,,,,,0.00,,,,,65.44,59.98,,,,118.29,,,102.83,,,,,,,,,,,,,,,,,,,0.00,102.62,,,9.51,113.61,99.24,0.00,,,,,,,,,,,,,,,,,,,,,52.10,,,,,,,,,,,
10-25-15,,,,,,,,,,0.00,,,,,62.69,58.32,,,,115.83,,,99.08,,,,,,,,,,,,,,,,,,,2.98,97.50,,,9.13,113.50,103.55,0.00,,,,,,,,,,,,,,,,,,,,,48.90,,,,,,,,,,,
10-26-15,,,,,,,,,,0.00,,,,,61.77,54.36,,,,111.83,,,95.31,,,,,,,,,,,,,,,,,,,0.00,91.29,,,8.64,110.46,99.05,0.00,,,,,,,,,,,,,,,,,,,,,44.90,,,,,,,,,,,
10-27-15,,,,,,,,,,0.00,,,,,58.90,49.48,,,,106.67,,,90.75,,,,,,,,,,,,,,,,,,,0.00,86.75,,,9.08,101.89,92.59,0.00,,,,,,,,,,,,,,,,,,,,,42.00,,,,,,,,,,,
10-28-15,,,,,,,,,,0.00,,,,,55.81,44.98,,,,101.67,,,85.96,,,,,,,,,,,,,,,,,,,0.00,79.71,,,9.57,95.23,86.32,0.00,,,,,,,,,,,,,,,,,,,,,38.70,,,,,,,,,,,
10-29-15,,,,,,,,,,0.00,,,,,54.02,41.73,,,,95.58,,,78.38,,,,,,,,,,,,,,,,,,,0.00,72.92,,,6.57,92.59,81.04,0.00,,,,,,,,,,,,,,,,,,,,,36.60,,,,,,,,,,,
10-30-15,,,,,,,,,,0.00,,,,,52.90,40.36,,,,92.00,,,73.58,,,,,,,,,,,,,,,,,,,0.00,66.92,,,3.57,85.63,75.52,0.00,,,,,,,,,,,,,,,,,,,,,36.70,,,,,,,,,,,
10-31-15,,,,,,,,,,0.07,,,,,49.94,39.15,,,,89.79,,,69.49,,,,,,,,,,,,,,,,,,,0.00,61.79,,,0.00,78.06,68.82,0.00,,,,,,,,,,,,,,,,,,,,,34.50,,,,,,,,,,,
11-01-15,,,,,,,,,,0.01,,,,,49.08,36.87,,,,85.54,,,63.17,,,,,,,,,,,,,,,,,,,0.00,56.58,,,0.00,58.89,62.61,0.00,,,,,,,,,,,,,,,,,,,,,30.20,,,,,,,,,,,
11-02-15,,,,,,,,,,0.00,,,,,47.50,33.86,,,,82.04,,,56.29,,,,,,,,,,,,,,,,,,,0.00,51.08,,,0.00,34.89,55.45,0.00,,,,,,,,,,,,,,,,,,,,,24.80,,,,,,,,,,,
11-03-15,,,,,,,,,,0.03,,,,,44.85,32.61,,,,79.04,,,49.83,,,,,,,,,,,,,,,,,,,0.00,45.21,,,0.00,15.84,50.63,0.00,,,,,,,,,,,,,,,,,,,,,22.10,,,,,,,,,,,
11-04-15,,,,,,,,,,0.03,,,,,42.73,,,,,75.29,,,44.10,,,,,,,,,,,,,,,,,,,0.00,39.58,,,0.00,12.32,41.41,0.00,,,,,,,,,,,,,,,,,,,,,18.40,,,,,,,,,,,
11-05-15,,,,,,,,,,0.00,,,,,42.10,35.57,,,,74.64,,,42.96,,,,,,,,,,,,,,,,,,,0.00,32.46,,,0.00,9.92,15.27,0.00,,,,,,,,,,,,,,,,,,,,,13.00,,,,,,,,,,,
11-06-15,,,,,,,,,,0.00,,,,,41.10,32.52,,,,69.46,,,36.92,,,,,,,,,,,,,,,,,,,0.00,26.00,,,0.00,7.52,0.00,0.00,,,,,,,,,,,,,,,,,,,,,6.90,,,,,,,,,,,
11-07-15,,,,,,,,,,0.00,,,,,38.85,29.82,,,,64.00,,,33.58,,,,,,,,,,,,,,,,,,,0.00,19.17,,,0.00,5.67,0.00,0.00,,,,,,,,,,,,,,,,,,,,,0.00,,,,,,,,,,,
11-08-15,,,,,,,,,,0.00,,,,,35.81,27.44,,,,60.17,,,29.71,,,,,,,,,,,,,,,,,,,0.00,11.29,,,0.00,0.00,0.00,0.00,,,,,,,,,,,,,,,,,,,,,0.00,,,,,,,,,,,
11-09-15,,,,,,,,,,0.00,,,,,33.19,24.57,,,,55.67,,,25.29,,,,,,,,,,,,,,,,,,,0.00,4.00,,,0.00,0.00,0.00,0.00,,,,,,,,,,,,,,,,,,,,,0.00,,,,,,,,,,,
11-10-15,,,,,,,,,,0.00,,,,,29.94,22.15,,,,50.88,,,20.58,,,,,,,,,,,,,,,,,,,0.00,0.00,,,0.00,0.00,0.00,0.00,,,,,,,,,,,,,,,,,,,,,0.00,,,,,,,,,,,
11-11-15,,,,,,,,,,0.00,,,,,28.40,19.15,,,,49.42,,,13.47,,,,,,,,,,,,,,,,,,,0.00,0.00,,,0.00,0.00,0.00,0.00,,,,,,,,,,,,,,,,,,,,,0.00,,,,,,,,,,,
11-12-15,,,,,,,,,,0.00,,,,,26.41,14.65,,,,40.65,,,2.48,,,,,,,,,,,,,,,,,,,0.00,0.00,,,0.00,0.00,0.00,0.00,,,,,,,,,,,,,,,,,,,,,0.00,,,,,,,,,,,
11-13-15,,,,,,,,,,0.00,,,,,23.44,9.52,,,,37.21,,,3.48,,,,,,,,,,,,,,,,,,,0.00,0.00,,,0.00,0.00,0.00,0.00,,,,,,,,,,,,,,,,,,,,,15.50,,,,,,,,,,,
11-14-15,,,,,,,,,,0.00,,,,,19.60,3.15,,,,31.29,,,0.00,,,,,,,,,,,,,,,,,,,0.00,0.00,,,0.00,0.00,0.00,0.00,,,,,,,,,,,,,,,,,,,,,10.30,,,,,,,,,,,
11-15-15,,,,,,,,,,0.00,,,,,15.52,0.00,,,,22.99,,,0.00,,,,,,,,,,,,,,,,,,,0.00,0.00,,,0.00,0.00,0.00,0.00,,,,,,,,,,,,,,,,,,,,,12.60,,,,,,,,,,,
11-16-15,,,,,,,,,,0.00,,,,,11.65,0.00,,,,13.00,,,0.00,,,,,,,,,,,,,,,,,,,0.00,0.00,,,0.00,0.00,0.00,0.00,,,,,,,,,,,,,,,,,,,,,13.90,,,,,,,,,,,
11-17-15,,,,,,,,,,0.00,,,,,8.94,0.23,,,,6.00,,,0.00,,,,,,,,,,,,,,,,,,,0.00,0.00,,,0.00,0.00,0.00,0.00,,,,,,,,,,,,,,,,,,,,,24.10,,,,,,,,,,,
11-18-15,,,,,,,,,,0.00,,,,,9.15,0.22,,,,3.12,,,0.00,,,,,,,,,,,,,,,,,,,0.00,0.00,,,0.00,0.00,0.00,0.00,,,,,,,,,,,,,,,,,,,,,20.50,,,,,,,,,,,
11-19-15,,,,,,,,,,0.00,,,,,7.98,0.00,,,,2.71,,,0.00,,,,,,,,,,,,,,,,,,,0.00,0.00,,,0.00,0.00,0.00,0.00,,,,,,,,,,,,,,,,,,,,,15.80,,,,,,,,,,,
11-20-15,,,,,,,,,,0.00,,,,,3.65,0.00,,,,0.00,,,0.00,,,,,,,,,,,,,,,,,,,0.00,0.00,,,0.00,0.00,0.00,0.00,,,,,,,,,,,,,,,,,,,,,12.50,,,,,,,,,,,
11-21-15,,,,,,,,,,0.05,,,,,0.23,0.00,,,,0.00,,,0.00,,,,,,,,,,,,,,,,,,,0.00,0.00,,,0.00,0.00,0.00,0.00,,,,,,,,,,,,,,,,,,,,,7.70,,,,,,,,,,,
11-22-15,,,,,,,,,,0.00,,,,,0.23,0.00,,,,0.00,,,0.00,,,,,,,,,,,,,,,,,,,0.00,,,,0.00,0.00,0.00,0.00,,,,,,,,,,,,,,,,,,,,,0.00,,,,,,,,,,,
11-23-15,,,,,,,,,,0.00,,,,,0.23,0.00,,,,0.00,,,0.00,,,,,,,,,,,,,,,,,,,0.00,0.00,,,0.00,0.00,0.00,0.00,,,,,,,,,,,,,,,,,,,,,0.00,,,,,,,,,,,
11-24-15,,,,,,,,,,0.00,,,,,0.19,0.17,,,,0.00,,,0.00,,,,,,,,,,,,,,,,,,,0.00,0.00,,,0.00,0.00,0.00,0.00,,,,,,,,,,,,,,,,,,,,,0.00,,,,,,,,,,,
11-25-15,,,,,,,,,,0.05,,,,,0.30,0.00,,,,0.00,,,0.00,,,,,,,,,,,,,,,,,,,0.00,0.00,,,0.00,0.00,0.00,0.00,,,,,,,,,,,,,,,,,,,,,0.00,,,,,,,,,,,
11-26-15,,,,,,,,,,0.00,,,,,0.38,0.00,,,,0.00,,,0.00,,,,,,,,,,,,,,,,,,,0.00,0.00,,,0.00,0.00,0.00,0.00,,,,,,,,,,,,,,,,,,,,,0.00,,,,,,,,,,,
11-27-15,,,,,,,,,,0.00,,,,,0.00,0.00,,,,0.00,,,0.00,,,,,,,,,,,,,,,,,,,0.00,0.00,,,0.00,0.00,0.00,0.00,,,,,,,,,,,,,,,,,,,,,0.00,,,,,,,,,,,
11-28-15,,,,,,,,,,0.00,,,,,0.00,0.00,,,,0.00,,,0.00,,,,,,,,,,,,,,,,,,,0.00,0.00,,,0.00,0.00,0.00,0.00,,,,,,,,,,,,,,,,,,,,,0.00,,,,,,,,,,,
11-29-15,,,,,,,,,,0.00,,,,,0.00,0.00,,,,0.00,,,0.00,,,,,,,,,,,,,,,,,,,0.00,0.00,,,0.00,0.00,0.00,0.00,,,,,,,,,,,,,,,,,,,,,0.00,,,,,,,,,,,
11-30-15,,,,,,,,,,0.03,,,,,0.23,0.00,,,,0.00,,,,,,,,,,,,,,,,,,,,,,0.00,0.00,,,0.00,0.00,0.00,0.00,,,,,,,,,,,,,,,,,,,,,0.00,,,,,,,,,,,
12-01-15,,,,,,,,,,0.00,,,,,0.10,0.00,,,,0.00,,,0.00,,,,,,,,,,,,,,,,,,,0.00,0.00,,,0.00,0.00,0.00,0.00,,,,,,,,,,,,,,,,,,,,,0.00,,,,,,,,,,,
12-02-15,,,,,,,,,,0.20,,,,,0.00,0.00,,,,0.00,,,0.00,,,,,,,,,,,,,,,,,,,0.00,0.00,,,0.00,0.00,0.00,0.00,,,,,,,,,,,,,,,,,,,,,0.00,,,,,,,,,,,
12-03-15,,,,,,,,,,0.14,,,,,0.00,0.00,,,,0.00,,,,,,,,,,,,,,,,,,,,,,0.00,0.00,,,0.00,0.00,0.00,0.00,,,,,,,,,,,,,,,,,,,,,0.00,,,,,,,,,,,
12-04-15,,,,,,,,,,0.20,,,,,0.00,0.00,,,,0.00,,,0.00,,,,,,,,,,,,,,,,,,,0.00,0.00,,,0.00,0.00,0.00,0.00,,,,,,,,,,,,,,,,,,,,,0.00,,,,,,,,,,,
12-05-15,,,,,,,,,,0.15,,,,,0.00,0.04,,,,0.00,,,0.00,,,,,,,,,,,,,,,,,,,0.00,0.00,,,0.00,0.00,0.00,0.00,,,,,,,,,,,,,,,,,,,,,0.00,,,,,,,,,,,
12-06-15,,,,,,,,,,0.24,,,,,0.00,0.00,,,,0.00,,,0.00,,,,,,,,,,,,,,,,,,,0.00,0.00,,,0.00,0.00,0.00,0.00,,,,,,,,,,,,,,,,,,,,,0.00,,,,,,,,,,,
12-07-15,,,,,,,,,,0.09,,,,,0.00,0.00,,,,0.00,,,0.00,,,,,,,,,,,,,,,,,,,0.00,0.00,,,0.00,0.00,0.00,0.00,,,,,,,,,,,,,,,,,,,,,0.00,,,,,,,,,,,
12-08-15,,,,,,,,,,0.14,,,,,0.00,0.00,,,,0.00,,,0.00,,,,,,,,,,,,,,,,,,,0.00,0.00,,,0.00,0.00,0.00,0.00,,,,,,,,,,,,,,,,,,,,,0.00,,,,,,,,,,,
12-09-15,,,,,,,,,,0.27,,,,,0.29,0.00,,,,0.00,,,0.00,,,,,,,,,,,,,,,,,,,0.00,0.00,,,0.00,0.00,0.00,0.00,,,,,,,,,,,,,,,,,,,,,0.00,,,,,,,,,,,
12-10-15,,,,,,,,,,0.40,,,,,0.37,0.00,,,,0.00,,,0.00,,,,,,,,,,,,,,,,,,,0.00,0.00,,,0.00,0.00,0.00,0.00,,,,,,,,,,,,,,,,,,,,,0.00,,,,,,,,,,,
12-11-15,,,,,,,,,,0.24,,,,,0.59,0.00,,,,0.00,,,0.00,,,,,,,,,,,,,,,,,,,0.00,0.00,,,0.00,0.00,0.00,0.00,,,,,,,,,,,,,,,,,,,,,0.00,,,,,,,,,,,
12-12-15,,,,,,,,,,0.22,,,,,0.08,0.00,,,,0.00,,,0.00,,,,,,,,,,,,,,,,,,,0.00,0.00,,,0.00,0.00,0.00,0.00,,,,,,,,,,,,,,,,,,,,,0.00,,,,,,,,,,,
12-13-15,,,,,,,,,,,,,,,0.29,0.00,,,,0.00,,,0.00,,,,,,,,,,,,,,,,,,,0.00,0.00,,,0.00,0.00,0.00,0.00,,,,,,,,,,,,,,,,,,,,,0.00,,,,,,,,,,,
12-14-15,,,,,,,,,,0.14,,,,,0.43,0.00,,,,0.00,,,0.00,,,,,,,,,,,,,,,,,,,0.00,0.00,,,0.00,0.00,0.00,0.00,,,,,,,,,,,,,,,,,,,,,0.00,,,,,,,,,,,
12-15-15,,,,,,,,,,0.11,,,,,0.00,0.00,,,,0.00,,,0.00,,,,,,,,,,,,,,,,,,,0.00,,,,0.00,0.00,0.00,0.00,,,,,,,,,,,,,,,,,,,,,0.00,,,,,,,,,,,
12-16-15,,,,,,,,,,0.36,,,,,0.21,0.00,,,,0.00,,,0.00,,,,,,,,,,,,,,,,,,,0.00,0.00,,,0.00,0.00,0.00,0.00,,,,,,,,,,,,,,,,,,,,,0.00,,,,,,,,,,,
12-17-15,,,,,,,,,,0.27,,,,,0.25,0.18,,,,0.00,,,0.00,,,,,,,,,,,,,,,,,,,0.00,0.00,,,0.00,0.00,0.00,0.00,,,,,,,,,,,,,,,,,,,,,0.00,,,,,,,,,,,
12-18-15,,,,,,,,,,0.24,,,,,0.42,0.00,,,,0.00,,,,,,,,,,,,,,,,,,,,,,0.00,0.00,,,0.00,0.00,0.00,0.00,,,,,,,,,,,,,,,,,,,,,0.00,,,,,,,,,,,
12-19-15,,,,,,,,,,0.53,,,,,0.37,0.00,,,,0.00,,,0.00,,,,,,,,,,,,,,,,,,,0.00,0.00,,,0.00,0.00,0.00,0.00,,,,,,,,,,,,,,,,,,,,,0.00,,,,,,,,,,,
12-20-15,,,,,,,,,,0.40,,,,,0.12,0.00,,,,0.00,,,0.00,,,,,,,,,,,,,,,,,,,0.00,0.00,,,0.00,0.00,0.00,0.00,,,,,,,,,,,,,,,,,,,,,0.00,,,,,,,,,,,
12-21-15,,,,,,,,,,0.48,,,,,0.00,0.00,,,,0.00,,,0.00,,,,,,,,,,,,,,,,,,,0.00,0.00,,,0.00,0.00,0.00,0.00,,,,,,,,,,,,,,,,,,,,,0.00,,,,,,,,,,,
12-22-15,,,,,,,,,,1.44,,,,,0.00,0.00,,,,0.00,,,,,,,,,,,,,,,,,,,,,,0.00,0.00,,,0.00,0.00,0.00,0.00,,,,,,,,,,,,,,,,,,,,,0.00,,,,,,,,,,,
12-23-15,,,,,,,,,,1.18,,,,,0.25,0.00,,,,0.00,,,0.00,,,,,,,,,,,,,,,,,,,0.00,0.00,,,0.00,0.00,0.00,0.00,,,,,,,,,,,,,,,,,,,,,0.00,,,,,,,,,,,
12-24-15,,,,,,,,,,1.24,,,,,0.12,0.00,,,,0.00,,,0.00,,,,,,,,,,,,,,,,,,,0.00,0.00,,,0.00,0.00,0.00,0.00,,,,,,,,,,,,,,,,,,,,,2.80,,,,,,,,,,,
12-25-15,,,,,,,,,,1.48,,,,,0.00,0.00,,,,0.00,,,0.00,,,,,,,,,,,,,,,,,,,0.00,0.00,,,0.00,0.00,0.00,0.00,,,,,,,,,,,,,,,,,,,,,6.40,,,,,,,,,,,
12-26-15,,,,,,,,,,2.32,,,,,0.00,0.00,,,,0.00,,,0.00,,,,,,,,,,,,,,,,,,,0.00,0.00,,,0.00,0.00,0.00,0.00,,,,,,,,,,,,,,,,,,,,,3.50,,,,,,,,,,,
12-27-15,,,,,,,,,,2.57,,,,,0.00,0.00,,,,0.00,,,0.00,,,,,,,,,,,,,,,,,,,0.00,0.00,,,0.00,0.00,0.00,0.00,,,,,,,,,,,,,,,,,,,,,0.00,,,,,,,,,,,
12-28-15,,,,,,,,,,3.20,,,,,0.00,0.00,,,,0.00,,,0.00,,,,,,,,,,,,,,,,,,,0.00,0.00,,,0.00,0.00,0.00,0.00,,,,,,,,,,,,,,,,,,,,,0.00,,,,,,,,,,,
12-29-15,,,,,,,,,,3.36,,,,,0.00,0.00,,,,0.00,,,0.00,,,,,,,,,,,,,,,,,,,0.00,0.00,,,0.00,0.00,0.00,0.00,,,,,,,,,,,,,,,,,,,,,0.00,,,,,,,,,,,
12-30-15,,,,,,,,,,3.24,,,,,0.00,0.00,,,,0.00,,,0.00,,,,,,,,,,,,,,,,,,,0.00,0.00,,,0.00,0.00,0.00,0.00,,,,,,,,,,,,,,,,,,,,,0.00,,,,,,,,,,,
12-31-15,,,,,,,,,,3.03,,,,,0.00,0.00,,,,0.00,,,0.00,,,,,,,,,,,,,,,,,,,0.00,0.00,,,0.00,0.00,0.00,0.00,,,,,,,,,,,,,,,,,,,,,0.00,,,,,,,,,,,
01-01-16,,,,,,,,,,3.30,,,,0.00,0.00,0.00,,,,0.00,,,0.00,,,,,,,,,,,,,,,0.00,,,,0.00,0.00,,,0.00,0.00,0.00,0.00,,,,,,,,,,,,,,,,,,,,,0.00,,,,,,,,,,,
01-02-16,,,,,,,,,,4.53,,,,0.00,0.00,0.00,,,,0.00,,,0.00,,,,,,,,,,,,,,,0.00,,,,0.00,0.00,,,0.00,0.00,0.00,0.00,,,,,0.00,,,,,,,,,,,,,,,,0.00,,,,,,,,,,,
01-03-16,,,,,,,,,,2.61,,,,,0.00,0.00,,,,0.00,,,0.00,,,,,,,,,,,,,,,0.00,,,,0.00,0.00,,,0.00,0.00,0.00,0.00,,,,,0.12,,,,,,,,,,,,,,,,0.00,,,,,,,,,,,
01-04-16,,,,,,,,,,3.65,,,,,0.00,0.00,,,,0.00,,,0.00,,,,,,,,,,,,,,,0.00,,,,0.00,0.00,,,0.00,0.00,0.00,0.00,,,,,0.00,,,,,,,,,,,,,,,,0.00,,,,,,,,,,,
01-05-16,,,,,,,,,,3.80,,,,,0.00,0.00,,,,0.00,,,0.00,,,,,,,,,,,,,,,0.00,,,,0.00,,,,0.00,0.00,0.00,0.00,,,,,0.00,,,,,,,,,,,,,,,,2.00,,,,,,,,,,,
01-06-16,,,,,,,,,,4.03,,,,,0.00,0.09,,,,0.00,,,0.00,,,,,,,,,,,,,,,0.00,,,,0.00,0.00,,,0.00,0.00,0.00,0.00,,,,,0.00,,,,,,,,,,,,,,,,0.00,,,,,,,,,,,
01-07-16,,,,,,,,,,4.32,,,,0.00,0.00,0.00,,,,0.00,,,0.00,,,,,,,,,,,,,,,0.00,,,,0.00,0.00,,,0.00,0.00,0.00,0.00,,,,,0.23,,,,,,,,,,,,,,,,0.00,,,,,,,,,,,
01-08-16,,,,,,,,,,4.48,,,,,0.29,0.17,,,,0.00,,,0.00,,,,,,,,,,,,,,,0.00,,,,0.00,0.00,,,0.00,0.00,0.00,0.00,,,,,0.42,,,,,,,,,,,,,,,,0.00,,,,,,,,,,,
01-09-16,,,,,,,,,,5.24,,,,0.00,0.14,0.00,,,,0.00,,,0.00,,,,,,,,,,,,,,,0.00,,,,0.00,0.00,,,0.00,0.00,0.00,0.00,,,,,0.59,,,,,,,,,,,,,,,,0.00,,,,,,,,,,,
01-10-16,,,,,,,,,,4.36,,,,,0.00,0.17,,,,0.00,,,0.00,,,,,,,,,,,,,,,0.00,,,,0.00,0.00,,,0.00,0.00,0.00,0.00,,,,,1.30,,,,,,,,,,,,,,,,0.00,,,,,,,,,,,
01-11-16,,,,,,,,,,5.11,,,,,0.00,0.00,,,,0.00,,,0.00,,,,,,,,,,,,,,,0.00,,,,,0.00,,,0.00,0.00,0.00,0.00,,,,,0.00,,,,,,,,,,,,,,,,0.00,,,,,,,,,,,
01-12-16,,,,,,,,,,4.53,,,,,0.41,0.00,,,,0.00,,,0.00,,,,,,,,,,,,,,,0.00,,,,0.00,0.00,,,0.00,0.00,0.00,0.00,,,,,0.92,,,,,,,,,,,,,,,,0.00,,,,,,,,,,,
01-13-16,,,,,,,,,,4.53,,,,0.00,0.33,0.00,,,,0.00,,,0.00,,,,,,,,,,,,,,,0.00,,,,0.00,0.00,,,0.00,0.00,0.00,0.00,,,,,1.50,,,,,,,,,,,,,,,,0.00,,,,,,,,,,,
01-14-16,,,,,,,,,,3.99,,,,1.06,0.37,0.00,,,,0.00,,,0.00,,,,,,,,,,,,,,,0.00,,,,0.00,0.00,,,0.00,0.00,0.00,0.00,,,,,0.21,,,,,,,,,,,,,,,,0.00,,,,,,,,,,,
01-15-16,,,,,,,,,,4.11,,,,,0.49,0.47,,,,0.00,,,0.00,,,,,,,,,,,,,,,0.00,,,,0.00,0.00,,,0.00,0.00,0.00,0.00,,,,,0.38,,,,,,,,,,,,,,,,0.00,,,,,,,,,,,
01-16-16,,,,,,,,,,3.36,,,,0.00,0.41,0.00,,,,0.00,,,0.00,,,,,,,,,,,,,,,,,,,0.00,0.00,,,0.00,0.00,0.00,0.00,,,,,0.55,,,,,,,,,,,,,,,,0.00,,,,,,,,,,,
01-17-16,,,,,,,,,,2.32,,,,,0.04,0.00,,,,0.00,,,0.00,,,,,,,,,,,,,,,0.00,,,,0.00,0.00,,,0.00,0.00,0.00,0.00,,,,,1.70,,,,,,,,,,,,,,,,0.00,,,,,,,,,,,
01-18-16,,,,,,,,,,4.35,,,,0.00,0.00,0.00,,,,0.00,,,0.00,,,,,,,,,,,,,,,0.00,,,,2.13,,,,0.00,0.00,0.00,0.00,,,,,2.08,,,,,,,,,,,,,,,,0.00,,,,,,,,,,,
01-19-16,,,,,,,,,,3.18,,,,0.00,0.00,0.07,,,,0.00,,,0.00,,,,,,,,,,,,,,,0.00,,,,0.00,0.00,,,0.00,0.00,0.00,0.00,,,,,1.42,,,,,,,,,,,,,,,,0.00,,,,,,,,,,,
01-20-16,,,,,,,,,,0.00,,,,,0.00,0.00,,,,0.00,,,0.00,,,,,,,,,,,,,,,0.00,,,,0.00,0.00,,,0.00,0.00,0.00,0.00,,,,,0.00,,,,,,,,,,,,,,,,0.00,,,,,,,,,,,
01-21-16,,,,,,,,,,9.28,,,,37.46,0.00,0.00,,,,0.00,,,0.00,,,,,,,,,,,,,,,0.00,,,,0.00,0.00,,,0.00,0.00,0.00,0.00,,,,,0.00,,,,,,,,,,,,,,,,0.00,,,,,,,,,,,
01-22-16,,,,,,,,,,29.92,,,,,0.00,0.12,,,,0.00,,,0.00,,,,,,,,,,,,,,,0.00,,,,0.00,0.00,,,0.00,0.00,0.00,0.00,,,,,0.00,,,,,,,,,,,,,,,,0.00,,,,,,,,,,,
01-23-16,,,,,,,,,,2.70,,,,,0.00,0.14,,,,0.00,,,0.00,,,,,,,,,,,,,,,0.00,,,,0.00,0.00,,,0.00,0.00,0.00,0.00,,,,,0.00,,,,,,,,,,,,,,,,0.00,,,,,,,,,,,
01-24-16,,,,,,,,,,0.78,,,,0.00,0.16,0.78,,,,0.00,,,0.00,,,,,,,,,,,,,,,0.00,,,,0.00,0.00,,,0.00,0.00,0.00,0.00,,,,,1.00,,,,,,,,,,,,,,,,0.00,,,,,,,,,,,
01-25-16,,,,,,,,,,0.53,,,,,0.29,0.96,,,,0.00,,,0.00,,,,,,,,,,,,,,,0.00,,,,3.04,0.00,,,0.00,0.00,0.00,0.00,,,,,1.08,,,,,,,,,,,,,,,,0.00,,,,,,,,,,,
01-26-16,,,,,,,,,,0.96,,,,0.00,0.58,0.67,,,,0.00,,,0.00,,,,,,,,,,,,,,,0.00,,,,0.00,0.00,,,0.00,0.00,0.00,0.00,,,,,0.50,,,,,,,,,,,,,,,,0.00,,,,,,,,,,,
01-27-16,,,,,,,,,,0.65,,,,0.46,0.00,0.74,,,,0.00,,,0.00,,,,,,,,,,,,,,,0.00,,,,2.33,,,,0.00,0.00,0.00,0.00,,,,,1.00,,,,,,,,,,,,,,,,0.00,,,,,,,,,,,
01-28-16,,,,,,,,,,0.00,,,,,0.21,0.72,,,,0.00,,,0.00,,,,,,,,,,,,,,,0.00,,,,0.00,0.00,,,0.00,0.00,0.00,0.00,,,,,0.22,,,,,,,,,,,,,,,,0.00,,,,,,,,,,,
01-29-16,,,,,,,,,,0.25,,,,,0.00,0.52,,,,0.00,,,0.00,,,,,,,,,,,,,,,0.00,,,,0.00,0.00,,,0.00,0.00,0.00,0.00,,,,,0.00,,,,,,,,,,,,,,,,0.00,,,,,,,,,,,
01-30-16,,,,,,,,,,0.00,,,,,0.23,0.35,,,,0.00,,,0.00,,,,,,,,,,,,,,,0.00,,,,0.00,0.00,,,0.00,0.00,0.00,0.00,,,,,0.00,,,,,,,,,,,,,,,,0.00,,,,,,,,,,,
01-31-16,,,,,,,,,,0.00,,,,0.00,0.00,0.30,,,,0.00,,,0.00,,,,,,,,,,,,,,,0.00,,,,0.00,0.00,,,0.00,0.00,0.00,0.00,,,,,0.00,,,,,,,,,,,,,,,,0.00,,,,0.00,,,,,,,
02-01-16,,,,,,,,,,0.16,,,,,0.00,0.18,,,,0.00,,,0.00,,,,,,,,,,,,,,,0.00,,,,0.00,0.00,,,0.00,0.00,0.00,0.00,,,,,0.00,,,,,,,,,,,,,,,,0.00,,,,0.00,,,,,,,
02-02-16,,,,,,,,,,0.00,,,,,0.00,0.26,,,,0.00,,,0.00,,,,,,,,,,,,,,,0.00,,,,0.00,0.00,,,0.00,0.00,0.00,0.00,,,,,0.00,,,,,,,,,,,,,,,,0.00,,,,0.00,,,,,,,
02-03-16,,,,,,,,,,0.08,,,,,0.01,0.67,,,,0.00,,,0.00,,,,,,,,,,,,,,,0.00,,,,0.00,0.00,,,0.00,0.00,0.00,0.00,,,,,0.00,,,,,,,,,,,,,,,,0.00,,,,0.00,,,,,,,
02-04-16,,,,,,,,,,0.00,,,,,0.18,0.64,,,,0.00,,,0.00,,,,,,,,,,,,,,,0.00,,,,0.00,0.00,,,0.00,0.00,0.00,0.00,,,,,0.00,,,,,,,,,,,,,,,,0.00,,,,0.00,,,,,,,
02-05-16,,,,,,,,,,0.08,,,,,0.00,0.56,,,,0.00,,,0.00,,,,,,,,,,,,,,,0.00,,,,0.00,0.00,,,0.00,0.00,0.00,0.00,,,,,0.29,,,,,,,,,,,,,,,,0.00,,,,0.00,,,,,,,
02-06-16,,,,,,,,,,,,,,0.00,0.10,0.00,,,,0.00,,,0.00,,,,,,,,,,,,,,,0.00,,,,0.00,0.00,,,0.00,0.00,0.00,0.00,,,,,0.00,,,,,,,,,,,,,,,,0.00,,,,0.00,,,,,,,
02-07-16,,,,,,,,,,0.00,,,,0.00,0.00,0.00,,,,0.00,,,0.00,,,,,,,,,,,,,,,0.00,,,,0.00,0.00,,,0.00,0.00,0.00,0.00,,,,,0.00,,,,,,,,,,,,,,,,0.00,,,,0.00,,,,,,,
02-08-16,,,,,,,,,,0.00,,,,,0.00,,,,,0.00,,,0.00,,,,,,,,,,,,,,,0.00,,,,0.00,2.13,,,0.00,0.00,0.00,0.00,,,,,0.08,,,,,,,,,,,,,,,,0.00,,,,0.00,,,,,,,
02-09-16,,,,,,,,,,0.00,,,,0.00,0.05,0.00,,,,0.00,,,0.00,,,,,,,,,,,,,,,0.00,,,,0.00,2.60,,,0.00,0.00,0.00,0.00,,,,,1.50,,,,,,,,,,,,,,,,0.00,,,,0.00,,,,,,,
02-10-16,,,,,,,,,,0.00,,,,,0.05,0.00,,,,0.00,,,0.00,,,,,,,,,,,,,,,0.00,,,,0.00,0.00,,,0.00,0.00,0.00,0.00,,,,,0.00,,,,,,,,,,,,,,,,0.00,,,,0.00,,,,,,,
02-11-16,,,,,,,,,,,,,,0.26,0.00,0.08,,,,0.00,,,0.00,,,,,,,,,,,,,,,0.00,,,,2.21,3.23,,,0.00,0.00,0.00,0.00,,,,,3.46,,,,,,,,,,,,,,,,0.00,,,,0.00,,,,,,,
02-12-16,,,,,,,,,,0.00,,,,0.00,0.00,0.00,,,,0.00,,,0.00,,,,,,,,,,,,,,,0.00,,,,0.00,0.00,,,0.00,0.00,0.00,0.00,,,,,1.57,,,,,,,,,,,,,,,,0.00,,,,0.00,,,,,,,
02-13-16,,,,,,,,,,0.00,,,,0.26,0.35,0.00,,,,0.00,,,0.00,,,,,,,,,,,,,,,0.00,,,,3.04,0.00,,,0.00,0.00,0.00,0.00,,,,,1.67,,,,,,,,,,,,,,,,0.00,,,,0.00,,,,,,,
02-14-16,,,,,,,,,,0.00,,,,0.00,0.26,0.04,,,,0.00,,,0.00,,,,,,,,,,,,,,,0.00,,,,2.74,2.86,,,0.00,0.00,0.00,0.00,,,,,2.67,,,,,,,,,,,,,,,,0.00,,,,0.00,,,,,,,
02-15-16,,,,,,,,,,0.00,,,,0.96,0.00,0.00,,,,0.00,,,0.00,,,,,,,,,,,,,,,0.00,,,,0.00,3.58,,,0.00,0.00,0.00,0.00,,,,,0.00,,,,,,,,,,,,,,,,0.00,,,,0.00,,,,,,,
02-16-16,,,,,,,,,,0.00,,,,0.00,0.00,0.00,,,,0.00,,,0.00,,,,,,,,,,,,,,,0.00,,,,0.00,7.58,,,0.00,0.00,0.00,0.00,,,,,0.00,,,,,,,,,,,,,,,,0.00,,,,0.00,,,,,,,
02-17-16,,,,,,,,,,0.46,,,,0.00,0.29,0.04,,,,0.00,,,0.00,,,,,,,,,,,,,,,0.00,,,,2.46,2.27,,,0.00,0.00,0.00,0.00,,,,,0.48,,,,,,,,,,,,,,,,0.00,,,,0.00,,,,,,,
02-18-16,,,,,,,,,,0.00,,,,0.00,0.00,0.00,,,,0.00,,,0.00,,,,,,,,,,,,,,,0.00,,,0.00,2.25,2.26,,,0.00,0.00,0.00,0.00,,,,,0.26,,,,,,,,,,,,,,,,0.00,,,,0.00,,,,,,,
02-19-16,,,,,,,,,,0.00,,,,1.46,0.00,0.00,,,,0.00,,,0.00,,,,,,,,,,,,,,,0.00,,,0.00,0.00,2.14,,,0.00,0.00,0.00,0.00,,,,,2.00,,,,,,,,,,,,,,,,0.00,,,,0.00,,,,,,,
02-20-16,,,,,,,,,,0.00,,,,0.00,0.00,0.00,,,,0.00,,,0.00,,,,,,,,,,,,,,,0.00,,,0.00,0.00,12.11,,,0.00,0.00,0.00,0.00,,,,,1.33,,,,,,,,,,,,,,,,0.00,,,,0.00,,,,,,,
02-21-16,,,,,,,,,,0.00,,,,0.00,0.00,0.00,,,,0.00,,,0.00,,,,,,,,,,,,,,,0.00,,,0.00,0.00,9.58,,,0.00,0.00,0.00,0.00,,,,,0.00,,,,,,,,,,,,,,,,0.00,,,,0.00,,,,,,,
02-22-16,,,,,,,,,,0.00,,,,1.46,0.00,0.07,,,,0.00,,,0.00,,,,,,,,,,,,,,,0.00,,,0.00,0.00,12.77,,,0.00,0.00,0.00,0.00,,,,,0.00,,,,,,,,,,,,,,,,,,,,0.00,,,,,,,
02-23-16,,,,,,,,,,0.00,,,,0.00,0.00,0.08,,,,0.00,,,0.00,,,,,,,,,,,,,,,0.00,,,0.00,0.00,5.72,,,0.00,0.00,0.00,0.00,,,,,0.00,,,,,,,,,,,,,,,,0.00,,,,0.00,,,,,,,
02-24-16,,,,,,,,,,2.37,,,,0.00,0.00,0.00,,,,0.00,,,0.00,,,,,,,,,,,,,,,0.00,,,0.00,0.00,6.19,,,0.00,0.00,0.00,0.00,,,,,0.50,,,,,,,,,,,,,,,,0.00,,,,0.00,,,,,,,
02-25-16,,,,,,,,,,0.33,,,,0.00,0.00,0.01,,,,0.00,,,0.00,,,,,,,,,,,,,,,0.00,,,0.00,2.96,7.59,,,0.00,0.00,0.00,0.00,,,,,4.26,,,,,,,,,,,,,,,,0.00,,,,0.00,,,,,,,
02-26-16,,,,,,,,,,0.33,,,,0.00,0.49,0.30,,,,0.00,,,0.00,,,,,,,,,,,,,,,0.00,,,0.00,3.12,4.16,,,0.00,0.00,0.00,0.00,,,,,1.76,,,,,,,,,,,,,,,,0.00,,,,0.00,,,,,,,
02-27-16,,,,,,,,,,0.29,,,,0.00,0.49,0.00,,,,0.00,,,0.00,,,,,,,,,,,,,,,0.00,,,0.00,3.96,3.71,,,0.00,0.00,0.00,0.00,,,,,3.17,,,,,,,,,,,,,,,,0.00,,,,0.00,,,,,,,
02-28-16,,,,,,,,,,0.54,,,,0.00,0.37,0.13,,,,0.00,,,0.00,,,,,,,,,,,,,,,0.00,,,0.00,3.14,5.74,,,0.00,0.00,0.00,0.00,,,,,0.54,,,,,,,,,,,,,,,,0.00,,,,0.00,,,,,,,
02-29-16,,,,,,,,,,0.00,,,,1.12,1.05,0.00,,,,0.00,,,0.00,,,,,,,,,,,,,,,0.00,,,0.00,0.00,2.99,,,0.00,0.00,0.00,0.00,,,,,0.00,,,,,,,,,,,,,,,,0.00,,,,0.00,,,,,,,
03-01-16,,,,,,,,,,0.00,,,,0.00,0.66,0.22,,,,0.00,,,0.00,,,,,,,,,,,,,,,0.00,,,0.00,0.00,8.77,,,0.00,0.00,0.00,0.00,,,,,0.00,,,,,,,,,,,,,,,,0.00,,,,0.00,,,,,,,
03-02-16,,,,,,,,,,0.12,,,,,0.95,0.12,,,,0.00,,,0.00,,,,,,,,,,,,,,,0.00,,,0.00,0.00,12.11,,,0.00,0.00,0.00,0.00,,,,,0.00,,,,,,,,,,,,,,,,0.00,,,,0.00,,,,,,,
03-03-16,,,,,,,,,,0.07,,,,,1.23,0.26,,,,0.00,,,0.00,,,,,,,,,,,,,,,0.00,,,0.00,0.00,9.87,,,0.00,0.00,0.00,0.00,,,,,0.00,,,,,,,,,,,,,,,,0.00,,,,0.00,,,,,,,
03-04-16,,,,,,,,,,0.00,,,,0.00,1.24,0.04,,,,0.00,,,0.00,,,,,,,,,,,,,,,0.00,,,0.00,0.00,12.69,,,0.00,0.00,0.00,0.00,,,,,0.00,0.00,,,,,,,,,,,,,,,0.00,,,,0.00,,,,,,,
03-05-16,,,,,,,,,,0.00,,,,0.00,0.74,0.04,,,,,,,0.00,,,,,,,,,,,,,,,0.00,,,0.00,0.00,10.53,,,0.00,0.00,0.00,0.00,,,,,0.00,0.11,,,,,,,,,,,,,,,0.00,,,,0.00,,,,,,,
03-06-16,,,,,,,,,,0.00,,,,0.12,0.62,0.35,,,,0.00,,,0.00,,,,,,,,,,,,,,,0.00,,,0.00,0.00,9.36,,,0.00,0.00,0.00,0.00,,,,,0.00,0.44,,,,,,,,,,,,,,,0.00,,,,0.00,,,,,,,
03-07-16,,,,,,,,,,0.04,,,,,0.84,0.74,,,,0.00,,,0.00,,,,,,,,,,,,,,,0.00,,,0.00,0.00,2.13,,,0.00,0.00,0.00,0.00,,,,,0.00,0.60,,,,,,,,,,,,,,,0.00,,,,0.00,,,,,,,
03-08-16,,,,,,,,,,0.17,,,,,1.10,0.69,,,,0.00,,,0.00,,,,,,,,,,,,,,,0.00,,,0.00,0.00,6.54,,,0.00,0.00,0.00,0.00,,,,,0.00,0.31,,,,,,,,,,,,,,,0.00,,,,0.00,,,,,,,
03-09-16,,,,,,,,,,0.12,,,,0.46,1.26,0.00,,,,0.00,,,0.00,,,,,,,,,,,,,,,0.00,,,0.00,0.00,8.17,,,0.00,0.00,0.00,0.00,,,,,0.00,0.15,,,,,,,,,,,,,,,0.00,,,,0.00,,,,,,,
03-10-16,,,,,,,,,,0.00,,,,0.00,0.41,0.26,,,,0.00,,,0.00,,,,,,,,,,,,,,,0.00,,,0.00,0.00,9.20,,,0.00,0.00,0.00,0.00,,,,,0.00,0.38,,,,,,,,,,,,,,,0.00,,,,0.00,,,,,,,
03-11-16,,,,,,,,,,0.20,,,,0.00,0.58,0.69,,,,0.00,,,0.00,,,,,,,,,,,,,,,0.00,,,0.00,0.00,12.22,,,0.00,0.00,0.00,0.00,,,,,0.00,0.11,,,,,,,,,,,,,,,0.00,,,,0.00,,,,,,,
03-12-16,,,,,,,,,,0.00,,,,0.00,0.79,0.50,,,,0.00,,,,,,,,,,,,,,,,,,0.00,,,0.00,0.00,10.31,,,0.00,0.00,0.00,0.00,,,,,0.00,0.23,,,,,,,,,,,,,,,0.00,,,,0.00,,,,,,,
03-13-16,,,,,,,,,,0.00,,,,0.00,0.41,0.03,,,,0.00,,,0.00,,,,,,,,,,,,,,,0.00,,,0.00,0.00,5.16,,,0.00,0.00,0.00,0.00,,,,,0.00,0.33,,,,,,,,,,,,,,,0.00,,,,0.00,,,,,,,
03-14-16,,,,,,,,,,0.00,,,,0.00,0.37,0.21,,,,0.00,,,0.00,,,,,,,,,,,,,,,0.00,,,0.00,0.00,6.53,,,0.00,0.00,0.00,0.00,,,,,1.54,0.00,,,,,,,,,,,,,,,0.00,,,,0.00,,,,,,,
03-15-16,,,,,,,,,,0.00,,,,0.00,0.54,0.00,,,,0.00,,,0.00,,,,,,,,,,,,,,,0.00,,,0.00,0.00,4.95,,,0.00,0.00,0.00,0.00,,,,,0.88,0.00,,,,,,,,,,,,,,,0.00,,,,0.00,,,,,,,
03-16-16,,,,,,,,,,0.00,,,,0.00,,0.00,,,,0.00,,,0.00,,,,,,,,,,,,,,,0.00,,,,0.00,6.02,,,0.00,0.00,0.00,0.00,,,,,0.08,0.00,,,,,,,,,,,,,,,0.00,,,,0.00,,,,,,,
03-17-16,,,,,,,,,,0.00,,,,0.00,0.58,0.00,,,,0.00,,,0.00,,,,,,,,,,,,,,,0.00,,,0.00,0.00,2.99,,,0.00,0.00,0.00,0.00,,,,,0.00,0.00,,,,,,,,,,,,,,,0.00,,,,0.00,,,,,,,
03-18-16,,,,,,,,,,0.00,,,,0.00,0.74,0.53,,,,0.00,,,0.00,,,,,,,,,,,,,,,0.00,,,0.00,0.00,0.00,,,0.00,0.00,0.00,0.00,,,,,0.93,0.00,,,,,,,,,,,,,,,0.00,,,,0.00,,,,,,,
03-19-16,,,,,,,,,,0.00,,,,0.00,0.95,0.04,,,,0.00,,,0.00,,,,,,,,,,,,,,,0.00,,,0.00,0.00,2.77,,,0.00,0.00,0.00,0.00,,,,,2.54,0.00,,,,,,,,,,,,,,,0.00,,,,0.00,,,,,,,
03-20-16,,,,,,,,,,0.00,,,,0.00,1.04,0.35,,,,0.00,,,0.00,,,,,,,,,,,,,,,0.00,,,0.00,0.00,3.71,,,0.00,0.00,0.00,0.00,,,,,1.92,0.00,,,,,,,,,,,,,,,0.00,,,,0.00,,,,,,,
03-21-16,,,,,,,,,,0.00,,,,0.00,1.33,0.55,,,,0.00,,,0.00,,,,,,,,,,,,,,,0.00,,,0.00,0.00,4.86,,,0.00,0.00,0.00,0.00,,,,,1.62,0.00,,,,,,,,,,,,,,,0.00,,,,0.00,,,,,,,
03-22-16,,,,,,,,,,0.00,,,,,1.12,0.00,,,,0.00,,,0.00,,,,,,,,,,,,,,,0.00,,,0.00,0.00,3.32,,,0.00,0.00,0.00,0.00,,,,,2.12,0.00,,,,,,,,,,,,,,,0.00,,,,0.00,,,,,,,
03-23-16,,,,,,,,,,0.00,,,,0.00,,0.26,,,,0.00,,,0.00,,,,,,,,,,,,,,,0.00,,,0.00,0.00,5.88,,,0.00,0.00,0.00,0.00,,,,,0.12,0.00,,,,,,,,,,,,,,,0.00,,,,0.00,,,,,,,
03-24-16,,,,,,,,,,0.08,,,,0.00,1.29,0.26,,,,0.00,,,0.00,,,,,,,,,,,,,,,0.00,,,,0.00,2.04,,,0.00,0.00,0.00,0.00,,,,,0.00,0.00,,,,,,,,,,,,,,,0.00,,,,0.00,,,,,,,
03-25-16,,,,,,,,,,0.00,,,,0.12,1.14,0.14,,,,0.00,,,0.00,,,,,,,,,,,,,,,0.00,,,0.00,0.00,4.97,,,0.00,0.00,0.00,0.00,,,,,0.54,0.00,,,,,,,,,,,,,,,0.00,,,,0.00,,,,,,,
03-26-16,,,,,,,,,,0.21,,,,0.00,1.31,0.00,,,,0.00,,,0.00,,,,,,,,,,,,,,,0.00,,,0.00,0.00,3.49,,,0.00,0.00,0.00,0.00,,,,,0.00,0.00,,,,,,,,,,,,,,,0.00,,,,0.00,,,,,,,
03-27-16,,,,,,,,,,0.12,,,,0.00,1.38,0.17,,,,0.00,,,0.00,,,,,,,,,,,,,,,0.00,,,0.00,0.00,2.45,,,0.00,0.00,0.00,0.00,,,,,0.00,0.00,,,,,,,,,,,,,,,0.00,,,,0.00,,,,,,,
03-28-16,,,,,,,,,,0.08,,,,0.00,1.12,0.00,,,,0.00,,,0.00,,,,,,,,,,,,,,,0.00,,,0.00,0.00,2.98,,,0.00,0.00,0.00,0.00,,,,,1.42,0.00,,,,,,,,,,,,,,,0.00,,,,0.00,,,,,,,
03-29-16,,,,,,,,,,0.24,,,,0.00,0.70,0.00,,,,0.00,,,0.00,,,,,,,,,,,,,,,0.00,,,0.00,0.00,4.06,,,0.00,0.00,0.00,0.00,,,,,0.29,0.00,,,,,,,,,,,,,,,0.00,,,,0.00,,,,,,,
03-30-16,,,,,,,,,,0.11,,,,0.00,1.00,0.00,,,,0.00,,,0.00,,,,,,,,,,,,,,,0.00,,,0.00,0.00,5.82,,,0.00,0.00,0.00,0.00,,,,,0.00,0.00,,,,,,,,,,,,,,,0.00,,,,0.00,,,,,,,
03-31-16,,,,,,,,,,0.21,,,,2.57,1.57,0.20,,,,0.00,,,0.00,,,,,,,,,,,,,,,0.00,,,0.00,0.00,3.26,,,0.00,0.00,0.00,0.00,,,,,0.00,0.55,,,,,,,,,,,,,,,0.00,,,,0.00,,,,,,,
04-01-16,,,,,,,,,,0.04,,,,3.42,2.36,0.11,,,,0.00,,,0.00,,,,,,,,,,,,,,,0.00,,,0.00,0.00,0.00,,,0.00,0.00,0.00,0.00,,,,,0.00,0.00,,,,,,,,,,,,,,,0.00,,,,0.00,,,,,,,
04-02-16,,,,,,,,,,0.21,,,,3.49,2.48,0.45,,,,0.00,,,0.00,,,,,,,,,,,,,,,0.00,,,0.00,0.00,4.45,,,0.00,0.00,0.00,0.00,,,,,0.00,0.57,,,,,,,,,,,,,,,0.00,,,,0.00,,,,,,,
04-03-16,,,,,,,,,,0.17,,,,3.70,2.24,0.59,,,,0.00,,,0.00,,,,,,,,,,,,,,,0.00,,,0.00,0.00,0.00,,,0.00,0.00,0.00,0.00,,,,,0.41,0.85,,,,,,,,,,,,,,,0.00,,,,0.00,,,,,,,
04-04-16,,,,,,,,,,0.21,,,,3.61,2.41,0.21,,,,0.00,,,0.00,,,,,,,,,,,,,,,0.00,,,0.00,0.00,2.40,,,0.00,0.00,0.00,0.00,,,,,0.62,0.00,,,,,,,,,,,,,,,0.00,,,,0.00,,,,,,,
04-05-16,,,,,,,,,,0.42,,,,7.11,2.54,0.97,,,,0.00,,,0.00,,,,,,,,,,,,,,,0.00,,,0.00,0.00,3.26,,,0.00,0.00,0.00,0.00,,,,,2.21,0.00,,,,,,,,,,,,,,,0.00,,,,0.00,,,,,,,
04-06-16,,,,,,,,,,0.11,,,,7.40,2.37,1.32,,,,0.00,,,0.00,,,,,,,,,,,,,,,0.00,,,0.00,0.00,5.95,,,0.00,0.00,0.00,0.00,,,,,0.00,0.00,,,,,,,,,,,,,,,0.00,,,,0.00,,,,,,,
04-07-16,,,,,,,,,,0.12,,,,5.09,2.08,0.61,,,,0.00,,,0.00,,,,,,,,,,,,,,,0.00,,,0.00,0.00,2.13,,,0.00,0.00,0.00,0.00,,,,,0.00,0.05,,,,,,,,,,,,,,,0.00,,,,0.00,,,,,,,
04-08-16,,,,,,,,,,0.08,,,,3.62,2.20,0.99,,,,0.00,,,0.00,,,,,,,,,,,,,,,0.00,,,0.00,0.00,5.86,,,0.00,0.00,0.00,0.00,,,,,0.00,0.00,,,,,,,,,,,,,,,0.00,,,,0.00,,,,,,,
04-09-16,,,,,,,,,,0.04,,,,3.12,1.99,0.82,,,,0.00,,,0.00,,,,,,,,,,,,,,,0.00,,,0.00,0.00,0.00,,,0.00,0.00,0.00,0.00,,,,,0.00,0.52,,,,,,,,,,,,,,,0.00,,,,0.00,,,,,,,
04-10-16,,,,,,,,,,0.04,,,,2.91,2.10,0.78,,,,0.00,,,2.58,,,,,,,,,,,,,,,0.00,,,0.00,0.00,2.66,,,0.00,0.00,0.00,0.00,,,,,0.00,0.00,,,,,,,,,,,,,,,0.00,,,,0.00,,,,,,,
04-11-16,,,,,,,,,,0.04,,,,3.01,2.20,0.64,,,,0.00,,,1.38,,,,,,,,,,,,,,,0.00,,,0.00,0.00,2.81,,,0.00,0.00,0.00,0.00,,,,,0.00,,,,,,,,,,,,,,,,0.00,,,,0.00,,,,,,,
04-12-16,,,,,,,,,,0.16,,,,2.83,2.20,0.82,,,,0.00,,,0.00,,,,,,,,,,,,,,,0.00,,,0.00,0.00,3.14,,,0.00,0.00,0.00,0.00,,,,,0.41,0.00,,,,,,,,,,,,,,,0.00,,,,0.00,,,,,,,
04-13-16,,,,,,,,,,0.29,,,,3.26,2.54,1.15,,,,0.00,,,0.00,,,,,,,,,,,,,,,0.00,,,,0.00,,,,0.00,0.00,0.00,0.00,,,,,0.59,1.00,,,,,,,,,,,,,,,0.00,,,,0.00,,,,,,,
04-14-16,,,,,,,,,,0.08,,,,3.25,2.62,1.17,,,,0.00,,,0.00,,,,,,,,,,,,,,,2.50,,,0.00,0.00,3.35,,,0.00,0.00,0.00,0.00,,,,,0.00,1.00,,,,,,,,,,,,,,,0.00,,,,0.00,,,,,,,
04-15-16,,,,,,,,,,0.21,,,,3.25,2.45,1.94,,,,0.00,,,0.00,,,,,,,,,,,,,,,3.62,,,7.48,0.00,5.87,,,0.00,0.00,0.00,0.00,,,,,0.24,1.00,,,,,,,,,,,,,,,0.00,,,,0.00,,,,,,,
04-16-16,,,,,,,,,,0.17,,,,4.03,2.74,7.32,,,,0.00,,,0.00,,,,,,,,,,,,,,,5.65,,,14.13,0.00,6.76,,,0.00,0.00,0.00,0.00,,,,,0.54,0.90,,,,,,,,,,,,,,,4.70,,,,,,,,,,,
04-17-16,,,,,,,,,,0.08,,,,3.92,2.33,4.30,,,,0.00,,,,,,,,,,,,,,,,,,22.38,,,,0.00,0.00,,,0.00,0.00,0.00,0.00,,,,,0.82,1.00,,,,,,,,,,,,,,,4.00,,,,0.00,,,,,,,
04-18-16,,,,,,,,,,0.20,,,,4.18,2.84,1.48,,,,,,,,,,,,,,,,,,,,,,70.77,,,52.76,0.00,22.66,,,0.00,0.00,0.00,0.00,,,,,0.31,1.00,,,,,,,,,,,,,,,0.00,,,,0.00,,,,,,,
04-19-16,,,,,,,,,,0.21,,,,6.19,2.45,2.99,,,,4.92,,,29.19,,,,,,,,,,,,,,,63.33,,,47.50,0.00,10.81,,,0.00,0.00,0.00,0.00,,,,,0.45,0.52,,,,,,,,,,,,,,,0.00,,,,0.00,,,,,,,
04-20-16,,,,,,,,,,0.00,,,,5.99,2.58,2.07,,,,0.00,,,20.83,,,,,,,,,,,,,,,53.92,,,43.81,0.00,19.39,,,0.00,0.00,0.00,0.00,,,,,0.17,1.00,,,,,,,,,,,,,,,0.00,,,,0.00,,,,,,,
04-21-16,,,,,,,,,,0.04,,,,3.42,2.45,0.82,,,,0.00,,,13.27,,,,,,,,,,,,,,,45.00,,,40.62,0.00,6.45,,,0.00,0.00,0.00,0.00,,,,,1.36,0.22,,,,,,,,,,,,,,,0.00,,,,0.00,,,,,,,
04-22-16,,,,,,,,,,0.33,,,,3.85,2.62,1.44,,,,0.00,,,11.56,,,,,,,,,,,,,,,38.41,,,35.00,0.00,15.66,,,0.00,0.00,0.00,0.00,,,,,2.32,0.52,,,,,,,,,,,,,,,0.00,,,,0.00,,,,,,,
04-23-16,,,,,,,,,,0.29,,,,4.09,3.09,1.60,,,,12.10,,,33.83,,,,,,,,,,,,,,,61.58,,,50.92,27.10,35.11,,,0.00,0.00,0.00,0.00,,,,,4.67,6.33,,,,,,,,,,,,,,,0.00,,,,0.00,,,,,,,
04-24-16,,,,,,,,,,10.19,,,,5.82,3.16,1.41,,,,12.51,,,41.27,,,,,,,,,,,,,,,72.38,,,68.11,68.53,65.03,,,0.00,0.00,0.00,0.00,,,,,27.23,21.39,,,,,,,,,,,,,,,0.00,,,,0.00,,,,,,,
04-25-16,,,,,,,,,,0.96,,,,5.87,2.85,0.00,,,,12.72,,,,,,,,,,,,,,,,,,79.91,,,78.57,64.77,50.66,,,0.00,0.00,0.00,0.00,,,,,25.79,24.10,,,,,,,,,,,,,,,0.00,,,,0.00,,,,,,,
04-26-16,,,,,,,,,,0.00,,,,7.53,1.62,1.12,,,,7.46,,,47.15,,,,,,,,,,,,,,,70.67,,,72.96,52.77,39.66,,,0.00,0.00,0.00,0.00,,,,,22.42,12.05,,,,,,,,,,,,,,,0.00,,,,0.00,,,,,,,
04-27-16,,,,,,,,,,0.00,,,,7.10,2.31,1.07,,,,5.99,,,43.79,,,,,,,,,,,,,,,66.75,,,68.71,42.35,34.41,,,0.00,0.00,0.00,0.00,,,,,19.17,1.08,,,,,,,,,,,,,,,0.00,,,,0.00,,,,,,,
04-28-16,,,,,,,,,,0.00,,,,5.81,2.27,1.08,,,,3.93,,,40.77,,,,,,,,,,,,,,,63.54,,,63.25,33.52,30.53,,,0.00,0.00,0.00,0.00,,,,,15.04,0.00,,,,,,,,,,,,,,,0.00,,,,0.00,,,,,,,
04-29-16,,,,,,,,,,0.00,,,,4.13,2.04,0.51,,,,2.08,,,34.77,,,,,,,,,,,,,,,58.96,,,59.08,24.56,26.78,,,0.00,0.00,0.00,0.00,,,,,10.71,0.00,,,,,,,,,,,,,,,0.00,,,,0.00,,,,,,,
04-30-16,,,,,,,,,,0.00,,,,3.64,2.20,0.47,,,,0.00,,,27.81,,,,,,,,,,,,,,,54.71,,,55.46,18.23,23.95,,,0.00,0.00,0.00,0.00,,,,,7.92,0.00,,,,,,,,,,,,,,,0.00,,,,0.00,,,,,,,
05-01-16,,,,,,,,,,0.04,,,,3.85,2.62,1.29,,,,0.00,,,25.42,,,,,,,,,,,,,,,53.25,,,56.25,11.31,19.32,,,0.00,0.00,0.00,0.00,,,,,4.29,0.70,,,,,,,,,,,,,,,0.00,,,,0.00,,,,,,,
05-02-16,,,,,,,,,,0.00,,,,3.62,2.39,13.94,,,,,,,24.36,,,,,,,,,,,,,,,52.88,,,53.96,3.48,13.03,,,0.00,0.00,0.00,0.00,,,,,0.33,0.17,,,,,,,,,,,,,,,0.00,,,,0.00,,,,,,,
05-03-16,,,,,,,,,,0.08,,,,3.57,2.20,9.03,,,,13.23,,,20.52,,,,,,,,,,,,,,,47.54,,,45.83,0.00,9.11,,,0.00,0.00,0.00,0.00,,,,,1.33,0.00,,,,,,,,,,,,,,,0.00,,,,0.00,,,,,,,
05-04-16,,,,,,,,,,0.00,,,,3.53,2.18,4.82,,,,7.46,,,16.35,,,,,,,,,,,,,,,44.12,,,38.62,0.00,5.61,,,0.00,0.00,0.00,0.00,,,,,0.00,0.00,,,,,,,,,,,,,,,0.00,,,,0.00,,,,,,,
05-05-16,,,,,,,,,,0.08,,,,4.25,2.62,5.19,,,,3.98,,,14.39,,,,,,,,,,,,,,,42.65,,,36.33,0.00,2.70,,,0.00,0.00,0.00,0.00,,,,,0.42,1.00,,,,,,,,,,,,,,,0.00,,,,0.00,,,,,,,
05-06-16,,,,,,,,,,0.12,,,,4.01,2.83,5.17,,,,4.78,,,12.94,,,,,,,,,,,,,,,41.50,,,34.92,0.00,0.00,,,0.00,0.00,0.00,0.00,,,,,0.25,1.00,,,,,,,,,,,,,,,0.00,,,,0.00,,,,,,,
05-07-16,,,,,,,,,,0.00,,,,4.25,2.53,2.03,,,,0.00,,,11.40,,,,,,,,,,,,,,,40.62,,,33.00,0.00,0.00,,,0.00,0.00,0.00,0.00,,,,,0.00,0.43,,,,,,,,,,,,,,,0.00,,,,,,,,,,,
05-08-16,,,,,,,,,,0.00,,,,4.26,2.91,1.64,,,,2.79,,,10.75,,,,,,,,,,,,,,,39.96,,,32.83,0.00,0.00,,,0.00,0.00,0.00,0.00,,,,,0.11,0.82,,,,,,,,,,,,,,,0.00,,,,,,,,,,,
05-09-16,,,,,,,,,,0.17,,,,4.02,2.92,1.11,,,,2.62,,,9.12,,,,,,,,,,,,,,,39.00,,,31.92,0.00,0.00,,,0.00,0.00,0.00,0.00,,,,,,0.71,,,,,,,,,,,,,,,0.00,,,,,,,,,,,
05-10-16,,,,,,,,,,0.00,,,,4.11,2.54,1.28,,,,0.00,,,7.46,,,,,,,,,,,,,,,37.83,,,30.58,0.00,0.00,,,0.00,0.00,0.00,0.00,,,,,0.00,0.17,,,,,,,,,,,,,,,0.00,,,,,,,,,,,
05-11-16,,,,,,,,,,,,,,7.92,2.71,0.76,,,,0.00,,,6.48,,,,,,,,,,,,,,,38.00,,,33.24,0.00,0.00,,,0.00,0.00,0.00,0.00,,,,,0.00,1.00,,,,,,,,,,,,,,,0.00,,,,,,,,,,,
05-12-16,,,,,,,,,,0.12,,,,12.44,2.45,3.53,,,,8.33,,,5.40,,,,,,,,,,,,,,,39.42,,,35.79,0.00,0.00,,,0.00,0.00,0.00,0.00,,,,,0.04,0.54,,,,,,,,,,,,,,,0.00,,,,,,,,,,,
05-13-16,,,,,,,,,,0.00,,,,11.77,2.20,1.32,,,,5.68,,,5.35,,,,,,,,,,,,,,,37.04,,,30.88,0.00,0.00,,,0.00,0.00,0.00,0.00,,,,,0.00,0.42,,,,,,,,,,,,,,,0.00,,,,,,,,,,,
05-14-16,,,,,,,,,,0.00,,,,12.95,3.16,2.34,,,,,,,2.71,,,,,,,,,,,,,,,36.00,,,27.75,0.00,0.00,,,3.01,0.00,0.00,0.00,,,,,0.67,0.62,,,,,,,,,,,,,,,0.00,,,,,,,,,,,
05-15-16,,,,,,,,,,0.29,,,,18.72,,5.55,,,,2.98,,,0.00,,,,,,,,,,,,,,,35.78,,,27.96,0.00,0.00,,,9.10,0.00,0.00,0.00,,,,,0.00,0.67,,,,,,,,,,,,,,,2.20,,,,,,,,,,,
05-16-16,,,,,,,,,,0.96,,,,18.10,2.45,3.36,,,,4.65,,,1.51,,,,,,,,,,,,,,,34.50,,,27.65,0.00,0.00,,,10.98,0.00,0.00,0.00,,,,,0.00,0.36,,,,,,,,,,,,,,,0.00,,,,,,,,,,,
05-17-16,,,,,,,,,,0.00,,,,18.22,2.35,1.70,,,,4.78,,,0.00,,,,,,,,,,,,,,,32.58,,,26.58,0.00,0.00,,,11.29,0.00,0.00,0.00,,,,,0.00,0.48,,,,,,,,,,,,,,,0.00,,,,,,,,,,,
05-18-16,,,,,,,,,,0.00,,,,17.65,2.49,1.98,,,,4.69,,,0.00,,,,,,,,,,,,,,,31.48,,,25.11,0.00,7.65,,,9.31,0.00,0.00,0.00,,,,,0.74,2.00,,,,,,,,,,,,,,,0.00,,,,,,,,,,,
05-19-16,,,,,,,,,,0.00,,,,15.46,2.62,1.04,,,,,,,0.00,,,,,,,,,,,,,,,51.29,,,47.01,7.33,41.75,,,,0.00,0.00,2.67,,,,,0.12,2.82,,,,,,,,,,,,,,,0.00,,,,,,,,,,,
05-20-16,,,,,,,,,,0.00,,,,14.40,0.00,1.25,,,,9.56,,,,,,,,,,,,,,,,,,50.25,,,49.53,2.23,14.20,,,9.19,0.00,0.00,3.53,,,,,0.00,0.67,,,,,,,,,,,,,,,0.00,,,,,,,,,,,
05-21-16,,,,,,,,,,0.00,,,,14.78,0.13,1.43,,,,11.29,,,0.00,,,,,,,,,,,,,,,48.64,,,52.04,0.00,10.03,,,8.72,0.00,0.00,4.05,,,,,0.36,0.17,,,,,,,,,,,,,,,0.00,,,,,,,,,,,
05-22-16,,,,,,,,,,0.00,,,,13.75,0.00,0.78,,,,9.79,,,0.00,,,,,,,,,,,,,,,46.67,,,50.67,0.00,9.03,,,9.38,0.00,0.00,0.00,,,,,2.71,0.00,,,,,,,,,,,,,,,0.00,,,,,,,,,,,
05-23-16,,,,,,,,,,0.00,,,,13.51,0.00,0.03,,,,7.83,,,0.00,,,,,,,,,,,,,,,44.88,,,43.88,0.00,6.99,,,9.57,0.00,0.00,0.00,,,,,4.00,0.00,,,,,,,,,,,,,,,0.00,,,,,,,,,,,
05-24-16,,,,,,,,,,0.00,,,,12.21,0.00,0.61,,,,7.02,,,0.00,,,,,,,,,,,,,,,42.04,,,41.22,0.00,4.86,,,9.62,0.00,0.00,0.00,,,,,0.75,0.12,,,,,,,,,,,,,,,0.00,,,,,,,,,,,
05-25-16,,,,,,,,,,0.00,,,,12.15,0.17,0.86,,,,5.75,,,0.00,,,,,,,,,,,,,,,40.67,,,40.61,0.00,4.02,,,7.17,0.00,0.00,8.42,,,,,0.67,1.00,,,,,,,,,,,,,,,0.00,,,,,,,,,,,
05-26-16,,,,,,,,,,0.08,,,,11.57,0.00,0.61,,,,6.25,,,0.00,,,,,,,,,,,,,,,40.04,,,39.54,0.00,0.00,,,7.70,0.00,0.00,5.49,,,,,0.73,0.33,,,,,,,,,,,,,,,0.00,,,,,,,,,,,
05-27-16,,,,,,,,,,0.00,,,,11.63,0.13,1.04,,,,5.33,,,0.00,,,,,,,,,,,,,,,38.67,,,39.33,0.00,8.06,,,9.59,0.00,0.00,2.78,,,,,0.67,0.00,,,,,,,,,,,,,,,0.00,,,,,,,,,,,
05-28-16,,,,,,,,,,0.04,,,,11.03,0.17,0.77,,,,4.20,,,,,,,,,,,,,,,,,,37.22,,,38.33,,0.00,,,9.45,0.00,0.00,0.00,,,,,2.62,0.43,,,,,,,,,,,,,,,0.00,,,,,,,,,,,
05-29-16,,,,,,,,,,6.88,,,,36.85,11.05,26.48,,,,,,,6.55,,,,,,,,,,,,,,,49.46,,,42.00,0.00,0.00,,,9.84,0.00,0.00,4.80,,,,,0.91,1.00,,,,,,,,,,,,,,,0.00,,,,,,,,,,,
05-30-16,,,,,,,,,,16.67,,,,50.59,16.26,43.94,,,,,,,17.93,,,,,,,,,,,,,,,63.71,,,52.14,0.00,,,,10.85,0.00,0.00,13.78,,,,,0.29,5.40,,,,,,,,,,,,,,,0.00,,,,,,,,,,,
05-31-16,,,,,,,,,,14.67,,,,53.94,12.23,39.34,,,,40.52,,,20.83,,,,,,,,,,,,,,,59.26,,,45.92,0.00,0.00,,,13.05,0.00,0.00,17.66,,,,,0.20,5.17,,,,,,,,,,,,,,,0.00,,,,,,,,,,,
06-01-16,,,,,,,,,,26.75,,,,83.91,34.89,43.03,,,,48.93,,,,,,,,,,,,,,,,,,56.67,,,45.79,3.10,5.66,,,20.32,0.00,0.00,33.20,,,,,8.50,18.85,,,,,,,,,,,,,,,0.00,,,,,,,,,,,
06-02-16,,,,,,,,,,32.50,,,,104.25,49.24,67.58,,,,,,,,,,,,,,,,,,,,,,55.19,,,44.45,5.23,6.93,,,24.44,0.00,0.00,36.79,,,,,10.79,19.32,,,,,,,,,,,,,,,0.00,,,,,,,,,,,
06-03-16,,,,,,,,,,26.17,,,,154.54,79.67,143.67,,,,,,,,,,,,,,,,,,,,,,,,,56.06,0.00,5.45,,,24.15,0.00,0.00,31.06,,,,,7.62,14.77,,,,,,,,,,,,,,,0.00,,,,,,,,,,,
06-04-16,,,,,,,,,,18.12,,,,177.65,97.09,147.98,,,,170.00,,,92.33,,,,,,,,,,,,,,,88.00,,,65.80,4.10,12.82,,,24.58,0.00,0.00,38.23,,,,,7.97,14.32,,,,,,,,,,,,,,,0.00,,,,,,,,,,,
06-05-16,,,,,,,,,,11.38,,,,171.12,90.24,127.86,,,,153.51,,,82.83,,,,,,,,,,,,,,,83.12,,,65.67,3.10,9.76,,,22.70,0.00,0.00,40.46,,,,,7.17,14.00,,,,,,,,,,,,,,,0.00,,,,,,,,,,,
06-06-16,,,,,,,,,,14.83,,,,164.90,88.52,110.48,,,,140.83,,,72.08,,,,,,,,,,,,,,,78.33,,,62.83,3.02,8.91,,,21.97,0.00,0.00,44.08,,,,,7.62,13.62,,,,,,,,,,,,,,,0.00,,,,,,,,,,,
06-07-16,,,,,,,,,,14.33,,,,159.27,80.96,99.25,,,,130.79,,,,,,,,,,,,,,,,,,74.88,,,61.79,0.00,8.45,,,19.58,0.00,0.00,32.57,,,,,6.18,13.59,,,,,,,,,,,,,,,0.00,,,,,,,,,,,
06-08-16,,,,,,,,,,14.38,,,,155.80,74.13,89.64,,,,121.54,,,,,,,,,,,,,,,,,,72.79,,,60.88,0.00,0.00,,,22.12,0.00,0.00,24.25,,,,,6.50,12.84,,,,,,,,,,,,,,,6.20,,,,10.00,,,,,,,
06-09-16,,,,,,,,,,14.29,,,,152.19,72.42,86.32,,,,116.20,,,,,,,,,,,,,,,,,,70.88,,,60.62,0.00,0.00,,,21.01,0.00,0.00,18.33,,,,,6.54,12.62,,,,,,,,,,,,,,,6.10,,,,8.80,,,,,,,
06-10-16,,,,,,,,,,13.67,,,,148.45,68.76,82.73,,,,108.71,,,,,,,,,,,,,,,,,,71.83,,,59.04,0.00,0.00,,,21.34,13.17,24.03,12.31,,,,,7.08,11.62,,,,,,,,,,,,,,,4.40,,,,5.70,,,,,,,
06-11-16,,,,,,,,,,13.71,,,,145.09,68.34,79.25,,,,105.63,,,,,,,,,,,,,,,,,,70.04,,,57.21,0.00,0.00,,,16.64,13.17,22.76,6.59,,,,,6.21,9.90,,,,,,,,,,,,,,,3.80,,,,,,,,,,,
06-12-16,,,,,,,,,,20.33,,,,147.15,68.48,77.63,,,,102.63,,,,,,,,,,,,,,,,,,69.04,,,52.42,0.00,0.00,,,12.70,14.34,22.42,0.00,,,,,3.71,5.52,,,,,,,,,,,,,,,3.00,,,,,,,,,,,
06-13-16,,,,,,,,,,60.62,,,,161.76,91.41,98.00,,,,127.53,,,,,,,,,,,,,,,,,,68.04,,,48.48,0.00,0.00,,,13.13,18.53,24.04,12.07,,,,,1.36,1.00,,,,,,,,,,,,,,,2.80,,,,,,,,,,,
06-14-16,,,,,,,,,,42.91,,,,170.51,97.88,99.21,,,,130.23,,,,,,,,,,,,,,,,,,67.67,,,50.82,0.00,,,,12.04,18.60,23.82,16.55,,,,,3.96,0.95,,,,,,,,,,,,,,,2.70,,,,,,,,,,,
06-15-16,,,,,,,,,,39.04,,,,167.07,100.13,95.65,,,,124.13,,,49.17,,,,,,,,,,,,,,,66.67,,,50.50,0.00,0.00,,,11.28,17.37,24.44,8.59,,,,,5.54,0.41,,,,,,,,,,,,,,,2.50,,,,,,,,,,,
06-16-16,,,,,,,,,,36.62,,,,162.57,100.38,92.21,,,,120.38,,,47.46,,,,,,,,,,,,,,,65.46,,,49.96,0.00,0.00,,,11.08,16.92,25.19,0.00,,,,,5.38,0.09,,,,,,,,,,,,,,,2.20,,,,,,,,,,,
06-17-16,,,,,,,,,,34.79,,,,159.86,96.67,88.28,,,,115.50,,,41.12,,,,,,,,,,,,,,,64.54,,,49.12,0.00,0.00,,,11.20,18.23,25.18,0.00,,,,,4.46,0.00,,,,,,,,,,,,,,,0.00,,,,,,,,,,,
06-18-16,,,,,,,,,,32.38,,,,157.06,94.30,84.43,,,,113.79,,,42.66,,,,,,,,,,,,,,,64.25,,,48.58,0.00,0.00,,,10.72,19.51,25.00,0.00,,,,,5.42,0.00,,,,,,,,,,,,,,,0.00,,,,,,,,,,,
06-19-16,,,,,,,,,,30.92,,,,155.06,91.17,82.94,,,,110.56,,,43.83,,,,,,,,,,,,,,,63.81,,,50.00,0.00,,,,10.62,19.83,24.26,2.73,,,,,3.83,0.00,,,,,,,,,,,,,,,0.00,,,,,,,,,,,
06-20-16,,,,,,,,,,29.62,,,,153.20,89.59,81.30,,,,108.08,,,41.99,,,,,,,,,,,,,,,63.54,,,49.57,0.00,0.00,,,9.78,18.99,24.96,0.00,,,,,5.38,0.00,,,,,,,,,,,,,,,0.00,,,,,,,,,,,
06-21-16,,,,,,,,,,28.25,,,,151.34,87.09,80.12,,,,105.79,,,42.17,,,,,,,,,,,,,,,63.38,,,49.52,0.00,0.00,,,9.39,19.90,24.45,0.00,,,,,4.71,0.19,,,,,,,,,,,,,,,0.00,,,,,,,,,,,
06-22-16,,,,,,,,,,27.04,,,,150.29,84.92,78.99,,,,100.58,,,40.49,,,,,,,,,,,,,,,63.83,,,48.46,0.00,0.00,,,10.08,22.37,25.30,2.13,,,,,6.07,0.39,,,,,,,,,,,,,,,0.00,,,,,,,,,,,
06-23-16,,,,,,,,,,26.33,,,,148.81,83.80,78.51,,,,99.20,,,41.02,,,,,,,,,,,,,,,63.46,,,48.17,0.00,0.00,,,11.61,22.86,25.67,4.21,,,,,2.92,1.30,,,,,,,,,,,,,,,0.00,,,,,,,,,,,
06-24-16,,,,,,,,,,25.46,,,,146.66,83.72,76.98,,,,96.67,,,40.75,,,,,,,,,,,,,,,63.12,,,,0.00,19.67,,,11.60,22.88,26.06,2.44,,,,,2.50,0.50,,,,,,,,,,,,,,,2.00,,,,,,,,,,,
06-25-16,,,,,,,,,,23.50,,,,145.21,81.63,70.23,,,,92.42,,,38.90,,,,,,,,,,,,,,,62.33,,,48.17,0.00,29.13,,,10.67,29.47,25.43,0.00,,,,,4.29,0.00,,,,,,,,,,,,,,,0.00,,,,,,,,,,,
06-26-16,,,,,,,,,,21.79,,,,142.71,80.38,68.73,,,,89.72,,,38.71,,,,,,,,,,,,,,,61.92,,,47.42,0.00,0.00,,,10.74,31.14,25.56,2.38,,,,,5.41,0.19,,,,,,,,,,,,,,,0.00,,,,,,,,,,,
06-27-16,,,,,,,,,,21.75,,,,141.38,79.30,68.61,,,,87.88,,,38.44,,,,,,,,,,,,,,,61.65,,,46.83,0.00,21.83,,,11.18,29.21,24.89,6.86,,,,,4.54,0.00,,,,,,,,,,,,,,,0.00,,,,,,,,,,,
06-28-16,,,,,,,,,,20.50,,,,140.77,77.97,68.34,,,,87.00,,,36.48,,,,,,,,,,,,,,,61.17,,,45.54,0.00,4.68,,,10.25,31.50,26.12,0.00,,,,,4.38,0.00,,,,,,,,,,,,,,,0.00,,,,,,,,,,,
06-29-16,,,,,,,,,,19.33,,,,140.25,77.00,67.90,,,,85.79,,,34.58,,,,,,,,,,,,,,,59.58,,,44.29,0.00,16.96,,,11.60,28.46,25.35,9.77,,,,,5.50,0.75,,,,,,,,,,,,,,,0.00,,,,3.20,,,,,,,
06-30-16,,,,,,,,,,18.71,,,,139.48,75.58,66.78,,,,86.50,,,33.94,,,,,,,,,,,,,,,59.22,,,43.52,0.00,9.59,,,12.43,29.02,25.36,18.26,,,,,4.12,0.82,,,,,,,,,,,,,,,0.00,,,,2.20,,,,,,,
07-01-16,,,,,,,,,,18.29,,,,138.86,74.47,65.61,,,,83.33,,,33.98,,,,,,,,,,,,,,,58.21,,,43.88,0.00,22.04,,,10.31,31.11,24.73,3.83,,,,,4.33,0.13,,,,,,,,,,,,,,,3.80,,,,2.30,,,,,,,
07-02-16,,,,,,,,,,17.71,,,,137.79,73.47,65.21,,,,82.70,,,32.71,,,,,,,,,,,,,,,57.32,,,43.18,0.00,10.42,,,9.81,31.36,25.02,0.00,,,,,4.98,0.88,,,,,,,,,,,,,,,3.40,,,,3.60,,,,,,,
07-03-16,,,,,,,,,,17.55,,,,136.90,73.01,64.58,,,,82.21,,,32.69,,,,,,,,,,,,,,,,,,42.62,0.00,0.00,,,9.87,29.86,25.52,9.67,,,,,4.46,1.26,,,,,,,,,,,,,,,3.20,,,,3.40,,,,,,,
07-04-16,,,,,,,,,,17.25,,,,135.68,72.17,64.25,,,,82.57,,,30.16,,,,,,,,,,,,,,,59.96,,,42.95,0.00,0.00,,,10.68,31.86,24.66,7.29,,,,,4.54,0.52,,,,,,,,,,,,,,,2.60,,,,,,,,,,,
07-05-16,,,,,,,,,,17.21,,,,134.74,72.13,64.42,,,,82.53,,,29.96,,,,,,,,,,,,,,,58.58,,,42.71,0.00,0.00,,,9.97,37.14,24.90,4.85,,,,,6.54,0.35,,,,,,,,,,,,,,,0.00,,,,,,,,,,,
07-06-16,,,,,,,,,,16.92,,,,134.18,71.52,64.45,,,,81.57,,,30.53,,,,,,,,,,,,,,,58.00,,,41.92,0.00,0.00,,,9.21,33.95,25.32,4.62,,,,,7.11,0.39,,,,,,,,,,,,,,,0.00,,,,,,,,,,,
07-07-16,,,,,,,,,,16.88,,,,133.86,70.67,64.39,,,,79.51,,,30.70,,,,,,,,,,,,,,,57.88,,,41.21,0.00,0.00,,,7.92,35.15,24.66,2.66,,,,,3.62,0.65,,,,,,,,,,,,,,,0.00,,,,,,,,,,,
07-08-16,,,,,,,,,,16.38,,,,133.69,71.30,63.86,,,,78.20,,,30.20,,,,,,,,,,,,,,,56.67,,,38.42,0.00,0.00,,,9.15,36.65,26.00,3.28,,,,,4.08,0.57,,,,,,,,,,,,,,,0.00,,,,,,,,,,,
07-09-16,,,,,,,,,,16.58,,,,133.63,73.17,64.44,,,,79.29,,,28.83,,,,,,,,,,,,,,,56.00,,,33.57,0.00,0.00,,,9.94,36.29,26.06,0.00,,,,,3.62,0.54,,,,,,,,,,,,,,,0.00,,,,,,,,,,,
07-10-16,,,,,,,,,,21.62,,,,135.14,81.41,64.06,,,,79.93,,,32.77,,,,,,,,,,,,,,,56.00,,,32.83,2.25,0.00,,,15.38,35.98,33.29,0.00,,,,,13.07,3.21,,,,,,,,,,,,,,,0.00,,,,,,,,,,,
07-11-16,,,,,,,,,,23.25,,,,155.47,111.94,75.59,,,,102.76,,,54.25,,,,,,,,,,,,,,,85.39,,,63.23,86.87,80.12,,,34.55,69.88,71.93,0.00,,,,,44.86,25.75,,,,,,,,,,,,,,,0.00,,,,,,,,,,,
07-12-16,,,,,,,,,,17.96,,,,158.01,105.70,71.69,,,,104.46,,,58.01,,,,,,,,,,,,,,,81.50,,,53.17,90.35,84.79,,,46.33,78.97,86.19,0.00,,,,,50.27,27.00,,,,,,,,,,,,,,,0.00,,,,,,,,,,,
07-13-16,,,,,,,,,,14.79,,,,156.66,99.63,69.11,,,,113.38,,,59.74,,,,,,,,,,,,,,,102.30,,,34.11,108.85,93.08,,,54.32,84.21,95.29,0.00,,,,,67.93,16.63,,,,,,,,,,,,,,,6.10,,,,,,,,,,,
07-14-16,,,,,,,,,,14.83,,,,176.68,102.45,79.40,,,,132.38,,,75.60,,,,,,,,,,,,,,,139.75,,,69.50,143.01,86.52,,,53.31,102.29,123.31,0.00,,,,,107.50,36.00,,,,,,,,,,,,,,,6.50,,,,,,,,,,,
07-15-16,,,,,,,,,,14.62,,,,173.71,100.88,73.08,,,,128.62,,,73.81,,,,,,,,,,,,,,,133.46,,,67.67,128.94,75.21,,,60.16,108.12,127.13,0.00,,,,,97.77,34.50,,,,,,,,,,,,,,,5.50,,,,,,,,,,,
07-16-16,,,,,,,,,,13.96,,,,171.47,99.51,70.53,,,,124.04,,,72.08,,,,,,,,,,,,,,,127.33,,,63.61,118.06,71.42,,,60.91,102.45,119.79,0.00,,,,,88.21,22.83,,,,,,,,,,,,,,,5.30,,,,,,,,,,,
07-17-16,,,,,,,,,,13.42,,,,169.78,97.34,69.34,,,,120.33,,,75.56,,,,,,,,,,,,,,,121.50,,,48.72,111.21,64.29,,,57.48,96.53,115.36,0.00,,,,,83.90,1.13,,,,,,,,,,,,,,,7.10,,,,,,,,,,,
07-18-16,,,,,,,,,,13.12,,,,167.64,95.26,68.29,,,,118.39,,,70.65,,,,,,,,,,,,,,,120.50,,,40.88,111.50,63.14,,,51.30,102.77,119.20,0.00,,,,,88.88,4.10,,,,,,,,,,,,,,,6.60,,,,5.00,,,,,,,
07-19-16,,,,,,,,,,12.38,,,,166.45,94.17,69.28,,,,116.72,,,72.31,,,,,,,,,,,,,,,117.42,,,33.87,102.48,58.17,,,48.52,104.00,114.57,0.00,,,,,84.09,0.88,,,,,,,,,,,,,,,5.70,,,,5.60,,,,,,,
07-20-16,,,,,,,,,,11.67,,,,164.52,92.72,67.60,,,,115.33,,,71.57,,,,,,,,,,,,,,,114.71,,,30.46,97.84,55.38,,,60.71,96.96,107.98,0.00,,,,,82.54,1.00,,,,,,,,,,,,,,,2.80,,,,4.40,,,,,,,
07-21-16,,,,,,,,,,9.04,,,,163.63,91.51,66.69,,,,112.96,,,70.22,,,,,,,,,,,,,,,112.21,,,29.96,94.98,55.21,,,57.72,92.52,102.71,0.00,,,,,71.58,2.83,,,,,,,,,,,,,,,4.30,,,,3.50,,,,,,,
07-22-16,,,,,,,,,,9.79,,,,162.63,91.34,66.86,,,,111.50,,,69.35,,,,,,,,,,,,,,,109.21,,,29.71,88.40,49.79,,,51.08,84.19,94.12,0.00,,,,,61.50,1.00,,,,,,,,,,,,,,,4.10,,,,3.00,,,,,,,
07-23-16,,,,,,,,,,8.67,,,,161.40,90.30,66.19,,,,112.79,,,70.04,,,,,,,,,,,,,,,111.82,,,40.09,84.45,55.09,,,48.03,73.89,86.13,0.00,,,,,54.83,1.00,,,,,,,,,,,,,,,3.40,,,,3.30,,,,,,,
07-24-16,,,,,,,,,,8.12,,,,160.65,89.17,66.36,,,,110.27,,,69.50,,,,,,,,,,,,,,,118.05,,,43.90,108.66,88.48,,,44.42,66.42,81.42,0.00,,,,,51.60,1.45,,,,,,,,,,,,,,,4.00,,,,3.70,,,,,,,
07-25-16,,,,,,,,,,16.42,,,,191.79,116.35,105.58,,,,147.83,,,104.42,,,,,,,,,,,,,,,137.81,,,79.06,119.63,101.52,,,45.19,74.22,93.16,0.00,,,,,53.14,18.33,,,,,,,,,,,,,,,3.70,,,,3.60,,,,,,,
07-26-16,,,,,,,,,,25.62,,,,196.54,114.30,106.51,,,,143.25,,,101.40,,,,,,,,,,,,,,,131.46,,,73.29,112.44,94.92,,,47.23,78.69,94.83,0.00,,,,,52.17,15.55,,,,,,,,,,,,,,,3.60,,,,3.50,,,,,,,
07-27-16,,,,,,,,,,26.50,,,,194.45,107.26,100.28,,,,137.38,,,104.69,,,,,,,,,,,,,,,125.58,,,69.88,104.10,88.38,,,48.38,77.55,89.91,0.00,,,,,50.58,12.17,,,,,,,,,,,,,,,3.30,,,,3.40,,,,,,,
07-28-16,,,,,,,,,,25.08,,,,191.53,108.80,96.07,,,,133.17,,,102.04,,,,,,,,,,,,,,,121.29,,,67.50,97.31,82.25,,,47.72,72.75,84.76,0.00,,,,,48.50,7.83,,,,,,,,,,,,,,,4.10,,,,4.10,,,,,,,
07-29-16,,,,,,,,,,23.54,,,,190.47,108.30,94.57,,,,131.67,,,98.42,,,,,,,,,,,,,,,118.48,,,65.17,91.98,78.33,,,43.15,64.76,82.31,0.00,,,,,46.08,6.36,,,,,,,,,,,,,,,4.70,,,,5.00,,,,,,,
07-30-16,,,,,,,,,,22.46,,,,188.41,106.92,92.69,,,,128.75,,,95.46,,,,,,,,,,,,,,,116.00,,,53.17,,76.29,,,43.69,65.76,81.44,0.00,,,,,44.88,5.75,,,,,,,,,,,,,,,5.10,,,,5.20,,,,,,,
07-31-16,,,,,,,,,,20.92,,,,187.08,105.47,93.22,,,,131.72,,,97.50,,,,,,,,,,,,,,,118.94,,,46.41,92.57,87.55,,,43.18,68.05,82.24,0.00,,,,,44.12,5.58,,,,,,,,,,,,,,,6.20,,,,4.60,,,,,,,
08-01-16,,,,,,,,,,19.71,,,,184.57,103.17,91.69,,,,131.33,,,94.75,,,,,,,,,,,,,,,117.14,,,33.25,89.27,85.08,,,46.48,72.92,87.14,0.00,,,,,45.26,,,,,,,,,,,,,,,,6.00,,,,4.70,,,,,,,
08-02-16,,,,,,,,,,18.83,,,,183.60,102.09,89.23,,,,128.83,,,92.59,,,,,,,,,,,,,,,115.29,,,31.96,86.10,81.70,,,46.54,75.30,82.79,0.00,,,,,44.55,5.62,,,,,,,,,,,,,,,5.30,,,,4.70,,,,,,,
08-03-16,,,,,,,,,,18.33,,,,182.55,102.09,87.82,,,,126.46,,,91.29,,,,,,,,,,,,,,,114.08,,,29.33,83.98,79.62,,,46.64,71.81,81.62,0.00,,,,,45.93,4.38,,,,,,,,,,,,,,,5.60,,,,4.50,,,,,,,
08-04-16,,,,,,,,,,17.33,,,,181.18,100.55,87.03,,,,125.21,,,88.67,,,,,,,,,,,,,,,111.96,,,26.38,82.06,76.83,,,44.15,69.88,80.31,0.00,,,,,44.96,3.52,,,,,,,,,,,,,,,6.10,,,,7.10,,,,,,,
08-05-16,,,,,,,,,,16.67,,,,179.59,99.88,86.86,,,,124.03,,,86.83,,,,,,,,,,,,,,,110.00,,,26.32,79.85,74.42,,,44.36,71.95,81.21,0.00,,,,,43.75,1.57,,,,,,,,,,,,,,,6.80,,,,8.50,,,,,,,
08-06-16,,,,,,,,,,16.00,,,,178.67,99.72,86.19,,,,122.48,,,85.72,,,,,,,,,,,,,,,106.54,,,25.79,76.90,73.21,,,43.46,72.85,79.37,0.00,,,,,42.42,1.25,,,,,,,,,,,,,,,5.10,,,,8.80,,,,,,,
08-07-16,,,,,,,,,,15.21,,,,177.93,99.17,86.23,,,,120.58,,,84.71,,,,,,,,,,,,,,,102.88,,,24.79,72.85,70.33,,,42.69,68.08,77.49,0.00,,,,,37.92,0.52,,,,,,,,,,,,,,,3.50,,,,4.40,,,,,,,
08-08-16,,,,,,,,,,14.25,,,,176.84,98.63,85.15,,,,119.06,,,82.81,,,,,,,,,,,,,,,100.17,,,24.04,67.85,67.42,,,40.58,67.28,75.10,0.00,,,,,34.92,0.00,,,,,,,,,,,,,,,2.70,,,,,,,,,,,
08-09-16,,,,,,,,,,14.12,,,,175.85,98.38,84.57,,,,116.46,,,81.68,,,,,,,,,,,,,,,97.58,,,24.42,63.93,67.00,,,40.54,67.95,72.14,0.00,,,,,32.96,0.00,,,,,,,,,,,,,,,2.50,,,,2.20,,,,,,,
08-10-16,,,,,,,,,,12.75,,,,174.89,97.13,83.82,,,,114.04,,,79.33,,,,,,,,,,,,,,,95.43,,,23.50,59.94,66.50,,,38.08,67.36,70.34,0.00,,,,,32.04,0.00,,,,,,,,,,,,,,,31.50,,,,30.00,,,,,,,
08-11-16,,,,,,,,,,11.67,,,,174.39,97.60,82.73,,,,109.42,,,76.90,,,,,,,,,,,,,,,93.54,,,21.43,55.56,65.25,,,35.59,64.97,68.54,13.86,,,,,29.67,0.00,,,,,,,,,,,,,,,23.00,,,,22.50,,,,,,,
08-12-16,,,,,,,,,,9.62,,,,173.35,96.09,81.36,,,,107.19,,,75.62,,,,,,,,,,,,,,,91.12,,,20.25,53.19,63.71,,,34.01,64.09,66.74,15.11,,,,,28.62,0.00,,,,,,,,,,,,,,,17.90,,,,18.70,,,,,,,
08-13-16,,,,,,,,,,8.25,,,,172.59,96.09,79.82,,,,105.97,,,73.66,,,,,,,,,,,,,,,89.76,,,24.26,55.90,,,,26.39,58.94,65.84,19.63,,,,,26.79,0.00,,,,,,,,,,,,,,,33.90,,,,27.20,,,,,,,
08-14-16,,,,,,,,,,6.00,,,,171.28,96.13,78.06,,,,104.33,,,72.93,,,,,,,,,,,,,,,86.04,,,21.20,47.58,63.61,,,28.32,61.53,64.94,20.07,,,,,25.63,0.00,,,,,,,,,,,,,,,34.20,,,,26.20,,,,,,,
08-15-16,,,,,,,,,,2.46,,,,170.30,95.59,78.53,,,,104.20,,,73.24,,,,,,,,,,,,,,,100.06,,,55.42,47.44,,,,28.15,64.51,64.04,,,,,,24.93,0.32,,,,,,,,,,,,,,,31.60,,,,24.70,,,,,,,
08-16-16,,,,,,,,,,0.00,,,,169.71,95.51,77.21,,,,103.83,,,73.02,,,,,,,,,,,,,,,99.22,,,62.25,43.40,62.57,,,21.90,64.40,70.54,19.75,,,,,22.27,0.09,,,,,,,,,,,,,,,29.30,,,,24.90,,,,,,,
08-17-16,,,,,,,,,,0.00,,,,169.02,95.55,75.82,,,,103.21,,,71.02,,,,,,,,,,,,,,,97.79,,,65.52,41.40,61.00,,,25.57,77.28,73.04,23.45,,,,,33.54,2.75,,,,,,,,,,,,,,,28.10,,,,23.90,,,,,,,
08-18-16,,,,,,,,,,0.00,,,,168.26,95.42,75.69,,,,103.16,,,69.90,,,,,,,,,,,,,,,97.04,,,64.42,45.20,60.55,,,39.97,89.14,76.54,43.13,,,,,56.83,8.56,,,,,,,,,,,,,,,29.00,,,,25.70,,,,,,,
08-19-16,,,,,,,,,,0.00,,,,167.90,95.26,75.98,,,,103.72,,,70.11,,,,,,,,,,,,,,,97.08,,,64.58,42.70,60.00,,,46.73,93.89,79.04,50.22,,,,,55.83,4.66,,,,,,,,,,,,,,,28.30,,,,25.90,,,,,,,
08-20-16,,,,,,,,,,0.08,,,,166.62,93.88,75.98,,,,104.08,,,69.38,,,,,,,,,,,,,,,97.64,,,65.68,40.53,60.88,,,49.15,97.84,75.54,56.52,,,,,53.92,3.03,,,,,,,,,,,,,,,27.90,,,,24.10,,,,,,,
08-21-16,,,,,,,,,,0.00,,,,165.49,93.55,75.44,,,,99.38,,,65.81,,,,,,,,,,,,,,,96.75,,,63.50,34.85,60.00,,,46.04,95.22,68.24,59.97,,,,,50.42,0.37,,,,,,,,,,,,,,,42.00,,,,29.10,,,,,,,
08-22-16,,,,,,,,,,0.00,,,,163.22,92.26,73.90,,,,95.42,,,62.91,,,,,,,,,,,,,,,93.71,,,61.38,26.90,59.00,,,40.19,87.47,58.94,51.43,,,,,45.46,0.00,,,,,,,,,,,,,,,40.80,,,,27.00,,,,,,,
08-23-16,,,,,,,,,,0.00,,,,160.90,90.84,72.44,,,,91.38,,,58.23,,,,,,,,,,,,,,,91.04,,,58.12,19.69,59.00,,,34.37,81.37,55.64,34.43,,,,,41.08,0.00,,,,,,,,,,,,,,,50.90,,,,26.50,,,,,,,
08-24-16,,,,,,,,,,0.00,,,,159.88,90.35,70.57,,,,89.51,,,56.14,,,,,,,,,,,,,,,87.48,,,54.38,15.15,57.42,,,32.10,76.51,52.34,23.59,,,,,39.12,0.00,,,,,,,,,,,,,,,57.00,,,,23.30,,,,,,,
08-25-16,,,,,,,,,,0.00,,,,158.27,88.42,68.12,,,,86.86,,,53.71,,,,,,,,,,,,,,,86.50,,,50.61,9.65,54.04,,,26.53,73.50,51.34,12.63,,,,,36.67,1.00,,,,,,,,,,,,,,,58.40,,,,22.60,,,,,,,
08-26-16,,,,,,,,,,0.04,,,,157.45,87.34,66.65,,,,84.33,,,53.00,,,,,,,,,,,,,,,85.33,,,50.33,4.81,51.62,,,29.37,73.92,50.54,8.22,,,,,34.62,3.59,,,,,,,,,,,,,,,60.30,,,,24.00,,,,,,,
08-27-16,,,,,,,,,,0.04,,,,157.58,88.80,66.98,,,,84.87,,,52.87,,,,,,,,,,,,,,,85.00,,,49.96,2.35,50.58,,,28.68,76.24,49.44,11.57,,,,,34.21,2.59,,,,,,,,,,,,,,,58.70,,,,22.70,,,,,,,
08-28-16,,,,,,,,,,0.00,,,,157.32,85.27,66.19,,,,84.79,,,51.23,,,,,,,,,,,,,,,83.12,,,47.62,0.00,49.46,,,28.88,74.59,48.34,3.86,,,,,33.08,1.71,,,,,,,,,,,,,,,57.60,,,,21.60,,,,,,,
08-29-16,,,,,,,,,,0.17,,,,156.35,87.08,65.36,,,,84.29,,,50.90,,,,,,,,,,,,,,,79.62,,,47.12,0.00,48.62,,,28.93,73.27,46.84,0.00,,,,,31.46,0.17,,,,,,,,,,,,,,,56.10,,,,17.60,,,,,,,
08-30-16,,,,,,,,,,0.29,,,,157.06,86.47,65.03,,,,81.38,,,51.56,,,,,,,,,,,,,,,76.92,,,47.04,0.00,47.04,,,24.54,74.98,45.64,0.00,,,,,30.50,1.00,,,,,,,,,,,,,,,66.30,,,,17.80,,,,,,,
08-31-16,,,,,,,,,,0.38,,,,,87.26,65.40,,,,81.88,,,51.67,,,,,,,,,,,,,,,82.38,,,48.57,0.00,46.42,,,22.73,70.61,44.94,0.00,,,,,29.25,0.96,,,,,,,,,,,,,,,70.10,,,,17.20,,,,,,,
09-01-16,,,,,,,,,,0.25,,,,,85.76,63.86,,,,82.68,,,51.77,,,,,,,,,,,,,,,86.58,,,49.39,0.00,46.00,,,19.74,,44.24,0.00,,,,,28.83,1.19,,,,,,,,,,,,,,,61.50,,,,16.30,,,,,,,
09-02-16,,,,,,,,,,0.00,,,,,83.59,62.44,,,,81.79,,,52.06,,,,,,,,,,,,,,,86.50,,,50.17,0.00,46.00,,,16.65,70.00,43.34,0.00,,,,,29.17,1.21,,,,,,,,,,,,,,,59.30,,,,15.70,,,,,,,
09-03-16,,,,,,,,,,0.00,,,,,84.17,61.90,,,,80.50,,,49.79,,,,,,,,,,,,,,,86.62,,,50.08,0.00,46.00,,,12.66,69.07,42.64,0.00,,,,,27.42,1.68,,,,,,,,,,,,,,,57.80,,,,15.20,,,,,,,
09-04-16,,,,,,,,,,0.00,,,,,83.17,61.65,,,,79.96,,,49.59,,,,,,,,,,,,,,,85.62,,,49.42,0.00,45.00,,,12.16,67.11,41.94,0.00,,,,,26.71,2.00,,,,,,,,,,,,,,,56.50,,,,13.50,,,,,,,
09-05-16,,,,,,,,,,0.00,,,,,83.05,60.40,,,,79.38,,,49.70,,,,,,,,,,,,,,,83.96,,,49.77,0.00,45.00,,,6.90,65.90,40.64,0.00,,,,,24.96,1.30,,,,,,,,,,,,,,,54.60,,,,11.70,,,,,,,
09-06-16,,,,,,,,,,0.00,,,,,82.72,60.57,,,,76.25,,,47.98,,,,,,,,,,,,,,,83.08,,,47.96,0.00,45.00,,,0.00,63.12,38.74,0.00,,,,,21.88,0.26,,,,,,,,,,,,,,,52.90,,,,9.60,,,,,,,
09-07-16,,,,,,,,,,0.00,,,,,81.84,60.15,,,,73.25,,,43.12,,,,,,,,,,,,,,,80.04,,,45.74,0.00,42.75,,,0.00,59.65,36.84,0.00,,,,,19.02,0.25,,,,,,,,,,,,,,,50.60,,,,4.60,,,,,,,
09-08-16,,,,,,,,,,0.00,,,,,81.38,57.90,,,,69.88,,,40.98,,,,,,,,,,,,,,,77.74,,,44.59,0.00,36.96,,,0.00,55.27,0.00,0.00,,,,,15.17,0.23,,,,,,,,,,,,,,,60.30,,,,5.70,,,,,,,
09-09-16,,,,,,,,,,0.00,,,,,80.80,54.53,,,,67.00,,,37.85,,,,,,,,,,,,,,,76.25,,,44.13,0.00,33.50,,,0.00,51.07,0.00,0.00,,,,,8.96,0.17,,,,,,,,,,,,,,,60.00,,,,6.00,,,,,,,
09-10-16,,,,,,,,,,0.00,,,,,79.22,50.86,,,,63.79,,,34.06,,,,,,,,,,,,,,,73.29,,,41.50,0.00,30.92,,,0.00,45.58,0.00,0.00,,,,,3.00,0.00,,,,,,,,,,,,,,,56.50,,,,4.00,,,,,,,
09-11-16,,,,,,,,,,0.00,,,,,75.97,48.73,,,,61.25,,,30.56,,,,,,,,,,,,,,,69.83,,,39.48,0.00,26.92,,,6.55,43.21,0.00,4.78,,,,,1.46,1.44,,,,,,,,,,,,,,,54.50,,,,2.90,,,,,,,
09-12-16,,,,,,,,,,0.00,,,,,75.88,47.11,,,,59.67,,,29.58,,,,,,,,,,,,,,,66.62,,,42.57,0.00,23.67,,,7.48,46.20,0.00,16.37,,,,,9.06,2.75,,,,,,,,,,,,,,,55.10,,,,2.80,,,,,,,
09-13-16,,,,,,,,,,0.00,,,,,74.72,45.28,,,,56.96,,,27.62,,,,,,,,,,,,,,,64.00,,,46.67,0.00,24.00,,,12.57,61.44,0.00,22.18,,,,,10.00,4.25,,,,,,,,,,,,,,,55.00,,,,,,,,,,,
09-14-16,,,,,,,,,,0.00,,,,,74.30,42.98,,,,54.54,,,24.48,,,,,,,,,,,,,,,58.08,,,45.29,0.00,23.42,,,12.53,56.30,0.00,18.24,,,,,9.46,2.30,,,,,,,,,,,,,,,54.20,,,,,,,,,,,
09-15-16,,,,,,,,,,0.00,,,,,69.72,40.82,,,,51.71,,,21.71,,,,,,,,,,,,,,,54.21,,,43.08,0.00,19.08,,,9.11,51.24,0.00,21.20,,,,,6.62,0.95,,,,,,,,,,,,,,,53.50,,,,,,,,,,,
09-16-16,,,,,,,,,,0.00,,,,,67.55,39.53,,,,49.99,,,21.70,,,,,,,,,,,,,,,51.04,,,41.04,0.00,18.45,,,9.37,48.31,0.00,21.80,,,,,2.58,1.00,,,,,,,,,,,,,,,53.20,,,,,,,,,,,
09-17-16,,,,,,,,,,0.04,,,,,66.26,37.44,,,,47.58,,,19.27,,,,,,,,,,,,,,,48.92,,,39.83,0.00,16.00,,,10.09,47.20,0.00,19.61,,,,,3.00,0.70,,,,,,,,,,,,,,,52.60,,,,,,,,,,,
09-18-16,,,,,,,,,,0.00,,,,,64.01,34.78,,,,41.71,,,13.42,,,,,,,,,,,,,,,42.75,,,36.75,0.00,12.50,,,10.19,41.27,0.00,13.73,,,,,1.79,0.00,,,,,,,,,,,,,,,52.00,,,,,,,,,,,
09-19-16,,,,,,,,,,0.00,,,,,60.92,31.44,,,,36.46,,,6.75,,,,,,,,,,,,,,,33.00,,,33.25,0.00,9.71,,,9.13,32.64,0.00,16.96,,,,,0.00,0.00,,,,,,,,,,,,,,,50.80,,,,,,,,,,,
09-20-16,,,,,,,,,,0.00,,,,,58.01,28.36,,,,32.50,,,1.12,,,,,,,,,,,,,,,24.12,,,27.75,0.00,5.88,,,7.73,28.30,0.00,9.45,,,,,1.96,0.00,,,,,,,,,,,,,,,48.50,,,,,,,,,,,
09-21-16,,,,,,,,,,0.00,,,,,55.72,25.53,,,,27.42,,,0.00,,,,,,,,,,,,,,,16.17,,,23.71,0.00,0.00,,,5.15,21.95,0.00,7.18,,,,,2.42,0.00,,,,,,,,,,,,,,,46.30,,,,,,,,,,,
09-22-16,,,,,,,,,,0.08,,,,,52.74,22.53,,,,21.71,,,0.00,,,,,,,,,,,,,,,7.38,,,19.46,0.00,0.00,,,8.18,18.94,0.00,9.79,,,,,3.08,0.00,,,,,,,,,,,,,,,48.90,,,,,,,,,,,
09-23-16,,,,,,,,,,0.08,,,,,50.22,20.07,,,,16.25,,,0.00,,,,,,,,,,,,,,,0.00,,,15.88,0.00,0.00,,,6.65,13.32,0.00,10.61,,,,,3.38,0.00,,,,,,,,,,,,,,,46.70,,,,,,,,,,,
09-24-16,,,,,,,,,,0.04,,,,,46.67,17.36,,,,11.58,,,1.16,,,,,,,,,,,,,,,0.00,,,11.54,0.00,0.00,,,8.30,7.71,0.00,10.20,,,,,1.50,0.00,,,,,,,,,,,,,,,44.90,,,,,,,,,,,
09-25-16,,,,,,,,,,0.00,,,,,42.39,13.69,,,,6.21,,,0.00,,,,,,,,,,,,,,,0.00,,,5.29,0.00,0.00,,,6.06,8.96,0.00,7.02,,,,,0.75,0.00,,,,,,,,,,,,,,,42.80,,,,,,,,,,,
09-26-16,,,,,,,,,,0.08,,,,,39.38,10.53,,,,0.00,,,0.00,,,,,,,,,,,,,,,0.00,,,0.00,0.00,0.00,,,8.28,10.83,0.00,8.31,,,,,2.08,0.00,,,,,,,,,,,,,,,39.10,,,,,,,,,,,
09-27-16,,,,,,,,,,0.12,,,,,35.55,5.78,,,,0.00,,,,,,,,,,,,,,,,,,0.00,,,0.00,0.00,0.00,,,5.74,9.40,0.00,8.70,,,,,0.79,0.00,,,,,,,,,,,,,,,37.70,,,,,,,,,,,
09-28-16,,,,,,,,,,0.04,,,,,33.60,0.61,,,,0.00,,,0.00,,,,,,,,,,,,,,,0.00,,,0.00,0.00,0.00,,,6.96,12.50,0.00,10.13,,,,,0.00,0.00,,,,,,,,,,,,,,,36.20,,,,,,,,,,,
09-29-16,,,,,,,,,,0.00,,,,,32.05,0.94,,,,0.00,,,0.00,,,,,,,,,,,,,,,0.00,,,,0.00,0.00,,,8.11,31.16,0.00,3.81,,,,,0.62,0.65,,,,,,,,,,,,,,,33.10,,,,,,,,,,,
09-30-16,,,,,,,,,,0.00,,,,,30.30,0.57,,,,0.00,,,0.00,,,,,,,,,,,,,,,,,,0.00,0.00,0.00,,,9.56,47.78,0.00,2.51,,,,,0.00,2.13,,,,,,,,,,,,,,,29.80,,,,,,,,,,,
10-01-16,,,,,,,,,,0.00,,,,,28.09,0.04,,,,0.00,,,0.00,,,,,,,,,,,,,,,0.00,,,0.00,0.00,0.00,,,9.34,46.55,0.00,8.23,,,,,1.33,0.00,,,,,,,,,,,,,,,27.50,,,,,,,,,,,
10-02-16,,,,,,,,,,0.00,,,,,26.26,0.19,,,,0.00,,,0.00,,,,,,,,,,,,,,,,,,0.00,0.00,0.00,,,9.28,50.31,0.00,10.93,,,,,2.46,0.00,,,,,,,,,,,,,,,24.30,,,,,,,,,,,
10-03-16,,,,,,,,,,0.04,,,,,23.42,0.47,,,,0.00,,,0.00,,,,,,,,,,,,,,,0.00,,,0.00,0.00,0.00,,,7.65,48.46,0.00,5.97,,,,,0.00,0.41,,,,,,,,,,,,,,,19.00,,,,,,,,,,,
10-04-16,,,,,,,,,,0.08,,,,,21.59,0.98,,,,0.00,,,,,,,,,,,,,,,,,,0.00,,,0.00,0.00,0.00,,,6.42,42.78,0.00,3.19,,,,,1.28,1.05,,,,,,,,,,,,,,,15.60,,,,,,,,,,,
10-05-16,,,,,,,,,,0.00,,,,,19.47,1.07,,,,0.00,,,0.00,,,,,,,,,,,,,,,0.00,,,0.00,0.00,0.00,,,8.56,50.21,0.00,3.19,,,,,3.00,0.00,,,,,,,,,,,,,,,13.60,,,,,,,,,,,
10-06-16,,,,,,,,,,0.04,,,,,16.30,0.60,,,,0.00,,,0.00,,,,,,,,,,,,,,,0.00,,,,0.00,0.00,,,4.38,49.85,0.00,0.00,,,,,0.55,0.55,,,,,,,,,,,,,,,13.20,,,,,,,,,,,
10-07-16,,,,,,,,,,0.00,,,,,14.86,1.10,,,,0.00,,,1.18,,,,,,,,,,,,,,,0.00,,,0.00,0.00,0.00,,,9.40,48.29,0.00,0.00,,,,,4.96,0.60,,,,,,,,,,,,,,,10.00,,,,,,,,,,,
10-08-16,,,,,,,,,,0.00,,,,,13.80,0.65,,,,0.00,,,1.51,,,,,,,,,,,,,,,2.00,,,0.00,0.00,0.00,,,8.33,48.64,0.00,0.00,,,,,3.96,0.27,,,,,,,,,,,,,,,8.60,,,,,,,,,,,
10-09-16,,,,,,,,,,0.04,,,,,10.59,0.53,,,,0.00,,,1.70,,,,,,,,,,,,,,,0.00,,,0.00,0.00,0.00,,,8.05,47.47,0.00,0.00,,,,,3.38,0.00,,,,,,,,,,,,,,,8.20,,,,,,,,,,,
10-10-16,,,,,,,,,,0.00,,,,,8.09,0.40,,,,0.00,,,0.00,,,,,,,,,,,,,,,2.00,,,0.00,0.00,0.00,,,7.77,46.29,0.00,0.00,,,,,3.62,0.53,,,,,,,,,,,,,,,11.30,,,,,,,,,,,
10-11-16,,,,,,,,,,0.00,,,,,4.55,0.82,,,,0.00,,,1.17,,,,,,,,,,,,,,,2.00,,,0.00,0.00,0.00,,,5.29,45.12,0.00,0.00,,,,,0.93,1.00,,,,,,,,,,,,,,,12.70,,,,9.50,,,,,,,
10-12-16,,,,,,,,,,0.00,,,,,4.09,0.00,,,,0.00,,,0.00,,,,,,,,,,,,,,,2.21,,,0.00,0.00,3.09,,,4.29,43.94,0.00,0.00,,,,,0.55,,,,,,,,,,,,,,,,19.50,,,,28.30,,,,,,,
10-13-16,,,,,,,,,,0.12,,,,,2.01,0.04,,,,0.00,,,,,,,,,,,,,,,,,,2.00,,,0.00,0.00,2.45,,,2.02,47.02,0.00,0.00,,,,,0.12,2.17,,,,,,,,,,,,,,,20.10,,,,22.80,,,,,,,
10-14-16,,,,,,,,,,0.00,,,,,1.47,0.00,,,,0.00,,,1.33,,,,,,,,,,,,,,,2.17,,,0.00,0.00,0.00,,,6.14,48.56,0.00,0.00,,,,,0.00,0.52,,,,,,,,,,,,,,,20.30,,,,20.80,,,,,,,
10-15-16,,,,,,,,,,0.00,,,,,0.67,,,,,0.00,,,1.31,,,,,,,,,,,,,,,3.95,,,0.00,0.00,12.92,,,9.68,50.10,0.00,2.73,,,,,0.18,1.00,,,,,,,,,,,,,,,14.40,,,,16.80,,,,,,,
10-16-16,,,,,,,,,,0.00,,,,,1.38,0.00,,,,10.25,,,21.48,,,,,,,,,,,,,,,21.09,,,4.65,22.29,42.85,,,7.40,43.66,0.00,3.90,,,,,3.36,2.86,,,,,,,,,,,,,,,11.40,,,,11.60,,,,,,,
10-17-16,,,,,,,,,,0.08,,,,,0.91,0.00,,,,4.27,,,14.88,,,,,,,,,,,,,,,26.21,,,4.71,22.84,49.67,,,6.57,42.21,0.00,3.90,,,,,2.96,4.35,,,,,,,,,,,,,,,8.40,,,,6.90,,,,,,,
10-18-16,,,,,,,,,,0.00,,,,,2.48,0.17,,,,0.00,,,7.06,,,,,,,,,,,,,,,22.96,,,3.27,14.94,39.45,,,8.64,46.95,0.00,4.29,,,,,2.38,1.30,,,,,,,,,,,,,,,4.90,,,,3.80,,,,,,,
10-19-16,,,,,,,,,,0.00,,,,,1.47,0.00,,,,0.00,,,5.52,,,,,,,,,,,,,,,18.17,,,2.12,9.97,34.75,,,9.26,51.69,0.00,,,,,,0.92,0.52,,,,,,,,,,,,,,,0.00,,,,,,,,,,,
10-20-16,,,,,,,,,,0.00,,,,,0.38,0.00,,,,0.00,,,4.08,,,,,,,,,,,,,,,12.88,,,0.00,3.01,30.12,,,10.07,52.48,0.00,3.73,,,,,0.50,0.35,,,,,,,,,,,,,,,0.00,,,,,,,,,,,
10-21-16,,,,,,,,,,0.00,,,,,0.00,0.00,,,,0.00,,,1.61,,,,,,,,,,,,,,,5.71,,,0.00,0.00,25.50,,,8.99,52.32,0.00,2.75,,,,,0.67,0.00,,,,,,,,,,,,,,,0.00,,,,,,,,,,,
10-22-16,,,,,,,,,,0.00,,,,,0.00,0.00,,,,0.00,,,0.00,,,,,,,,,,,,,,,2.75,,,0.00,0.00,14.38,,,7.74,48.86,0.00,3.15,,,,,0.00,0.63,,,,,,,,,,,,,,,0.00,,,,,,,,,,,
10-23-16,,,,,,,,,,0.00,,,,,0.05,0.00,,,,0.00,,,0.00,,,,,,,,,,,,,,,2.17,,,0.00,0.00,2.21,,,6.81,50.70,0.00,6.30,,,,,0.46,0.57,,,,,,,,,,,,,,,0.00,,,,,,,,,,,
10-24-16,,,,,,,,,,0.00,,,,,0.00,0.30,,,,0.00,,,0.00,,,,,,,,,,,,,,,2.35,,,0.00,0.00,0.00,,,6.67,56.76,0.00,2.45,,,,,0.25,0.75,,,,,,,,,,,,,,,0.00,,,,,,,,,,,
10-25-16,,,,,,,,,,0.00,,,,,0.22,0.33,,,,0.00,,,,,,,,,,,,,,,,,,0.00,,,0.00,0.00,0.00,,,8.77,52.63,0.00,0.00,,,,,0.21,0.46,,,,,,,,,,,,,,,0.00,,,,,,,,,,,
10-26-16,,,,,,,,,,0.00,,,,,0.00,0.00,,,,0.00,,,0.00,,,,,,,,,,,,,,,0.00,,,0.00,0.00,0.00,,,9.29,54.01,0.00,0.00,,,,,0.00,0.00,,,,,,,,,,,,,,,0.00,,,,,,,,,,,
10-27-16,,,,,,,,,,0.17,,,,,0.00,0.00,,,,0.00,,,0.00,,,,,,,,,,,,,,,0.00,,,0.00,0.00,0.00,,,7.10,54.91,0.00,0.00,,,,,0.00,0.00,,,,,,,,,,,,,,,0.00,,,,,,,,,,,
10-28-16,,,,,,,,,,0.08,,,,,0.00,0.00,,,,0.00,,,0.00,,,,,,,,,,,,,,,0.00,,,0.00,0.00,0.00,,,3.64,52.57,0.00,7.41,,,,,0.00,0.00,,,,,,,,,,,,,,,0.00,,,,,,,,,,,
10-29-16,,,,,,,,,,0.04,,,,,0.00,0.00,,,,0.00,,,0.00,,,,,,,,,,,,,,,0.00,,,0.00,0.00,0.00,,,7.11,53.20,0.00,4.17,,,,,0.00,0.00,,,,,,,,,,,,,,,0.00,,,,,,,,,,,
10-30-16,,,,,,,,,,0.00,,,,,0.00,0.10,,,,0.00,,,0.00,,,,,,,,,,,,,,,0.00,,,0.00,0.00,0.00,,,8.88,54.62,0.00,0.00,,,,,0.07,0.23,,,,,,,,,,,,,,,0.00,,,,,,,,,,,
10-31-16,,,,,,,,,,0.00,,,,,0.00,0.07,,,,0.00,,,0.00,,,,,,,,,,,,,,,0.00,,,0.00,0.00,0.00,,,9.78,52.14,0.00,2.54,,,,,1.34,0.57,,,,,,,,,,,,,,,,,,,,,,,,,,
11-01-16,,,,,,,,,,0.00,,,,,0.52,0.03,,,,0.00,,,0.00,,,,,,,,,,,,,,,3.42,,,,,,,,11.32,50.55,0.00,2.90,,,,,9.21,,,,,,,,,,,,,,,,0.00,,,,,,,,,,,
11-02-16,,,,,,,,,,0.25,,,,,0.00,,,,,0.00,,,1.02,,,,,,,,,,,,,,,2.52,,,0.00,0.00,0.00,,,8.56,49.35,0.00,0.00,,,,,2.33,3.14,,,,,,,,,,,,,,,0.00,,,,,,,,,,,
11-03-16,,,,,,,,,,0.29,,,,,0.00,0.00,,,,0.00,,,0.00,,,,,,,,,,,,,,,0.00,,,0.00,0.00,3.74,,,7.92,60.56,0.00,0.00,,,,,0.00,0.58,,,,,,,,,,,,,,,4.70,,,,,,,,,,,
11-04-16,,,,,,,,,,0.08,,,,,0.00,0.00,,,,0.00,,,0.00,,,,,,,,,,,,,,,0.00,,,0.00,0.00,14.25,,,5.55,53.85,0.00,2.93,,,,,0.00,0.00,,,,,,,,,,,,,,,2.70,,,,,,,,,,,
11-05-16,,,,,,,,,,0.08,,,,,0.00,0.00,,,,0.00,,,0.00,,,,,,,,,,,,,,,0.00,,,0.00,0.00,0.00,,,4.68,43.92,0.00,3.15,,,,,0.00,0.00,,,,,,,,,,,,,,,6.10,,,,,,,,,,,
11-06-16,,,,,,,,,,0.08,,,,,0.00,0.01,,,,0.00,,,0.00,,,,,,,,,,,,,,,0.00,,,0.00,0.00,0.00,,,5.26,49.10,0.00,0.00,,,,,0.38,0.00,,,,,,,,,,,,,,,8.20,,,,,,,,,,,
11-07-16,,,,,,,,,,0.08,,,,,0.00,0.29,,,,0.00,,,0.00,,,,,,,,,,,,,,,0.00,,,0.00,0.00,0.00,,,5.89,39.57,0.00,2.78,,,,,0.00,0.00,,,,,,,,,,,,,,,0.00,,,,,,,,,,,
11-08-16,,,,,,,,,,0.12,,,,,0.00,0.10,,,,0.00,,,0.00,,,,,,,,,,,,,,,0.00,,,,0.00,0.00,,,6.87,29.91,0.00,3.27,,,,,2.26,0.00,,,,,,,,,,,,,,,0.00,,,,,,,,,,,
11-09-16,,,,,,,,,,0.17,,,,,0.00,0.26,,,,0.00,,,0.00,,,,,,,,,,,,,,,0.00,,,0.00,0.00,0.00,,,7.92,32.43,0.00,0.00,,,,,4.33,0.00,,,,,,,,,,,,,,,0.00,,,,,,,,,,,
11-10-16,,,,,,,,,,0.00,,,,,0.00,0.08,,,,0.00,,,0.00,,,,,,,,,,,,,,,2.00,,,0.00,0.00,0.00,,,8.60,33.83,0.00,0.00,,,,,5.12,0.00,,,,,,,,,,,,,,,0.00,,,,,,,,,,,
11-11-16,,,,,,,,,,0.00,,,,,0.00,0.17,,,,0.00,,,0.00,,,,,,,,,,,,,,,2.58,,,0.00,0.00,0.00,,,8.67,29.40,0.00,0.00,,,,,3.83,0.00,,,,,,,,,,,,,,,0.00,,,,,,,,,,,
11-12-16,,,,,,,,,,0.08,,,,,0.00,0.17,,,,0.00,,,0.00,,,,,,,,,,,,,,,2.09,,,0.00,0.00,0.00,,,7.35,21.49,0.00,0.00,,,,,2.83,0.00,,,,,,,,,,,,,,,0.00,,,,,,,,,,,
11-13-16,,,,,,,,,,0.12,,,,,0.00,0.53,,,,0.00,,,0.00,,,,,,,,,,,,,,,2.12,,,0.00,0.00,0.00,,,8.76,22.95,0.00,0.00,,,,,0.96,0.50,,,,,,,,,,,,,,,2.20,,,,,,,,,,,
11-14-16,,,,,,,,,,0.04,,,,,0.04,0.12,,,,0.00,,,0.00,,,,,,,,,,,,,,,2.08,,,0.00,,0.00,,,8.57,26.57,0.00,0.00,,,,,1.23,1.00,,,,,,,,,,,,,,,8.00,,,,,,,,,,,
11-15-16,,,,,,,,,,0.21,,,,,0.40,0.67,,,,0.00,,,0.00,,,,,,,,,,,,,,,2.32,,,0.00,0.00,0.00,,,6.36,27.27,0.00,6.80,,,,,1.29,0.43,,,,,,,,,,,,,,,11.80,,,,,,,,,,,
11-16-16,,,,,,,,,,0.25,,,,,0.26,0.57,,,,0.00,,,0.00,,,,,,,,,,,,,,,2.43,,,0.00,0.00,0.00,,,7.88,,0.00,3.40,,,,,3.88,0.12,,,,,,,,,,,,,,,6.00,,,,,,,,,,,
11-17-16,,,,,,,,,,0.00,,,,,0.00,0.27,,,,0.00,,,,,,,,,,,,,,,,,,0.00,,,0.00,0.00,0.00,,,8.09,26.67,0.00,0.00,,,,,5.04,0.00,,,,,,,,,,,,,,,0.00,,,,,,,,,,,
11-18-16,,,,,,,,,,0.08,,,,,0.00,0.53,,,,0.00,,,0.00,,,,,,,,,,,,,,,0.00,,,0.00,0.00,0.00,,,6.89,22.37,0.00,5.68,,,,,2.38,0.00,,,,,,,,,,,,,,,0.00,,,,,,,,,,,
11-19-16,,,,,,,,,,0.12,,,,,0.22,0.79,,,,0.00,,,0.00,,,,,,,,,,,,,,,0.00,,,0.00,0.00,0.00,,,5.44,29.76,0.00,0.00,,,,,0.29,0.00,,,,,,,,,,,,,,,2.30,,,,,,,,,,,
11-20-16,,,,,,,,,,,,,,,0.00,0.79,,,,0.00,,,0.00,,,,,,,,,,,,,,,0.00,,,0.00,0.00,0.00,,,8.91,31.95,0.00,6.24,,,,,1.04,0.55,,,,,,,,,,,,,,,2.00,,,,,,,,,,,
11-21-16,,,,,,,,,,0.12,,,,,0.13,0.49,,,,0.00,,,,,,,,,,,,,,,,,,2.00,,,0.00,,0.00,,,6.83,30.09,0.00,9.12,,,,,0.39,0.00,,,,,,,,,,,,,,,0.00,,,,,,,,,,,
11-22-16,,,,,,,,,,0.08,,,,,0.73,0.00,,,,0.00,,,0.00,,,,,,,,,,,,,,,0.00,,,0.00,0.00,0.00,,,5.26,30.13,0.00,11.52,,,,,0.54,0.12,,,,,,,,,,,,,,,0.00,,,,,,,,,,,
11-23-16,,,,,,,,,,0.08,,,,,0.00,0.29,,,,0.00,,,0.00,,,,,,,,,,,,,,,0.00,,,0.00,0.00,4.00,,,9.73,34.28,0.00,13.92,,,,,0.62,0.39,,,,,,,,,,,,,,,0.00,,,,,,,,,,,
11-24-16,,,,,,,,,,0.00,,,,,0.00,0.00,,,,0.00,,,0.00,,,,,,,,,,,,,,,0.00,,,0.00,0.00,0.00,,,14.38,31.43,0.00,16.32,,,,,0.59,0.43,,,,,,,,,,,,,,,0.00,,,,,,,,,,,
11-25-16,,,,,,,,,,0.08,,,,,0.00,0.00,,,,0.00,,,0.00,,,,,,,,,,,,,,,0.00,,,0.00,0.00,0.00,,,10.50,35.81,0.00,18.72,,,,,0.24,0.41,,,,,,,,,,,,,,,0.00,,,,,,,,,,,
11-26-16,,,,,,,,,,0.00,,,,,0.00,0.00,,,,0.00,,,0.00,,,,,,,,,,,,,,,0.00,,,0.00,0.00,0.00,,,10.27,31.57,0.00,21.12,,,,,1.71,1.00,,,,,,,,,,,,,,,0.00,,,,,,,,,,,
11-27-16,,,,,,,,,,0.21,,,,,0.00,0.36,,,,0.00,,,0.00,,,,,,,,,,,,,,,0.00,,,0.00,0.00,0.00,,,10.42,34.63,0.00,21.06,,,,,1.83,0.83,,,,,,,,,,,,,,,0.00,,,,,,,,,,,
11-28-16,,,,,,,,,,0.00,,,,,0.00,0.00,,,,0.00,,,,,,,,,,,,,,,,,,0.00,,,0.00,0.00,0.00,,,9.26,36.85,0.00,4.82,,,,,1.83,0.00,,,,,,,,,,,,,,,0.00,,,,,,,,,,,
11-29-16,,,,,,,,,,0.21,,,,,0.00,0.00,,,,0.00,,,0.00,,,,,,,,,,,,,,,0.00,,,0.00,0.00,0.00,,,7.72,29.92,0.00,0.00,,,,,0.00,0.00,,,,,,,,,,,,,,,0.00,,,,,,,,,,,
11-30-16,,,,,,,,,,0.08,,,,,0.00,0.00,,,,0.00,,,0.00,,,,,,,,,,,,,,,0.00,,,0.00,0.00,0.00,,,5.22,15.03,0.00,0.00,,,,,0.00,0.00,,,,,,,,,,,,,,,0.00,,,,,,,,,,,
12-01-16,,,,,,,,,,0.00,,,,,0.04,0.00,,,,0.00,,,0.00,,,,,,,,,,,,,,,0.00,,,0.00,0.00,,,,7.47,23.72,0.00,0.00,,,,,0.29,0.00,,,,,,,,,,,,,,,0.00,,,,,,,,,,,
12-02-16,,,,,,,,,,0.08,,,,,0.00,0.00,,,,0.00,,,0.00,,,,,,,,,,,,,,,0.00,,,0.00,0.00,,,,8.09,15.46,0.00,0.00,,,,,0.50,0.00,,,,,,,,,,,,,,,0.00,,,,,,,,,,,
12-03-16,,,,,,,,,,0.17,,,,,0.00,0.00,,,,0.00,,,0.00,,,,,,,,,,,,,,,0.00,,,0.00,0.00,,,,8.53,18.10,0.00,0.00,,,,,0.00,0.00,,,,,,,,,,,,,,,0.00,,,,,,,,,,,
12-04-16,,,,,,,,,,0.25,,,,,0.00,0.00,,,,0.00,,,0.00,,,,,,,,,,,,,,,2.00,,,0.00,0.00,,,,7.58,26.88,0.00,0.00,,,,,1.68,0.36,,,,,,,,,,,,,,,0.00,,,,,,,,,,,
12-05-16,,,,,,,,,,0.21,,,,,,0.00,,,,0.00,,,0.00,,,,,,,,,,,,,,,2.04,,,0.00,2.62,,,,10.07,34.34,0.00,18.62,,,,,2.46,0.70,,,,,,,,,,,,,,,0.00,,,,,,,,,,,
12-06-16,,,,,,,,,,0.17,,,,,0.00,0.00,,,,0.00,,,0.00,,,,,,,,,,,,,,,2.00,,,0.00,2.08,,,,8.12,25.72,0.00,12.99,,,,,1.17,0.17,,,,,,,,,,,,,,,0.00,,,,,,,,,,,
12-07-16,,,,,,,,,,0.12,,,,,0.00,0.00,,,,0.00,,,0.00,,,,,,,,,,,,,,,2.00,,,0.00,0.00,,,,6.67,23.57,0.00,10.30,,,,,0.71,0.00,,,,,,,,,,,,,,,2.10,,,,,,,,,,,
12-08-16,,,,,,,,,,0.54,,,,,0.03,0.00,,,,0.00,,,0.00,,,,,,,,,,,,,,,2.00,,,0.00,0.00,,,,7.69,25.10,0.00,4.93,,,,,0.21,0.04,,,,,,,,,,,,,,,0.00,,,,,,,,,,,
12-09-16,,,,,,,,,,0.62,,,,,0.00,2.09,,,,0.00,,,0.00,,,,,,,,,,,,,,,0.00,,,0.00,0.00,,,,7.32,24.07,0.00,4.03,,,,,0.46,0.46,,,,,,,,,,,,,,,0.00,,,,,,,,,,,
12-10-16,,,,,,,,,,0.08,,,,,0.22,1.43,,,,0.00,,,0.00,,,,,,,,,,,,,,,0.00,,,0.00,0.00,,,,8.55,33.24,0.00,3.49,,,,,1.57,1.00,,,,,,,,,,,,,,,0.00,,,,,,,,,,,
12-11-16,,,,,,,,,,0.00,,,,,0.00,0.48,,,,0.00,,,0.00,,,,,,,,,,,,,,,0.00,,,0.00,0.00,,,,9.88,38.63,0.00,4.35,,,,,0.50,0.00,,,,,,,,,,,,,,,0.00,,,,,,,,,,,
12-12-16,,,,,,,,,,0.12,,,,,0.00,0.68,,,,0.00,,,0.00,,,,,,,,,,,,,,,0.00,,,0.00,0.00,,,,11.53,35.01,0.00,9.12,,,,,1.00,0.13,,,,,,,,,,,,,,,0.00,,,,,,,,,,,
12-13-16,,,,,,,,,,0.38,,,,,0.00,0.00,,,,0.00,,,0.00,,,,,,,,,,,,,,,0.00,,,0.00,0.00,,,,9.47,27.39,0.00,5.86,,,,,,0.00,,,,,,,,,,,,,,,0.00,,,,,,,,,,,
12-14-16,,,,,,,,,,0.25,,,,,0.00,0.00,,,,0.00,,,0.00,,,,,,,,,,,,,,,0.00,,,0.00,,,,,7.72,21.92,0.00,2.79,,,,,0.88,0.00,,,,,,,,,,,,,,,0.00,,,,,,,,,,,
12-15-16,,,,,,,,,,0.21,,,,,0.00,0.05,,,,0.00,,,0.00,,,,,,,,,,,,,,,0.00,,,0.00,0.00,,,,6.54,20.42,0.00,0.00,,,,,0.54,0.00,,,,,,,,,,,,,,,0.00,,,,,,,,,,,
12-16-16,,,,,,,,,,0.12,,,,,0.00,0.00,,,,0.00,,,0.00,,,,,,,,,,,,,,,0.00,,,0.00,0.00,,,,8.93,15.14,0.00,0.00,,,,,0.50,0.00,,,,,,,,,,,,,,,2.40,,,,,,,,,,,
12-17-16,,,,,,,,,,0.17,,,,,0.00,0.00,,,,0.00,,,0.00,,,,,,,,,,,,,,,0.00,,,0.00,0.00,,,,9.60,19.20,0.00,0.00,,,,,0.96,0.12,,,,,,,,,,,,,,,2.90,,,,,,,,,,,
12-18-16,,,,,,,,,,0.00,,,,,0.00,0.00,,,,0.00,,,0.00,,,,,,,,,,,,,,,0.00,,,0.00,6.67,,,,8.63,16.83,0.00,0.00,,,,,0.50,0.00,,,,,,,,,,,,,,,0.00,,,,,,,,,,,
12-19-16,,,,,,,,,,0.17,,,,,0.00,0.00,,,,0.00,,,0.00,,,,,,,,,,,,,,,0.00,,,0.00,,,,,4.63,2.17,0.00,0.00,,,,,0.05,0.00,,,,,,,,,,,,,,,0.00,,,,,,,,,,,
12-20-16,,,,,,,,,,0.21,,,,,0.00,0.00,,,,0.00,,,0.00,,,,,,,,,,,,,,,0.00,,,0.00,6.79,,,,0.00,0.00,0.00,0.00,,,,,1.22,0.00,,,,,,,,,,,,,,,0.00,0.00,,,,,,,,,,
12-21-16,,,,,,,,,,0.29,,,,,0.00,0.00,,,,0.00,,,0.00,,,,,,,,,,,,,,,0.00,,,0.00,0.00,,,,0.00,0.00,0.00,0.00,,,,,1.46,0.00,,,,,,,,,,,,,,,2.90,0.00,,,9.40,,,,,,,
12-22-16,,,,,,,,,,0.04,,,,,0.00,0.00,,,,0.00,,,0.00,,,,,,,,,,,,,,,0.00,,,,0.00,,,,0.00,0.00,0.00,0.00,,,,,2.46,0.00,,,,,,,,,,,,,,,3.10,0.00,,,,,,,,,,
12-23-16,,,,,,,,,,0.21,,,,,0.00,,,,,0.00,,,0.00,,,,,,,,,,,,,,,0.00,,,0.00,0.00,,,,0.00,0.00,0.00,0.00,,,,,3.46,0.00,,,,,,,,,,,,,,,2.00,0.00,,,,,,,,,,
12-24-16,,,,,,,,,,0.21,,,,,0.00,0.00,,,,0.00,,,0.00,,,,,,,,,,,,,,,0.00,,,0.00,0.00,,,,0.00,0.00,0.00,0.00,,,,,1.38,0.00,,,,,,,,,,,,,,,0.00,0.00,,,,,,,,,,
12-25-16,,,,,,,,,,0.00,,,,,0.00,0.00,,,,0.00,,,0.00,,,,,,,,,,,,,,,0.00,,,0.00,0.00,,,,0.00,0.00,0.00,0.00,,,,,4.43,3.09,,,,,,,,,,,,,,,0.00,0.00,,,,,,,,,,
12-26-16,,,,,,,,,,0.42,,,,,0.03,,,,,0.00,,,0.00,,,,,,,,,,,,,,,0.00,,,0.00,0.00,,,,0.00,0.00,0.00,0.00,,,,,2.75,4.13,,,,,,,,,,,,,,,0.00,0.00,,,,,,,,,,
12-27-16,,,,,,,,,,0.17,,,,,0.00,0.00,,,,0.00,,,,,,,,,,,,,,,,,,0.00,,,0.00,0.00,,,,0.00,0.00,0.00,0.00,,,,,1.12,0.00,,,,,,,,,,,,,,,0.00,0.00,,,,,,,,,,
12-28-16,,,,,,,,,,0.00,,,,,0.00,0.00,,,,0.00,,,0.00,,,,,,,,,,,,,,,0.00,,,0.00,0.00,,,,0.00,0.00,0.00,0.00,,,,,0.00,0.00,,,,,,,,,,,,,,,0.00,0.00,,,,,,,,,,
12-29-16,,,,,,,,,,0.00,,,,,0.00,0.00,,,,0.00,,,0.00,,,,,,,,,,,,,,,0.00,,,0.00,0.00,,,,0.00,0.00,0.00,0.00,,,,,0.00,0.00,,,,,,,,,,,,,,,0.00,0.00,,,,,,,,,,
12-30-16,,,,,,,,,,0.00,,,,,0.00,0.00,,,,0.00,,,0.00,,,,,,,,,,,,,,,0.00,,,0.00,0.00,,,,0.00,0.00,0.00,0.00,,,,,0.00,0.00,,,,,,,,,,,,,,,0.00,0.00,,,,,,,,,,
12-31-16,,,,,,,,,,0.00,,,,,0.00,0.00,,,,0.00,,,0.00,,,,,,,,,,,,,,,0.00,,,0.00,0.00,,,,0.00,0.00,0.00,0.00,,,,,0.48,0.33,,,,,,,,,,,,,,,0.00,0.00,,,,,,,,,,
01-01-17,,,,,,,,,,0.11,,,,0.00,0.00,0.00,,0.00,,0.00,0.00,,0.00,,,,,0.00,0.00,,,,,,,,,0.00,,,0.00,0.00,0.00,,,0.00,0.00,0.00,0.00,,,,,0.38,0.00,,,,,,,,,,,,,,0.00,0.00,0.00,,,,,,,,,0.00,
01-02-17,,,,,,,,,,,,,,0.00,0.00,0.00,,0.00,,0.00,0.00,,0.00,,,,,0.00,0.00,,,,,,,,,0.00,,,0.00,0.00,0.00,,,0.00,0.00,0.00,0.00,,,,,2.21,0.00,,,,,,,,,,,,,,0.00,0.00,0.00,,,,,,,,,0.00,
01-03-17,,,,,,,,,,,,,,0.00,0.00,0.00,,0.00,,0.00,0.00,,0.00,,,,,0.00,0.00,,,,,,,,,0.00,,,0.00,0.00,0.00,,,0.00,0.00,0.00,0.00,,,,,1.09,0.43,,,,,,,,,,,,,,0.00,2.00,0.00,,,,,,,,,0.00,
01-04-17,,,,,,,,,,,,,,0.00,0.00,0.00,,0.00,,0.00,0.00,,0.00,,,,,0.00,0.00,,,,,,,,,0.00,,,0.00,0.00,0.00,,,0.00,0.00,0.00,0.00,,,,,3.46,0.00,,,,,,,,,,,,,,0.00,0.00,0.00,,,,,,,,,0.00,
01-05-17,,,,,,,,,,,,,,0.00,0.00,0.00,,0.00,,0.00,0.00,,0.00,,,,,0.00,0.00,,,,,,,,,0.00,,,0.00,0.00,0.00,,,0.00,0.00,0.00,0.00,,,,,2.54,0.00,,,,,,,,,,,,,,0.00,0.00,0.00,,,,,,,,,0.00,
01-06-17,,,,,,,,,,,,,,0.00,0.00,0.00,,0.00,,0.00,0.00,,0.00,,,,,0.00,0.00,,,,,,,,,0.00,,,0.00,0.00,0.00,,,0.00,0.00,0.00,0.00,,,,,0.00,0.00,,,,,,,,,,,,,,0.00,0.00,0.00,,,,,,,,,0.00,
01-07-17,,,,,,,,,,,,,,0.00,0.00,0.00,,0.00,,0.00,0.00,,0.00,,,,,0.00,0.00,,,,,,,,,0.00,,,0.00,0.00,0.00,,,0.00,0.00,0.00,0.00,,,,,0.50,0.00,,,,,,,,,,,,,,0.00,0.00,0.00,,,,,,,,,0.00,
01-08-17,,,,,,,,,,,,,,0.00,0.00,0.00,,0.00,,0.00,0.00,,0.00,,,,,0.00,0.00,,,,,,,,,0.00,,,0.00,0.00,0.00,,,0.00,0.00,0.00,0.00,,,,,0.50,0.13,,,,,,,,,,,,,,0.00,0.00,0.00,,,,,,,,,0.00,
01-09-17,,,,,,,,,,,,,,0.00,0.00,0.00,,0.00,,0.00,0.00,,0.00,,,,,0.00,0.00,,,,,,,,,0.00,,,0.00,0.00,0.00,,,0.00,0.00,0.00,0.00,,,,,0.88,0.55,,,,,,,,,,,,,,0.00,0.00,0.00,,,,,,,,,0.00,
01-10-17,,,,,,,,,,,,,,0.00,0.00,0.00,,0.00,,0.00,0.00,,0.00,,,,,0.00,0.00,,,,,,,,,0.00,,,0.00,0.00,0.00,,,0.00,0.00,0.00,0.00,,,,,2.67,0.00,,,,,,,,,,,,,,0.00,0.00,0.00,,,,,,,,,0.00,
01-11-17,,,,,,,,,,,,,,0.00,0.00,0.00,,0.00,,0.00,0.00,,0.00,,,,,0.00,0.00,,,,,,,,,0.00,,,0.00,0.00,0.00,,,0.00,0.00,0.00,0.00,,,,,1.96,0.00,,,,,,,,,,,,,,0.00,0.00,0.00,,,,,,,,,0.00,
01-12-17,,,,,,,,,,,,,,0.00,0.00,0.00,,0.00,,0.00,0.00,,0.00,,,,,0.00,0.00,,,,,,,,,0.00,,,0.00,0.00,0.00,,,0.00,0.00,0.00,0.00,,,,,0.00,0.00,,,,,,,,,,,,,,0.00,0.00,0.00,,,,,,,,,0.00,
01-13-17,,,,,,,,,,,,,,0.00,0.00,0.00,,0.00,,0.00,0.00,,0.00,,,,,0.00,0.00,,,,,,,,,0.00,,,0.00,0.00,0.00,,,0.00,0.00,0.00,0.00,,,,,0.00,0.00,,,,,,,,,,,,,,0.00,0.00,0.00,,,,,,,,,0.00,
01-14-17,,,,,,,,,,,,,,0.00,0.00,0.00,,0.00,,0.00,0.00,,0.00,,,,,0.00,0.00,,,,,,,,,0.00,,,,0.00,0.00,,,0.00,0.00,0.00,0.00,,,,,1.00,0.00,,,,,,,,,,,,,,0.00,0.00,0.00,,,,,,,,,0.00,
01-15-17,,,,,,,,,,,,,,0.00,0.00,0.00,,0.00,,0.00,0.00,,0.00,,,,,0.00,0.00,,,,,,,,,0.00,,,0.00,0.00,0.00,,,0.00,0.00,0.00,0.00,,,,,0.00,0.00,,,,,,,,,,,,,,0.00,0.00,0.00,,,,,,,,,0.00,
01-16-17,,,,,,,,,,,,,,0.00,0.00,0.00,,0.00,,0.00,0.00,,0.00,,,,,0.00,0.00,,,,,,,,,0.00,,,0.00,0.00,0.00,,,0.00,0.00,0.00,0.00,,,,,0.00,0.00,,,,,,,,,,,,,,0.00,0.00,0.00,,,,,,,,,0.00,
01-17-17,,,,,,,,,,,,,,0.00,0.00,0.00,,0.00,,0.00,0.00,,0.00,,,,,0.00,0.00,,,,,,,,,0.00,,,0.00,0.00,0.00,,,0.00,0.00,0.00,0.00,,,,,0.17,0.00,,,,,,,,,,,,,,0.00,0.00,0.00,,,,,,,,,0.00,
01-18-17,,,,,,,,,,,,,,0.00,0.00,0.00,,0.00,,0.00,0.00,,0.00,,,,,0.00,0.00,,,,,,,,,0.00,,,0.00,0.00,0.00,,,0.00,0.00,0.00,0.00,,,,,1.54,0.00,,,,,,,,,,,,,,0.00,0.00,0.00,,,,,,,,,0.00,
01-19-17,,,,,,,,,,,,,,0.00,0.00,0.00,,0.00,,0.00,0.00,,0.00,,,,,0.00,0.00,,,,,,,,,0.00,,,0.00,0.00,0.00,,,0.00,0.00,0.00,0.00,,,,,0.00,0.00,,,,,,,,,,,,,,0.00,0.00,0.00,,,,,,,,,0.00,
01-20-17,,,,,,,,,,,,,,0.00,0.00,0.00,,0.00,,0.00,0.00,,0.00,,,,,0.00,0.00,,,,,,,,,0.00,,,0.00,0.00,0.00,,,0.00,0.00,0.00,0.00,,,,,0.00,0.00,,,,,,,,,,,,,,0.00,0.00,0.00,,,,,,,,,0.00,
01-21-17,,,,,,,,,,,,,,0.00,0.00,0.00,,0.00,,0.00,0.00,,0.00,,,,,0.00,0.00,,,,,,,,,0.00,,,0.00,0.00,0.00,,,0.00,0.00,0.00,0.00,,,,,0.00,0.00,,,,,,,,,,,,,,0.00,0.00,0.00,,,,,,,,,0.00,
01-22-17,,,,,,,,,,,,,,0.00,0.00,0.00,,0.00,,0.00,0.00,,0.00,,,,,0.00,0.00,,,,,,,,,0.00,,,0.00,0.00,0.00,,,0.00,0.00,0.00,0.00,,,,,0.00,0.00,,,,,,,,,,,,,,0.00,0.00,0.00,,,,,,,,,0.00,
01-23-17,,,,,,,,,,,,,,0.00,0.00,0.00,,0.00,,0.00,0.00,,0.00,,,,,0.00,0.00,,,,,,,,,0.00,,,0.00,0.00,0.00,,,0.00,0.00,0.00,0.00,,,,,0.00,0.00,,,,,,,,,,,,,,0.00,0.00,0.00,,,,,,,,,0.00,
01-24-17,,,,,,,,,,,,,,0.00,0.00,0.00,,0.00,,0.00,0.00,,0.00,,,,,0.00,0.00,,,,,,,,,0.00,,,,0.00,0.00,,,0.00,0.00,0.00,0.00,,,,,0.00,0.00,,,,,,,,,,,,,,0.00,0.00,0.00,,,,,,,,,0.00,
01-25-17,,,,,,,,,,,,,,0.00,0.00,0.00,,0.00,,0.00,0.00,,0.00,,,,,0.00,0.00,,,,,,,,,0.00,,,0.00,0.00,0.00,,,0.00,0.00,0.00,0.00,,,,,0.00,0.00,,,,,,,,,,,,,,0.00,0.00,0.00,,,,,,,,,0.00,
01-26-17,,,,,,,,,,,,,,0.00,0.00,0.00,,0.00,,0.00,0.00,,0.00,,,,,0.00,0.00,,,,,,,,,0.00,,,0.00,0.00,0.00,,,0.00,0.00,0.00,0.00,,,,,0.00,0.00,,,,,,,,,,,,,,0.00,0.00,0.00,,,,,,,,,0.00,
01-27-17,,,,,,,,,,,,,,0.00,0.00,0.00,,0.00,,0.00,0.00,,0.00,,,,,0.00,0.00,,,,,,,,,0.00,,,0.00,0.00,0.00,,,0.00,0.00,0.00,0.00,,,,,0.00,0.00,,,,,,,,,,,,,,0.00,0.00,0.00,,,,,,,,,0.00,
01-28-17,,,,,,,,,,,,,,0.00,0.00,0.00,,0.00,,0.00,0.00,,0.00,,,,,0.00,0.00,,,,,,,,,0.00,,,0.00,0.00,0.00,,,0.00,0.00,0.00,0.00,,,,,0.00,0.00,,,,,,,,,,,,,,0.00,0.00,0.00,,,,,,,,,0.00,
01-29-17,,,,,,,,,,,,,,0.00,0.00,0.00,,0.00,,0.00,0.00,,0.00,,,,,0.00,0.00,,,,,,,,,0.00,,,0.00,0.00,0.00,,,0.00,0.00,0.00,0.00,,,,,0.00,0.00,,,,,,,,,,,,,,0.00,0.00,0.00,,,,,,,,,0.00,
01-30-17,,,,,,,,,,,,,,0.00,0.00,0.00,,0.00,,0.00,0.00,,0.00,,,,,0.00,0.00,,,,,,,,,0.00,,,0.00,0.00,0.00,,,0.00,0.00,0.00,0.00,,,,,0.00,0.00,,,,,,,,,,,,,,0.00,0.00,0.00,,,,,,,,,0.00,
01-31-17,,,,,,,,,,,,,,0.00,0.00,0.00,,0.00,,0.00,0.00,,0.00,,,,,0.00,0.00,,,,,,,,,0.00,,,0.00,0.00,0.00,,,0.00,0.00,0.00,0.00,,,,,0.00,0.00,,,,,,,,,,,,,,0.00,0.00,0.00,,,,,,,,,0.00,
02-01-17,,,,,,,,,,,,,,0.00,0.00,0.00,,0.00,,0.00,0.00,,0.00,,,,,0.00,0.00,,,,,,,,,0.00,,,0.00,0.00,0.00,,,0.00,0.00,0.00,0.00,,,,,0.00,0.00,,,,,,,,,,,,,,0.00,0.00,0.00,,,,,,,,,0.00,
02-02-17,,,,,,,,,,,,,,0.00,0.00,0.04,,0.00,,0.00,0.00,,0.00,,,,,0.00,0.00,,,,,,,,,0.00,,,0.00,0.00,0.00,,,0.00,0.00,0.00,0.00,,,,,0.00,0.00,,,,,,,,,,,,,,0.00,0.00,0.00,,,,,,,,,0.00,
02-03-17,,,,,,,,,,,,,,0.00,0.00,0.00,,0.00,,0.00,0.00,,0.00,,,,,0.00,0.00,,,,,,,,,0.00,,,0.00,0.00,0.00,,,0.00,0.00,0.00,0.00,,,,,0.85,0.00,,,,,,,,,,,,,,0.00,0.00,0.00,,,,,,,,,0.00,
02-04-17,,,,,,,,,,,,,,0.00,0.00,0.08,,0.00,,0.00,0.00,,0.00,,,,,0.00,0.00,,,,,,,,,0.00,,,0.00,0.00,0.00,,,0.00,0.00,0.00,0.00,,,,,0.88,1.00,,,,,,,,,,,,,,0.00,0.00,0.00,,,,,,,,,0.00,
02-05-17,,,,,,,,,,,,,,0.00,0.00,0.00,,0.00,,0.00,0.00,,0.00,,,,,0.00,0.00,,,,,,,,,0.00,,,0.00,0.00,0.00,,,0.00,0.00,0.00,0.00,,,,,0.30,0.00,,,,,,,,,,,,,,0.00,0.00,0.00,,,,,,,,,0.00,
02-06-17,,,,,,,,,,,,,,0.00,0.00,0.00,,0.00,,0.00,0.00,,0.00,,,,,0.00,0.00,,,,,,,,,0.00,,,0.00,0.00,0.00,,,0.00,0.00,0.00,0.00,,,,,0.00,0.00,,,,,,,,,,,,,,0.00,0.00,0.00,,,,,,,,,0.00,
02-07-17,,,,,,,,,,,,,,0.00,0.00,0.00,,0.00,,0.00,0.00,,0.00,,,,,0.00,0.00,,,,,,,,,0.00,,,0.00,0.00,0.00,,,0.00,0.00,0.00,0.00,,,,,0.00,0.00,,,,,,,,,,,,,,0.00,0.00,0.00,,,,,,,,,0.00,
02-08-17,,,,,,,,,,,,,,0.00,0.00,0.00,,0.00,,0.00,0.00,,0.00,,,,,0.00,0.00,,,,,,,,,0.00,,,0.00,0.00,0.00,,,0.00,0.00,0.00,0.00,,,,,0.00,0.04,,,,,,,,,,,,,,0.00,0.00,0.00,,,,,,,,,0.00,
02-09-17,,,,,,,,,,,,,,0.00,0.12,0.00,,0.00,,0.00,0.00,,0.00,,,,,0.00,0.00,,,,,,,,,0.00,,,0.00,0.00,0.00,,,0.00,0.00,0.00,0.00,,,,,0.00,0.00,,,,,,,,,,,,,,0.00,0.00,0.00,,,,,,,,,0.00,
02-10-17,,,,,,,,,,,,,,0.00,0.00,0.00,,0.00,,0.00,0.00,,0.00,,,,,0.00,0.00,,,,,,,,,0.00,,,0.00,0.00,0.00,,,0.00,0.00,0.00,0.00,,,,,0.00,0.00,,,,,,,,,,,,,,0.00,0.00,0.00,,,,,,,,,0.00,
02-11-17,,,,,,,,,,,,,,0.00,0.00,0.00,,0.00,,0.00,0.00,,0.00,,,,,0.00,0.00,,,,,,,,,0.00,,,0.00,0.00,0.00,,,0.00,0.00,0.00,0.00,,,,,0.00,0.00,,,,,,,,,,,,,,0.00,0.00,0.00,,,,,,,,,0.00,
02-12-17,,,,,,,,,,,,,,0.00,0.00,0.00,,0.00,,0.00,0.00,,0.00,,,,,0.00,0.00,,,,,,,,,0.00,,,0.00,0.00,0.00,,,0.00,0.00,0.00,0.00,,,,,0.00,0.00,,,,,,,,,,,,,,0.00,0.00,0.00,,,,,,,,,0.00,
02-13-17,,,,,,,,,,,,,,0.00,0.00,0.00,,0.00,,0.00,0.00,,0.00,,,,,0.00,0.00,,,,,,,,,0.00,,,0.00,0.00,0.00,,,0.00,0.00,0.00,0.00,,,,,0.00,0.00,,,,,,,,,,,,,,0.00,0.00,0.00,,,,,,,,,0.00,
02-14-17,,,,,,,,,,,,,,0.00,0.00,0.00,,0.00,,0.00,0.00,,0.00,,,,,0.00,0.00,,,,,,,,,0.00,,,0.00,0.00,0.00,,,0.00,0.00,0.00,0.00,,,,,0.00,0.00,,,,,,,,,,,,,,0.00,0.00,0.00,,,,,,,,,0.00,
02-15-17,,,,,,,,,,,,,,0.00,0.00,0.00,,0.00,,0.00,0.00,,0.00,,,,,0.00,0.00,,,,,,,,,0.00,,,0.00,0.00,0.00,,,0.00,0.00,0.00,0.00,,,,,0.00,0.00,,,,,,,,,,,,,,0.00,0.00,0.00,,,,,,,,,0.00,
02-16-17,,,,,,,,,,,,,,0.00,0.00,0.00,,0.00,,0.00,0.00,,0.00,,,,,0.00,0.00,,,,,,,,,0.00,,,0.00,0.00,0.00,,,0.00,0.00,0.00,0.00,,,,,0.04,0.16,,,,,,,,,,,,,,0.00,0.00,0.00,,,,,,,,,0.00,
02-17-17,,,,,,,,,,,,,,0.00,0.00,0.00,,0.00,,0.00,0.00,,0.00,,,,,0.00,0.00,,,,,,,,,0.00,,,0.00,0.00,0.00,,,0.00,0.00,0.00,0.00,,,,,0.64,0.50,,,,,,,,,,,,,,0.00,0.00,0.00,,,,,,,,,0.00,
02-18-17,,,,,,,,,,,,,,0.00,0.00,0.00,,0.00,,0.00,0.00,,0.00,,,,,0.00,0.00,,,,,,,,,0.00,,,0.00,0.00,0.00,,,0.00,0.00,0.00,0.00,,,,,2.12,0.40,,,,,,,,,,,,,,0.00,0.00,0.00,,,,,,,,,0.00,
02-19-17,,,,,,,,,,,,,,0.00,0.00,0.00,,0.00,,0.00,0.00,,0.00,,,,,0.00,0.00,,,,,,,,,0.00,,,0.00,0.00,0.00,,,0.00,0.00,0.00,0.00,,,,,1.04,0.00,,,,,,,,,,,,,,0.00,0.00,0.00,,,,,,,,,0.00,
02-20-17,,,,,,,,,,,,,,0.00,0.00,0.00,,0.00,,0.00,0.00,,0.00,,,,,0.00,0.00,,,,,,,,,0.00,,,0.00,0.00,0.00,,,0.00,0.00,0.00,0.00,,,,,0.00,0.00,,,,,,,,,,,,,,0.00,0.00,0.00,,,,,,,,,0.00,
02-21-17,,,,,,,,,,,,,,0.00,0.00,0.00,,0.00,,0.00,0.00,,0.00,,,,,0.00,0.00,,,,,,,,,0.00,,,0.00,0.00,0.00,,,0.00,0.00,0.00,0.00,,,,,0.00,0.00,,,,,,,,,,,,,,0.00,0.00,0.00,,,,,,,,,0.00,
02-22-17,,,,,,,,,,,,,,0.00,0.00,0.00,,0.00,,0.00,0.00,,0.00,,,,,0.00,0.00,,,,,,,,,0.00,,,0.00,0.00,0.00,,,0.00,0.00,0.00,0.00,,,,,0.00,0.00,,,,,,,,,,,,,,0.00,0.00,0.00,,,,,,,,,0.00,
02-23-17,,,,,,,,,,,,,,0.00,0.00,0.00,,0.00,,0.00,0.00,,0.00,,,,,0.00,0.00,,,,,,,,,0.00,,,0.00,0.00,0.00,,,0.00,0.00,0.00,0.00,,,,,0.00,0.00,,,,,,,,,,,,,,0.00,0.00,0.00,,,,,,,,,0.00,
02-24-17,,,,,,,,,,,,,,0.00,0.00,0.00,,0.00,,0.00,0.00,,0.00,,,,,0.00,0.00,,,,,,,,,0.00,,,0.00,0.00,0.00,,,0.00,0.00,0.00,0.00,,,,,0.00,0.00,,,,,,,,,,,,,,0.00,0.00,0.00,,,,,,,,,0.00,
02-25-17,,,,,,,,,,,,,,0.00,0.00,0.00,,0.00,,0.00,0.00,,0.00,,,,,0.00,0.00,,,,,,,,,0.00,,,0.00,0.00,0.00,,,0.00,0.00,0.00,0.00,,,,,0.00,0.00,,,,,,,,,,,,,,0.00,0.00,0.00,,,,,,,,,0.00,
02-26-17,,,,,,,,,,,,,,0.00,0.04,0.00,,0.00,,0.00,0.00,,0.00,,,,,0.00,0.00,,,,,,,,,0.00,,,0.00,0.00,0.00,,,0.00,0.00,0.00,0.00,,,,,0.00,0.00,,,,,,,,,,,,,,0.00,0.00,0.00,,,,,,,,,0.00,
02-27-17,,,,,,,,,,,,,,0.00,0.00,0.00,,0.00,,0.00,0.00,,0.00,,,,,0.00,0.00,,,,,,,,,0.00,,,0.00,0.00,0.00,,,0.00,0.00,0.00,0.00,,,,,0.00,0.00,,,,,,,,,,,,,,0.00,0.00,0.00,,,,,,,,,0.00,
02-28-17,,,,,,,,,,,,,,0.00,0.25,0.00,,0.00,,0.00,0.00,,0.00,,,,,0.00,0.00,,,,,,,,,0.00,,,0.00,0.00,0.00,,,0.00,0.00,0.00,0.00,,,,,0.00,0.00,,,,,,,,,,,,,,0.00,0.00,0.00,,,,,,,,,0.00,
03-01-17,,,,,,,,,,,,,,0.00,0.00,0.00,,0.00,,0.00,0.00,,0.00,,,,,0.00,0.00,,,,,,,,,0.00,,,0.00,0.00,0.00,,,0.00,0.00,0.00,0.00,,,,,1.00,0.62,,,,,,,,,,,,,,0.00,0.00,0.00,,,0.00,,,,,,0.00,
03-02-17,,,,,,,,,,,,,,0.00,0.08,0.00,,0.00,,0.00,0.00,,0.00,,,,,0.00,0.00,,,,,,,,,0.00,,,0.00,0.00,0.00,,,0.00,0.00,0.00,0.00,,,,,1.33,0.55,,,,,,,,,,,,,,0.00,0.00,0.00,,,0.00,,,,,,0.00,
03-03-17,,,,,,,,,,,,,,0.00,0.82,0.00,,0.00,,0.00,0.00,,0.00,,,,,0.00,0.00,,,,,,,,,0.00,,,2.79,0.00,0.00,,,0.00,0.00,0.00,0.00,,,,,0.96,0.00,,,,,,,,,,,,,,0.00,0.00,0.00,,,0.00,,,,,,0.00,
03-04-17,,,,,,,,,,,,,,0.00,0.67,0.00,,0.00,,0.00,0.00,,0.00,,,,,0.00,0.00,,,,,,,,,0.00,,,2.59,0.00,0.00,,,0.00,0.00,0.00,0.00,,,,,0.50,0.40,,,,,,,,,,,,,,0.00,0.00,0.00,,,0.00,,,,,,0.00,
03-05-17,,,,,,,,,,,,,,0.00,0.81,0.00,,0.00,,0.00,0.00,,0.00,,,,,0.00,0.00,,,,,,,,,0.00,,,0.00,0.00,0.00,,,0.00,0.00,0.00,0.00,,,,,3.71,0.00,,,,,,,,,,,,,,0.00,0.00,0.00,,,0.00,,,,,,0.00,
03-06-17,,,,,,,,,,,,,,0.00,0.33,0.00,,0.00,,0.00,0.00,,0.00,,,0.00,,0.00,0.00,,,,,,,,,0.00,,,0.00,0.00,0.00,,,0.00,0.00,0.00,0.00,,,,,3.12,0.00,,,,,,,,,,,,,,0.00,0.00,0.00,,,0.00,,,,,,0.00,
03-07-17,,,,,,,,,,,,,,0.00,0.62,0.00,,0.00,,0.00,0.00,,0.00,,,0.00,,0.00,0.00,,,,,,,,,0.00,,,0.00,0.00,0.00,,,0.00,0.00,0.00,0.00,,,,,2.46,0.00,,,,,,,,,,,,,,0.00,0.00,0.00,,,0.00,,,,,,0.00,
03-08-17,,,,,,,,,,,,,,0.00,0.95,0.00,,0.00,,0.00,0.00,,0.00,,,3.66,,0.00,0.00,,,,,,,,,0.00,,,0.00,0.00,0.00,,,0.00,0.00,0.00,0.00,,,,,2.96,0.67,,,,,,,,,,,,,,0.00,0.00,0.00,,,0.00,,,,,,0.00,
03-09-17,,,,,,,,,,,,,,0.00,1.17,0.00,,0.00,,0.00,0.00,,0.00,,,0.00,,0.00,0.00,,,,,,,,,0.00,,,0.00,0.00,0.00,,,0.00,0.00,0.00,0.00,,,,,2.65,5.39,,,,,,,,,,,,,,0.00,0.00,0.00,,,0.00,,,,,,3.40,
03-10-17,,,,,,,,,,,,,,0.00,1.41,0.00,,0.00,,0.00,0.00,,0.00,,,1.16,,0.00,0.00,,,,,,,,,0.00,,,0.00,0.00,0.00,,,0.00,0.00,0.00,0.00,,,,,3.79,3.12,,,,,,,,,,,,,,0.00,0.00,0.00,,,0.00,,,,,,0.00,
03-11-17,,,,,,,,,,,,,,0.00,0.91,0.00,,0.00,,0.00,0.00,,0.00,,,0.00,,0.00,0.00,,,,,,,,,0.00,,,0.00,0.00,0.00,,,0.00,0.00,0.00,0.00,,,,,2.04,0.50,,,,,,,,,,,,,,0.00,0.00,0.00,,,0.00,,,,,,2.20,
03-12-17,,,,,,,,,,,,,,0.00,0.54,0.00,,0.00,,0.00,0.00,,0.00,,,0.00,,0.00,0.00,,,,,,,,,0.00,,,0.00,0.00,0.00,,,0.00,0.00,0.00,0.00,,,,,2.67,0.00,,,,,,,,,,,,,,0.00,0.00,0.00,,,0.00,,,,,,0.00,
03-13-17,,,,,,,,,,,,,,0.00,0.21,0.00,,0.00,,0.00,0.00,,0.00,,,0.00,,0.00,0.00,,,,,,,,,0.00,,,0.00,0.00,0.00,,,0.00,0.00,0.00,0.00,,,,,0.00,0.00,,,,,,,,,,,,,,0.00,0.00,0.00,,,0.00,,,,,,0.00,
03-14-17,,,,,,,,,,,,,,0.00,0.94,0.00,,0.00,,0.00,0.00,,0.00,,,0.00,,0.00,0.00,,,,,,,,,0.00,,,0.00,0.00,0.00,,,0.00,0.00,0.00,0.00,,,,,0.00,0.00,,,,,,,,,,,,,,0.00,0.00,0.00,,,0.00,,,,,,0.00,
03-15-17,,,,,,,,,,,,,,0.00,1.00,0.00,,0.00,,0.00,0.00,,0.00,,,1.06,,0.00,0.00,,,,,,,,,0.00,,,0.00,0.00,0.00,,,0.00,0.00,0.00,0.00,,,,,0.00,0.00,,,,,,,,,,,,,,0.00,0.00,0.00,,,0.00,,,,,,0.00,
03-16-17,,,,,,,,,,,,,,0.00,1.08,0.00,,0.00,,0.00,0.00,,0.00,,,0.00,,0.00,0.00,,,,,,,,,0.00,,,0.00,0.00,0.00,,,0.00,0.00,0.00,0.00,,,,,0.52,0.00,,,,,,,,,,,,,,0.00,0.00,0.00,,,0.00,,,,,,0.00,
03-17-17,,,,,,,,,,,,,,0.00,1.04,0.00,,0.00,,0.00,0.00,,0.00,,,1.11,,0.00,0.00,,,,,,,,,0.00,,,0.00,0.00,0.00,,,0.00,0.00,0.00,0.00,,,,,0.00,0.00,,,,,,,,,,,,,,0.00,0.00,0.00,,,0.00,,,,,,0.00,
03-18-17,,,,,,,,,,,,,,0.00,0.76,0.00,,0.00,,0.00,0.00,,0.00,,,,,0.00,0.00,,,,,,,,,0.00,,,0.00,0.00,0.00,,,0.00,0.00,0.00,0.00,,,,,0.00,0.00,,,,,,,,,,,,,,0.00,0.00,0.00,,,0.00,,,,,,0.00,
03-19-17,,,,,,,,,,,,,,0.00,0.00,0.00,,0.00,,0.00,0.00,,0.00,,,0.00,,0.00,0.00,,,,,,,,,0.00,,,0.00,0.00,0.00,,,0.00,0.00,0.00,0.00,,,,,0.00,0.00,,,,,,,,,,,,,,0.00,0.00,0.00,,,0.00,,,,,,0.00,
03-20-17,,,,,,,,,,,,,,0.00,0.42,0.00,,0.00,,0.00,0.00,,0.00,,,4.60,,0.00,0.00,,,,,,,,,0.00,,,0.00,0.00,0.00,,,0.00,0.00,0.00,0.00,,,,,0.00,0.00,,,,,,,,,,,,,,0.00,0.00,0.00,,,0.00,,,,,,0.00,
03-21-17,,,,,,,,,,,,,,0.00,0.76,0.00,,0.00,,0.00,0.00,,0.00,,,3.31,,0.00,0.00,,,,,,,,,0.00,,,0.00,0.00,0.00,,,0.00,0.00,0.00,0.00,,,,,0.00,0.00,,,,,,,,,,,,,,0.00,0.00,0.00,,,0.00,,,,,,0.00,
03-22-17,,,,,,,,,,,,,,0.00,0.69,0.00,,0.00,,0.00,0.00,,0.00,,,3.30,,0.00,0.00,,,,,,,,,0.00,,,0.00,0.00,0.00,,,0.00,0.00,0.00,0.00,,,,,0.00,0.00,,,,,,,,,,,,,,0.00,0.00,0.00,,,0.00,,,,,,0.00,
03-23-17,,,,,,,,,,,,,,0.00,0.56,0.09,,0.00,,0.00,0.00,,0.00,,,0.00,,0.00,0.00,,,,,,,,,0.00,,,0.00,0.00,0.00,,,0.00,0.00,0.00,0.00,,,,,0.00,0.00,,,,,,,,,,,,,,0.00,0.00,0.00,,,0.00,,,,,,0.00,
03-24-17,,,,,,,,,,,,,,0.00,0.39,0.00,,0.00,,0.00,0.00,,0.00,,,2.01,,0.00,0.00,,,,,,,,,0.00,,,0.00,0.00,0.00,,,0.00,0.00,0.00,0.00,,,,,0.00,0.04,,,,,,,,,,,,,,,0.00,0.00,,,0.00,,,,,,0.00,
03-25-17,,,,,,,,,,,,,,0.00,0.49,0.09,,0.00,,0.00,0.00,,0.00,,,0.00,,0.00,0.00,,,,,,,,,0.00,,,0.00,0.00,0.00,,,0.00,0.00,0.00,0.00,,,,,0.79,0.75,,,,,,,,,,,,,,,0.00,0.00,,,0.00,,,,,,0.00,
03-26-17,,,,,,,,,,,,,,0.00,0.78,0.00,,0.00,,0.00,0.00,,0.00,,,0.00,,0.00,0.00,,,,,,,,,0.00,,,0.00,0.00,0.00,,,0.00,0.00,0.00,0.00,,,,,0.79,1.45,,,,,,,,,,,,,,,0.00,0.00,,,0.00,,,,,,0.00,
03-27-17,,,,,,,,,,,,,,0.00,0.67,0.00,,0.00,,0.00,0.00,,0.00,,,0.00,,0.00,0.00,,,,,,,,,0.00,,,0.00,0.00,0.00,,,0.00,0.00,0.00,0.00,,,,,1.68,0.79,,,,,,,,,,,,,,,0.00,0.00,,,0.00,,,,,,0.00,
03-28-17,,,,,,,,,,,,,,0.00,0.25,0.05,,0.00,,0.00,0.00,,0.00,,,4.29,,0.00,0.00,,,,,,,,,0.00,,,0.00,0.00,0.00,,,0.00,0.00,0.00,0.00,,,,,0.17,0.33,,,,,,,,,,,,,,,0.00,0.00,,,0.00,,,,,,0.00,
03-29-17,,,,,,,,,,,,,,0.00,0.79,0.09,,0.00,,0.00,0.00,,0.00,,,1.81,,0.00,0.00,,,,,,,,,0.00,,,0.00,0.00,0.00,,,0.00,0.00,0.00,0.00,,,,,0.92,1.29,,,,,,,,,,,,,,,0.00,0.00,,,0.00,,,,,,0.00,
03-30-17,,,,,,,,,,,,,,0.00,0.38,0.00,,0.00,,0.00,0.00,,0.00,,,6.98,,0.00,0.00,,,,,,,,,0.00,,,0.00,0.00,0.00,,,0.00,0.00,0.00,0.00,,,,,1.38,1.12,,,,,,,,,,,,,,,0.00,0.00,,,0.00,,,,,,0.00,
03-31-17,,,,,,,,,,,,,,0.00,0.00,0.00,,0.00,,0.00,0.00,,0.00,,,3.05,,0.00,0.00,,,,,,,,,0.00,,,0.00,0.00,0.00,,,0.00,0.00,0.00,0.00,,,,,0.96,0.50,,,,,,,,,,,,,,,0.00,0.00,,,0.00,,,,,,0.00,
04-01-17,,,,,,,,,,,,,,0.00,0.65,0.16,,0.00,,0.00,0.00,,0.00,,,0.00,,0.00,0.00,,,,,,,,,0.00,,,0.00,0.00,0.00,,,0.00,0.00,0.00,0.00,,,,,0.46,1.40,,,,,,,,,,,,,,,0.00,0.00,,,0.00,,,,,,0.00,
04-02-17,,,,,,,,,,,,,,0.00,0.96,0.30,,0.00,,0.00,0.00,,0.00,,,,,0.00,0.00,,,,,,,,,0.00,,,0.00,0.00,0.00,,0.00,0.00,0.00,0.00,0.00,,,,,2.54,1.08,,,,,,,,,,,,,,,0.00,0.00,,,0.00,,,,,,0.00,
04-03-17,,,,,,,,,,,,,,0.00,0.86,0.05,,0.00,,0.00,0.00,,0.00,,,0.00,,0.00,0.00,,,,,,,,,0.00,,,0.00,0.00,0.00,,0.00,0.00,0.00,0.00,0.00,,,,,1.90,0.42,,,,,,,,,,,,,,,0.00,0.00,,,0.00,,,,,,0.00,
04-04-17,,,,,,,,,,,,,,0.00,0.92,0.00,,0.00,,0.00,0.00,,0.00,,,0.00,,2.08,0.00,,,,,,,,,0.00,,,0.00,0.00,0.00,,0.00,0.00,0.00,0.00,0.00,,,,,1.65,1.30,,,,,,,,,,,,0.00,0.00,,0.00,0.00,,,0.00,,,,,,0.00,
04-05-17,,,,,,,,,,,,,,0.00,0.50,0.00,,0.00,,0.00,0.00,,0.00,,,0.00,,0.00,0.00,,,,,,,,,0.00,,,0.00,0.00,0.00,,0.00,0.00,0.00,0.00,0.00,,,,,1.70,0.96,,,,,,,,,,,,0.00,0.00,,0.00,0.00,,,0.00,,,,,,0.00,
04-06-17,,,,,,,,,,,,,,0.00,0.92,0.27,,0.00,,0.00,0.00,,0.00,,,2.49,,0.00,0.00,,,,,,,,,0.00,,,0.00,0.00,0.00,,0.00,0.00,0.00,0.00,0.00,,,,,3.25,0.68,,,,,,,,,,,,0.00,0.00,,0.00,0.00,,,0.00,,,,,,0.00,
04-07-17,,,,,,,,,,,,,,0.00,1.46,0.20,,0.00,,0.00,0.00,,0.00,,,1.54,,0.00,0.00,,,,,,,,,8.10,,,7.38,4.86,0.00,,,0.00,0.00,0.00,0.00,,,,,2.20,9.25,,,,,,,,,,,,0.00,0.00,,0.00,0.00,,,2.20,,,,,,8.30,
04-08-17,,,,,,,,,,,,,,0.00,1.52,0.45,,0.00,,0.00,0.00,,0.00,,,0.00,,0.00,0.00,,,,,,,,,7.77,,,6.92,4.53,0.00,,0.00,0.00,0.00,0.00,0.00,,,,,0.00,6.61,,,,,,,,,,,,0.00,0.00,,0.00,0.00,,,0.00,,,,,,3.00,
04-09-17,,,,,,,,,,,,,,0.00,1.58,0.16,,0.00,,0.00,0.00,,0.00,,,,,0.00,0.00,,,,,,,,,4.19,,,4.58,0.00,0.00,,0.00,0.00,0.00,0.00,0.00,,,,,1.96,2.08,,,,,,,,,,,,0.00,3.80,,0.00,0.00,,,0.00,,,,,,0.00,
04-10-17,,,,,,,,,,,,,,0.00,0.67,0.00,,0.00,,0.00,0.00,,0.00,,,0.00,,0.00,0.00,,,,,,,,,0.00,,,2.71,0.00,0.00,,0.00,0.00,0.00,0.00,0.00,,,,,2.50,0.00,,,,,,,,,,,,0.00,0.00,,0.00,,,,0.00,,,,,,0.00,
04-11-17,,,,,,,,,,,,,,0.00,0.67,0.00,,0.00,,0.00,0.00,,0.00,,,0.00,,0.00,0.00,,,,,,,,,0.00,,,0.00,0.00,0.00,,0.00,0.00,0.00,0.00,0.00,,,,,0.00,0.00,,,,,,,,,,,,0.00,0.00,,0.00,0.00,,,0.00,,,,,,0.00,
04-12-17,,,,,,,,,,,,,,0.00,0.50,0.00,,0.00,,0.00,0.00,,0.00,,,0.00,,0.00,0.00,,,,,,,,,0.00,,,0.00,0.00,0.00,,0.00,0.00,0.00,0.00,0.00,,,,,1.50,0.00,,,,,,,,,,,,0.00,0.00,,0.00,0.00,,,0.00,,,,,,0.00,
04-13-17,,,,,,,,,,,,,,0.00,0.60,0.00,,0.00,,0.00,0.00,,0.00,,,0.00,,0.00,0.00,,,,,,,,,0.00,,,0.00,0.00,0.00,,0.00,0.00,0.00,0.00,0.00,,,,,0.57,0.00,,,,,,,,,,,,0.00,0.00,,0.00,0.00,,,0.00,,,,,,0.00,
04-14-17,,,,,,,,,,,,,,0.00,0.78,0.00,,0.00,,0.00,0.00,,0.00,,,0.00,,0.00,0.00,,,,,,,,,0.00,,,0.00,0.00,0.00,,0.00,0.00,0.00,0.00,0.00,,,,,0.38,0.37,,,,,,,,,,,,0.00,0.00,,0.00,0.00,,,0.00,,,,,,0.00,
04-15-17,,,,,,,,,,,,,,0.00,1.00,0.45,,0.00,,0.00,0.00,,0.00,,,0.00,,0.00,0.00,,,,,,,,,0.00,,,0.00,0.00,0.00,,0.00,0.00,0.00,0.00,0.00,,,,,1.29,0.12,,,,,,,,,,,,0.00,0.00,,0.00,0.00,,,0.00,,,,,,0.00,
04-16-17,,,,,,,,,,,,,,0.00,0.92,0.00,,0.00,,0.00,0.00,,0.00,,,0.00,,0.00,0.00,,,,,,,,,0.00,,,0.00,0.00,0.00,,0.00,0.00,0.00,0.00,0.00,,,,,1.00,0.00,,,,,,,,,,,,0.00,0.00,,0.00,0.00,,,0.00,,,,,,0.00,
04-17-17,,,,,,,,,,,,,,0.00,0.83,0.45,,0.00,,0.00,0.00,,0.00,,,0.00,,0.00,0.00,,,,,,,,,0.00,,,0.00,0.00,0.00,,0.00,0.00,0.00,0.00,0.00,,,,,0.75,0.00,,,,,,,,,,,,0.00,0.00,,0.00,0.00,,,0.00,,,,,,0.00,
04-18-17,,,,,,,,,,,,,,0.00,1.40,0.00,,0.00,,0.00,0.00,,0.00,,,0.00,,6.13,1.04,,,,,,,,,0.00,,,0.00,0.00,0.00,,0.00,0.00,0.00,0.00,0.00,,,,,0.21,0.00,,,,,,,,,,,,0.00,4.73,,0.00,0.00,,,0.00,,,,,,0.00,
04-19-17,,,,,,,,,,,,,,0.00,1.25,0.00,,0.00,,0.00,0.00,,0.00,,,0.00,,4.88,1.29,,,,,,,,,0.00,,,0.00,0.00,0.00,,0.00,0.00,0.00,0.00,0.00,,,,,2.00,0.92,,,,,,,,,,,,0.00,2.40,,0.00,0.00,,,0.00,,,,,,0.00,
04-20-17,,,,,,,,,,,,,,0.00,0.75,0.00,,0.00,,0.00,0.00,,0.00,,,0.00,,7.46,1.78,,,,,,,,,0.00,,,0.00,0.00,0.00,,0.00,0.00,0.00,0.00,0.00,,,,,2.75,0.92,,,,,,,,,,,,0.00,3.43,,10.25,0.00,,,0.00,,,,,,0.00,
04-21-17,,,,,,,,,,,,,,0.00,0.92,0.18,,0.00,,0.00,0.00,,0.00,,,0.00,,0.00,1.61,,,,,,,,,0.00,,,0.00,0.00,0.00,,0.00,0.00,0.00,0.00,0.00,,,,,2.17,0.00,,,,,,,,,,,,0.00,2.15,,20.05,0.00,,,0.00,,,,,,0.00,
04-22-17,,,,,,,,,,,,,,0.00,1.08,0.04,,0.00,,0.00,0.00,,0.00,,,0.00,,0.00,1.36,,,,,,,,,0.00,,,0.00,0.00,0.00,,0.00,0.00,0.00,0.00,0.00,,,,,5.04,0.00,,,,,,,,,,,,0.00,0.00,,19.05,0.00,,,0.00,,,,,,0.00,
04-23-17,,,,,,,,,,,,,,0.00,0.83,0.11,,0.00,,0.00,0.00,,0.00,,,0.00,,0.00,1.35,,,,,,,,,0.00,,,0.00,0.00,0.00,,0.00,0.00,0.00,0.00,0.00,,,,,6.25,0.00,,,,,,,,,,,,0.00,0.00,,16.45,0.00,,,0.00,,,,,,0.00,
04-24-17,,,,,,,,,,,,,,0.00,1.12,0.18,,0.00,,0.00,0.00,,0.00,,,0.00,,0.00,1.26,,,,,,,,,0.00,,,0.00,0.00,0.00,,0.00,0.00,0.00,0.00,0.00,,,,,5.50,0.25,,,,,,,,,,,,0.00,0.00,,15.35,0.00,,,0.00,,,,,,0.00,
04-25-17,,,,,,,,,,,,,,0.00,1.29,0.00,,0.00,,0.00,0.00,,0.00,,,0.00,,0.00,1.46,,,,,,,,,0.00,,,0.00,3.06,22.38,,0.00,0.00,0.00,0.00,0.00,,,,,3.42,4.08,,,,,,,,,,,,0.00,2.08,,12.55,0.00,,,0.00,,,,,,0.00,
04-26-17,,,,,,,,,,,,,,0.00,0.00,0.12,,0.00,,0.00,0.00,,0.00,,,0.00,,0.00,0.00,,,,,,,,,0.00,,,0.00,0.00,26.84,,0.00,0.00,0.00,0.00,0.00,,,,,5.50,4.08,,,,,,,,,,,,0.00,0.00,,12.15,0.00,,,0.00,,,,,,0.00,
04-27-17,,,,,,,,,,,,,,0.00,1.33,0.00,,0.00,,0.00,0.00,,0.00,,,0.00,,0.00,0.00,,,,,,,,,0.00,,,0.00,0.00,22.79,,0.00,0.00,0.00,0.00,0.00,,,,,3.88,1.67,,,,,,,,,,,,0.00,0.00,,11.85,0.00,,,0.00,,,,,,0.00,
04-28-17,,,,,,,,,,,,,,0.00,1.21,0.00,,0.00,,0.00,0.00,,0.00,,,0.00,,0.00,0.00,,,,,,,,,0.00,,,0.00,0.00,20.03,,0.00,0.00,0.00,0.00,0.00,,,,,2.25,0.00,,,,,,,,,,,,0.00,0.00,,,0.00,,,0.00,,,,,,0.00,
04-29-17,,,,,,,,,,,,,,0.00,1.08,0.00,,0.00,,0.00,0.00,,0.00,,,0.00,,0.00,0.00,,,,,,,,,0.00,,,,0.00,28.14,,0.00,0.00,0.00,0.00,0.00,,,,,3.33,0.00,,,,,,,,,,,,0.00,0.00,,12.75,0.00,,,0.00,,,,,,0.00,
04-30-17,,,,,,,,,,,,,,0.00,1.30,0.00,,0.00,,0.00,0.00,,0.00,,,0.00,,0.00,0.00,,,,,,,,,0.00,,,0.00,0.00,23.52,,,0.00,0.00,0.00,0.00,,,,,2.08,0.00,,,,,,,,,,,,0.00,0.00,,9.95,0.00,,,0.00,,,,,,0.00,
05-01-17,,,,,,,,,,,,,,0.00,1.50,0.00,,0.00,,0.00,0.00,,0.00,,,0.00,,0.00,0.00,,,,,,,,,0.00,,,0.00,0.00,20.54,,0.00,0.00,0.00,0.00,0.00,,,,,4.58,0.38,,,,,,,,,,,,0.00,0.00,0.00,3.75,0.00,,,0.00,,,,,,0.00,
05-02-17,,,,,,,,,,,,,,0.00,1.12,0.00,,0.00,,0.00,0.00,,0.00,,,0.00,,0.00,0.00,,,,,,,,,0.00,,,0.00,2.00,19.21,,0.00,0.00,0.00,0.00,0.00,,,,,2.39,1.54,,,,,,,,,,,,,0.00,0.00,3.25,0.00,,,0.00,,,,,,0.00,
05-03-17,,,,,,,,,,,,,,0.00,1.58,0.14,,0.00,,0.00,0.00,,0.00,,,0.00,,0.00,0.00,,,,,,,,,0.00,,,0.00,0.00,18.09,,0.00,0.00,0.00,0.00,0.00,,,,,4.54,0.12,,,,,,,,,,,,0.00,0.00,0.00,4.25,0.00,,,3.90,,,,,,0.00,
05-04-17,,,,,,,,,,,,,,0.00,0.96,0.00,,0.00,,0.00,0.00,,0.00,,,0.00,,0.00,0.00,,,,,,,,,0.00,,,0.00,0.00,16.19,,0.00,0.00,0.00,0.00,0.00,,,,,1.27,0.71,,,,,,,,,,,,0.00,0.00,0.00,10.25,,,,3.50,,,,,,0.00,
05-05-17,,,,,,,,,,,,,,0.00,1.34,0.00,,0.00,,0.00,0.00,,0.00,,,0.00,,0.00,0.00,,,,,,,,,0.00,,,0.00,0.00,13.12,,0.00,0.00,0.00,0.00,0.00,,,,,1.79,0.62,,,,,,,,,,,,0.00,0.00,0.00,10.85,0.00,,,0.00,,,,,,0.00,
05-06-17,,,,,,,,,,,,,,0.00,1.21,0.19,,0.00,,0.00,0.00,,0.00,,,0.00,,0.00,0.00,,,,,,,,,0.00,,,0.00,0.00,10.72,,0.00,0.00,0.00,0.00,0.00,,,,,2.29,1.26,,,,,,,,,,,,0.00,0.00,0.00,7.85,0.00,,,0.00,,,,,,2.20,
05-07-17,,,,,,,,,,,,,,0.00,1.65,0.16,,0.00,,0.00,0.00,,0.00,,,0.00,,0.00,0.00,,,,,,,,,5.40,,,13.49,11.78,9.34,,0.00,0.00,0.00,0.00,0.00,,,,,3.81,11.80,,,,,,,,,,,,0.00,0.00,0.00,7.55,0.00,,,0.00,,,,,,15.50,
05-08-17,,,,,,,,,,,,,,0.00,1.33,0.18,,0.00,,0.00,0.00,,0.00,,,0.00,,0.00,2.00,,,,,,,,,15.01,,,15.80,10.86,8.37,,0.00,0.00,0.00,0.00,0.00,,,,,2.88,18.06,,,,,,,,,,,,0.00,2.18,0.00,7.55,0.00,,,0.00,,,,,,18.90,
05-09-17,,,,,,,,,,,,,,0.00,1.46,0.08,,0.00,,0.00,0.00,,0.00,,,0.00,,0.00,1.19,,,,,,,,,12.52,,,11.50,4.00,6.90,,0.00,0.00,0.00,0.00,0.00,,,,,3.38,15.08,,,,,,,,,,,,0.00,0.00,0.00,7.05,0.00,,,0.00,,,,,,10.30,
05-10-17,,,,,,,,,,,,,,0.00,1.40,0.08,,0.00,,0.00,0.00,,0.00,,,0.00,,4.50,1.12,,,,,,,,,10.49,,,10.22,2.46,5.44,,0.00,0.00,0.00,0.00,0.00,,,,,2.67,11.33,,,,,,,,,,,,0.00,0.00,0.00,6.65,0.00,,,0.00,,,,,,6.70,
05-11-17,,,,,,,,,,,,,,10.39,39.38,15.39,,0.00,,20.58,0.00,,0.00,,,0.00,,30.08,27.62,,,,,,,,,12.89,,,10.09,3.04,0.00,,0.00,0.00,0.00,0.00,0.00,,,,,2.67,8.71,,,,,,,,,,,,5.15,26.52,14.40,6.45,18.61,,,0.00,,,,,,10.90,
05-12-17,,,,,,,,,,,,,,106.61,124.12,43.00,,0.00,,46.73,0.00,,30.61,,,34.59,,75.38,52.15,,,,,,,,,24.48,,,28.90,0.00,0.00,,0.00,0.00,0.00,0.00,0.00,,,,,2.08,4.71,,,,,,,,,,,,8.23,51.12,25.33,6.55,54.65,,,0.00,,,,,,26.60,
05-13-17,,,,,,,,,,,,,,103.87,109.79,33.87,,0.00,,34.53,0.00,,23.52,,,28.93,,70.04,41.29,,,,,,,,,23.12,,,25.44,2.25,0.00,,0.00,0.00,0.00,0.00,0.00,,,,,2.54,2.00,,,,,,,,,,,,2.60,45.99,13.40,6.55,52.70,,,0.00,,,,,,15.80,
05-14-17,,,,,,,,,,,,,,92.60,86.79,29.25,,0.00,,34.13,0.00,,22.96,,,,,58.08,39.29,,,,,,,,,21.65,,,31.25,5.40,0.00,,21.41,0.00,0.00,0.00,0.00,,,,,3.00,7.28,,,,,,,,,,,,0.00,37.85,7.71,4.15,44.95,,,0.00,,,,,,16.90,
05-15-17,,,,,,,,,,,,,,83.22,77.29,25.95,,0.00,,30.56,0.00,,27.35,,,25.85,,47.50,32.60,,,,,,,,,21.90,,,33.88,4.75,0.00,,0.00,0.00,0.00,0.00,0.00,,,,,4.79,8.86,,,,,,,,,,,,0.00,32.78,5.57,17.45,39.34,,,0.00,,,,,,17.50,
05-16-17,,,,,,,,,,,35.10,,,77.59,70.04,24.25,,0.00,,28.14,0.00,,23.02,,,23.56,,38.71,28.34,,,,,,,,,20.56,,,20.13,2.04,0.00,,0.00,0.00,0.00,0.00,0.00,,,,,6.29,8.29,,,,,,,,,,,,0.00,15.77,2.73,,36.84,,,2.20,,,,,,13.20,
05-17-17,,,,,,,,,,,33.35,,,71.67,64.00,23.25,,0.00,,24.75,0.00,,22.55,,,22.50,,33.17,25.03,,,,,,,,,18.65,,,17.80,2.83,0.00,,,7.42,8.68,0.00,14.00,,,,,5.65,8.39,,,,,,,,,,,,0.00,9.56,0.00,16.75,35.34,,,3.00,,,,,,11.00,
05-18-17,,,,,,,,,,,36.98,,,95.05,76.81,23.80,,0.00,,28.90,0.00,,11.83,,,,,44.00,33.04,,,,,,,,,21.74,,,19.58,0.00,0.00,,,10.29,23.18,0.00,27.20,,,,,4.58,13.64,,,,,,,,,,,,11.18,15.13,13.24,17.15,35.83,,,3.90,,,,,,11.60,
05-19-17,,,,,,,,,,,37.67,,,105.42,77.94,25.08,,0.00,,29.65,0.00,,29.21,,,25.17,,35.79,33.80,,,,,,,,,22.69,,,19.35,0.00,0.00,,74.93,10.87,40.25,0.00,27.42,,,,,6.33,11.65,,,,,,,,,,,,14.12,18.88,18.21,13.25,33.26,,,0.00,,,,,,12.60,
05-20-17,,,,,,,,,,,32.70,,,96.53,70.91,25.41,,0.00,,30.67,0.00,,29.49,,,23.56,,32.46,30.65,,,,,,,,,20.69,,,19.93,0.00,0.00,,0.00,11.67,65.85,0.00,24.17,,,,,7.08,11.83,,,,,,,,,,,,7.92,14.32,11.66,2.95,32.84,,,0.00,,,,,,13.00,
05-21-17,,,,,,,,,,,29.85,,,89.45,65.42,25.54,,0.00,,28.71,0.00,,22.79,,,22.88,,32.29,27.88,,,,,,,,,18.36,,,18.38,0.00,24.95,,0.00,8.77,51.07,0.00,25.19,,,,,7.17,12.12,,,,,,,,,,,,3.91,13.50,8.21,5.35,32.40,,,0.00,,,,,,10.90,
05-22-17,,,,,,,,,,,29.71,,,82.82,59.54,22.41,,0.00,,27.74,0.00,,23.15,,,21.48,,31.08,22.87,,,,,,,,,16.69,,,11.93,0.00,22.78,,0.00,10.97,34.99,0.00,24.69,,,,,7.92,13.08,,,,,,,,,,,,0.00,8.71,6.60,3.95,32.45,,,2.40,,,,,,9.90,
05-23-17,,,,,,,,,,,35.03,,,78.60,58.74,18.50,,0.00,,25.16,0.00,,24.46,,,0.00,,31.33,21.02,,,,,,,,,16.31,,,7.66,2.46,22.91,,0.00,13.10,32.85,0.00,24.23,,,,,6.46,12.58,,,,,,,,,,,,0.00,4.99,6.82,2.85,34.62,,,2.00,,,,,,13.00,
05-24-17,,,,,,,,,,,34.68,,,75.69,58.52,21.37,,0.00,,,0.00,,,,,32.00,,42.96,26.65,,,,,,,,,19.36,,,8.55,0.00,17.66,,0.00,7.00,36.19,0.00,27.83,,,,,6.96,12.88,,,,,,,,,,,,0.00,10.23,6.23,2.45,31.27,,,0.00,,,,,,15.70,
05-25-17,,,,,,,,,,,37.33,,,95.59,73.41,35.19,,0.00,,54.83,0.00,,,,,6.29,,61.50,43.23,,,,,,,,,39.75,,,34.30,3.06,13.91,,,5.34,30.85,0.00,30.07,,,,,6.88,13.67,,,,,,,,,,,,15.87,26.40,26.40,2.25,26.95,,,0.00,,,,,,29.60,
05-26-17,,,,,,,,,,,37.64,,,90.42,72.95,33.54,,0.00,,51.18,0.00,,46.49,,,49.34,,51.29,42.57,,,,,,,,,35.65,,,29.47,0.00,11.07,,0.00,7.28,41.12,0.00,30.64,,,,,6.92,13.23,,,,,,,,,,,,20.66,32.64,28.40,2.35,25.84,,,0.00,,,,,,25.70,
05-27-17,,,,,,,,,,,36.30,,,86.36,69.17,31.91,,0.00,,46.99,0.00,,43.57,,,44.09,,45.79,38.31,,,,,,,,,31.65,,,26.38,0.00,9.18,,0.00,6.30,40.45,0.00,24.89,,,,,5.00,13.42,,,,,,,,,,,,16.07,27.54,22.25,2.15,25.86,,,0.00,,,,,,22.80,
05-28-17,,,,,,,,,,,35.35,,,82.74,68.69,30.76,,0.00,,43.16,0.00,,41.42,,,41.13,,39.58,35.80,,,,,,,,,29.60,,,25.19,0.00,7.24,,0.00,6.61,40.45,0.00,26.49,,,,,5.54,12.75,,,,,,,,,,,,11.79,16.87,19.02,2.25,26.25,,,0.00,,,,,,22.20,
05-29-17,,,,,,,,,,,34.42,,,78.28,69.54,27.45,,0.00,,40.81,,,36.19,,,39.05,,34.17,33.83,,,,,,,,,26.69,,,23.53,0.00,5.82,,0.00,8.75,39.30,0.00,29.84,,,,,6.12,11.96,,,,,,,,,,,,8.65,12.42,17.07,2.35,25.48,,,0.00,,,,,,20.00,
05-30-17,,,,,,,,,,,33.42,,,75.46,67.29,25.80,,19.41,,39.62,45.55,,35.42,,,36.91,,33.33,32.09,,,,,,,,,25.23,,,22.34,0.00,24.94,,0.00,9.85,38.48,0.00,26.47,,,,,6.96,12.55,,,,,,,,,,,,5.60,9.97,14.53,2.15,25.32,,,0.00,,,,,,19.10,
05-31-17,,,,,,,,,,,32.20,,,73.39,65.00,25.62,,19.05,,37.61,51.25,,34.68,,,35.86,,33.67,30.78,,,,,,,,,24.81,,,21.72,0.00,25.89,,0.00,9.77,38.48,0.00,28.15,,,,,5.33,11.75,,,,,,,,,,,,3.67,10.16,13.01,3.95,25.00,,,0.00,,,,,,19.00,
06-01-17,,,,,,,,,,,30.84,,,72.03,63.71,25.79,,16.61,,35.55,48.92,,32.40,,,34.21,,32.71,29.42,,,,,,,,,24.02,,,21.26,0.00,23.41,,0.00,8.39,38.48,0.00,27.72,,,,,1.55,12.23,,,,,,,,,,,,2.29,9.52,12.83,4.75,24.70,,,0.00,,,,,,16.60,
06-02-17,,,,,,,,,,,30.06,,,70.34,63.38,25.50,,15.29,,34.29,45.46,,32.54,,,33.11,,30.75,27.93,,,,,,,,,23.69,,,15.72,0.00,20.40,,0.00,9.08,37.47,0.00,37.55,,,,,8.52,12.22,,,,,,,,,,,,,,11.47,8.75,23.68,,,2.90,,,,,,15.80,
06-03-17,,,,,,,,,,,29.98,,,69.09,62.46,25.19,,14.32,,36.38,43.67,,31.10,,,31.06,,30.08,26.94,,,,,,,,,23.15,,,6.49,0.00,23.92,,,15.04,28.72,0.00,29.79,,,,,11.58,17.21,,,,,,,,,,,,,,9.21,6.95,23.25,,,3.90,,,,,,16.30,
06-04-17,,,,,,,,,,,29.36,,,67.18,62.25,25.16,,14.47,,35.52,40.50,,30.40,,,30.14,,29.12,25.47,,,,,,,,,22.90,,,5.50,0.00,33.62,,,26.99,60.48,0.00,47.37,,,,,20.70,26.21,,,,,,,,,,,,,,8.81,6.95,22.89,,,2.40,,,,,,15.60,
06-05-17,,,,,,,,,,,29.33,,,65.97,61.46,0.00,,12.59,,34.96,34.08,,29.67,,,29.61,,29.00,24.97,,,,,,,,,22.02,,,5.76,0.00,30.52,,0.00,23.17,56.72,0.00,41.70,,,,,18.62,23.50,,,,,,,,,,,,,,8.67,6.45,22.43,,,0.00,,,,,,15.00,
06-06-17,,,,,,,,,,,29.05,,,64.52,60.78,25.20,,10.93,,35.24,13.17,,29.22,,,29.37,,28.71,24.29,,,,,,,,,21.94,,,5.43,0.00,28.90,,0.00,24.54,56.56,0.00,39.54,,,,,17.46,22.57,,,,,,,,,,,,,,7.86,3.45,21.20,,,0.00,,,,,,14.90,
06-07-17,,,,,,,,,,,29.83,,,65.46,61.08,25.14,,9.29,,35.73,12.29,,30.01,,,30.50,,30.27,25.09,,,,,,,,,30.73,,,14.15,17.99,29.18,,,27.66,56.35,0.00,46.04,,,,,23.47,18.33,,,,,,,,,,,,,,7.79,3.55,20.82,,,0.00,,,,,,,
06-08-17,,,,,,,,,,,31.39,,,74.65,63.17,35.60,,8.96,,49.77,11.88,,46.83,,,43.94,,36.21,30.14,,,,,,,,,41.48,,,40.85,19.88,28.38,,0.00,33.02,63.55,0.00,52.95,,,,,30.12,25.27,,,,,,,,,,,,,,16.25,3.25,18.27,,,0.00,,,,,,14.50,
06-09-17,,,,,,,,,,,29.39,,,72.94,62.08,32.95,,9.39,,48.42,11.58,,47.58,,,40.45,,35.71,29.05,,,,,,,,,38.15,,,37.84,17.05,29.33,,0.00,43.03,70.45,0.00,53.66,,,,,25.54,23.25,,,,,,,,,,,,,,15.85,9.45,16.48,,,0.00,,,,,,14.50,
06-10-17,,,,,,,,,,,28.40,,,70.67,59.92,26.37,,9.65,,45.97,11.04,,44.79,,,37.41,,33.92,27.66,,,,,,,,,36.11,,,34.18,16.45,29.86,,0.00,33.62,61.71,0.00,48.50,,,,,22.17,22.04,,,,,,,,,,,,,,14.19,13.25,16.16,,,0.00,,,,,,13.90,
06-11-17,,,,,,,,,,,27.84,,,69.11,59.54,26.12,,10.11,,45.29,9.21,,42.69,,,36.02,,32.38,26.80,,,,,,,,,35.02,,,31.72,14.84,29.58,,0.00,27.34,58.60,0.00,44.74,,,,,19.42,19.88,,,,,,,,,,,,,,13.46,22.05,15.79,,,2.20,,,,,,13.60,
06-12-17,,,,,,,,,,,27.83,,,68.03,60.08,26.29,,9.99,,44.21,8.58,,41.85,,,35.46,,30.67,26.64,,,,,,,,,33.73,,,27.35,13.09,36.45,,0.00,24.62,59.08,0.00,43.17,,,,,20.50,19.42,,,,,,,,,,,,,,11.90,34.95,15.79,,,5.50,,,,,,11.20,
06-13-17,,,,,,,,,,,27.64,,,66.48,59.67,26.11,,9.51,,43.83,18.36,,41.42,,,34.65,,27.62,25.75,,,,,,,,,32.15,,,14.05,10.05,89.33,,0.00,26.23,61.91,0.00,41.50,,,,,20.27,17.42,,,,,,,,,,,,,,9.27,14.15,15.53,,,0.00,,,,,,9.70,
06-14-17,,,,,,,,,,,27.46,,,65.95,58.88,26.04,,9.37,,42.62,49.27,,38.02,,,33.19,,27.58,24.68,,,,,,,,,30.65,,,0.00,7.00,83.74,,0.00,24.47,59.77,0.00,40.98,,,,,18.58,12.96,,,,,,,,,,,,,,7.97,30.05,13.96,,,12.30,,,,,,6.20,
06-15-17,,,,,,,,,,,27.06,,,59.93,58.12,25.75,,13.05,,42.25,50.21,,35.92,,,32.17,,26.83,23.38,,,,,,,,,28.98,,,0.00,3.21,77.66,,0.00,25.80,57.17,0.00,41.53,,,,,17.26,10.26,,,,,,,,,,,,,,7.47,28.65,11.79,,,12.30,,,,,,4.60,
06-16-17,,,,,,,,,,,29.87,,,45.98,58.38,24.36,,14.05,,41.88,38.29,,42.43,,,40.96,,28.79,31.47,,,,,,,,,49.42,,,11.01,27.66,77.07,,0.00,22.90,54.50,0.00,39.06,,,,,24.05,13.70,,,,,,,,,,,,,,12.02,27.05,0.00,,,10.60,,,,,,33.50,
06-17-17,,,,,,,,,,,37.01,,,82.70,72.89,47.45,,15.09,,68.70,37.55,,81.26,,,77.50,,51.92,46.91,,,,,,,,,73.45,,,18.41,40.50,86.70,,,26.25,69.17,0.00,43.15,,,,,69.44,17.00,,,,,,,,,,,,,,41.22,27.35,0.00,,,10.60,,,,,,36.40,
06-18-17,,,,,,,,,,,35.49,,,79.58,73.75,45.25,,18.68,,67.54,53.74,,74.40,,,68.56,,52.75,38.36,,,,,,,,,69.77,,,26.26,38.71,88.19,,0.00,45.82,87.40,0.00,57.63,,,,,63.56,18.44,,,,,,,,,,,,,,40.55,30.25,0.00,,,11.00,,,,,,34.50,
06-19-17,,,,,,,,,,,35.28,,,78.43,71.73,40.50,,17.65,,65.68,48.96,,74.03,,,66.19,,50.04,35.51,,,,,,,,,66.19,,,20.30,34.46,124.06,,0.00,44.66,84.08,0.00,56.50,,,,,62.25,16.69,,,,,,,,,,,,,,36.41,29.15,0.00,,,11.50,,,,,,33.70,
06-20-17,,,,,,,,,,,35.25,,,77.92,70.42,38.37,,16.98,,62.96,46.81,,77.29,,,64.15,,43.38,32.67,,,,,,,,,63.86,,,0.00,30.91,174.59,,0.00,40.07,65.02,0.00,48.98,,,,,57.68,15.56,,,,,,,,,,,,,,31.86,28.55,0.00,,,11.60,,,,,,29.90,
06-21-17,,,,,,,,,,,34.66,,,76.05,70.04,36.62,,16.17,,59.58,45.25,,75.77,,,,,38.04,31.84,,,,,,,,,62.61,,,0.00,28.30,181.54,,33.26,36.27,58.41,0.00,48.22,,,,,52.68,17.14,,,,,,,,,,,,,,29.10,28.85,0.00,,,11.70,,,,,,26.10,
06-22-17,,,,,,,,,,,34.48,,,70.80,69.88,35.79,,15.65,,61.07,39.42,,75.48,,,26.90,,27.54,31.89,,,,,,,,,76.65,,,16.68,79.93,194.58,,0.00,31.79,80.45,0.00,51.96,,,,,83.70,21.00,,,,,,,,,,,,,,28.36,29.85,0.00,,,14.90,,,,,,38.00,
06-23-17,,,,,,,,,,,36.20,,,71.35,71.08,36.33,,14.79,,73.67,33.04,,86.94,,,69.55,,34.17,34.41,,,,,,,,,85.69,,,38.80,122.85,217.18,,2.67,44.15,96.67,0.00,57.32,,,,,95.44,28.27,,,,,,,,,,,,,,28.37,31.35,6.52,,,13.60,,,,,,74.90,
06-24-17,,,,,,,,,,,36.21,,,71.03,69.04,30.75,,19.52,,71.50,21.60,,86.00,,,80.45,,37.88,31.79,,,,,,,,,81.94,,,13.70,111.09,264.46,,0.00,24.29,93.99,0.00,58.31,,,,,89.83,23.92,,,,,,,,,,,,,,25.52,32.95,2.50,,,12.70,,,,,,67.50,
06-25-17,,,,,,,,,,,33.90,,,69.60,68.12,21.37,,28.35,,69.88,22.83,,81.98,,,74.77,,25.62,30.22,,,,,,,,,77.27,,,2.80,109.02,284.52,,,74.21,114.36,0.00,69.58,,,,,138.08,54.91,,,,,,,,,,,,,,24.05,32.65,0.00,,,12.90,,,,,,51.60,
06-26-17,,,,,,,,,,,34.85,,,74.92,70.07,19.82,,25.88,,69.02,30.27,,79.03,,,70.90,,25.12,29.83,,,,,,,,,74.86,,,3.50,105.21,281.35,,71.59,63.41,112.42,0.00,65.88,,,,,114.08,53.77,,,,,,,,,,,,,,22.85,32.35,0.00,,,12.00,,,,,,47.60,
06-27-17,,,,,,,,,,,47.30,,,109.00,100.28,24.06,,22.88,,70.13,16.73,,78.77,,,71.86,,26.25,31.68,,,,,,,,,77.69,,,3.36,97.66,267.94,,53.39,56.47,106.05,0.00,63.37,,,,,103.46,49.61,,,,,,,,,,,,,,28.42,32.15,10.07,,,12.60,,,,,,49.60,
06-28-17,,,,,,,,,,,40.93,,,104.74,96.47,19.54,,20.99,,67.06,12.71,,77.90,,,68.24,,25.42,30.86,,,,,,,,,78.02,,,7.66,94.09,268.17,,48.54,49.53,104.67,0.00,70.31,,,,,98.25,47.71,,,,,,,,,,,,,,25.93,45.25,4.52,,,16.40,,,,,,48.70,
06-29-17,,,,,,,,,,,38.23,,,101.11,92.52,19.33,,27.48,,66.03,30.75,,77.02,,,64.06,,25.38,29.92,,,,,,,,,76.23,,,7.24,91.49,280.23,,43.00,43.96,102.39,0.00,64.19,,,,,97.00,46.73,,,,,,,,,,,,,,24.65,61.75,4.01,,,19.50,,,,,,47.90,
06-30-17,,,,,,,,,,,35.24,,,98.20,89.08,19.33,,27.85,,63.59,41.17,,75.02,,,61.54,,26.04,29.05,,,,,,,,,73.36,,,4.47,88.84,341.74,,38.18,42.02,100.58,0.00,60.48,,,,,90.88,43.50,,,,,,,,,,,,,,23.02,57.15,3.53,,,20.00,,,,,,45.70,
07-01-17,,,,,,,,,,,34.27,,,95.08,86.58,19.50,,27.31,,62.04,42.46,,71.83,,,59.41,,24.92,28.00,,,,,,,,,71.23,,,2.59,83.75,353.14,,34.54,49.81,101.87,0.00,63.12,,,,,89.33,40.35,,,,,,,,,,,,,,21.17,34.25,4.44,,,9.50,,,,,,44.20,
07-02-17,,,,,,,,,,,34.15,,,94.11,84.83,19.25,,26.69,,60.37,42.08,,69.83,,,57.61,,22.79,27.10,,,,,,,,,69.91,,,0.00,79.75,347.22,,31.38,47.33,100.46,0.00,59.82,,,,,85.95,35.54,,,,,,,,,,,,,,20.08,13.85,4.69,,,0.00,,,,,,42.10,
07-03-17,,,,,,,,,,,33.42,,,93.14,83.71,18.91,,26.49,,59.33,38.54,,68.46,,,56.70,,23.00,26.84,,,,,,,,,67.94,,,0.00,77.17,334.99,,26.88,47.62,99.29,0.00,54.42,,,,,84.96,28.89,,,,,,,,,,,,,,19.25,11.35,5.35,,,0.00,,,,,,37.30,
07-04-17,,,,,,,,,,,33.25,,,96.09,84.04,19.26,,25.30,,63.33,37.50,,69.44,,,56.03,,23.17,27.88,,,,,,,,,67.63,,,3.30,73.86,337.59,,24.62,49.45,98.32,0.00,48.41,,,,,83.00,30.67,,,,,,,,,,,,,,22.54,11.15,5.17,,,7.40,,,,,,34.40,
07-05-17,,,,,,,,,,,34.06,,,101.16,82.33,21.00,,24.39,,66.67,35.50,,70.55,,,,,23.12,27.77,,,,,,,,,72.44,,,7.02,76.91,337.69,,26.70,48.85,102.17,0.00,57.24,,,,,83.75,29.75,,,,,,,,,,,,,,27.48,16.15,4.63,,,6.00,,,,,,33.80,
07-06-17,,,,,,,,,,,33.84,,,97.93,80.62,18.98,,24.93,,64.65,35.33,,69.19,,,,,24.03,27.39,,,,,,,,,69.47,,,2.71,78.81,362.47,,27.57,49.99,102.66,0.00,61.71,,,,,82.89,35.46,,,,,,,,,,,,,,25.78,19.05,0.00,,,7.20,,,,,,33.20,
07-07-17,,,,,,,,,,,33.76,,,95.16,78.04,18.98,,24.67,,68.52,33.25,,71.14,,,,,23.83,26.83,,,,,,,,,79.90,,,9.19,78.53,354.01,,29.48,57.90,104.77,0.00,61.96,,,,,82.22,30.25,,,,,,,,,,,,,,23.97,27.55,0.00,,,,,,,,,43.90,
07-08-17,,,,,,,,,,,33.51,,,93.26,76.46,19.00,,24.40,,66.54,30.00,,69.73,,,66.55,,24.42,26.35,,,,,,,,,77.36,,,5.80,78.32,347.75,,30.25,47.69,105.96,0.00,59.13,,,,,83.50,27.60,,,,,,,,,,,,,,21.33,25.75,0.00,,,7.70,,,,,,39.90,
07-09-17,,,,,,,,,,,33.27,,,91.91,76.25,18.37,,23.81,,65.72,28.62,,68.83,,,63.63,,21.92,26.00,,,,,,,,,75.61,,,2.15,75.75,364.85,,29.00,45.75,103.67,0.00,53.25,,,,,83.42,28.69,,,,,,,,,,,,,,21.83,24.85,0.00,,,8.00,,,,,,36.70,
07-10-17,,,,,,,,,,,33.07,,,91.04,75.42,17.79,,23.51,,63.99,26.58,,66.65,,,59.60,,22.21,25.15,,,,,,,,,75.21,,,3.09,73.63,357.32,,28.05,39.41,103.92,0.00,57.78,,,,,81.92,27.50,,,,,,,,,,,,,,21.10,31.85,0.00,,,15.50,,,,,,34.40,
07-11-17,,,,,,,,,,,32.93,,,90.02,74.33,17.87,,22.63,,63.38,25.46,,66.05,,,57.07,,21.79,24.59,,,,,,,,,73.11,,,0.00,72.92,365.49,,26.75,111.81,103.50,0.00,55.74,,,,,81.79,27.69,,,,,,,,,,,,,,20.12,58.25,0.00,,,33.00,,,,,,32.50,
07-12-17,,,,,,,,,,,32.92,,,87.23,74.79,17.95,,22.14,,62.33,25.17,,65.65,,,55.60,,20.43,23.21,,,,,,,,,70.94,,,2.76,71.30,360.60,,24.71,50.75,103.60,0.00,54.90,,,,,81.30,26.50,,,,,,,,,,,,,,19.35,56.75,0.00,,,30.60,,,,,,31.50,
07-13-17,,,,,,,,,,,32.49,,,84.23,73.54,17.12,,21.98,,58.54,24.04,,65.64,,,54.14,,19.78,21.34,,,,,,,,,79.99,,,15.97,105.99,353.61,,40.04,63.01,129.09,0.00,71.19,,,,,113.64,18.29,,,,,,,,,,,,,,19.92,61.95,0.00,,,30.30,,,,,,54.20,
07-14-17,,,,,,,,,,,32.27,,,83.74,73.46,17.24,,20.99,,57.79,23.17,,64.02,,,52.64,,18.55,20.77,,,,,,,,,83.94,,,22.23,108.55,347.58,,44.95,67.22,149.12,0.00,92.65,,,,,126.47,16.08,,,,,,,,,,,,,,19.25,62.75,0.00,,,,,,,,,59.70,
07-15-17,,,,,,,,,,,31.84,,,85.72,72.69,22.98,,20.33,,65.14,23.67,,85.42,,,56.71,,17.36,26.55,,,,,,,,,100.24,,,34.88,135.26,342.30,,104.13,68.24,209.00,0.00,130.32,,,,,159.08,56.85,,,,,,,,,,,,,,39.34,59.15,0.00,,,30.20,,,,,,41.30,
07-16-17,,,,,,,,,,,31.73,,,96.15,71.52,25.32,,19.43,,66.62,24.75,,81.23,,,58.10,,16.12,28.21,,,,,,,,,103.40,,,35.57,142.67,337.98,,106.08,114.25,210.82,0.00,137.33,,,,,152.00,16.00,,,,,,,,,,,,,,47.40,56.55,0.00,,,20.30,,,,,,46.80,
07-17-17,,,,,,,,,,,31.50,,,90.54,71.00,16.45,,19.97,,57.55,23.25,,87.40,,,49.64,,16.33,27.04,,,,,,,,,103.44,,,29.05,132.46,334.27,,83.17,123.55,201.22,0.00,128.55,,,,,151.58,51.91,,,,,,,,,,,,,,42.23,54.15,0.00,,,13.70,,,,,,45.60,
07-18-17,,,,,,,,,,,31.28,,,89.28,70.21,16.08,,19.68,,56.10,23.71,,85.49,,,49.26,,16.42,25.62,,,,,,,,,99.90,,,23.97,125.55,336.33,,80.12,119.49,194.76,0.00,117.73,,,,,148.78,51.00,,,,,,,,,,,,,,37.11,51.95,0.00,,,8.20,,,,,,45.40,
07-19-17,,,,,,,,,,,30.86,,,88.15,70.12,16.04,,18.47,,54.20,24.12,,80.04,,,48.15,,20.50,23.52,,,,,,,,,97.15,,,22.99,119.67,366.02,,78.52,113.94,189.69,0.00,109.91,,,,,144.96,50.10,,,,,,,,,,,,,,32.88,48.25,0.00,,,6.00,,,,,,44.50,
07-20-17,,,,,,,,,,,29.50,,,87.35,70.38,16.12,,18.72,,52.98,23.37,,75.36,,,46.93,,14.33,22.12,,,,,,,,,95.56,,,20.26,115.13,354.20,,76.46,104.06,185.51,0.00,102.68,,,,,140.62,49.50,,,,,,,,,,,,,,29.20,47.85,0.00,,,5.60,,,,,,42.00,
07-21-17,,,,,,,,,,,27.91,,,86.86,69.38,16.66,,18.96,,50.70,25.06,,76.42,,,44.60,,12.83,20.93,,,,,,,,,93.58,,,19.97,110.50,354.63,,74.17,93.59,181.59,0.00,93.44,,,,,135.42,44.60,,,,,,,,,,,,,,26.59,59.25,0.00,,,11.90,,,,,,39.90,
07-22-17,,,,,,,,,,,26.84,,,86.96,69.12,17.30,,19.42,,48.37,25.21,,75.33,,,41.74,,8.50,19.86,,,,,,,,,91.73,,,19.50,105.67,368.60,,72.33,93.66,178.25,0.00,84.14,,,,,135.62,20.92,,,,,,,,,,,,,,25.07,63.05,0.00,,,11.60,,,,,,38.30,
07-23-17,,,,,,,,,,,25.75,,,86.59,67.25,17.27,,18.82,,52.67,25.17,,74.51,,,39.81,,9.01,21.58,,,,,,,,,91.05,,,19.90,105.66,353.06,,95.38,97.13,192.51,0.00,93.75,,,,,150.94,63.00,,,,,,,,,,,,,,24.45,62.75,0.00,,,11.50,,,,,,37.10,
07-24-17,,,,,,,,,,,24.68,,,83.60,66.88,16.33,,18.81,,60.17,21.96,,73.20,,,50.92,,8.71,26.38,,,,,,,,,89.44,,,18.89,108.00,354.28,,105.92,91.74,192.95,0.00,101.56,,,,,152.29,16.54,,,,,,,,,,,,,,26.60,59.85,0.00,,,19.60,,,,,,39.00,
07-25-17,,,,,,,,,,,23.58,,,83.35,66.21,15.58,,17.43,,58.04,21.33,,71.75,,,47.76,,8.17,24.33,,,,,,,,,88.44,,,18.41,105.46,348.13,,101.50,97.84,189.67,0.00,97.21,,,,,150.17,16.88,,,,,,,,,,,,,,25.60,55.75,0.00,,,21.40,,,,,,38.50,
07-26-17,,,,,,,,,,,19.75,,,82.68,65.50,15.58,,19.04,,55.58,20.46,,71.67,,,44.32,,6.92,22.91,,,,,,,,,87.19,,,14.72,102.17,356.23,,97.29,93.71,187.76,0.00,91.33,,,,,148.92,40.50,,,,,,,,,,,,,,24.03,54.85,0.00,,,13.60,,,,,,35.80,
07-27-17,,,,,,,,,,,15.98,,,82.63,65.58,15.41,,18.64,,53.46,20.17,,68.83,,,42.85,,4.88,21.20,,,,,,,,,86.02,,,8.63,99.42,366.94,,94.17,92.08,186.02,0.00,90.95,,,,,146.62,15.12,,,,,,,,,,,,,,22.54,62.35,0.00,,,19.10,,,,,,33.80,
07-28-17,,,,,,,,,,,12.58,,,82.48,66.08,15.00,,18.81,,52.38,20.22,,67.44,,,41.98,,3.04,20.20,,,,,,,,,84.69,,,2.76,97.92,368.59,,92.33,82.13,183.72,0.00,84.06,,,,,146.71,15.17,,,,,,,,,,,,,,21.02,63.35,0.00,,,26.20,,,,,,32.20,
07-29-17,,,,,,,,,,,9.89,,,81.90,64.38,14.29,,18.88,,52.00,38.38,,66.92,,,41.69,,2.58,20.22,,,,,,,,,83.86,,,4.38,97.53,368.70,,91.08,88.42,184.50,0.00,92.53,,,,,145.17,14.33,,,,,,,,,,,,,,20.26,61.25,0.00,,,24.90,,,,,,30.90,
07-30-17,,,,,,,,,,,9.19,,,81.24,62.96,14.33,,17.20,,52.17,33.21,,65.36,,,41.32,,1.75,19.17,,,,,,,,,83.25,,,3.39,96.63,365.88,,88.88,92.58,183.89,0.00,93.01,,,,,144.21,14.22,,,,,,,,,,,,,,19.75,60.65,0.00,,,24.50,,,,,,30.50,
07-31-17,,,,,,,,,,,6.78,,,80.73,61.88,14.37,,18.14,,51.75,33.62,,65.69,,,40.83,,0.00,18.94,,,,,,,,,82.27,,,0.00,94.67,362.77,,86.79,84.85,182.86,0.00,89.87,,,,,142.29,13.65,,,,,,,,,,,,,,19.40,64.55,0.00,,,35.10,,,,,,30.90,
08-01-17,,,,,,,,,,,5.68,,,80.86,61.30,14.20,,16.88,,51.87,34.21,,65.57,,,40.70,,0.00,19.30,,,,,,,,,80.98,,,0.00,91.69,359.58,,84.83,86.69,181.60,0.00,86.87,,,,,142.00,12.96,,,,,,,,,,,,,,18.74,63.45,0.00,,,43.20,,,,,,31.00,
08-02-17,,,,,,,,,,,4.51,,,79.90,59.62,13.66,,17.32,,50.87,34.25,,63.97,,,40.34,,0.00,19.77,,,,,,,,,79.98,,,0.00,89.38,359.88,,82.91,90.46,180.93,0.00,85.78,,,,,141.04,12.75,,,,,,,,,,,,,,18.07,70.15,0.00,,,40.90,,,,,,30.80,
08-03-17,,,,,,,,,,,2.14,,,79.55,59.69,12.33,,16.82,,49.29,33.38,,61.95,,,39.73,,0.00,18.41,,,,,,,,,79.43,,,0.00,86.88,366.09,,80.00,88.74,179.66,0.00,85.30,,,,,140.38,19.33,,,,,,,,,,,,,,16.43,85.45,0.00,,,39.00,,,,,,28.20,
08-04-17,,,,,,,,,,,0.49,,,79.87,59.79,12.58,,15.53,,46.42,32.92,,58.50,,,38.63,,0.00,16.70,,,,,,,,,77.98,,,0.00,83.92,361.77,,76.42,83.58,178.23,0.00,82.72,,,,,139.50,12.96,,,,,,,,,,,,,,14.31,83.95,0.00,,,38.90,,,,,,22.90,
08-05-17,,,,,,,,,,,0.14,,,80.17,60.50,12.66,,15.67,,45.97,32.75,,57.27,,,36.64,,0.00,14.44,,,,,,,,,77.28,,,0.00,86.49,358.75,,74.75,84.62,177.48,0.00,76.93,,,,,142.17,15.96,,,,,,,,,,,,,,13.17,85.35,0.00,,,38.50,,,,,,15.80,
08-06-17,,,,,,,,,,,0.38,,,80.45,59.96,11.91,,16.74,,45.62,29.54,,57.55,,,35.14,,0.00,12.31,,,,,,,,,78.52,,,0.00,94.34,367.05,,84.79,83.12,183.02,0.00,78.97,,,,,149.00,18.21,,,,,,,,,,,,,,12.65,97.05,0.00,,,43.10,,,,,,17.50,
08-07-17,,,,,,,,,,,0.53,,,80.52,60.38,11.87,,16.06,,45.54,19.54,,57.03,,,34.84,,0.00,11.70,,,,,,,,,77.69,,,0.00,93.32,365.52,,86.00,88.65,182.95,0.00,80.57,,,,,154.43,39.93,,,,,,,,,,,,,,13.54,101.95,0.00,,,50.80,,,,,,15.50,
08-08-17,,,,,,,,,,,0.33,,,79.95,59.50,10.75,,15.45,,44.25,19.58,,54.33,,,35.44,,0.00,10.04,,,,,,,,,75.52,,,0.00,96.13,362.50,,92.50,100.69,190.39,0.00,,,,,,161.17,33.11,,,,,,,,,,,,,,11.90,103.25,0.00,,,51.40,,,,,,13.70,
08-09-17,,,,,,,,,,,0.47,,,80.16,59.46,9.62,,14.69,,43.47,19.08,,53.90,,,18.60,,0.00,10.30,,,,,,,,,79.04,,,0.00,105.46,360.16,,104.04,103.52,187.49,0.00,,,,,,167.86,32.00,,,,,,,,,,,,,,11.15,103.55,0.00,,,50.10,,,,,,13.50,
08-10-17,,,,,,,,,,,0.72,,,80.12,59.89,10.31,,15.60,,47.16,18.71,,63.77,,,28.75,,0.00,14.98,,,,,,,,,115.31,,,19.65,137.84,357.92,,125.80,108.79,193.27,0.00,,,,,,174.71,29.29,,,,,,,,,,,,,,15.52,95.55,0.00,,,49.10,,,,,,62.00,
08-11-17,,,,,,,,,,,2.28,,,89.30,64.58,10.85,,16.17,,50.42,18.58,,76.08,,,50.51,,0.00,15.36,,,,,,,,,133.37,,,44.05,136.82,355.72,,134.95,120.34,201.75,0.00,,,,,,174.33,28.04,,,,,,,,,,,,,,32.72,92.65,3.76,,,48.30,,,,,,52.50,
08-12-17,,,,,,,,,,,9.27,,,119.84,77.69,11.28,,15.28,,51.27,18.08,,70.45,,,48.59,,0.00,15.54,,,,,,,,,129.74,,,43.61,139.86,353.63,,134.44,123.28,203.35,0.00,,,,,,170.50,40.43,,,,,,,,,,,,,,37.60,92.35,6.42,,,47.80,,,,,,43.00,
08-13-17,,,,,,,,,,,7.62,,,113.03,75.39,11.63,,13.91,,53.42,17.08,,71.50,,,38.91,,7.87,14.43,,,,,,,,,126.74,,,22.81,147.04,352.40,,146.33,128.51,206.78,0.00,,,,,,169.24,35.62,,,,,,,,,,,,,,31.54,96.05,7.10,,,48.20,,,,,,36.50,
08-14-17,,,,,,,,,,,6.00,,,107.83,73.50,11.00,,14.03,,51.58,16.38,,76.50,,,50.41,,8.21,14.25,,,,,,,,,130.61,,,25.04,157.46,350.95,,,143.51,222.39,0.00,,,,,,166.58,39.92,,,,,,,,,,,,,,30.27,104.15,6.43,,,45.90,,,,,,42.30,
08-15-17,,,,,,,,,,,4.82,,,104.02,71.96,11.45,,13.22,,51.15,14.96,,75.83,,,51.56,,6.38,12.96,,,,,,,,,123.19,,,22.38,148.38,354.63,,146.96,135.28,221.70,0.00,,,,,,162.54,35.54,,,,,,,,,,,,,,26.55,93.35,6.14,,,44.80,,,,,,37.60,
08-16-17,,,,,,,,,,,3.63,,,100.28,70.17,10.08,,11.94,,50.07,14.00,,73.81,,,49.86,,7.17,11.90,,,,,,,,,118.36,,,22.42,143.00,353.68,,143.96,111.59,218.21,0.00,,,,,,159.58,32.05,,,,,,,,,,,,,,23.73,76.55,5.96,,,44.60,,,,,,36.40,
08-17-17,,,,,,,,,,,1.67,,,99.00,69.43,9.50,,10.74,,47.97,13.58,,70.79,,,48.37,,5.71,10.48,,,,,,,,,116.48,,,21.25,138.21,351.82,,140.00,122.30,214.40,0.00,,,,,,157.33,31.09,,,,,,,,,,,,,,20.07,82.95,5.60,,,45.10,,,,,,33.40,
08-18-17,,,,,,,,,,,0.60,,,97.47,69.04,9.16,,10.90,,46.62,14.21,,69.97,,,47.42,,4.96,8.31,,,,,,,,,115.06,,,20.94,142.00,350.11,,144.62,127.64,216.77,0.00,,,,,,164.04,33.86,,,,,,,,,,,,,,17.92,98.65,4.14,,,45.70,,,,,,27.90,
08-19-17,,,,,,,,,,,0.63,,,96.77,69.35,9.12,,10.70,,61.95,13.94,,89.31,,,55.91,,51.33,17.10,,,,,,,,,132.69,,,34.17,151.63,348.76,,151.11,135.41,232.71,0.00,,,,,,167.92,31.46,,,,,,,,,,,,,,25.65,98.45,0.00,,,45.20,,,,,,28.30,
08-20-17,,,,,,,,,,,0.38,,,95.57,69.78,10.54,,9.10,,56.71,19.17,,84.16,,,65.76,,24.79,15.04,,,,,,,,,127.69,,,32.58,144.55,347.00,,147.58,138.60,233.31,0.00,,,,,,166.21,29.54,,,,,,,,,,,,,,23.79,99.05,0.00,,,45.20,,,,,,28.90,
08-21-17,,,,,,,,,,,0.29,,,95.24,69.92,10.08,,7.18,,51.33,18.22,,76.20,,,60.70,,2.75,11.51,,,,,,,,,123.98,,,30.42,138.80,345.19,,143.50,133.39,228.79,0.00,,,,,,163.71,28.21,,,,,,,,,,,,,,21.18,102.05,0.00,,,45.00,,,,,,25.30,
08-22-17,,,,,,,,,,,0.42,,,94.19,70.12,9.75,,5.45,,49.59,13.86,,71.38,,,56.53,,0.00,9.36,,,,,,,,,119.48,,,25.86,137.38,343.73,,142.52,135.29,230.14,0.00,,,,,,161.20,29.21,,,,,,,,,,,,,,19.67,109.65,0.00,,,45.20,,,,,,21.30,
08-23-17,,,,,,,,,,,0.05,,,93.70,70.08,9.50,,2.61,,49.81,15.12,,70.83,,,54.56,,0.00,8.85,,,,,,,,,124.82,,,,167.87,341.92,,171.17,165.46,264.60,0.00,,,,,,181.96,50.50,,,,,,,,,,,,,,19.34,114.05,0.00,,,47.60,,,,,,40.70,
08-24-17,,,,,,,,,,,0.00,,,93.14,69.71,9.32,,1.64,,49.33,14.17,,68.68,,,52.04,,0.00,8.12,,,,,,,,,121.48,,,24.38,162.05,340.55,,165.70,176.41,278.83,0.00,,,,,,192.35,62.54,,,,,,,,,,,,,,19.13,110.05,0.00,,,55.40,,,,,,33.00,
08-25-17,,,,,,,,,,,0.00,,,92.96,69.52,9.25,,1.99,,48.96,13.96,,69.25,,,51.75,,0.00,7.97,,,,,,,,,117.96,,,21.67,158.43,339.34,,188.75,216.53,318.07,0.00,,,,,,233.21,55.79,,,,,,,,,,,,,,18.27,107.45,0.00,,,52.50,,,,,,31.30,
08-26-17,,,,,,,,,,,0.00,,,92.88,69.50,8.95,,0.00,,48.92,15.04,,69.56,,,50.96,,0.00,5.07,,,,,,,,,116.40,,,19.75,158.80,338.69,,187.42,215.07,311.31,0.00,,,,,,225.46,47.38,,,,,,,,,,,,,,17.45,105.15,0.00,,,63.10,,,,,,33.90,
08-27-17,,,,,,,,,,,0.00,,,92.25,68.75,9.12,,0.00,,48.21,14.37,,67.06,,,50.36,,0.00,2.73,,,,,,,,,114.48,,,18.29,153.67,354.28,,173.91,209.53,307.86,0.00,,,,,,218.78,42.96,,,,,,,,,,,,,,16.87,103.95,0.00,,,64.20,,,,,,32.70,
08-28-17,,,,,,,,,,,0.00,,,92.43,69.04,8.70,,0.00,,47.92,12.25,,66.58,,,49.26,,0.00,1.83,,,,,,,,,111.94,,,16.75,154.07,354.19,,213.71,247.86,357.82,0.00,,,,,,256.10,40.22,,,,,,,,,,,,,,16.09,103.35,0.00,,,64.90,,,,,,31.90,
08-29-17,,,,,,,,,,,0.00,,,92.32,68.17,8.02,,0.00,,46.79,10.75,,66.56,,,49.00,,0.00,2.16,,,,,,,,,129.52,,,35.86,166.04,355.19,,218.21,243.02,347.83,0.00,,,,,,243.95,47.58,,,,,,,,,,,,,,19.93,102.75,0.00,,,70.30,,,,,,32.30,
08-30-17,,,,,,,,,,,0.00,,,91.03,65.62,7.66,,0.00,,44.21,12.83,,69.12,,,48.04,,0.00,1.21,,,,,,,,,125.65,,,30.00,156.67,,,208.88,232.97,331.91,0.00,,,,,,234.58,63.42,,,,,,,,,,,,,,18.09,102.15,0.00,,,75.20,,,,,,31.00,
08-31-17,,,,,,,,,,,0.00,,,91.28,65.58,5.29,,0.00,,38.42,11.96,,64.29,,,45.71,,0.00,0.00,,,,,,,,,118.94,,,23.17,150.38,355.53,,199.25,223.37,317.20,0.00,,,,,,222.62,66.96,,,,,,,,,,,,,,16.13,101.75,0.00,,,84.80,,,,,,27.90,
09-01-17,,,,,,,,,,,0.00,,,90.91,63.83,0.16,,0.00,,33.79,10.92,,61.75,,,42.63,,0.00,0.00,,,,,,,,,114.69,,,19.50,151.21,368.04,,194.73,211.34,311.70,0.00,,,,,,222.00,65.08,,,,,,,,,,,,,,14.18,102.05,0.00,,,87.10,,,,,,24.40,
09-02-17,,,,,,,,,,,0.00,,,90.55,61.67,0.00,,0.00,,28.79,7.50,,59.40,,,40.46,,0.00,1.09,,,,,,,,,113.44,,,16.55,160.87,365.60,,203.50,213.15,317.06,0.00,,,,,,229.75,58.79,,,,,,,,,,,,,,11.60,109.35,0.00,,,83.10,,,,,,23.60,
09-03-17,,,,,,,,,,,0.00,,,89.50,61.25,0.00,,0.00,,25.71,5.79,,57.96,,,34.94,,0.00,2.68,,,,,,,,,112.28,,,15.87,156.96,361.65,,198.08,206.07,308.36,0.00,,,,,,225.12,55.00,,,,,,,,,,,,,,9.79,109.35,0.00,,,82.00,,,,,,22.50,
09-04-17,,,,,,,,,,,0.00,,,88.90,59.25,0.00,,0.00,,23.33,4.71,,58.31,,,37.87,,0.00,1.77,,,,,,,,,110.98,,,14.87,153.00,358.92,,194.54,205.32,304.03,0.00,,,,,,222.00,50.83,,,,,,,,,,,,,,10.06,107.25,0.00,,,82.70,,,,,,24.20,
09-05-17,,,,,,,,,,,0.00,,,88.66,59.62,0.00,,0.00,,20.33,2.75,,57.54,,,36.24,,0.00,0.00,,,,,,,,,110.69,,,14.37,151.17,355.25,,192.25,203.35,301.44,0.00,,,,,,220.29,48.17,,,,,,,,,,,,,,9.90,100.25,0.00,,,82.20,,,,,,23.80,
09-06-17,,,,,,,,,,,0.00,,,87.48,59.21,0.07,,0.00,,18.83,2.93,,56.07,,,34.87,,0.00,0.00,,,,,,,,,109.27,,,13.12,149.49,352.31,,189.38,196.20,,0.00,,,,,,216.52,50.42,,,,,,,,,,,,,,8.67,99.95,0.00,,,78.50,,,,,,22.60,
09-07-17,,,,,,,,,,,0.00,,,86.71,58.04,0.00,,0.00,,13.90,2.94,,56.15,,,33.14,,0.00,1.34,,,,,,,,,107.56,,,12.37,146.42,350.98,,187.48,192.58,,0.00,,,,,,213.42,48.04,,,,,,,,,,,,,,7.93,99.85,0.00,,,77.60,,,,,,21.20,
09-08-17,,,,,,,,,,,0.00,,,85.54,58.12,0.06,,0.00,,10.96,4.64,,54.85,,,29.17,,0.00,1.27,,,,,,,,,105.69,,,11.62,143.13,349.19,,185.00,185.39,,0.00,,,,,,212.29,46.54,,,,,,,,,,,,,,6.46,105.05,0.00,,,77.00,,,,,,20.80,
09-09-17,,,,,,,,,,,0.00,,,84.69,57.26,0.16,,0.00,,9.50,,,54.15,,,23.67,,0.00,1.74,,,,,,,,,103.91,,,11.62,140.00,351.06,,182.17,185.08,,0.00,,,,,,210.25,44.12,,,,,,,,,,,,,,2.59,104.25,0.00,,,76.80,,,,,,18.10,
09-10-17,,,,,,,,,,,0.00,,,103.91,65.30,1.77,,0.00,,18.24,,,60.96,,,32.42,,0.00,7.07,,,,,,,,,104.84,,,12.68,137.56,367.38,,181.14,182.75,,0.00,,,,,,207.35,40.79,,,,,,,,,,,,,,24.39,98.65,4.04,,,75.90,,,,,,18.40,
09-11-17,,,,,,,,,,,0.01,,,101.51,65.17,0.87,,0.00,,17.17,16.00,,63.13,,,33.89,,0.00,6.58,,,,,,,,,106.56,,,14.44,138.75,367.35,,180.21,179.11,,0.00,,,,,,205.33,38.83,,,,,,,,,,,,,,28.12,97.35,2.25,,,74.50,,,,,,20.30,
09-12-17,,,,,,,,,,,0.00,,,97.71,64.21,0.20,,0.00,,13.21,16.46,,58.54,,,31.51,,0.00,4.36,,,,,,,,,104.06,,,13.99,135.42,362.92,,176.67,179.54,,0.00,,,,,,202.67,37.58,,,,,,,,,,,,,,21.82,99.95,0.00,,,77.00,,,,,,22.60,
09-13-17,,,,,,,,,,,0.03,,,95.42,63.08,0.00,,0.00,,10.65,14.62,,54.79,,,26.86,,0.00,1.85,,,,,,,,,101.73,,,14.25,131.38,359.54,,173.83,173.95,,0.00,,,,,,200.96,36.00,,,,,,,,,,,,,,18.41,,0.00,,,77.70,,,,,,18.00,
09-14-17,,,,,,,,,,,0.07,,,94.35,62.50,0.25,,0.00,,11.04,15.25,,55.46,,,24.71,,0.00,1.57,,,,,,,,,101.08,,,14.33,132.38,357.29,,174.12,178.25,,0.00,,,,,,200.39,33.71,,,,,,,,,,,,,,15.69,103.15,0.00,,,76.80,,,,,,15.10,
09-15-17,,,,,,,,,,,0.02,,,94.37,60.21,0.00,,0.00,,6.71,14.00,,52.56,,,23.78,,0.00,1.21,,,,,,,,,99.90,,,13.58,130.92,355.06,,173.21,175.28,,0.00,,,,,,199.67,32.71,,,,,,,,,,,,,,12.05,104.15,0.00,,,90.90,,,,,,13.70,
09-16-17,,,,,,,,,,,0.00,,,90.82,58.91,0.00,,0.00,,0.00,13.71,,45.99,,,18.32,,0.00,0.00,,,,,,,,,97.61,,,11.46,125.30,351.45,,169.38,170.18,,0.00,,,,,,196.62,32.17,,,,,,,,,,,,,,9.84,124.25,0.00,,,99.40,,,,,,8.00,
09-17-17,,,,,,,,,,,0.05,,,87.10,56.21,0.00,,0.00,,0.00,12.29,,42.54,,,11.52,,0.00,0.00,,,,,,,,,93.73,,,8.21,117.46,351.10,,163.88,164.26,,0.00,,,,,,192.88,33.54,,,,,,,,,,,,,,5.63,118.75,0.00,,,90.20,,,,,,4.50,
09-18-17,,,,,,,,,,,0.10,,,83.77,54.42,0.00,,0.00,,0.00,9.38,,37.57,,,5.05,,0.00,0.00,,,,,,,,,89.44,,,0.00,109.67,344.89,,160.50,156.69,,0.00,,,,,,187.46,62.79,,,,,,,,,,,,,,2.10,116.85,0.00,,,84.90,,,,,,0.00,
09-19-17,,,,,,,,,,,0.12,,,80.69,49.42,0.24,,0.00,,0.00,4.52,,32.56,,,0.00,,0.00,0.00,,,,,,,,,85.27,,,0.00,102.46,339.73,,157.25,145.84,,0.00,,,,,,182.25,72.87,,,,,,,,,,,,,,0.00,115.75,0.00,,,82.30,,,,,,0.00,
09-20-17,,,,,,,,,,,0.08,,,78.42,44.46,0.54,,0.00,,0.00,5.29,,29.92,,,0.00,,0.00,1.41,,,,,,,,,82.65,,,0.00,95.46,336.38,,155.33,139.74,,0.00,,,,,,174.92,60.68,,,,,,,,,,,,,,0.00,114.65,0.00,,,80.50,,,,,,0.00,
09-21-17,,,,,,,,,,,0.10,,,76.07,42.17,0.00,,0.00,,0.00,4.79,,26.27,,,0.00,,0.00,0.00,,,,,,,,,78.65,,,0.00,89.38,334.69,,151.58,137.24,,0.00,,,,,,170.29,54.83,,,,,,,,,,,,,,0.00,113.85,0.00,,,76.90,,,,,,0.00,
09-22-17,,,,,,,,,,,0.08,,,74.74,39.83,0.00,,0.00,,0.00,3.67,,20.75,,,0.00,,0.00,0.00,,,,,,,,,75.11,,,0.00,81.55,332.72,,147.54,135.52,,0.00,,,,,,164.50,54.08,,,,,,,,,,,,,,0.00,111.75,0.00,,,74.00,,,,,,0.00,
09-23-17,,,,,,,,,,,0.09,,,72.21,36.29,0.22,,0.00,,0.00,0.00,,14.21,,,0.00,,0.00,0.00,,,,,,,,,71.48,,,0.00,74.09,330.19,,143.71,130.94,,0.00,,,,,,159.71,63.58,,,,,,,,,,,,,,0.00,107.95,0.00,,,68.70,,,,,,0.00,
09-24-17,,,,,,,,,,,0.13,,,67.97,33.96,0.06,,0.00,,0.00,0.00,,8.60,,,,,0.00,0.00,,,,,,,,,68.11,,,0.00,66.09,326.74,,140.08,125.46,,0.00,,,,,,154.75,62.08,,,,,,,,,,,,,,0.00,108.15,0.00,,,63.80,,,,,,0.00,
09-25-17,,,,,,,,,,,0.09,,,63.07,30.54,0.28,,0.00,,0.00,0.00,,4.96,,,0.00,,0.00,0.00,,,,,,,,,64.86,,,0.00,58.09,323.15,,138.04,125.27,,0.00,,,,,,149.88,58.62,,,,,,,,,,,,,,0.00,114.15,0.00,,,64.90,,,,,,0.00,
09-26-17,,,,,,,,,,,0.16,,,58.65,27.29,0.00,,0.00,,0.00,0.00,,0.00,,,0.00,,0.00,0.00,,,,,,,,,61.06,,,0.00,51.34,319.62,,135.12,118.50,,0.00,,,,,,145.17,54.21,,,,,,,,,,,,,,0.00,111.85,0.00,,,64.20,,,,,,0.00,
09-27-17,,,,,,,,,,,0.15,,,53.55,24.69,0.17,,0.00,,0.00,0.00,,0.00,,,0.00,,0.00,0.00,,,,,,,,,55.23,,,0.00,43.46,316.86,,130.46,115.51,,0.00,,,,,,140.92,51.60,,,,,,,,,,,,,,0.00,110.15,0.00,,,63.60,,,,,,0.00,
09-28-17,,,,,,,,,,,0.21,,,50.90,22.90,0.19,,0.00,,0.00,0.00,,0.00,,,0.00,,0.00,0.00,,,,,,,,,49.61,,,0.00,32.71,314.69,,127.29,106.37,,0.00,,,,,,136.67,62.50,,,,,,,,,,,,,,0.00,109.05,0.00,,,60.70,,,,,,0.00,
09-29-17,,,,,,,,,,,0.27,,,50.05,21.04,0.45,,0.00,,0.00,0.00,,0.00,,,0.00,,5.46,1.41,,,,,,,,,47.84,,,0.00,17.25,312.06,,125.00,94.26,,0.00,,,,,,133.47,71.50,,,,,,,,,,,,,,0.00,106.55,,,,54.60,,,,,,0.00,
09-30-17,,,,,,,,,,,,,,48.53,19.82,2.58,,0.00,,0.00,0.00,,9.39,,,7.80,,3.96,1.45,,,,,,,,,64.46,,,21.26,5.56,309.69,,157.42,102.26,,0.00,,,,,,147.22,80.38,,,,,,,,,,,,,,0.00,107.75,0.00,,,51.20,,,,,,26.00,
10-01-17,,,,,,,,,,,0.50,,,51.48,19.25,3.45,,0.00,,17.96,0.00,,23.19,,,21.71,,3.71,0.00,,,,,,,,,71.85,,,34.59,4.96,308.00,,180.12,123.25,,0.00,,,,,,148.38,81.25,,,,,,,,,,,,,,0.00,107.35,0.00,,,47.80,,,,,,40.50,
10-02-17,,,,,,,,,,,0.57,,,52.08,19.12,0.62,,0.00,,14.67,0.00,,19.54,,,19.42,,2.17,1.53,,,,,,,,,71.64,,,34.46,25.13,306.76,,180.78,117.54,,0.00,,,,,,145.38,78.62,,,,,,,,,,,,,,0.00,116.35,0.00,,,45.80,,,,,,32.60,
10-03-17,,,,,,,,,,,0.53,,,49.82,17.96,0.00,,0.00,,11.58,0.00,,17.12,,,15.73,,1.54,1.42,,,,,,,,,68.40,,,35.21,22.71,306.21,,175.67,118.85,,0.00,,,,,,147.46,74.81,,,,,,,,,,,,,,0.00,115.55,0.00,,,44.70,,,,,,25.40,
10-04-17,,,,,,,,,,,0.00,,,48.55,15.50,0.45,,0.00,,7.25,0.00,,13.45,,,12.16,,0.00,0.00,,,,,,,,,69.69,,,45.77,26.09,304.65,,178.17,119.77,,0.00,,,,,,149.92,69.65,,,,,,,,,,,,,,0.00,114.65,0.00,,,42.80,,,,,,22.30,
10-05-17,,,,,,,,,,,0.38,,,47.36,14.25,2.34,,0.00,,26.10,0.00,,42.90,,,29.11,,0.00,17.50,,,,,,,,,107.21,,,72.64,61.22,302.36,,232.14,132.78,,0.00,,,,,,162.89,66.95,,,,,,,,,,,,,,0.00,113.25,0.00,,,41.10,,,,,,31.90,
10-06-17,,,,,,,,,,,0.77,,,45.34,13.33,1.62,,0.00,,23.52,0.00,,29.38,,,26.31,,0.00,5.97,,,,,,,,,103.11,,,57.59,53.09,300.15,,233.71,141.13,,0.00,,,,,,176.96,64.17,,,,,,,,,,,,,,0.00,112.65,0.00,,,39.80,,,,,,20.90,
10-07-17,,,,,,,,,,,0.78,,,44.12,11.62,1.03,,0.00,,14.92,0.00,,18.92,,,15.89,,0.00,0.00,,,,,,,,,91.23,,,52.62,43.34,296.21,,222.54,131.87,,0.00,,,,,,168.58,61.00,,,,,,,,,,,,,,0.00,112.45,0.00,,,35.90,,,,,,15.90,
10-08-17,,,,,,,,,,,0.75,,,41.31,9.25,0.91,,0.00,,10.79,0.00,,13.08,,,10.91,,0.00,1.01,,,,,,,,,85.23,,,46.17,35.84,292.56,,211.08,124.93,,0.00,,,,,,161.88,63.82,,,,,,,,,,,,,,0.00,122.25,0.00,,,45.60,,,,,,10.50,
10-09-17,,,,,,,,,,,0.17,,,40.46,6.67,0.82,,0.00,,8.04,0.00,,8.64,,,7.70,,0.00,1.07,,,,,,,,,82.30,,,43.12,31.30,289.07,,205.12,121.97,,0.00,,,,,,158.33,68.42,,,,,,,,,,,,,,0.00,127.05,0.00,,,50.60,,,,,,6.60,
10-10-17,,,,,,,,,,,0.15,,,38.81,5.50,1.07,,0.00,,7.46,0.00,,6.14,,,6.09,,0.00,1.12,,,,,,,,,80.39,,,40.87,28.00,284.89,,202.33,169.67,,0.00,,,,,,156.55,65.12,,,,,,,,,,,54.22,,,0.00,123.45,0.00,,,45.90,,,,,,3.50,
10-11-17,,,,,,,,,,,0.05,,,37.48,4.17,1.15,,0.00,,8.04,0.00,,3.25,,,3.97,,0.00,2.08,,,,,,,,,79.36,,,38.17,25.21,280.71,,199.57,126.54,,0.00,,,,,,158.31,62.96,,,,,,,,,,,51.34,,,0.00,118.05,0.00,,,39.40,,,,,,2.40,
10-12-17,,,,,,,,,,,0.00,,,37.12,2.52,0.95,,0.00,,6.83,0.00,,2.24,,,0.00,,8.67,2.32,,,,,,,,,78.31,,,36.21,20.17,276.27,,197.54,147.72,,0.00,,,,,,155.08,60.79,,,,,,,,,,,50.67,,,0.00,114.15,0.00,,,29.80,,,,,,0.00,
10-13-17,,,,,,,,,,,0.17,,,36.08,2.26,0.58,,0.00,,3.62,0.00,,4.46,,,0.00,,0.00,1.53,,,,,,,,,77.65,,,33.21,16.30,270.88,,194.12,,,,,,,,,149.71,58.33,,,,,,,,,,,52.73,,,0.00,106.45,0.00,,,17.90,,,,,,0.00,
10-14-17,,,,,,,,,,,0.25,,,35.02,1.62,0.41,,0.00,,0.00,0.00,,2.47,,,0.00,,0.00,1.13,,,,,,,,,73.61,,,30.54,9.09,265.36,,189.33,,,,,,,,,146.17,55.46,,,,,,,,,,,52.85,,,0.00,102.15,0.00,,,12.50,,,,,,0.00,
10-15-17,,,,,,,,,,,0.17,,,61.19,1.38,0.20,,0.00,,0.00,0.00,,0.00,,,0.00,,0.00,0.00,,,,,,,,,69.48,,,27.33,0.00,259.92,,182.96,,,,,,,,,139.88,54.12,,,,,,,,,,,49.88,,,0.00,97.45,0.00,,,5.60,,,,,,0.00,
10-16-17,,,,,,,,,,,0.23,,,57.93,1.75,0.33,,0.00,,0.00,0.00,,0.00,,,1.67,,0.00,0.00,,,,,,,,,68.34,,,24.38,0.00,251.84,,177.83,,,,,,,,,133.67,53.38,,,,,,,,,,,46.51,,,0.00,93.65,0.00,,,0.00,,,,,,0.00,
10-17-17,,,,,,,,,,,0.31,,,56.22,1.83,0.45,,0.00,,0.00,0.00,,2.25,,,2.22,,0.00,0.00,,,,,,,,,66.90,,,21.38,0.00,244.37,,174.62,,,,,,,,,128.46,56.71,,,,,,,,,,,45.06,,,0.00,97.95,0.00,,,12.20,,,,,,0.00,
10-18-17,,,,,,,,,,,0.05,,,55.31,0.00,0.66,,0.00,,0.00,0.00,,0.00,,,2.31,,0.00,0.00,,,,,,,,,63.78,,,20.42,0.00,240.05,,172.54,,,,,,,,,125.00,72.08,,,,,,,,,,,40.96,,,0.00,99.15,0.00,,,15.40,,,,,,0.00,
10-19-17,,,,,,,,,,,0.00,,,53.94,0.00,0.45,,0.00,,0.00,0.00,,0.00,,,2.68,,0.00,0.00,,,,,,,,,59.73,,,16.71,0.00,233.22,,170.25,,,,,,,,,121.00,59.08,,,,,,,,,,,35.67,,,0.00,96.15,0.00,,,8.00,,,,,,0.00,
10-20-17,,,,,,,,,,,0.00,,,51.71,0.00,0.45,,0.00,,0.00,0.00,,0.00,,,,,0.00,0.00,,,,,,,,,58.32,,,15.90,0.00,228.08,,167.50,,,,,,,,,114.12,54.17,,,,,,,,,,,29.99,,,,94.35,0.00,,,0.00,,,,,,0.00,
10-21-17,,,,,,,,,,,0.07,,,48.00,0.00,0.08,,0.00,,0.00,0.00,,0.00,,,3.06,,0.00,0.00,,,,,,,,,56.36,,,12.54,0.00,221.30,,164.38,,,,,,,,,104.83,51.96,,,,,,,,,,,27.22,,,,92.25,0.00,,,0.00,,,,,,0.00,
10-22-17,,,,,,,,,,,0.10,,,46.81,0.00,0.33,,0.00,,0.00,0.00,,0.00,,,2.80,,0.00,0.00,,,,,,,,,50.69,,,6.58,0.00,216.97,,161.12,,,,,,,,,97.46,47.62,,,,,,,,,,,20.60,,,,88.45,0.00,,,0.00,,,,,,0.00,
10-23-17,,,,,,,,,,,,,,43.26,0.00,0.00,,0.00,,0.00,0.00,,0.00,,,3.17,,0.00,0.00,,,,,,,,,43.69,,,2.08,0.00,210.74,,157.92,,,,,,,,,89.50,44.29,,,,,,,,,,,12.70,,,,88.35,0.00,,,0.00,,,,,,0.00,
10-24-17,,,,,,,,,,,0.10,,,40.97,0.00,0.37,,0.00,,0.00,0.00,,0.00,,,3.59,,0.00,0.00,,,,,,,,,35.11,,,0.00,0.00,204.30,,153.92,,,,,,,,,80.58,43.50,,,,,,,,,,,5.74,,,,92.85,0.00,,,0.00,,,,,,0.00,
10-25-17,,,,,,,,,,,0.10,,,38.02,0.00,0.45,,0.00,,0.00,0.00,,0.00,,,3.53,,0.00,0.00,,,,,,,,,26.69,,,0.00,0.00,198.57,,150.17,,,,,,,,,71.92,39.12,,,,,,,,,,,2.80,,,,91.55,0.00,,,0.00,,,,,,0.00,
10-26-17,,,,,,,,,,,0.00,,,35.00,0.00,0.37,,0.00,,0.00,0.00,,0.00,,,3.68,,0.00,0.00,,,,,,,,,18.90,,,0.00,0.00,193.62,,146.62,,,,,,,,,62.29,34.67,,,,,,,,,,,0.00,,,,87.75,0.00,,,0.00,,,,,,0.00,
10-27-17,,,,,,,,,,,0.00,,,32.07,0.00,0.25,,0.00,,0.00,0.00,,0.00,,,3.93,,0.00,0.00,,,,,,,,,11.06,,,0.00,0.00,190.56,,142.54,,,,,,,,,51.75,30.04,,,,,,,,,,,2.18,,,,85.85,0.00,,,0.00,,,,,,0.00,
10-28-17,,,,,,,,,,,0.00,,,30.30,0.00,0.55,,0.00,,0.00,0.00,,0.00,,,3.71,,0.00,0.00,,,,,,,,,5.40,,,0.00,0.00,202.66,,141.68,,,,,,,,,49.64,25.62,,,,,,,,,,,0.00,,,,83.45,0.00,,,0.00,,,,,,0.00,
10-29-17,,,,,,,,,,,0.00,,,28.28,0.00,0.95,,0.00,,0.00,0.00,,1.17,,,3.59,,0.00,0.00,,,,,,,,,0.00,,,0.00,0.00,210.96,,153.05,,,,,,,,,69.17,18.43,,,,,,,,,,,0.00,,,,82.45,0.00,,,0.00,,,,,,0.00,
10-30-17,,,,,,,,,,,0.00,,,26.88,0.00,0.45,,0.00,,0.00,0.00,,1.57,,,4.12,,0.00,0.00,,,,,,,,,0.00,,,0.00,0.00,205.03,,148.46,,,,,,,,,62.75,19.43,,,,,,,,,,,0.00,,,,82.05,0.00,,,0.00,,,,,,0.00,
10-31-17,,,,,,,,,,,0.00,,,25.47,0.17,1.00,,0.00,,0.00,0.00,,0.00,,,3.97,,0.00,0.00,,,,,,,,,0.00,,,0.00,0.00,196.05,,145.54,,,,,,,,,56.27,15.83,,,,,,,,,,,0.00,,,,80.25,0.00,,,0.00,,,,,,0.00,
11-01-17,,,,,,,,,,,0.00,,,22.96,0.00,0.58,,0.00,,0.00,0.00,,0.00,,,3.63,,0.00,0.00,,,,,,,,,3.49,,,0.00,0.00,189.54,,155.58,,,,,,,,,62.64,13.22,,,,,,,,,,,0.00,,,,75.65,0.00,,,0.00,,,,,,11.50,
11-02-17,,,,,,,,,,,0.00,,,20.76,0.12,0.95,,0.00,,0.00,0.00,,0.00,,,,,0.00,1.33,,,,,,,,,12.69,,,7.77,0.00,183.66,,162.65,,,,,,,,,64.45,10.29,,,,,,,,,,,0.00,,,,70.25,0.00,,,0.00,,,,,,43.90,
11-03-17,,,,,,,,,,,0.00,,,20.13,0.00,0.91,,0.00,,2.52,0.00,,0.00,,,3.57,,25.79,1.15,,,,,,,,,5.94,,,3.11,0.00,176.31,,164.88,,,,,,,,,72.38,6.58,,,,,,,,,,,0.00,,,,67.35,0.00,,,0.00,,,,,,32.10,
11-04-17,,,,,,,,,,,0.09,,,19.10,0.22,0.91,,0.00,,3.70,0.00,,0.00,,,3.64,,2.17,1.48,,,,,,,,,0.00,,,0.00,0.00,169.44,,159.79,,,,,,,,,63.25,3.21,,,,,,,,,,,0.00,,,,65.35,5.55,,,0.00,,,,,,23.20,
11-05-17,,,,,,,,,,,0.00,,,17.14,0.00,0.12,,0.00,,0.00,0.00,,0.00,,,4.07,,1.96,2.32,,,,,,,,,0.00,,,0.00,0.00,162.07,,153.88,,,,,,,,,55.58,2.77,,,,,,,,,,,0.00,,,,60.75,7.44,,,0.00,,,,,,9.80,
11-06-17,,,,,,,,,,,0.00,,,12.39,0.00,0.24,,0.00,,0.00,0.00,,0.00,,,3.76,,2.42,1.17,,,,,,,,,0.00,,,0.00,0.00,155.41,,149.46,,,,,,,,,46.92,0.00,,,,,,,,,,,0.00,,,,55.25,4.15,,,0.00,,,,,,0.00,
11-07-17,,,,,,,,,,,0.00,,,9.15,0.00,0.15,,0.00,,0.00,0.00,,0.00,,,,,0.00,1.82,,,,,,,,,0.00,,,0.00,0.00,147.35,,145.38,,,,,,,,,39.58,0.00,,,,,,,,,,,0.00,,,,50.85,2.16,,,0.00,,,,,,0.00,
11-08-17,,,,,,,,,,,0.00,,,7.16,0.00,0.45,,0.00,,0.00,0.00,,0.00,,,3.90,,0.00,1.96,,,,,,,,,0.00,,,0.00,0.00,139.34,,141.33,,,,,,,,,28.29,0.00,,,,,,,,,,,0.00,,,,47.75,2.31,,,0.00,,,,,,0.00,
11-09-17,,,,,,,,,,,0.00,,,5.37,0.00,0.00,,0.00,,0.00,0.00,,0.00,,,3.59,,0.00,1.52,,,,,,,,,0.00,,,0.00,0.00,130.91,,136.67,,,,,,,,,16.46,0.00,,,,,,,,,,,0.00,,,,44.25,2.20,,,0.00,,,,,,0.00,
11-10-17,,,,,,,,,,,0.00,,,0.47,0.00,0.00,,0.00,,0.00,0.00,,1.33,,,4.54,,0.00,0.00,,,,,,,,,0.00,,,0.00,0.00,122.74,,129.75,,,,,,,,,6.50,0.00,,,,,,,,,,,3.62,,,,41.75,0.00,,,0.00,,,,,,0.00,
11-11-17,,,,,,,,,,,0.00,,,0.00,0.00,0.00,,0.00,,0.00,0.00,,1.25,,,4.55,,0.00,0.00,,,,,,,,,0.00,,,0.00,0.00,113.86,,122.58,,,,,,,,,0.78,0.00,,,,,,,,,,,4.04,,,,38.65,0.00,,,0.00,,,,,,0.00,
11-12-17,,,,,,,,,,,0.00,,,0.16,0.00,0.00,,0.00,,0.00,0.00,,0.00,,,4.91,,0.00,0.00,,,,,,,,,0.00,,,0.00,0.00,104.54,,116.29,,,,,,,,,2.46,0.00,,,,,,,,,,,4.29,,,,35.25,0.00,,,0.00,,,,,,0.00,
11-13-17,,,,,,,,,,,0.00,,,0.00,0.00,0.00,,0.00,,0.00,0.00,,0.00,,,4.92,,0.00,0.00,,,,,,,,,0.00,,,,0.00,97.66,,109.83,,,,,,,,,0.64,0.00,,,,,,,,,,,3.70,,,,31.75,0.00,,,0.00,,,,,,0.00,
11-14-17,,,,,,,,,,,0.05,,,0.35,0.00,0.00,,0.00,,0.00,0.00,,0.00,,,4.91,,0.00,0.00,,,,,,,,,0.00,,,0.00,0.00,91.71,,103.29,,,,,,,,,0.57,0.00,,,,,,,,,,,5.11,,,,29.65,0.00,,,0.00,,,,,,0.00,
11-15-17,,,,,,,,,,,0.06,,,0.22,0.00,0.27,,0.00,,0.00,0.00,,0.00,,,4.43,,0.00,0.00,,,,,,,,,0.00,,,0.00,0.00,85.24,,97.38,,,,,,,,,3.21,0.00,,,,,,,,,,,3.40,,,,26.75,0.00,,,0.00,,,,,,0.00,
11-16-17,,,,,,,,,,,0.12,,,0.00,0.00,0.03,,0.00,,0.00,0.00,,0.00,,,4.70,,0.00,1.20,,,,,,,,,0.00,,,0.00,0.00,78.31,,92.83,,,,,,,,,3.33,0.00,,,,,,,,,,,2.28,,,,25.85,0.00,,,0.00,,,,,,0.00,
11-17-17,,,,,,,,,,,0.16,,,0.00,0.00,0.45,,0.00,,0.00,0.00,,0.00,,,6.36,,0.00,1.07,,,,,,,,,0.00,,,0.00,0.00,69.73,,86.75,,,,,,,,,4.38,0.00,,,,,,,,,,,0.00,,,,22.65,0.00,,,0.00,,,,,,0.00,
11-18-17,,,,,,,,,,,0.23,,,0.05,0.00,0.11,,0.00,,0.00,0.00,,0.00,,,5.18,,0.00,1.20,,,,,,,,,0.00,,,0.00,0.00,62.81,,81.50,,,,,,,,,4.58,0.00,,,,,,,,,,,0.00,,,,18.25,0.00,,,0.00,,,,,,0.00,
11-19-17,,,,,,,,,,,0.13,,,0.00,0.00,0.28,,0.00,,0.00,0.00,,0.00,,,11.02,,0.00,0.00,,,,,,,,,0.00,,,0.00,0.00,55.71,,74.96,,,,,,,,,2.00,0.00,,,,,,,,,,,0.00,,,,16.35,0.00,,,0.00,,,,,,0.00,
11-20-17,,,,,,,,,,,0.27,,,0.00,0.00,0.16,,0.00,,0.00,0.00,,0.00,,,21.30,,0.00,0.00,,,,,,,,,0.00,,,0.00,0.00,47.20,,69.00,,,,,,,,,1.42,0.00,,,,,,,,,,,0.00,,,,15.75,0.00,,,0.00,,,,,,0.00,
11-21-17,,,,,,,,,,,0.16,,,0.05,0.00,0.08,,0.00,,0.00,0.00,,0.00,,,1.61,,0.00,0.00,,,,,,,,,0.00,,,0.00,0.00,41.01,,62.96,,,,,,,,,3.29,0.00,,,,,,,,,,,0.00,,,,13.35,0.00,,,0.00,,,,,,0.00,
11-22-17,,,,,,,,,,,0.07,,,0.00,0.08,0.20,,0.00,,0.00,0.00,,0.00,,,6.19,,0.00,0.00,,,,,,,,,0.00,,,0.00,0.00,33.30,,56.67,,,,,,,,,2.92,0.00,,,,,,,,,,,0.00,,,,10.05,0.00,,,0.00,,,,,,0.00,
11-23-17,,,,,,,,,,,0.15,,,0.00,0.00,0.00,,0.00,,0.00,0.00,,0.00,,,3.67,,0.00,0.00,,,,,,,,,0.00,,,0.00,0.00,25.01,,49.42,,,,,,,,,3.58,0.00,,,,,,,,,,,,,,,7.55,0.00,,,0.00,,,,,,0.00,
11-24-17,,,,,,,,,,,0.24,,,0.00,0.00,0.00,,0.00,,0.00,0.00,,0.00,,,15.61,,0.00,0.00,,,,,,,,,0.00,,,,0.00,14.28,,42.67,,,,,,,,,2.67,0.00,,,,,,,,,,,0.00,,,,4.35,0.00,,,0.00,,,,,,0.00,
11-25-17,,,,,,,,,,,0.09,,,0.01,0.00,0.00,,0.00,,0.00,0.00,,0.00,,,8.04,,0.00,0.00,,,,,,,,,0.00,,,0.00,0.00,5.84,,33.62,,,,,,,,,1.58,0.00,,,,,,,,,,,0.00,,,,0.00,0.00,,,0.00,,,,,,0.00,
11-26-17,,,,,,,,,,,0.09,,,0.02,0.00,0.00,,0.00,,0.00,0.00,,0.00,,,12.43,,0.00,0.00,,,,,,,,,0.00,,,0.00,0.00,2.56,,23.75,,,,,,,,,0.00,0.00,,,,,,,,,,,0.00,,,,0.00,0.00,,,0.00,,,,,,0.00,
11-27-17,,,,,,,,,,,0.05,,,0.00,0.00,0.00,,0.00,,0.00,0.00,,0.00,,,19.77,,0.00,0.00,,,,,,,,,0.00,,,0.00,0.00,0.00,,11.88,,,,,,,,,0.48,0.00,,,,,,,,,,,0.00,,,,0.00,0.00,,,0.00,,,,,,0.00,
11-28-17,,,,,,,,,,,0.16,,,0.00,0.00,0.32,,0.00,,0.00,0.00,,0.00,,,17.68,,1.17,0.00,,,,,,,,,0.00,,,0.00,0.00,0.00,,0.00,,,,,,,,,1.08,0.00,,,,,,,,,,,0.00,,,,0.00,0.00,,,0.00,,,,,,0.00,
11-29-17,,,,,,,,,,,0.21,,,0.00,0.00,0.00,,0.00,,0.00,0.00,,0.00,,,11.70,,1.38,0.00,,,,,,,,,0.00,,,0.00,0.00,0.00,,0.00,,,,,,,,,0.00,0.00,,,,,,,,,,,0.00,,,,0.00,0.00,,,0.00,,,,,,0.00,
11-30-17,,,,,,,,,,,0.09,,,0.00,0.00,0.00,,0.00,,0.00,0.00,,0.00,,,14.16,,0.00,0.00,,,,,,,,,0.00,,,0.00,0.00,0.00,,0.00,,,,,,,,,0.57,0.00,,,,,,,,,,,2.76,,,,0.00,0.00,,,0.00,,,,,,0.00,
12-01-17,,,,,,,,,,,0.15,,,0.37,0.00,0.00,,0.00,,0.00,0.00,,0.00,,,14.09,,0.00,0.00,,,,,,,,,0.00,,,0.00,0.00,0.00,,0.00,,,,,,,,,0.30,0.00,,,,,,,,,,,2.04,,,,0.00,0.00,,,0.00,,,,,,0.00,
12-02-17,,,,,,,,,,,0.23,,,1.16,0.00,0.12,,0.00,,0.00,0.00,,0.00,,,,,0.00,0.00,,,,,,,,,0.00,,,0.00,0.00,0.00,,0.00,,,,,,,,,0.00,0.00,,,,,,,,,,,2.39,,,,0.00,0.00,,,0.00,,,,,,0.00,
12-03-17,,,,,,,,,,,0.18,,,1.07,0.00,0.02,,0.00,,0.00,0.00,,0.00,,,16.97,,0.00,0.00,,,,,,,,,0.00,,,0.00,0.00,,,0.00,,,,,,,,,0.48,0.00,,,,,,,,,,,0.00,,,,0.00,0.00,,,0.00,,,,,,0.00,
12-04-17,,,,,,,,,,,0.18,,,0.69,0.00,0.00,,0.00,,0.00,0.00,,0.00,,,17.22,,0.00,0.00,,,,,,,,,0.00,,,0.00,0.00,,,0.00,,,,,,,,,0.00,0.00,,,,,,,,,,,0.00,,,,0.00,0.00,,,0.00,,,,,,0.00,
12-05-17,,,,,,,,,,,0.16,,,0.10,0.00,0.16,,0.00,,0.00,0.00,,0.00,,,3.40,,0.00,0.00,,,,,,,,,0.00,,,0.00,0.00,,,0.00,,,,,,,,,0.00,0.00,,,,,,,,,,,0.00,,,,0.00,0.00,,,0.00,,,,,,0.00,
12-06-17,,,,,,,,,,,0.15,,,0.38,0.04,0.11,,0.00,,0.00,0.00,,0.00,,,9.24,,0.00,0.00,,,,,,,,,0.00,,,0.00,0.00,,,0.00,,,,,,,,,0.00,0.00,,,,,,,,,,,2.87,,,,0.00,0.00,,,0.00,,,,,,0.00,
12-07-17,,,,,,,,,,,,,,0.13,0.00,0.28,,0.00,,0.00,0.00,,0.00,,,2.93,,0.00,0.00,,,,,,,,,0.00,,,0.00,0.00,,,0.00,,,,,,,,,0.17,0.00,,,,,,,,,,,4.13,,,,0.00,0.00,,,0.00,,,,,,0.00,
12-08-17,,,,,,,,,,,0.16,,,0.64,0.24,0.11,,0.00,,0.00,0.00,,2.35,,,10.19,,0.00,0.00,,,,,,,,,0.00,,,0.00,0.00,,,0.00,,,,,,,,,0.00,0.00,,,,,,,,,,,,,,,0.00,0.00,,,0.00,,,,,,0.00,
12-09-17,,,,,,,,,,,0.15,,,0.74,0.00,0.00,,0.00,,0.00,0.00,,7.21,,,3.78,,0.00,0.00,,,,,,,,,0.00,,,0.00,0.00,,,0.00,,,,,,,,,0.29,0.00,,,,,,,,,,,,,,,0.00,0.00,,,0.00,,,,,,0.00,
12-10-17,,,,,,,,,,,0.16,,,0.22,0.00,0.00,,0.00,,0.00,0.00,,3.58,,,7.04,,0.00,0.00,,,,,,,,,0.00,,,0.00,0.00,,,0.00,,,,,,,,,0.00,0.00,,,,,,,,,,,,,,,0.00,0.00,,,0.00,,,,,,0.00,
12-11-17,,,,,,,,,,,0.11,,,0.13,0.00,0.00,,0.00,,0.00,0.00,,0.00,,,0.00,,2.00,0.00,,,,,,,,,0.00,,,,0.00,,,0.00,,,,,,,,,0.00,0.00,,,,,,,,,,,,,,,0.00,0.00,,,0.00,,,,,,0.00,
12-12-17,,,,,,,,,,,0.23,,,0.37,0.00,0.00,,0.00,,0.00,0.00,,0.00,,,0.00,,0.00,1.42,,,,,,,,,0.00,,,0.00,0.00,,,0.00,,,,,,,,,0.17,0.00,,,,,,,,,,,,,,,0.00,0.00,,,0.00,,,,,,0.00,
12-13-17,,,,,,,,,,,0.30,,,0.00,0.00,0.00,,0.00,,0.00,0.00,,0.00,,,8.01,,2.18,1.35,,,,,,,,,0.00,,,0.00,7.58,,,0.00,,,,,,,,,0.62,0.00,,,,,,,,,,,,,,,0.00,0.00,,,0.00,,,,,,0.00,
12-14-17,,,,,,,,,,,0.14,,,0.00,0.00,0.00,,0.00,,0.00,0.00,,0.00,,,2.44,,0.00,0.00,,,,,,,,,0.00,,,0.00,2.96,,,0.00,,,,,,,,,0.30,0.00,,,,,,,,,,,,,,,8.50,0.00,,,0.00,,,,,,0.00,
12-15-17,,,,,,,,,,,0.07,,,0.00,0.00,0.00,,0.00,,0.00,0.00,,0.00,,,0.00,,0.00,0.00,,,,,,,,,0.00,,,0.00,2.67,,,0.00,,,,,,,,,0.00,0.00,,,,,,,,,,,,,,,22.30,0.00,,,0.00,,,,,,0.00,
12-16-17,,,,,,,,,,,0.10,,,0.00,0.00,0.00,,0.00,,0.00,0.00,,0.00,,,0.00,,0.00,1.07,,,,,,,,,0.00,,,0.00,0.00,,,0.00,,,,,,,,,1.48,0.00,,,,,,,,,,,,,,,30.30,0.00,,,0.00,,,,,,0.00,
12-17-17,,,,,,,,,,,0.14,,,0.00,0.00,0.00,,0.00,,0.00,0.00,,0.00,,,0.00,,0.00,1.20,,,,,,,,,0.00,,,0.00,0.00,,,0.00,,,,,,,,,1.46,0.00,,,,,,,,,,,,,,,21.00,0.00,,,0.00,,,,,,0.00,
12-18-17,,,,,,,,,,,0.16,,,0.55,0.00,0.00,,0.00,,0.00,0.00,,0.00,,,0.00,,0.00,0.00,,,,,,,,,0.00,,,0.00,0.00,,,0.00,,,,,,,,,0.47,0.00,,,,,,,,,,,,,,,9.60,0.00,,,0.00,,,,,,0.00,
12-19-17,,,,,,,,,,,0.16,,,0.26,0.00,0.00,,0.00,,0.00,0.00,,0.00,,,0.00,,1.83,0.00,,,,,,,,,0.00,,,0.00,0.00,,,,,,,,,,,,0.00,0.00,,,,,,,,,,,,,,,0.00,0.00,,,0.00,,,,,,0.00,
12-20-17,,,,,,,,,,,0.19,,,0.00,0.00,0.17,,0.00,,0.00,0.00,,0.00,,,1.80,,0.00,0.00,,,,,,,,,0.00,,,0.00,0.00,,,0.00,,,,,,,,,0.00,0.00,,,,,,,,,,,,,,,0.00,0.00,,,0.00,,,,,,0.00,
12-21-17,,,,,,,,,,,0.21,,,0.00,0.00,0.00,,0.00,,0.00,0.00,,0.00,,,1.37,,0.00,0.00,,,,,,,,,0.00,,,0.00,7.04,,,0.00,,,,,,,,,0.16,0.00,,,,,,,,,,,,,,,9.90,0.00,,,2.20,,,,,,0.00,
12-22-17,,,,,,,,,,,0.25,,,0.42,0.00,0.00,,0.00,,0.00,0.00,,0.00,,,1.76,,1.21,0.00,,,,,,,,,0.00,,,0.00,3.25,,,0.00,,,,,,,,,3.62,0.00,,,,,,,,,,,,,,,8.00,0.00,,,0.00,,,,,,0.00,
12-23-17,,,,,,,,,,,0.27,,,0.01,0.00,0.00,,0.00,,0.00,0.00,,0.00,,,,,0.00,0.00,,,,,,,,,0.00,,,0.00,2.96,,,0.00,,,,,,,,,2.62,0.00,,,,,,,,,,,,,,,0.00,0.00,,,0.00,,,,,,0.00,
12-24-17,,,,,,,,,,,0.35,,,0.08,0.00,0.00,,0.00,,0.00,0.00,,0.00,,,2.34,,0.00,0.00,,,,,,,,,0.00,,,0.00,5.08,,,0.00,,,,,,,,,3.00,0.00,,,,,,,,,,,,,,,0.00,0.00,,,0.00,,,,,,0.00,
12-25-17,,,,,,,,,,,0.25,,,0.00,0.00,0.00,,0.00,,0.00,0.00,,0.00,,,2.55,,2.42,1.17,,,,,,,,,0.00,,,0.00,10.25,,,0.00,,,,,,,,,0.00,0.00,,,,,,,,,,,,,,,0.00,0.00,,,0.00,,,,,,0.00,
12-26-17,,,,,,,,,,,0.32,,,0.00,0.00,0.00,,0.00,,0.00,0.00,,0.00,,,2.38,,0.00,1.29,,,,,,,,,0.00,,,0.00,9.25,,,0.00,,,,,,,,,0.00,0.00,,,,,,,,,,,,,,,0.00,0.00,,,0.00,,,,,,0.00,
12-27-17,,,,,,,,,,,0.27,,,0.04,0.33,0.08,,0.00,,0.00,0.00,,0.00,,,2.85,,0.00,0.00,,,,,,,,,0.00,,,0.00,5.08,,,0.00,,,,,,,,,0.20,0.00,,,,,,,,,,,,,,,0.00,0.00,,,0.00,,,,,,0.00,
12-28-17,,,,,,,,,,,0.19,,,0.00,0.00,0.13,,0.00,,0.00,0.00,,0.00,,,2.99,,0.00,1.28,,,,,,,,,0.00,,,0.00,4.62,,,0.00,,,,,,,,,1.62,0.00,,,,,,,,,,,,,,,0.00,0.00,,,0.00,,,,,,0.00,
12-29-17,,,,,,,,,,,0.15,,,0.00,0.00,0.00,,0.00,,0.00,0.00,,0.00,,,1.36,,0.00,1.17,,,,,,,,,0.00,,,0.00,0.00,,,0.00,,,,,,,,,0.39,0.00,,,,,,,,,,,,,,,0.00,0.00,,,0.00,,,,,,0.00,
12-30-17,,,,,,,,,,,0.22,,,0.00,0.00,0.00,,0.00,,0.00,0.00,,0.00,,,1.56,,7.13,1.51,,,,,,,,,0.00,,,0.00,4.71,,,0.00,,,,,,,,,1.14,0.00,,,,,,,,,,,,,,,0.00,0.00,,,0.00,,,,,,0.00,
12-31-17,,,,,,,,,,,0.32,,,0.00,0.00,0.00,,0.00,,0.00,0.00,,0.00,,,1.86,,0.00,1.78,,,,,,,,,0.00,,,0.00,5.00,,,0.00,,,,,,,,,0.58,0.00,,,,,,,,,,,,,,,0.00,0.00,,,0.00,,,,,,0.00,
01-01-18,,,,,,,,,,,0.34,,,0.00,0.00,0.25,,0.00,,0.00,0.00,,0.00,,,2.02,,3.58,1.67,,,,,,,,,0.00,,,2.24,5.79,,,0.00,,,,,,,,,1.23,0.00,,,,,,,,,,,,,,,0.00,0.00,,,0.00,,,,,,0.00,
01-02-18,,,,,,,,,,,0.42,,,0.00,0.00,0.43,,0.00,,0.00,0.00,,0.00,,,2.16,,6.25,1.73,,,,,,,,,0.00,,,0.00,6.25,,,0.00,,,,,,,,,1.20,0.00,,,,,,,,,,,,,,,0.00,0.00,,,0.00,,,,,,0.00,
01-03-18,,,,,,,,,,,0.36,,,0.00,0.00,0.00,,0.00,,0.00,0.00,,0.00,,,2.47,,0.00,1.74,,,,,,,,,0.00,,,0.00,0.00,,,0.00,,,,,,,,,0.57,0.00,,,,,,,,,,,,,,,0.00,0.00,,0.00,0.00,,,,,,0.00,
01-04-18,,,,,,,,,,,0.29,,,0.00,0.00,0.00,,0.00,,0.00,0.00,,0.00,,,1.71,,0.00,1.59,,,,,,,,,0.00,,,0.00,5.54,,,0.00,,,,,,,,,0.78,0.00,,,,,,,,,,,,,,,0.00,0.00,,0.00,0.00,,,,,,0.00,
01-05-18,,,,,,,,,,,0.30,,,0.00,0.06,0.00,,0.00,,0.00,0.00,,0.00,,,2.01,,0.00,1.81,,,,,,,,,0.00,,,0.00,5.75,,,0.00,,,,,,,,,0.00,0.00,,,,,,,,,,,,,,,0.00,0.00,,0.00,0.00,,,,,,0.00,
01-06-18,,,,,,,,,,,0.19,,,0.07,0.00,0.23,,0.00,,0.00,0.00,,0.00,,,0.00,,0.00,1.48,,,,,,,,,0.00,,,0.00,5.29,,,0.00,,,,,,,,,1.42,0.00,,,,,,,,,,,,,,,0.00,0.00,,0.00,0.00,,,,,,0.00,
01-07-18,,,,,,,,,,,0.13,,,0.00,0.00,0.00,,0.00,,0.00,0.00,,0.00,,,1.89,,6.25,1.09,,,,,,,,,0.00,,,0.00,4.83,,,0.00,,,,,,,,,0.59,0.00,,,,,,,,,,,,,,,0.00,0.00,,0.00,0.00,,,,,,0.00,
01-08-18,,,,,,,,,,,0.29,,,0.00,0.00,0.00,,0.00,,0.00,0.00,,0.00,,,1.72,,10.96,1.00,,,,,,,,,0.00,,,0.00,0.00,,,0.00,,,,,,,,,0.00,0.00,,,,,,,,,,,,,,,0.00,9.82,,0.00,0.00,,,,,,0.00,
01-09-18,,,,,,,,,,,0.29,,,0.00,0.00,0.00,,0.00,,0.00,0.00,,0.00,,,1.14,,2.67,2.06,,,,,,,,,0.00,,,0.00,4.67,,,0.00,,,,,,,,,0.00,0.00,,,,,,,,,,,,,,,0.00,5.11,,0.00,0.00,,,,,,0.00,
01-10-18,,,,,,,,,,,0.41,,,0.00,0.00,0.00,,0.00,,0.00,0.00,,0.00,,,10.41,,0.00,1.97,,,,,,,,,0.00,,,0.00,4.87,,,0.00,,,,,,,,,0.00,0.00,,,,,,,,,,,,,,,0.00,0.00,,0.00,0.00,,,,,,0.00,
01-11-18,,,,,,,,,,,0.36,,,0.16,0.00,0.00,,0.00,,0.00,0.00,,0.00,,,1.86,,0.00,1.75,,,,,,,,,0.00,,,0.00,4.75,,,0.00,,,,,,,,,0.00,0.00,,,,,,,,,,,,,,,0.00,0.00,,0.00,0.00,,,,,,0.00,
01-12-18,,,,,,,,,,,0.34,,,0.50,0.00,0.09,,0.00,,0.00,0.00,,0.00,,,1.60,,0.00,1.55,,,,,,,,,0.00,,,0.00,5.08,,,0.00,,,,,,,,,0.00,0.00,,,,,,,,,,,,,,,0.00,0.00,,0.00,0.00,,,,,,0.00,
01-13-18,,,,,,,,,,,,,,0.64,0.00,0.43,,0.00,,0.00,0.00,,0.00,,,1.62,,0.00,1.78,,,,,,,,,0.00,,,0.00,4.54,,,0.00,,,,,,,,,0.91,0.00,,,,,,,,,,,,,,,0.00,0.00,,0.00,0.00,,,,,,0.00,
01-14-18,,,,,,,,,,,0.38,,,0.52,0.00,0.00,,0.00,,0.00,0.00,,0.00,,,2.80,,0.00,1.96,,,,,,,,,0.00,,,0.00,4.92,,,0.00,,,,,,,,,0.12,0.00,,,,,,,,,,,,,,,0.00,0.00,,0.00,0.00,,,,,,0.00,
01-15-18,,,,,,,,,,,0.38,,,0.47,0.00,0.61,,0.00,,0.00,0.00,,0.00,,,,,0.00,2.23,,,,,,,,,0.00,,,0.00,5.08,,,0.00,,,,,,,,,0.12,0.00,,,,,,,,,,,,,,,0.00,0.00,,0.00,0.00,,,,,,0.00,
01-16-18,,,,,,,,,,,0.38,,,0.41,0.08,0.46,,0.00,,0.00,0.00,,0.00,,,3.21,,0.00,1.95,,,,,,,,,0.00,,,0.00,5.71,,,0.00,,,,,,,,,1.00,0.00,,,,,,,,,,,,,,,0.00,0.00,,0.00,0.00,,,,,,0.00,
01-17-18,,,,,,,,,,,0.28,,,0.28,0.00,0.50,,0.00,,0.00,0.00,,0.00,,,2.34,,0.00,1.71,,,,,,,,,0.00,,,2.10,5.71,,,0.00,,,,,,,,,1.21,0.00,,,,,,,,,,,,,,,0.00,0.00,,0.00,0.00,,,,,,0.00,
01-18-18,,,,,,,,,,,0.26,,,0.00,0.00,,,0.00,,0.00,0.00,,0.00,,,1.96,,0.00,1.19,,,,,,,,,0.00,,,0.00,5.25,,,0.00,,,,,,,,,0.00,0.00,,,,,,,,,,,,,,,0.00,0.00,,0.00,0.00,,,,,,0.00,
01-19-18,,,,,,,,,,,0.25,,,0.20,0.00,0.68,,0.00,,0.00,0.00,,0.00,,,2.00,,0.00,0.00,,,,,,,,,0.00,,,0.00,4.67,,,0.00,,,,,,,,,0.00,0.00,,,,,,,,,,,,,,,0.00,0.00,,0.00,0.00,,,,,,0.00,
01-20-18,,,,,,,,,,,0.33,,,0.00,0.28,0.62,,0.00,,0.00,0.00,,0.00,,,1.48,,2.83,1.03,,,,,,,,,0.00,,,0.00,5.08,,,0.00,,,,,,,,,0.00,0.00,,,,,,,,,,,,,,,0.00,0.00,,0.00,0.00,,,,,,0.00,
01-21-18,,,,,,,,,,,0.35,,,0.73,0.00,0.17,,0.00,,0.00,0.00,,0.00,,,1.53,,,1.29,,,,,,,,,0.00,,,0.00,5.21,,,0.00,,,,,,,,,0.00,0.00,,,,,,,,,,,,,,,0.00,0.00,,0.00,0.00,,,,,,0.00,
01-22-18,,,,,,,,,,,0.31,,,0.74,0.12,0.42,,0.00,,0.00,0.00,,0.00,,,2.29,,2.17,0.00,,,,,,,,,0.00,,,0.00,5.50,,,0.00,,,,,,,,,0.00,0.00,,,,,,,,,,,,,,,0.00,0.00,,0.00,0.00,,,,,,0.00,
01-23-18,,,,,,,,,,,0.33,,,0.75,0.00,0.71,,0.00,,0.00,0.00,,0.00,,,2.20,,0.00,0.00,,,,,,,,,0.00,,,0.00,6.00,,,0.00,,,,,,,,,0.00,0.00,,,,,,,,,,,,,,,0.00,0.00,,0.00,0.00,,,,,,0.00,
01-24-18,,,,,,,,,,,0.28,,,0.61,0.00,0.50,,0.00,,0.00,0.00,,0.00,,,1.05,,0.00,0.00,,,,,,,,,0.00,,,0.00,5.29,,,0.00,,,,,,,,,0.00,0.00,,,,,,,,,,,,,,,0.00,0.00,,0.00,0.00,,,,,,0.00,
01-25-18,,,,,,,,,,,0.33,,,0.67,0.00,0.73,,0.00,,0.00,0.00,,0.00,,,1.50,,,0.00,,,,,,,,,0.00,,,0.00,5.33,,,0.00,,,,,,,,,0.00,0.00,,,,,,,,,,,,,,,0.00,0.00,,0.00,0.00,,,,,,0.00,
01-26-18,,,,,,,,,,,0.28,,,0.72,0.00,0.61,,0.00,,0.00,0.00,,0.00,,,1.46,,0.00,0.00,,,,,,,,,0.00,,,0.00,0.00,,,0.00,,,,,,,,,0.71,0.00,,,,,,,,,,,,,,,0.00,0.00,,0.00,0.00,,,,,,0.00,
01-27-18,,,,,,,,,,,0.24,,,0.94,0.00,0.29,,0.00,,0.00,0.00,,0.00,,,1.27,,0.00,0.00,,,,,,,,,0.00,,,,0.00,,,0.00,,,,,,,,,3.46,0.00,,,,,,,,,,,,,,,0.00,0.00,,0.00,0.00,,,,,,0.00,
01-28-18,,,,,,,,,,,0.20,,,0.00,0.00,0.25,,0.00,,0.00,0.00,,0.00,,,1.18,,0.00,0.00,,,,,,,,,0.00,,,0.00,0.00,,,0.00,,,,,,,,,2.67,0.00,,,,,,,,,,,,,,,0.00,0.00,,0.00,0.00,,,,,,0.00,
01-29-18,,,,,,,,,,,0.24,,,0.00,0.00,0.25,,0.00,,0.00,0.00,,0.00,,,0.00,,0.00,0.00,,,,,,,,,0.00,,,0.00,0.00,,,0.00,,,,,,,,,0.83,0.00,,,,,,,,,,,,,,,0.00,0.00,,0.00,0.00,,,,,,0.00,
01-30-18,,,,,,,,,,,0.23,,,0.43,0.00,0.12,,0.00,,0.00,0.00,,0.00,,,0.00,,0.00,0.00,,,,,,,,,0.00,,,0.00,0.00,,,0.00,,,,,,,,,0.25,0.00,,,,,,,,,,,,,,,0.00,0.00,,0.00,0.00,,,,,,0.00,
01-31-18,,,,,,,,,,,0.23,,,0.40,0.00,0.25,,0.00,,0.00,0.00,,0.00,,,0.00,,0.00,0.00,,,,,,,,,0.00,,,0.00,0.00,,,0.00,,,,,,,,,1.88,0.00,,,,,,,,,,,,,,,0.00,0.00,,0.00,0.00,,,,,,0.00,
02-01-18,,,,,,,,,,,0.24,,,0.63,0.00,0.00,,0.00,,0.00,0.00,,0.00,,,0.00,,0.00,0.00,,,,,,,,,0.00,,,0.00,0.00,,,0.00,,,,,,,,,1.17,0.00,,,,,,,,,,,,,,,0.00,0.00,,0.00,0.00,,,,,,0.00,
02-02-18,,,,,,,,,,,0.17,,,0.00,0.00,0.00,,0.00,,0.00,0.00,,0.00,,,,,0.00,0.00,,,,,,,,,0.00,,,0.00,0.00,,,0.00,,,,,,,,,0.00,0.00,,,,,,,,,,,,,,,0.00,0.00,,0.00,0.00,,,,,,0.00,
02-03-18,,,,,,,,,,,0.23,,,0.00,0.00,0.00,,0.00,,0.00,0.00,,0.00,,,0.00,,0.00,0.00,,,,,,,,,0.00,,,0.00,0.00,,,0.00,,,,,,,,,0.00,0.00,,,,,,,,,,,,,,,0.00,0.00,,0.00,0.00,,,,,,0.00,
02-04-18,,,,,,,,,,,0.15,,,0.00,0.00,0.00,,0.00,,0.00,0.00,,0.00,,,0.00,,0.00,0.00,,,,,,,,,0.00,,,0.00,0.00,,,0.00,,,,,,,,,0.74,0.00,,,,,,,,,,,,,,,0.00,0.00,,0.00,0.00,,,,,,0.00,
02-05-18,,,,,,,,,,,0.12,,,0.00,0.00,0.32,,0.00,,0.00,0.00,,0.00,,,0.00,,0.00,0.00,,,,,,,,,0.00,,,0.00,0.00,,,0.00,,,,,,,,,0.25,0.00,,,,,,,,,,,,,,,,0.00,,0.00,0.00,,,,,,0.00,
02-06-18,,,,,,,,,,,0.25,,,0.00,0.00,0.26,,0.00,,0.00,0.00,,0.00,,,0.00,,0.00,0.00,,,,,,,,,0.00,,,0.00,0.00,,,0.00,,,,,,,,,0.17,0.00,,,,,,,,,,,,,,,0.00,0.00,,0.00,0.00,,,,,,0.00,
02-07-18,,,,,,,,,,,0.23,,,0.00,0.00,0.12,,0.00,,0.00,0.00,,0.00,,,0.00,,0.00,0.00,,,,,,,,,0.00,,,0.00,0.00,,,0.00,,,,,,,,,0.33,0.00,,,,,,,,,,,,,,,0.00,0.00,,0.00,0.00,,,,,,0.00,
02-08-18,,,,,,,,,,,0.27,,,0.00,0.00,0.90,,0.00,,0.00,0.00,,0.00,,,0.00,,0.00,0.00,,,,,,,,,0.00,,,0.00,0.00,,,0.00,,,,,,,,,1.42,0.00,,,,,,,,,,,,,,,0.00,0.00,,0.00,0.00,,,,,,0.00,
02-09-18,,,,,,,,,,,0.28,,,0.15,0.00,0.29,,0.00,,0.00,0.00,,0.00,,,0.00,,0.00,0.00,,,,,,,,,0.00,,,0.00,2.29,,,0.00,,,,,,,,,5.29,0.00,,,,,,,,,,,,,,,0.00,0.00,,0.00,0.00,,,,,,0.00,
02-10-18,,,,,,,,,,,0.25,,,0.06,0.00,0.65,,0.00,,0.00,0.00,,0.00,,,0.00,,0.00,0.00,,,,,,,,,0.00,,,0.00,0.00,,,0.00,,,,,,,,,5.71,0.00,,,,,,,,,,,,,,,0.00,0.00,,0.00,0.00,,,,,,0.00,
02-11-18,,,,,,,,,,,0.28,,,0.10,0.00,0.17,,0.00,,0.00,0.00,,0.00,,,0.00,,0.00,0.00,,,,,,,,,0.00,,,0.00,3.00,,,0.00,,,,,,,,,5.58,0.00,,,,,,,,,,,,,,,0.00,0.00,,0.00,0.00,,,,,,0.00,
02-12-18,,,,,,,,,,,0.23,,,0.00,0.00,0.22,,0.00,,0.00,0.00,,0.00,,,0.00,,1.50,0.00,,,,,,,,,0.00,,,0.00,0.00,,,0.00,,,,,,,,,4.17,0.00,,,,,,,,,,,,,,,0.00,0.00,,0.00,0.00,,,,,,0.00,
02-13-18,,,,,,,,,,,,,,0.00,0.00,0.17,,0.00,,0.00,0.00,,0.00,,,0.00,,0.00,0.00,,,,,,,,,0.00,,,0.00,0.00,,,0.00,,,,,,,,,1.12,0.00,,,,,,,,,,,,,,,0.00,0.00,,0.00,0.00,,,,,,0.00,
02-14-18,,,,,,,,,,,0.23,,,0.00,0.00,0.00,,0.00,,0.00,0.00,,0.00,,,0.00,,0.00,0.00,,,,,,,,,0.00,,,0.00,0.00,,,0.00,,,,,,,,,0.22,0.00,,,,,,,,,,,,,,,0.00,0.00,,0.00,0.00,,,,,,0.00,
02-15-18,,,,,,,,,,,0.21,,,0.00,0.00,0.35,,0.00,,0.00,0.00,,0.00,,,0.00,,2.83,0.00,,,,,,,,,0.00,,,0.00,0.00,,,0.00,,,,,,,,,0.00,0.00,,,,,,,,,,,,,,,0.00,0.00,,0.00,0.00,,,,,,0.00,
02-16-18,,,,,,,,,,,0.00,,,0.00,0.00,0.52,,0.00,,0.00,0.00,,0.00,,,0.00,,2.92,0.00,,,,,,,,,0.00,,,0.00,2.04,,,0.00,,,,,,,,,0.00,0.00,,,,,,,,,,,,,,,0.00,0.00,,0.00,0.00,,,,,,0.00,
02-17-18,,,,,,,,,,,0.25,,,0.00,0.00,0.65,,0.00,,0.00,0.00,,0.00,,,0.00,,0.00,0.00,,,,,,,,,0.00,,,0.00,0.00,,,0.00,,,,,,,,,0.77,0.00,,,,,,,,,,,,,,,0.00,0.00,,0.00,0.00,,,,,,0.00,
02-18-18,,,,,,,,,,,0.36,,,0.00,0.00,1.00,,0.00,,0.00,0.00,,0.00,,,0.00,,4.29,0.00,,,,,,,,,0.00,,,0.00,2.17,,,0.00,,,,,,,,,0.00,0.00,,,,,,,,,,,,,,,0.00,0.00,,0.00,0.00,,,,,,0.00,
02-19-18,,,,,,,,,,,0.41,,,0.34,0.00,0.43,,0.00,,0.00,0.00,,0.00,,,0.00,,4.21,0.00,,,,,,,,,0.00,,,0.00,2.67,,,0.00,,,,,,,,,0.00,0.00,,,,,,,,,,,,,,,0.00,0.00,,0.00,0.00,,,,,,0.00,
02-20-18,,,,,,,,,,,0.46,,,0.62,0.00,0.38,,0.00,,0.00,0.00,,0.00,,,0.00,,0.00,0.00,,,,,,,,,0.00,,,0.00,0.00,,,0.00,,,,,,,,,0.00,0.00,,,,,,,,,,,,,,,0.00,0.00,,0.00,0.00,,,,,,0.00,
02-21-18,,,,,,,,,,,0.32,,,0.00,0.00,0.48,,0.00,,0.00,0.00,,0.00,,,0.00,,0.00,0.00,,,,,,,,,0.00,,,0.00,0.00,,,0.00,,,,,,,,,0.00,0.00,,,,,,,,,,,,,,,0.00,0.00,,0.00,0.00,,,,,,0.00,
02-22-18,,,,,,,,,,,0.31,,,0.00,0.00,0.52,,0.00,,0.00,0.00,,0.00,,,0.00,,0.00,0.00,,,,,,,,,0.00,,,0.00,0.00,,,0.00,,,,,,,,,0.00,0.00,,,,,,,,,,,,,,,0.00,0.00,,0.00,0.00,,,,,,0.00,
02-23-18,,,,,,,,,,,0.36,,,0.00,0.00,0.64,,0.00,,0.00,0.00,,0.00,,,0.00,,0.00,0.00,,,,,,,,,0.00,,,0.00,0.00,,,0.00,,,,,,,,,0.00,0.00,,,,,,,,,,,,,,,0.00,0.00,,0.00,0.00,,,,,,0.00,
02-24-18,,,,,,,,,,,0.37,,,0.00,0.00,0.59,,0.00,,0.00,0.00,,0.00,,,0.00,,0.00,0.00,,,,,,,,,0.00,,,0.00,0.00,,,0.00,,,,,,,,,0.14,0.00,,,,,,,,,,,,,,,0.00,0.00,,0.00,0.00,,,,,,0.00,
02-25-18,,,,,,,,,,,0.34,,,0.54,0.00,0.22,,0.00,,0.00,0.00,,0.00,,,0.00,,0.00,0.00,,,,,,,,,0.00,,,0.00,0.00,,,0.00,,,,,,,,,0.00,0.00,,,,,,,,,,,,,,,0.00,0.00,,0.00,0.00,,,,,,0.00,
02-26-18,,,,,,,,,,,,,,0.41,0.00,0.14,,0.00,,0.00,0.00,,0.00,,,0.00,,0.00,0.00,,,,,,,,,0.00,,,0.00,0.00,,,0.00,,,,,,,,,0.00,0.00,,,,,,,,,,,,,,,0.00,0.00,,0.00,0.00,,,,,,0.00,
02-27-18,,,,,,,,,,,0.33,,,0.20,0.00,0.95,,0.00,,0.00,0.00,,0.00,,,0.00,,3.42,0.00,,,,,,,,,0.00,,,0.00,0.00,,,0.00,,,,,,,,,0.00,0.00,,,,,,,,,,,,,,,0.00,0.00,,0.00,0.00,,,,,,0.00,
02-28-18,,,,,,,,,,,0.33,,,0.60,0.00,0.48,,0.00,,0.00,0.00,,0.00,,,0.00,,0.00,0.00,,,,,,,,,0.00,,,0.00,0.00,,,0.00,,,,,,,,,0.00,0.00,,,,,,,,,,,,,,,0.00,0.00,,0.00,0.00,,,,,,0.00,
03-01-18,,,,,,,,,,,0.12,,,0.66,0.00,0.09,,0.00,,0.00,0.00,,0.00,,,0.00,,1.42,0.00,,,,,,,,,0.00,,,0.00,0.00,,,,,,,,,,,,0.00,0.00,,,,,,,,,,,,,,,0.00,0.00,,0.00,0.00,,,,,,0.00,
03-02-18,,,,,,,,,,,0.27,,,0.75,0.00,0.00,,0.00,,0.00,0.00,,0.00,,,0.00,,0.00,0.00,,,,,,,,,0.00,,,0.00,0.00,,,0.00,,,,,,,,,0.00,0.00,,,,,,,,,,,,,,,0.00,,,0.00,0.00,,,,,,0.00,
03-03-18,,,,,,,,,,,0.30,,,0.02,0.00,0.00,,0.00,,0.00,0.00,,0.00,,,0.00,,0.00,0.00,,,,,,,,,0.00,,,0.00,0.00,,,0.00,,,,,,,,,0.00,0.00,,,,,,,,,,,,,,,0.00,0.00,,0.00,0.00,,,,,,0.00,
03-04-18,,,,,,,,,,,0.23,,,0.06,0.00,0.43,,0.00,,0.00,0.00,,0.00,,,0.00,,0.00,0.00,,,,,,,,,0.00,,,0.00,0.00,,,0.00,,,,,,,,,0.47,0.00,,,,,,,,,,,,,,,0.00,0.00,,0.00,0.00,,,,,,0.00,
03-05-18,,,,,,,,,,,0.24,,,0.00,0.00,0.32,,0.00,,0.00,0.00,,0.00,,,0.00,,0.00,0.00,,,,,,,,,0.00,,,0.00,0.00,,,0.00,,,,,,,,,2.39,0.00,,,,,,,,,,,,,,,0.00,0.00,,0.00,0.00,,,,,,0.00,
03-06-18,,,,,,,,,,,0.38,,,0.65,0.00,0.00,,0.00,,0.00,0.00,,0.00,,,0.00,,0.00,0.00,,,,,,,,,0.00,,,0.00,0.00,,,0.00,,,,,,,,,2.35,0.00,,,,,,,,,,,,,,,0.00,0.00,,0.00,0.00,,,,,,0.00,
03-07-18,,,,,,,,,,,0.40,,,0.96,0.00,0.21,,0.00,,0.00,0.00,,0.00,,,0.00,,0.00,0.00,,,,,,,,,0.00,,,0.00,0.00,,,0.00,,,,,,,,,0.18,0.00,,,,,,,,,,,,,,,0.00,0.00,,0.00,0.00,,,,,,0.00,
03-08-18,,,,,,,,,,,0.37,,,0.77,0.00,0.71,,0.00,,0.00,0.00,,0.00,,,0.00,,0.00,0.00,,,,,,,,,0.00,,,0.00,0.00,,,0.00,,,,,,,,,0.00,0.00,,,,,,,,,,,,,,,0.00,0.00,,0.00,0.00,,,,,,0.00,
03-09-18,,,,,,,,,,,0.36,,,0.63,0.00,0.67,,0.00,,0.00,0.00,,0.00,,,0.00,,0.00,0.00,,,,,,,,,0.00,,,0.00,0.00,,,0.00,,,,,,,,,0.52,0.00,,,,,,,,,,,,,,,0.00,0.00,,0.00,0.00,,,,,,0.00,
03-10-18,,,,,,,,,,,0.27,,,0.41,0.00,0.86,,0.00,,0.00,0.00,,0.00,,,0.00,,0.00,0.00,,,,,,,,,0.00,,,0.00,0.00,,,0.00,,,,,,,,,2.85,0.00,,,,,,,,,,,,,,,0.00,0.00,,0.00,0.00,,,0.00,,,0.00,
03-11-18,,,,,,,,,,,0.10,,,0.45,0.00,0.00,,0.00,,0.00,0.00,,0.00,,,0.00,,0.00,0.00,,,,,,,,,0.00,,,0.00,2.67,,,0.00,,,,,,,,,3.31,0.00,,,,,,,,,,,,,,,0.00,0.00,,0.00,0.00,,,0.00,0.00,,0.00,
03-12-18,,,,,,,,,,,0.04,,,0.31,0.00,0.08,,0.00,,0.00,0.00,,0.00,,,0.00,,0.00,0.00,,,,,,,,,0.00,,,0.00,0.00,,,0.00,,,,,,,,,3.77,0.00,,,,,,,,,,,,,,,0.00,0.00,,0.00,0.00,,,0.00,0.00,,0.00,
03-13-18,,,,,,,,,,,0.14,,,0.39,0.00,0.18,,0.00,,0.00,0.00,,0.00,,,0.00,,0.00,0.00,,,,,,,,,0.00,,,0.00,2.00,,,0.00,,,,,,,,,4.55,0.00,,,,,,,,,,,,,,,2.10,0.00,,0.00,0.00,,,0.00,0.00,,0.00,
03-14-18,,,,,,,,,,,0.24,,,0.79,0.00,0.48,,0.00,,0.00,0.00,,0.00,,,0.00,,0.00,0.00,,,,,,,,,0.00,,,0.00,2.04,,,0.00,,,,,,,,,3.47,0.00,,,,,,,,,,,,,,,8.90,0.00,,0.00,0.00,,,0.00,0.00,,0.00,
03-15-18,,,,,,,,,,,0.14,,,0.18,0.00,0.45,,0.00,,0.00,0.00,,0.00,,,0.00,,0.00,0.00,,,,,,,,,0.00,,,0.00,0.00,,,0.00,,,,,,,,,5.86,0.00,,,,,,,,,,,,,,,7.90,0.00,,0.00,0.00,,,0.00,0.00,,0.00,
03-16-18,,,,,,,,,,,0.12,,,0.52,0.00,0.12,,0.00,,0.00,0.00,,0.00,,,0.00,,0.00,0.00,,,,,,,,,0.00,,,0.00,0.00,,,0.00,,,,,,,,,3.39,0.00,,,,,,,,,,,,,,,,0.00,,0.00,0.00,,,,0.00,,0.00,
03-17-18,,,,,,,,,,,0.12,,,0.70,0.00,0.00,,0.00,,0.00,0.00,,0.00,,,0.00,,0.00,0.00,,,,,,,,,0.00,,,0.00,4.41,,,0.00,,,,,,,,,3.12,0.00,,,,,,,,,,,,,,,9.50,0.00,,0.00,0.00,,,0.00,0.00,,0.00,
03-18-18,,,,,,,,,,,0.18,,,0.82,0.00,0.18,,0.00,,0.00,0.00,,0.00,,,,,0.00,,,,,,,,,,8.05,,,8.77,18.95,,,,,,,,,,,,0.05,0.00,,,,,,,,,,,,,,,5.60,0.00,,0.00,0.00,,,0.00,0.00,,0.00,
03-19-18,,,,,,,,,,,0.15,,,0.65,0.00,0.00,,0.00,,0.00,0.00,,0.00,,,0.00,,0.00,0.00,,,,,,,,,2.48,,,2.15,9.46,,,0.00,,,,,,,,,1.77,0.00,,,,,,,,,,,,,,,8.30,0.00,,0.00,0.00,,,0.00,0.00,,0.00,
03-20-18,,,,,,,,,,,0.16,,,0.04,0.00,0.00,,0.00,,0.00,0.00,,1.99,,,0.00,,0.00,0.00,,,,,,,,,0.00,,,0.00,0.00,,,0.00,,,,,,,,,1.93,0.00,,,,,,,,,,,,,,,6.20,0.00,,0.00,0.00,,,2.54,0.00,,0.00,
03-21-18,,,,,,,,,0.20,,0.14,,,0.14,0.00,0.00,,0.00,,0.00,0.00,,0.00,,,0.00,,0.00,0.00,,,,,,,,,0.00,,,0.00,0.00,,,0.00,,,,,,,,,1.18,0.00,,,,,,,,,,,,,,,2.00,0.00,,0.00,0.00,,,2.40,0.00,,0.00,
03-22-18,,,,,,,,,0.24,,0.18,,,0.29,0.00,0.05,,0.00,,0.00,0.00,,0.00,,,0.00,,0.00,0.00,,,,,,,,,0.00,,,0.00,0.00,,,0.00,,,,,,,,,0.23,0.00,,,,,,,,,,,,,,,0.00,0.00,,0.00,0.00,,,0.00,0.00,,0.00,
03-23-18,,,,,,,,,0.27,,0.21,,,0.50,0.00,0.05,,0.00,,0.00,0.00,,0.00,,,0.00,,0.00,0.00,,,,,,,,,0.00,,,0.00,0.00,,,0.00,,,,,,,,,0.85,0.00,,,,,,,,,,,,,,,0.00,0.00,,0.00,0.00,,,0.00,0.00,,0.00,
03-24-18,,,,,,,,,0.33,,0.33,,,0.56,0.00,0.18,,0.00,,0.00,0.00,,0.00,,,0.00,,0.00,0.00,,,,,,,,,0.00,,,0.00,0.00,,,0.00,,,,,,,,,3.31,0.00,,,,,,,,,,,,,,,0.00,0.00,,0.00,0.00,,,0.00,0.00,,0.00,
03-25-18,,,,,,,,,0.21,,0.22,,,0.00,0.00,0.59,,0.00,,0.00,0.00,,3.90,,,0.00,,0.00,0.00,,,,,,,,,0.00,,,0.00,0.00,,,0.00,,,,,,,,,3.43,0.00,,,,,,,,,,,,,,,0.00,0.00,,0.00,0.00,,,0.00,0.00,,0.00,
03-26-18,,,,,,,,,0.17,,0.25,,,0.46,0.00,0.89,,0.00,,0.00,0.00,,2.68,,,0.00,,0.00,0.00,,,,,,,,,0.00,,,0.00,0.00,,,0.00,,,,,,,,,0.93,0.00,,,,,,,,,,,,,,,0.00,0.00,,0.00,0.00,,,0.00,0.00,,0.00,
03-27-18,,,,,,,,,0.09,,0.23,,,0.19,0.00,0.52,,0.00,,0.00,0.00,,1.69,,,0.00,,0.00,0.00,,,,,,,,,0.00,,,0.00,0.00,,,0.00,,,,,,,,,0.68,0.00,,,,,,,,,,,,,,,0.00,0.00,,0.00,0.00,,,0.00,0.00,,0.00,
03-28-18,,,,,,,,,0.00,,0.19,,,0.36,0.00,0.68,,0.00,,0.00,0.00,,0.00,,,0.00,,0.00,0.00,,,,,,,,,0.00,,,0.00,0.00,,,0.00,,,,,,,,,0.18,0.00,,,,,,,,,,,,,,,2.80,0.00,,0.00,0.00,,,0.00,0.00,,0.00,
03-29-18,,,,,,,,,0.00,,0.16,,,0.21,0.00,0.68,,0.00,,0.00,0.00,,0.00,,,0.00,,,0.00,,,,,,,,,0.00,,,0.00,0.00,,,0.00,,,,,,,,,0.00,0.00,,,,,,,,,,,,,,,0.00,0.00,,0.00,0.00,,,0.00,0.00,,0.00,
03-30-18,,,,,,,,,,,,,,0.00,0.00,0.25,,0.00,,0.00,0.00,,0.00,,,0.00,,0.00,0.00,,,,,,,,,0.00,,,0.00,0.00,,,0.00,,,,,,,,,0.00,0.00,,,,,,,,,,,,,,,0.00,0.00,,0.00,0.00,,,0.00,0.00,,0.00,
03-31-18,,,,,,,,,,,,,,0.31,0.00,1.16,,0.00,,0.00,0.00,,0.00,,,0.00,,,0.00,,,,,,,,,0.00,,,0.00,0.00,,,0.00,,,,,,,,,0.00,0.00,,,,,,,,,,,,,,,0.00,0.00,,0.00,0.00,,,0.00,0.00,,0.00,
04-01-18,,,,,,,,,,,,,,0.44,0.00,0.31,,0.00,,0.00,0.00,,0.00,,,0.00,,1.25,0.00,,,,,,,,,0.00,,,0.00,0.00,,,0.00,,,,,,,,,0.00,0.00,,,,,,,,,,,,,,,0.00,0.00,,0.00,0.00,,,0.00,0.00,,0.00,
04-02-18,,,,,,,,,,,,,,0.85,0.00,0.00,,0.00,,0.00,0.00,,0.00,,,0.00,,0.00,0.00,,,,,,,,,0.00,,,0.00,0.00,,,0.00,,,,,,,,,0.00,0.00,,,,,,,,,,,,,,,0.00,0.00,,0.00,0.00,,,0.00,0.00,,0.00,
04-03-18,,,,,,,,,0.00,,0.32,,,0.63,0.00,0.27,,0.00,,0.00,0.00,,0.00,,,0.00,,0.00,0.00,,,,,,,,,0.00,,,0.00,0.00,,,0.00,,,,,,,,,0.85,0.00,,,,,,,,,,,,,,,0.00,0.00,,0.00,0.00,,,0.00,0.00,,0.00,
04-04-18,,,,,,,,,0.00,,0.35,,,0.68,0.00,0.00,,0.00,,0.00,0.00,,1.29,,,0.00,,0.00,0.00,,,,,,,,,0.00,,,0.00,0.00,,,0.00,,,,,,,,,1.52,0.00,,,,,,,,,,,,,,,0.00,0.00,,0.00,0.00,,,0.00,0.00,,0.00,
04-05-18,,,,,,,,,0.00,,0.37,,,0.47,0.00,0.00,,0.00,,0.00,0.00,,0.00,,,0.00,,0.00,0.00,,,,,,,,,0.00,,,0.00,0.00,,,0.00,,,,,,,,,3.02,0.86,,,,,,,,,,,,,,,0.00,0.00,,0.00,0.00,,,0.00,0.00,,0.00,
04-06-18,,,,,,,,,0.00,,0.33,,,0.85,0.03,0.02,,0.00,,0.00,0.00,,0.00,,,0.00,,2.00,0.00,,,,,,,,,0.00,,,0.00,0.00,,,0.00,,,,,,,,,3.85,1.00,,,,,,,,,,,,,,,0.00,,,0.00,0.00,,,0.00,0.00,,0.00,
04-07-18,,,,,,,,,0.00,,0.22,,,0.96,0.00,1.14,,0.00,,0.00,0.00,,0.00,,,0.00,,0.00,0.00,,,,,,,,,0.00,,,0.00,0.00,,,0.00,,,,,,,,,2.18,1.00,,,,,,,,,,,,,,,0.00,0.00,,0.00,0.00,,,0.00,0.00,,0.00,
04-08-18,,,,,,,,,0.00,,0.18,,,0.35,0.00,0.47,,0.00,,0.00,0.00,,0.00,,,0.00,,0.00,0.00,,,,,,,,,0.00,,,0.00,0.00,,,0.00,,,,,,,,,1.93,0.12,,,,,,,,,,,,,,,0.00,0.00,,0.00,0.00,,,0.00,0.00,,0.00,
04-09-18,,,,,,,,,0.00,,0.18,,,0.31,0.18,0.72,,0.00,,0.00,0.00,,0.00,,,0.00,,5.21,0.00,,,,,,,,,0.00,,,0.00,0.00,,,0.00,,,,,,,,,0.47,1.00,,,,,,,,,,,,,,,0.00,0.00,,0.00,0.00,,,0.00,0.00,,0.00,
04-10-18,,,,,,,,,0.00,,0.27,,,1.07,0.00,1.12,,0.00,,0.00,0.00,,0.00,,,0.00,,0.00,0.00,,,,,,,,,0.00,,,0.00,2.71,,,0.00,,,,,,,,,0.60,1.58,,,,,,,,,,,,,,,0.00,0.00,,0.00,0.00,,,0.00,0.00,,0.00,
04-11-18,,,,,,,,,2.13,,0.25,,,0.95,0.00,0.12,,0.00,,0.00,0.00,,0.00,,,0.00,,2.67,0.00,,,,,,,,,2.11,,,2.45,4.39,,,44.25,,,,,,,,,16.48,14.17,,,,,,,,,,,,,,,0.00,0.00,,0.00,0.00,,,0.00,0.00,,0.00,
04-12-18,,,,,,,,,0.00,,0.14,,,0.20,0.00,0.18,,0.00,,0.00,0.00,,0.00,,,0.00,,2.79,0.00,,,,,,,,,0.00,,,2.54,5.32,,,0.00,,,,,,,,,26.44,21.59,,,,,,,,,,,,,,,0.00,0.00,,0.00,0.00,,,0.00,0.00,,0.00,
04-13-18,,,,,,,,,0.00,,0.03,,,0.00,0.00,0.00,,3.15,,0.00,5.20,,0.00,,,0.00,,0.00,0.00,,,,,,,,,0.00,,,0.00,0.00,,,0.00,,,,,,,,,19.77,10.70,,,,,,,,,,,,,,,0.00,0.00,,0.00,0.00,,,0.00,0.00,,0.00,
04-14-18,,,,,,,,,0.00,,0.01,,,0.00,0.00,0.00,,2.49,,0.00,7.28,,3.16,,,0.00,,,0.00,,,,,,,,,0.00,,,0.00,0.00,,,0.00,,,,,,,,,10.10,4.05,,,,,,,,,,,,,,,0.00,0.00,,0.00,0.00,,,0.00,0.00,,0.00,
04-15-18,,,,,,,,,0.00,,0.00,,,0.00,0.00,0.00,,1.49,,0.00,6.93,,1.31,,,0.00,,0.00,0.00,,,,,,,,,0.00,,,0.00,0.00,,,0.00,,,,,,,,,4.56,0.00,,,,,,,,,,,,,,,0.00,0.00,,0.00,0.00,,,0.00,0.00,,0.00,
04-16-18,,,,,,,,,0.00,,0.00,,,0.00,0.00,0.00,,0.00,,0.00,6.11,,0.00,,,0.00,,0.00,0.00,,,,,,,,,0.00,,,0.00,0.00,,,0.00,,,,,,,,,1.73,0.00,,,,,,,,,,,,,,,18.50,0.00,,0.00,9.90,,,2.64,0.00,,0.00,
04-17-18,,,,,,,,,0.00,,0.09,,,0.12,0.00,0.00,,0.00,,0.00,5.42,,0.00,,,0.00,,0.00,0.00,,,,,,,,,0.00,,,0.00,0.00,,,0.00,,,,,,,,,0.00,0.52,,,,,,,,,,,,,,,9.70,0.00,,0.00,2.50,,,0.00,0.00,,0.00,
04-18-18,,,,,,,,,0.00,,0.14,,,0.01,0.00,0.00,,0.00,,0.00,0.00,,3.16,,,0.00,,,0.00,,,,,,,,,0.00,,,0.00,0.00,,,0.00,,,,,,,,,0.72,0.00,,,,,,,,,,,,,,,0.00,0.00,,0.00,0.00,,,0.00,0.00,,0.00,
04-19-18,,,,,,,,,0.04,,0.17,,,0.49,0.00,0.00,,0.00,,0.00,0.00,,0.00,,,0.00,,0.00,0.00,,,,,,,,,0.00,,,0.00,0.00,,,0.00,,,,,,,,,0.31,0.00,,,,,,,,,,,,,,,0.00,0.00,,0.00,2.40,,,0.00,0.00,,0.00,
04-20-18,,,,,,,,,0.06,,0.12,,,0.46,0.16,0.26,,0.00,,0.00,0.00,,0.00,,,0.00,,0.00,0.00,,,,,,,,,0.00,,,0.00,0.00,,,0.00,,,,,,,,,0.00,0.43,,,,,,,,,,,,,,,3.70,0.00,,0.00,0.00,,,0.00,0.00,,0.00,
04-21-18,,,,,,,,,0.02,,0.05,,,0.00,0.00,0.00,,0.00,,0.00,0.00,,0.00,,,0.00,,0.00,0.00,,,,,,,,,0.00,,,0.00,0.00,,,0.00,,,,,,,,,1.60,0.39,,,,,,,,,,,,,,,17.30,0.00,,0.00,10.40,,,0.00,0.00,,0.00,
04-22-18,,,,,,,,,0.07,,0.07,,,0.69,0.00,0.00,,0.00,,0.00,0.00,,0.00,,,0.00,,0.00,0.00,,,,,,,,,0.00,,,0.00,0.00,,,0.00,,,,,,,,,0.52,1.38,,,,,,,,,,,,,,,24.80,0.00,,0.00,16.90,,,0.00,0.00,,0.00,
04-23-18,,,,,,,,,0.05,,0.08,,,0.56,0.00,0.00,,0.00,,0.00,0.00,,2.71,,,0.00,,0.00,0.00,,,,,,,,,0.00,,,0.00,0.00,,,0.00,,,,,,,,,0.00,0.46,,,,,,,,,,,,,,,28.60,0.00,,0.00,17.60,,,0.00,0.00,,0.00,
04-24-18,,,,,,,,,0.08,,0.08,,,0.46,0.07,0.07,,0.00,,0.00,0.00,,2.27,,,0.00,,0.00,0.00,,,,,,,,,0.00,,,0.00,0.00,,,0.00,,,,,,,,,2.60,0.83,,,,,,,,,,,,,,,27.10,0.00,,0.00,12.40,,,0.00,0.00,,0.00,
04-25-18,,,,,,,,,0.01,,0.11,,,0.22,0.00,0.00,,0.00,,0.00,0.00,,1.46,,,0.00,,0.00,0.00,,,,,,,,,0.00,,,0.00,0.00,,,0.00,,,,,,,,,5.43,0.21,,,,,,,,,,,,,,,26.50,0.00,,0.00,7.00,,,0.00,0.00,,0.00,
04-26-18,,,,,,,,,0.19,,0.30,,,0.67,0.00,0.44,,0.00,,0.00,0.00,,0.00,,,0.00,,0.00,0.00,,,,,,,,,0.00,,,0.00,0.00,,,0.00,,,,,,,,,4.02,0.80,,,,,,,,,,,,,,,,0.00,,0.00,5.20,,,0.00,0.00,,0.00,
04-27-18,,,,,,,,,0.03,,0.16,,,0.32,0.00,0.00,,0.00,,0.00,0.00,,1.41,,,0.00,,0.00,0.00,,,,,,,,,0.00,,,0.00,0.00,,,0.00,,,,,,,,,0.77,1.27,,,,,,,,,,,,,,,27.30,0.00,,0.00,5.20,,,0.00,0.00,,0.00,
04-28-18,,,,,,,,,0.00,,0.13,,,0.57,0.00,0.00,,0.00,,0.00,0.00,,0.00,,,0.00,,0.00,0.00,,,,,,,,,0.00,,,0.00,0.00,,,0.00,,,,,,,,,6.56,0.58,,,,,,,,,,,,,,,26.60,0.00,,0.00,5.00,,,0.00,0.00,,0.00,
04-29-18,,,,,,,,,0.00,,0.06,,,1.16,0.00,0.16,,0.00,,0.00,0.00,,0.00,,,0.00,,0.00,0.00,,,,,,,,,0.00,,,0.00,0.00,,,0.00,,,,,,,,,6.44,0.67,,,,,,,,,,,,,,,20.20,0.00,,0.00,4.80,,,0.00,0.00,,0.00,
04-30-18,,,,,,,,,0.00,,0.04,,,0.76,0.00,0.09,,0.00,,0.00,0.00,,0.00,,,0.00,,0.00,0.00,,,,,,,,,0.00,,,0.00,0.00,,,0.00,,,,,,,,,4.56,0.67,,,,,,,,,,,,,,,18.90,0.00,,0.00,4.80,,,0.00,0.00,,0.00,
05-01-18,,,,,,,,,0.00,,0.13,,,1.17,0.00,0.02,,0.00,,0.00,0.00,,2.75,,,0.00,,0.00,0.00,,,,,,,,,0.00,,,0.00,0.00,,,0.00,,,,,,,,,1.72,0.79,,,,,,,,,,,,,,,18.60,0.00,,0.00,5.10,,,0.00,0.00,,0.00,
05-02-18,,,,,,,,,0.00,,0.10,,,0.90,0.00,0.18,,0.00,,0.00,0.00,,2.92,,,0.00,,0.00,0.00,,,,,,,,,0.00,,,0.00,0.00,,,0.00,,,,,,,,,4.39,1.22,,,,,,,,,,,,,,,18.60,0.00,,0.00,4.40,,,0.00,0.00,,0.00,
05-03-18,,,,,,,,,0.00,,0.08,,,0.76,0.00,0.00,,0.00,,0.00,0.00,,1.22,,,0.00,,0.00,4.79,,,,,,,,,0.00,,,0.00,0.00,,,0.00,,,,,,,,,0.68,1.33,,,,,,,,,,,,,,,17.70,0.00,,0.00,3.20,,,0.00,0.00,,0.00,
05-04-18,,,,,,,,,0.00,,0.10,,,0.70,0.00,0.05,,0.00,,0.00,0.00,,0.00,,,0.00,,0.00,3.90,,,,,,,,,0.00,,,0.00,0.00,,,0.00,,,,,,,,,2.03,1.50,,,,,,,,,,,,,,,17.50,0.00,,0.00,3.20,,,0.00,,,0.00,
05-05-18,,,,,,,,,0.00,,0.05,,,0.35,0.00,0.00,,0.00,,0.00,0.00,,0.00,,,0.00,,0.00,4.40,,,,,,,,,0.00,,,0.00,0.00,,,0.00,,,,,,,,,0.60,0.57,,,,,,,,,,,,,,,17.30,0.00,,0.00,2.10,,,0.00,0.00,,0.00,
05-06-18,,,,,,,,,0.00,,0.07,,,1.05,0.00,0.00,,0.00,,0.00,0.00,,0.00,,,0.00,,0.00,4.32,,,,,,,,,0.00,,,0.00,0.00,,,0.00,,,,,,,,,0.21,1.00,,,,,,,,,,,,,,,17.10,0.00,,0.00,0.00,,,0.00,0.00,,0.00,
05-07-18,,,,,,,,,0.05,,0.11,,,1.19,0.00,0.49,,0.00,,0.00,0.00,,0.00,,,0.00,,0.00,4.85,,,,,,,,,0.00,,,,0.00,,,0.00,,,,,,,,,0.29,1.48,,,,,,,,,,,,,,,16.70,0.00,,0.00,0.00,,,0.00,0.00,,0.00,
05-08-18,,,,,,,,,0.06,,0.07,,,0.87,0.00,0.16,,0.00,,0.00,0.00,,0.00,,,0.00,,2.42,4.83,,,,,,,,,0.00,,,0.00,0.00,,,0.00,,,,,,,,,0.00,1.55,,,,,,,,,,,,,,,14.40,0.00,,0.00,0.00,,,0.00,0.00,,0.00,
05-09-18,,,,,,,,,1.36,,,,,1.33,0.00,0.39,,0.00,,0.00,0.00,,0.00,,,0.00,,0.00,5.54,,,,,,,,,0.00,,,0.00,0.00,,,0.00,,,,,,,,,0.33,1.04,,,,,,,,,,,,,,,2.90,2.00,,0.00,0.00,,,0.00,0.00,,0.00,
05-10-18,,,,,,,,,2.05,,0.00,,,0.74,0.15,0.68,,0.00,,0.00,0.00,,2.52,,,0.00,,,8.05,,,,,,,,,0.00,,,0.00,0.00,,,0.00,,,,,,,,,3.22,1.17,,,,,,,,,,,,,,,0.00,7.22,,0.00,0.00,,,0.00,0.00,,0.00,
05-11-18,,,,,,,,,0.52,,0.09,,,0.36,0.00,0.41,,0.00,,0.00,0.00,,3.35,,,,,0.00,4.53,,,,,,,,,0.00,,,0.00,0.00,,,0.00,,,,,,,,,4.93,0.38,,,,,,,,,,,,,,,0.00,6.20,,0.00,0.00,,13.43,0.00,0.00,,0.00,
05-12-18,,,,,,,,,0.00,,0.08,,,0.57,0.00,0.55,,0.00,,0.00,0.00,,0.00,,,2.24,,0.00,4.60,,,,,,,,,0.00,,,0.00,0.00,,,0.00,,,,,,,,,3.60,0.58,,,,,,,,,,,,,,,0.00,4.20,,0.00,0.00,,10.06,0.00,0.00,,0.00,
05-13-18,,,,,,,,,0.00,,0.11,,,1.18,0.00,0.68,,0.00,,0.00,0.00,,2.25,,,0.00,,0.00,4.48,,,,,,,,,0.00,,,0.00,0.00,,,0.00,,,,,,,,,3.41,1.57,,,,,,,,,,,,,,,2.20,2.44,,0.00,2.00,,7.41,0.00,2.52,,0.00,
05-14-18,,,,,,,,,0.04,,0.12,,,1.07,0.33,0.68,,0.00,,0.00,0.00,,1.63,,,5.61,,0.00,4.81,,,,,,,,,0.00,,,0.00,7.35,,,,,,,,,,,,2.22,8.41,,,,,,,,,,,,,,,8.50,0.00,,0.00,5.10,,6.10,0.00,0.00,,7.70,
05-15-18,,,,,,,,,0.00,,0.11,,,1.02,0.00,0.68,,0.00,,0.00,0.00,,0.00,,,2.97,,0.00,0.00,,,,,,,,,0.00,,,0.00,4.92,,,0.00,,,,,,,,,6.89,7.96,,,,,,,,,,,,,,,9.20,0.00,,0.00,4.40,,6.87,0.00,0.00,,5.50,
05-16-18,,,,,,,,,0.00,,0.12,,,0.60,0.00,0.42,,0.00,,0.00,0.00,,0.00,,,0.00,,0.00,0.00,,,,,,,,,0.00,,,0.00,0.00,,,0.00,,,,,,,,,4.27,4.04,,,,,,,,,,,,,,,8.20,0.00,,0.00,4.40,,6.80,0.00,,,3.00,
05-17-18,,,,,,,,,0.06,,0.16,,,1.02,0.00,0.14,,0.00,,0.00,0.00,,0.00,,,,,2.71,0.00,,,,,,,,,0.00,,,0.00,2.92,,,31.73,,,,,,,,,2.07,3.17,,,,,,,,,,,,,,,7.10,0.00,,0.00,4.70,,0.00,0.00,0.00,,3.30,
05-18-18,,,,,,,,,0.39,,0.07,,,0.46,0.00,0.30,,0.00,,0.00,0.00,,1.11,,,2.45,,0.00,0.00,,,,,,,,,0.00,,,0.00,0.00,,,0.00,,,,,,,,,2.47,3.29,,,,,,,,,,,,,,,5.60,0.00,,0.00,4.00,,5.86,0.00,0.00,,3.70,
05-19-18,,,,,,,,,0.02,,0.00,,,0.36,0.00,0.29,,0.00,,0.00,0.00,,0.00,,,0.00,,0.00,0.00,,,,,,,,,0.00,,,0.00,0.00,,,0.00,,,,,,,,,5.29,2.40,,,,,,,,,,,,,,,4.50,0.00,,0.00,0.00,,8.13,,0.00,,3.60,
05-20-18,,,,,,,,,0.00,,0.01,,,0.55,0.00,0.00,,0.00,,0.00,0.00,,1.56,,,,,,0.00,,,,,,,,,0.00,,,0.00,0.00,,,0.00,,,,,,,,,2.56,0.69,,,,,,,,,,,,,,,3.30,0.00,,0.00,0.00,,7.23,0.00,0.00,,3.70,
05-21-18,,,,,,,,,0.00,,0.03,,,0.75,0.12,0.03,,0.00,,0.00,3.71,,0.00,,,0.00,,0.00,,,,,,,,,,0.00,,,0.00,0.00,,,0.00,,,,,,,,,6.77,0.00,,,,,,,,,,,,,,,20.70,0.00,,0.00,0.00,0.00,0.00,,0.00,,0.00,
05-22-18,,,,,,,,,0.00,,0.07,,,0.67,0.08,0.11,,0.00,,0.00,8.50,,1.88,,,0.00,,0.00,0.00,,,,,,,,,0.00,,,0.00,0.00,,,0.00,,,,,,,,,6.27,0.00,,,,,,,,,,,,,,,23.00,0.00,,0.00,0.00,0.00,3.15,0.00,0.00,,0.00,
05-23-18,,,,,,,,,0.00,,0.05,,,0.83,0.02,0.00,,0.00,,0.00,11.06,,3.69,,,0.00,,0.00,0.00,,,,,,,,,0.00,,,0.00,0.00,,,0.00,,,,,,,,,5.52,0.00,,,,,,,,,,,,,,,27.10,0.00,,0.00,0.00,0.00,0.00,0.00,0.00,,0.00,
05-24-18,,,,,,,,,0.00,,,,,0.00,0.00,0.00,,0.00,,0.00,10.99,,7.25,,,0.00,,0.00,0.00,,,,,,,,,0.00,,,0.00,0.00,,,0.00,,,,,,,,,3.89,0.00,,,,,,,,,,,,,,,10.50,0.00,,0.00,0.00,0.00,0.00,0.00,0.00,,0.00,
05-25-18,,,,,,,,,0.00,,,,,0.87,0.00,0.00,,0.00,,0.00,10.66,,9.19,,,0.00,,0.00,0.00,,,,,,,,,0.00,,,0.00,0.00,,,0.00,,,,,,,,,4.89,0.00,,,,,,,,,,,,,,,0.00,,,0.00,0.00,0.00,0.00,0.00,0.00,,0.00,
05-26-18,,,,,,,,,0.00,,0.00,,,0.75,0.00,0.11,,0.00,,0.00,10.14,,6.12,,,0.00,,0.00,0.00,,,,,,,,,0.00,,,0.00,0.00,,,0.00,,,,,,,,,3.43,0.27,,,,,,,,,,,,,,,0.00,0.00,,0.00,0.00,0.00,0.00,0.00,0.00,,0.00,
05-27-18,,,,,,,,,0.00,,0.00,,,1.01,0.00,0.00,,0.00,,0.00,7.67,,3.72,,,0.00,,0.00,0.00,,,,,,,,,0.00,,,0.00,8.00,,,0.00,,,,,,,,,3.64,0.00,,,,,,,,,,,,,,,12.50,0.00,,0.00,3.10,0.00,0.00,0.00,0.00,,0.00,
05-28-18,,,,,,,,,0.00,,0.07,,,1.14,0.04,0.29,,0.00,,0.00,6.24,,0.00,,,1.51,,0.00,0.00,,,,,,,,,3.95,,,0.00,10.18,,,0.00,,,,,,,,,1.91,2.52,,,,,,,,,,,,,,,17.30,0.00,,0.00,6.10,0.00,0.00,0.00,0.00,,0.00,
05-29-18,,,,,,,,,4.49,,0.19,,,1.19,0.00,2.88,,0.00,,0.00,4.79,,0.00,,,0.00,,57.25,15.59,,,,,,,,,23.36,,,5.54,25.65,,,,,,,,,,,,5.73,3.90,,,,,,,,,,,,,,,18.60,0.00,,5.10,5.00,0.00,0.00,0.00,0.00,,18.15,
05-30-18,,,,,,,,,16.32,,9.62,,,9.83,2.51,26.77,,0.00,,38.28,4.51,,40.08,,,31.96,,35.96,20.35,,,,,,,,,28.72,,,14.12,25.74,,,0.00,,,,,,,,,7.05,5.59,,,,,,,,,,,,,,,19.00,11.14,,18.90,5.60,14.89,18.48,22.57,41.47,,36.35,
05-31-18,,,,,,,,,53.75,,22.35,,,30.43,15.83,27.84,,0.00,,30.39,2.72,,35.06,,,58.29,,20.75,10.64,,,,,,132.87,,,27.17,,,15.34,22.62,,,0.00,,,,,,,,,8.89,21.81,,,,,,,,,,,,,,,17.70,23.90,,4.80,5.20,7.61,12.12,16.62,25.93,,34.25,
06-01-18,,,,,,,,,48.35,,14.67,,,30.11,13.92,27.88,,0.00,,24.62,2.90,,30.83,,,50.91,,72.75,4.66,,,,,,150.48,,,28.05,,,14.21,20.08,,,0.00,,,,,,,,,8.22,5.54,,,,,,,,,,,,,,,16.70,18.26,,3.10,5.00,0.00,8.74,11.72,20.58,,32.05,
06-02-18,,,,,,,,,43.27,,10.49,,,29.03,12.71,26.48,,0.00,,20.18,5.06,,27.62,,,45.24,,89.54,4.07,,,,,,149.34,,,28.01,,,13.88,18.79,,,0.00,,,,,,,,,8.93,6.64,,,,,,,,,,,,,,,15.40,16.12,,3.50,5.00,2.19,7.32,9.57,17.49,,31.65,
06-03-18,,,,,,,,,40.38,,7.66,,,28.42,12.21,25.33,,0.27,,16.65,5.28,,24.96,,,40.76,,44.79,2.05,,,,,,140.83,,,27.64,,,14.71,18.21,,,0.00,,,,,,,,,9.60,6.65,,,,,,,,,,,,,,,15.00,10.44,,2.20,4.90,0.00,5.37,8.85,14.62,,30.95,
06-04-18,,,,,,,,,37.86,,5.91,,,27.67,10.54,25.83,,1.55,,15.02,10.17,,24.01,,,37.38,,46.42,0.00,,,,,,136.68,,,27.60,,,14.01,18.12,,,0.00,,,,,,,,,11.25,6.73,,,,,,,,,,,,,,,,6.16,,0.00,4.60,0.00,0.00,6.96,10.64,,30.05,
06-05-18,,,,,,,,,35.61,,5.79,,,26.86,9.86,24.81,,1.94,,12.69,6.94,,22.60,,,35.52,,58.42,0.00,,,,,,134.26,,,27.90,,,12.41,19.90,,,0.00,,,,,,,,,11.55,7.15,,,,,,,,,,,,,,,15.20,5.02,,0.00,4.80,0.00,3.48,7.63,5.42,,28.35,
06-06-18,,,,,,,,,35.58,,5.74,,,26.46,9.71,23.67,,1.54,,18.84,7.03,,24.96,,,39.21,,41.38,0.00,,,,,,140.83,,,28.47,,,12.47,26.39,,,0.00,,,,,,,,,9.43,6.44,,,,,,,,,,,,,,,15.10,3.96,,2.40,4.90,10.89,6.45,14.42,8.98,,29.95,
06-07-18,,,,,,,,,35.07,,5.66,,,25.71,9.07,21.58,,1.44,,16.85,5.13,,24.16,,,36.51,,109.71,0.00,,,,,,138.68,,,28.05,,,10.59,24.38,,,0.00,,,,,,,,,9.60,5.82,,,,,,,,,,,,,,,14.80,3.84,,0.00,7.70,0.00,10.89,14.64,11.75,,29.35,
06-08-18,,,,,,,,,34.38,,4.14,,,25.30,8.81,21.25,,1.17,,14.44,2.97,,20.51,,,32.95,,93.08,0.00,,,,,,128.85,,,27.90,,,6.55,22.25,,,0.00,,,,,,,,,24.41,8.44,,,,,,,,,,,,,,,17.10,3.62,,0.00,13.30,0.00,11.17,14.54,11.58,,25.35,
06-09-18,,,,,,,,,33.87,,2.69,,,24.99,8.79,21.04,,1.37,,13.02,2.27,,19.29,,,30.73,,30.92,0.00,,,,,,137.21,,,29.24,,,0.00,24.86,,,5.21,,,,,,,,,28.42,7.37,,,,,,,,,,,,,,,16.40,2.93,,0.00,9.60,0.00,6.88,12.67,0.00,,22.85,
06-10-18,,,,,,,,,46.53,,,,,51.26,9.62,55.70,,0.84,,27.57,1.89,,53.58,,,49.32,,19.21,12.14,,,,,,205.96,,,72.17,,,24.57,104.73,,,,,,,,,,,,43.60,15.10,,,,,,,,,,,,,,,16.10,0.00,,4.20,8.50,15.25,38.79,37.84,77.64,,54.45,
06-11-18,,,,,,,,,49.21,,,,,101.42,34.67,67.44,,0.74,,33.22,1.05,,57.69,,,,,16.08,14.27,,,,,,191.80,,,78.14,,,35.51,117.86,,,,,,,,,,,,56.74,22.98,,,,,,,,,,,,,,,15.80,0.00,,0.00,8.20,16.94,32.26,49.50,41.44,,85.95,
06-12-18,,,,,,,,,32.59,,,,,119.84,36.16,65.73,,0.47,,31.48,0.58,,54.53,,,,,20.71,13.65,,,,,,200.02,,,67.14,,,37.41,107.53,,,,,,,,,,,,56.10,23.52,,,,,,,,,,,,,,,15.80,0.00,,4.90,8.00,19.84,27.35,50.77,39.33,,78.75,
06-13-18,,,,,,,,,32.42,,,,,110.50,35.59,59.08,,10.20,,29.92,20.05,,50.44,,,,,,11.32,,,,,,185.38,,,64.89,,,34.13,102.75,,,0.00,,,,,,,,,51.18,21.44,,,,,,,,,,,,,,,15.70,0.00,,0.00,8.50,18.22,27.91,47.43,33.78,,74.65,
06-14-18,,,,,,,,,32.27,,,,,102.20,33.46,55.38,,18.71,,28.95,25.38,,44.90,,,,,19.79,6.30,,,,,,178.14,,,61.39,,,27.84,93.04,,,0.00,,,,,,,,,48.89,20.90,,,,,,,,,,,,,,,15.70,0.00,,0.00,8.10,14.46,32.84,45.00,28.91,,70.05,
06-15-18,,,,,,,,,32.04,,,,,97.41,31.75,52.08,,17.00,,27.07,25.25,,43.96,,,,,18.83,6.04,,,,,,174.29,,,57.93,,,23.26,83.25,,,0.00,,,,,,,,,46.14,18.73,,,,,,,,,,,,,,,13.00,0.00,,0.00,0.00,11.99,34.90,43.81,31.20,,65.45,
06-16-18,,,,,,,,,31.90,,,,,93.33,30.88,49.92,,15.43,,25.29,23.88,,40.77,,,,,19.21,4.73,,,,,,171.91,,,55.22,,,21.08,78.21,,,0.00,,,,,,,,,41.39,15.23,,,,,,,,,,,,,,,2.60,0.00,,0.00,0.00,9.71,32.92,42.42,31.00,,61.15,
06-17-18,,,,,,,,,31.71,,,,,89.92,29.67,47.42,,13.97,,23.42,38.97,,37.94,,,,,18.12,3.61,,,,,,168.29,,,53.10,,,20.30,72.58,,,0.00,,,,,,,,,39.35,12.05,,,,,,,,,,,,,,,0.00,0.00,,0.00,0.00,12.05,30.39,42.45,30.74,,58.85,
06-18-18,,,,,,,,,31.54,,,,,87.45,28.62,46.17,,23.85,,21.33,40.55,,35.75,,,0.00,,22.00,3.04,,,,,,165.32,,,50.80,,,17.71,66.46,,,0.00,,,,,,,,,38.22,8.25,,,,,,,,,,,,,,,8.60,0.00,,0.00,8.80,13.68,28.65,42.31,30.07,,57.75,
06-19-18,,,,,,,,,31.38,,,,,85.22,27.58,44.67,,27.69,,19.71,49.65,,33.96,,,,,22.04,,,,,,,159.15,,,48.64,,,11.62,61.33,,,0.00,,,,,,,,,33.93,6.77,,,,,,,,,,,,,,,12.40,0.00,,0.00,12.10,12.09,34.91,41.10,27.75,,54.25,
06-20-18,,,,,,,,,31.13,,,,,83.23,27.75,43.96,,25.34,,18.65,44.29,,31.70,,,,,20.58,,,,,,,151.00,,,47.54,,,11.30,58.12,,,0.00,,,,,,,,,31.77,6.35,,,,,,,,,,,,,,,7.70,0.00,,0.00,23.80,10.58,32.22,39.85,25.05,,49.65,
06-21-18,,,,,,,,,30.87,,,,,80.47,28.02,43.20,,23.42,,18.04,60.88,,30.33,,,,,17.09,,,,,,,147.15,,,46.29,,,10.34,54.70,,,0.00,,,,,,,,,30.59,5.51,,,,,,,,,,,,,,,18.60,0.00,,0.00,19.10,8.77,31.78,38.18,19.08,,47.75,
06-22-18,,,,,,,,,30.55,,,,,78.50,27.29,42.08,,21.50,,17.23,54.46,,29.96,,,,,16.67,,,,,,,143.75,,,45.64,,,10.92,52.88,,,0.00,,,,,,,,,29.93,5.73,,,,,,,,,,,,,,,14.60,0.00,,0.00,17.60,9.07,32.76,38.14,20.83,,46.75,
06-23-18,,,,,,,,,30.39,,,,,77.66,26.88,42.85,,22.47,,19.03,55.50,,30.58,,,,,90.88,,,,,,,139.83,,,45.00,,,11.38,51.67,,,0.00,,,,,,,,,29.68,5.81,,,,,,,,,,,,,,,5.60,0.00,,0.00,16.40,5.65,31.54,38.60,15.19,,45.65,
06-24-18,,,,,,,,,32.58,,,,,79.24,28.55,53.17,,45.91,,30.77,69.94,,46.17,,,,,95.83,,,,,,,145.98,,,45.05,,,12.83,49.29,,,0.00,,,,,,,,,29.72,5.35,,,,,,,,,,,,,,,13.30,0.00,,14.90,20.10,21.07,,55.14,31.00,,45.65,
06-25-18,,,,,,,,,32.28,,,,,79.15,30.29,50.12,,56.61,,29.23,85.32,,45.53,,,,,50.04,,,,,,,150.14,,,46.18,,,11.46,47.75,,,0.00,,,,,,,,,30.31,6.06,,,,,,,,,,,,,,,21.20,0.00,,9.00,23.30,22.09,47.60,55.37,36.05,,45.15,
06-26-18,,,,,,,,,30.17,,,,,78.12,29.92,47.29,,55.54,,25.27,90.52,,41.27,,,,,66.62,,,,,,,148.66,,,45.97,,,11.79,53.07,,,,,,,,,,,,36.87,9.08,,,,,,,,,,,,,,,23.40,0.00,,6.70,24.40,20.41,46.04,53.44,,,42.15,
06-27-18,,,,,,,,,29.99,,,,,76.82,29.88,46.12,,53.82,,25.25,95.26,,36.49,,,,,33.75,,,,,,,163.98,,,57.55,,,32.13,58.67,,,0.00,,,,,,,,,39.18,27.79,,,,,,,,,,,,,,,26.90,0.00,,5.10,29.10,19.02,41.26,51.87,36.11,,52.05,
06-28-18,,,,,,,,,29.96,,,,,75.95,28.75,45.92,,52.43,,24.57,102.29,,40.12,,,,,90.21,,,,,,,165.57,,,54.32,,,28.04,51.11,,,,,,,,,,,,40.38,33.90,,,,,,,,,,,,,,,37.00,0.00,,3.40,50.70,19.41,40.41,51.30,36.52,,47.95,
06-29-18,,,,,,,,,29.75,,,,,73.80,26.64,45.29,,50.85,,23.85,100.88,,40.62,,,,,15.50,,,,,,,159.59,,,58.72,,,31.26,66.52,,,15.07,,,,,,,,,38.68,33.06,,,,,,,,,,,,,,,50.10,0.00,,3.20,56.00,19.65,33.24,49.97,39.24,,52.75,
06-30-18,,,,,,,,,29.64,,,,,73.83,26.68,45.33,,66.80,,21.83,105.51,,39.11,,,,,44.88,,,,,,,153.91,,,56.60,,,25.55,59.04,,,0.00,,,,,,,,,34.43,28.99,,,,,,,,,,,,,,,39.50,0.00,,2.70,51.80,16.05,37.23,49.00,39.18,,48.75,
07-01-18,,,,,,,,,27.42,,,,,62.89,26.58,40.67,,90.20,,23.23,117.35,,39.91,,,,,70.17,,,,,,,150.10,,,54.96,,,24.63,56.22,,,0.00,,,,,,,,,33.63,29.06,,,,,,,,,,,,,,,36.70,0.00,,2.30,46.30,11.56,36.68,47.90,36.66,,47.35,
07-02-18,,,,,,,,,23.48,,,,,57.07,25.75,39.86,,87.61,,29.57,121.54,,49.24,,,,,42.96,,,,,,,165.97,,,60.59,,,24.34,57.12,,,0.00,,,,,,,,,36.89,37.98,,,,,,,,,,,,,,,34.60,0.00,,0.00,44.20,16.75,46.43,51.70,44.87,,45.95,
07-03-18,,,,,,,,,36.26,,,,,58.09,27.29,36.08,,86.87,,25.44,122.69,,47.60,,,,,24.96,,,,,,,162.46,,,59.14,,,23.02,54.54,,,0.00,,,,,,,,,40.52,35.47,,,,,,,,,,,,,,,33.20,0.00,,0.00,43.40,14.45,45.12,49.55,39.21,,44.85,
07-04-18,,,,,,,,,36.95,,,,,57.15,29.71,43.73,,81.36,,37.90,121.23,,51.90,,,,,35.62,,,,,,,179.29,,,61.11,,,18.26,57.88,,,84.43,,,,,,,,,40.59,28.80,,,,,,,,,,,,,,,32.00,0.00,,4.40,42.20,18.84,45.63,52.70,81.35,,44.45,
07-05-18,,,,,,,,,16.71,,,,,58.23,36.79,62.67,,78.86,,50.09,126.53,,57.38,,,,,25.08,,,,,,,222.16,,,63.80,,,20.57,92.50,,,0.00,,,,,,,,,49.16,28.73,,,,,,,,,,,,,,,31.50,0.00,,11.80,41.10,47.28,84.33,73.86,54.77,,92.25,
07-06-18,,,,,,,,,10.90,,,,,55.63,35.75,57.22,,80.88,,45.70,138.72,,70.33,,,,,32.33,,,,,,,296.51,,,135.00,,,97.26,143.07,,,18.17,,,,,,,,,72.18,34.19,,,,,,,,,,,,,,,30.90,0.00,,9.10,40.80,28.26,83.88,80.59,65.90,,116.25,
07-07-18,,,,,,,,,8.65,,,,,54.71,34.42,54.75,,81.26,,42.57,142.71,,69.15,,,,,42.00,,,,,,,299.30,,,128.14,,,81.46,143.14,,,39.95,,,,,,,,,78.56,28.56,,,,,,,,,,,,,,,30.30,0.00,,5.60,41.00,41.50,92.65,85.36,49.50,,140.15,
07-08-18,,,,,,,,,8.42,,,,,54.69,33.79,52.42,,79.76,,40.07,141.54,,64.83,,,,,,,,,,,,284.12,,,121.90,,,65.12,131.21,,,32.17,,,,,,,,,74.35,27.51,,,,,,,,,,,,,,,29.90,0.00,,3.40,40.80,41.64,90.59,84.15,50.21,,132.75,
07-09-18,,,,,,,,,7.83,,,,,53.55,33.29,49.58,,81.52,,37.07,145.65,,62.58,,,,,38.46,,,,,,,273.91,,,117.22,,,63.67,120.67,,,24.46,,,,,,,,,70.97,25.82,,,,,,,,,,,,,,,20.70,0.00,,3.70,27.90,40.68,87.67,82.44,48.30,,128.05,
07-10-18,,,,,,,,,6.66,,,,,53.48,32.79,48.46,,78.87,,36.61,145.98,,59.90,,,,,31.67,,,,,,,265.27,,,111.85,,,61.04,112.58,,,17.92,,,,,,,,,68.97,24.85,,,,,,,,,,,,,,,14.00,0.00,,3.90,21.00,39.56,85.39,80.85,47.84,,123.25,
07-11-18,,,,,,,,,5.82,,,,,54.65,32.25,48.04,,77.37,,35.18,142.24,,58.02,,,,,22.21,,,,,,,255.94,,,107.85,,,,107.00,,,14.35,,,,,,,,,65.72,24.73,,,,,,,,,,,,,,,13.60,0.00,,0.00,20.00,36.66,84.32,78.24,46.98,,116.05,
07-12-18,,,,,,,,,4.82,,,,,53.74,31.25,47.54,,75.46,,33.95,131.73,,56.46,,,,,21.04,,,,,,,251.52,,,104.01,,,,102.08,,,10.58,,,,,,,,,63.77,23.32,,,,,,,,,,,,,,,13.50,0.00,,0.00,20.00,36.47,80.30,77.03,45.47,,110.35,
07-13-18,,,,,,,,,3.95,,,,,53.92,31.12,46.54,,73.15,,30.98,129.41,,53.48,,,,,19.75,,,,,,,247.18,,,100.76,,,,89.96,,,0.00,,,,,,,,,50.02,17.02,,,,,,,,,,,,,,,15.10,0.00,,0.00,20.10,36.95,81.53,76.57,44.76,,102.45,
07-14-18,,,,,,,,,3.47,,,,,54.41,31.12,45.97,,71.06,,30.57,129.59,,52.20,,,,,24.46,,,,,,,243.30,,,97.64,,,,76.46,,,0.00,,,,,,,,,41.68,14.81,,,,,,,,,,,,,,,15.10,0.00,,0.00,19.40,34.32,79.22,73.95,43.35,,89.85,
07-15-18,,,,,,,,,3.73,,,,,55.58,30.92,45.54,,70.82,,30.17,129.61,,50.96,,,,,22.29,,,,,,,240.36,,,94.99,,,,72.08,,,0.00,,,,,,,,,40.02,15.60,,,,,,,,,,,,,,,15.90,0.00,,0.00,20.00,32.32,77.40,74.38,40.50,,86.35,
07-16-18,,,,,,,,,19.18,,,,,55.92,31.12,48.84,,70.67,,30.07,129.32,,50.18,,,,,46.26,,,,,,,237.78,,,93.18,,,,71.22,,,0.00,,,,,,,,,40.16,14.73,,,,,,,,,,,,,,,16.00,10.68,,0.00,19.70,30.40,75.63,74.12,38.10,,85.35,
07-17-18,,,,,,,,,28.56,,,,,56.06,32.02,48.08,,71.65,,37.17,128.73,,52.10,,,,,62.54,,,,,,,246.28,,,92.76,,,,69.58,,,0.00,,,,,,,,,40.51,14.73,,,,,,,,,,,,,,,15.80,9.95,,7.90,20.10,27.62,73.47,72.59,35.47,,84.15,
07-18-18,,,,,,,,,52.51,,,,,60.13,54.43,54.47,,68.90,,57.78,129.14,,52.17,,,,,22.29,,,,,,,249.38,,,91.97,,,,68.38,,,0.00,,,,,,,,,40.18,15.48,,,,,,,,,,,,,,,15.80,13.14,,5.90,20.50,26.94,75.60,70.74,32.74,,83.55,
07-19-18,,,,,,,,,52.55,,,,,71.60,60.19,52.53,,66.55,,52.86,122.84,,49.73,,,0.00,,17.83,,,,,,,247.71,,,90.14,,,,66.83,,,0.00,,,,,,,,,41.22,16.23,,,,,,,,,,,,,,,15.50,0.00,,0.00,20.80,29.70,79.30,74.37,30.20,,82.95,
07-20-18,,,,,,,,,47.87,,,,,75.69,58.51,52.12,,65.14,,49.43,117.67,,49.88,,,,,25.33,,,,,,,244.20,,,89.39,,,,67.04,,,,,,,,,,,,40.52,16.65,,,,,,,,,,,,,,,18.80,0.00,,0.00,19.80,38.27,83.61,82.88,39.30,,82.85,
07-21-18,,,,,,,,,44.01,,,,,74.63,53.50,51.21,,64.93,,46.23,114.96,,50.60,,,,,21.33,,,,,,,238.38,,,88.72,,,,66.48,,,0.00,,,,,,,,,41.59,16.35,,,,,,,,,,,,,,,36.00,0.00,,0.00,20.50,38.28,85.13,83.57,41.26,,83.25,
07-22-18,,,,,,,,,41.87,,,,,72.65,52.79,51.42,,68.09,,46.20,115.21,,50.21,,,,,44.38,,,,,,,226.63,,,94.09,,,,80.83,,,,,,,,,,,,48.17,20.16,,,,,,,,,,,,,,,37.00,0.00,,0.00,20.80,30.06,85.02,78.95,32.48,,88.85,
07-23-18,,,,,,,,,39.97,,,,,71.66,50.79,50.71,,72.04,,43.96,117.65,,49.21,,,,,18.62,,,,,,,226.07,,,87.81,,,,70.88,,,0.00,,,,,,,,,42.02,17.69,,,,,,,,,,,,,,,15.70,0.00,,0.00,22.40,30.32,86.09,77.72,31.73,,88.05,
07-24-18,,,,,,,,,39.25,,,,,71.77,50.50,50.54,,72.58,,31.69,118.16,,48.40,,,,,,,,,,,,224.79,,,84.47,,,,65.88,,,0.00,,,,,,,,,41.89,15.38,,,,,,,,,,,,,,,22.60,0.00,,0.00,22.40,30.86,86.60,78.30,33.24,,86.65,
07-25-18,,,,,,,,,39.33,,,,,70.68,48.83,50.38,,71.74,,29.40,118.56,,47.66,,,,,21.96,,,,,,,223.38,,,83.97,,,,63.83,,,0.00,,,,,,,,,41.68,15.60,,,,,,,,,,,,,,,23.80,0.00,,0.00,18.10,30.24,,77.37,30.55,,86.15,
07-26-18,,,,,,,,,38.41,,,,,70.40,48.46,50.00,,71.98,,48.32,118.29,,46.49,,,,,28.46,,,,,,,221.65,,,83.38,,,,61.67,,,0.00,,,,,,,,,41.85,14.44,,,,,,,,,,,,,,,22.20,0.00,,0.00,16.40,31.28,87.61,79.16,34.65,,83.65,
07-27-18,,,,,,,,,39.43,,,,,72.50,49.13,50.73,,71.83,,53.52,117.85,,49.04,,,,,24.79,,,,,,,221.90,,,84.99,,,,62.96,,,0.00,,,,,,,,,42.10,14.05,,,,,,,,,,,,,,,22.00,0.00,,0.00,15.90,30.72,87.36,78.94,34.89,,80.45,
07-28-18,,,,,,,,,38.16,,,,,73.00,47.83,49.68,,72.41,,53.86,129.59,,58.08,,,,,17.92,,,,,,,219.96,,,86.59,,,,64.62,,,,,,,,,,,,41.72,13.90,,,,,,,,,,,,,,,22.70,0.00,,5.20,15.70,42.55,90.47,90.76,43.05,,80.65,
07-29-18,,,,,,,,,38.46,,,,,74.26,47.87,49.60,,71.33,,52.77,129.63,,56.42,,,,,43.17,,,,,,,219.49,,,85.42,,,,61.38,,,0.00,,,,,,,,,41.56,13.46,,,,,,,,,,,,,,,28.30,0.00,,0.00,17.80,40.01,97.18,87.80,41.76,,80.15,
07-30-18,,,,,,,,,37.94,,,,,74.87,47.08,49.58,,69.87,,53.09,129.68,,54.61,,,,,52.21,,,,,,,217.93,,,83.72,,,,60.65,,,0.00,,,,,,,,,41.03,12.95,,,,,,,,,,,,,,,23.30,0.00,,0.00,15.00,36.17,93.32,83.44,38.20,,79.45,
07-31-18,,,,,,,,,37.81,,,,,74.67,46.92,49.67,,70.78,,53.47,130.00,,54.17,,,,,9.08,,,,,,,216.87,,,82.51,,,10.26,59.65,,,0.00,,,,,,,,,41.46,12.38,,,,,,,,,,,,,,,46.00,0.00,,0.00,17.50,35.71,94.94,82.69,39.88,,79.15,
08-01-18,,,,,,,,,37.50,,,,,73.93,45.92,49.38,,70.28,,52.32,135.69,,54.17,,,,,2.46,,,,,,,216.04,,,82.42,,,28.67,58.46,,,0.00,,,,,,,,,40.81,11.69,,,,,,,,,,,,,,,64.60,0.00,,0.00,18.00,34.65,89.93,82.80,38.87,,78.55,
08-02-18,,,,,,,,,37.36,,,,,73.92,45.87,49.25,,69.64,,51.52,135.33,,52.37,,,,,19.17,,,,,,,215.10,,,81.01,,,41.01,56.92,,,0.00,,,,,,,,,41.47,11.48,,,,,,,,,,,,,,,59.40,0.00,,0.00,18.20,34.22,91.39,82.11,38.45,,78.05,
08-03-18,,,,,,,,,37.21,,,,,74.27,44.75,49.25,,67.58,,50.15,134.12,,51.56,,,,,18.67,,,,,,,212.65,,,79.86,,,42.26,61.79,,,0.00,,,,,,,,,57.30,18.06,,,,,,,,,,,,,,,53.30,0.00,,0.00,22.80,32.82,91.16,80.25,32.66,,76.55,
08-04-18,,,,,,,,,36.97,,,,,73.06,44.59,49.38,,66.73,,50.47,133.69,,52.31,,,,,13.71,,,,,,,210.46,,,79.64,,,41.46,61.71,,,0.00,,,,,,,,,56.14,11.69,,,,,,,,,,,,,,,68.90,0.00,,0.00,35.60,34.45,93.42,81.63,33.15,,77.05,
08-05-18,,,,,,,,,36.74,,,,,73.66,43.83,48.88,,66.51,,48.32,133.33,,52.00,,,,,13.83,,,,,,,208.68,,,79.20,,,42.34,63.95,,,0.00,,,,,,,,,52.39,14.69,,,,,,,,,,,,,,,,0.00,,0.00,45.90,35.66,94.95,81.70,34.79,,74.95,
08-06-18,,,,,,,,,36.61,,,,,73.73,44.21,48.79,,66.90,,44.87,133.14,,51.11,,,,,17.83,,,,,,,221.99,,,79.07,,,41.26,62.00,,,0.00,,,,,,,,,48.90,16.47,,,,,,,,,,,,,,,77.10,0.00,,0.00,46.30,35.02,94.19,81.19,33.87,,74.75,
08-07-18,,,,,,,,,35.75,,,,,74.10,45.56,59.54,,65.88,,67.35,133.01,,75.58,,,,,41.58,,,,,,,,,,102.03,,,75.33,98.55,,,43.61,,,,,,,,,74.68,39.73,,,,,,,,,,,,,,,73.90,0.00,,0.00,44.40,56.03,115.69,100.89,84.59,,95.75,
08-08-18,,,,,,,,,34.94,,,,,72.92,45.12,60.52,,64.62,,58.83,132.81,,89.10,,,,,59.18,,,,,,,228.77,,,100.03,,,68.21,87.14,,,40.14,,,,,,,,,72.82,35.50,,,,,,,,,,,,,,,71.90,4.75,,0.00,44.20,63.27,128.58,112.67,62.35,,90.55,
08-09-18,,,,,,,,,34.51,,,,,71.93,44.51,56.77,,63.66,,54.13,132.68,,83.03,,,,,8.13,,,,,,,225.10,,,96.99,,,59.95,75.96,,,34.74,,,,,,,,,69.64,30.25,,,,,,,,,,,,,,,45.60,4.46,,0.00,41.30,61.12,125.85,111.65,59.72,,84.45,
08-10-18,,,,,,,,,33.94,,,,,70.74,43.56,55.08,,64.72,,49.11,132.35,,76.21,,,,,9.62,,,,,,,222.65,,,92.82,,,52.96,68.88,,,29.61,,,,,,,,,65.39,28.02,,,,,,,,,,,,,,,44.00,,,0.00,39.40,57.43,122.11,104.66,56.56,,77.45,
08-11-18,,,,,,,,,33.37,,,,,70.63,43.72,53.54,,64.00,,47.09,132.32,,70.72,,,,,9.58,,,,,,,220.72,,,90.12,,,48.03,64.29,,,26.78,,,,,,,,,63.97,26.73,,,,,,,,,,,,,,,45.10,3.25,,0.00,39.10,53.92,117.51,101.10,53.43,,73.55,
08-12-18,,,,,,,,,32.85,,,,,70.22,43.59,52.42,,63.08,,45.04,132.08,,68.79,,,,,9.13,,,,,,,219.02,,,88.00,,,46.54,62.17,,,24.48,,,,,,,,,61.29,26.47,,,,,,,,,,,,,,,46.60,5.59,,0.00,39.90,51.57,114.95,98.98,49.62,,71.75,
08-13-18,,,,,,,,,32.73,,,,,70.00,44.20,52.15,,63.28,,43.84,131.77,,67.08,,,,,7.05,,,,,,,217.54,,,89.64,,,47.87,72.33,,,30.68,,,,,,,,,68.48,34.35,,,,,,,,,,,,,,,46.10,4.38,,0.00,42.20,45.53,110.88,95.45,46.47,,74.15,
08-14-18,,,,,,,,,32.36,,,,,68.27,43.37,51.29,,63.41,,41.96,131.61,,65.29,,,,,11.21,,,,,,,215.85,,,89.72,,,46.46,76.04,,,34.29,,,,,,,,,70.77,38.65,,,,,,,,,,,,,,,47.00,5.86,,0.00,46.10,49.58,110.72,96.26,48.07,,75.15,
08-15-18,,,,,,,,,32.01,,,,,67.64,42.54,49.46,,64.42,,38.28,131.16,,61.04,,,,,4.83,,,,,,,213.83,,,86.60,,,44.67,68.50,,,29.54,,,,,,,,,67.72,34.27,,,,,,,,,,,,,,,42.10,4.27,,0.00,42.30,49.82,110.42,95.83,46.87,,70.85,
08-16-18,,,,,,,,,31.76,,,,,67.18,41.86,47.61,,63.56,,35.57,131.03,,57.05,,,,,2.14,,,,,,,211.28,,,84.72,,,41.99,62.87,,,25.52,,,,,,,,,65.00,30.77,,,,,,,,,,,,,,,38.30,2.30,,0.00,37.60,49.76,107.95,95.45,48.59,,65.95,
08-17-18,,,,,,,,,30.99,,,,,67.72,42.29,45.88,,63.22,,33.37,130.83,,56.79,,,,,0.00,,,,,,,209.16,,,83.03,,,41.95,59.62,,,23.92,,,,,,,,,64.91,29.73,,,,,,,,,,,,,,,44.70,0.00,,0.00,39.80,48.57,107.26,94.31,49.52,,62.15,
08-18-18,,,,,,,,,30.46,,,,,67.48,41.90,45.75,,62.82,,38.57,130.69,,56.57,,,,,,,,,,,,208.04,,,83.89,,,44.39,59.17,,,21.54,,,,,,,,,65.99,32.59,,,,,,,,,,,,,,,56.30,0.00,,0.00,43.10,46.10,104.45,91.45,45.20,,61.55,
08-19-18,,,,,,,,,30.43,,,,,66.56,40.20,45.29,,63.85,,52.83,130.51,,55.17,,,,,0.00,,,,,,,207.11,,,82.46,,,47.09,56.88,,,19.62,,,,,,,,,64.99,29.82,,,,,,,,,,,,,,,52.40,0.00,,0.00,63.80,44.92,101.59,89.94,41.25,,61.35,
08-20-18,,,,,,,,,30.42,,,,,66.52,39.42,42.75,,63.03,,38.66,131.48,,53.76,,,,,0.00,,,,,,,205.97,,,80.51,,,46.45,53.21,,,17.12,,,,,,,,,62.81,28.27,,,,,,,,,,,,,,,40.60,0.00,,0.00,70.80,45.45,101.72,90.34,41.75,,62.45,
08-21-18,,,,,,,,,30.05,,,,,65.42,40.17,42.29,,61.84,,36.26,131.10,,52.19,,,,,0.00,,,,,,,205.19,,,79.30,,,45.42,48.29,,,15.62,,,,,,,,,61.52,26.94,,,,,,,,,,,,,,,38.70,0.00,,0.00,61.50,46.83,102.19,91.15,43.89,,62.65,
08-22-18,,,,,,,,,29.17,,,,,66.94,40.00,42.79,,60.19,,34.17,130.65,,49.70,,,,,0.00,,,,,,,203.85,,,78.55,,,44.59,45.78,,,14.90,,,,,,,,,61.58,25.58,,,,,,,,,,,,,,,38.40,0.00,,0.00,56.10,46.43,104.02,91.31,46.11,,60.75,
08-23-18,,,,,,,,,26.96,,,,,67.09,38.67,43.07,,59.42,,33.78,130.53,,49.23,,,,,0.00,,,,,,,,,,88.72,,,56.61,78.27,,,38.09,,,,,,,,,116.26,49.23,,,,,,,,,,,,,,,41.20,0.00,,0.00,54.70,43.09,101.38,87.52,38.56,,58.95,
08-24-18,,,,,,,,,26.07,,,,,65.83,35.38,41.38,,60.74,,48.79,130.19,,47.62,,,,,0.00,,,,,,,204.14,,,96.10,,,65.96,82.25,,,46.63,,,,,,,,,120.97,61.27,,,,,,,,,,,,,,,41.20,3.50,,0.00,53.40,48.00,110.70,105.22,45.48,,61.35,
08-25-18,,,,,,,,,24.81,,,,,64.23,34.03,39.38,,60.99,,34.32,129.88,,46.72,,,,,0.00,,,,,,,202.88,,,90.22,,,63.43,74.50,,,41.46,,,,,,,,,116.06,54.52,,,,,,,,,,,,,,,37.60,4.42,,0.00,51.50,50.70,110.60,105.67,49.03,,58.05,
08-26-18,,,,,,,,,22.08,,,,,62.60,33.25,36.21,,60.63,,29.61,129.84,,44.36,,,,,0.00,,,,,,,200.93,,,82.47,,,60.63,63.50,,,32.04,,,,,,,,,106.93,46.10,,,,,,,,,,,,,,,36.60,4.39,,0.00,48.10,49.25,108.92,105.14,45.47,,53.85,
08-27-18,,,,,,,,,19.43,,,,,61.89,31.83,34.58,,62.60,,27.27,132.18,,41.25,,,,,0.00,,,,,,,198.98,,,79.97,,,57.56,56.96,,,26.65,,,,,,,,,100.52,41.69,,,,,,,,,,,,,,,43.60,4.14,,0.00,52.20,47.90,106.01,103.15,43.93,,51.75,
08-28-18,,,,,,,,,18.40,,,,,60.49,28.67,32.42,,62.58,,26.22,132.33,,37.52,,,,,0.00,,,,,,,197.61,,,77.80,,,53.69,50.33,,,24.58,,,,,,,,,94.46,39.09,,,,,,,,,,,,,,,72.60,3.98,,0.00,75.30,46.77,105.21,101.89,43.97,,46.75,
08-29-18,,,,,,,,,18.10,,,,,58.12,26.54,30.34,,62.59,,22.90,129.44,,34.75,,,,,0.00,,,,,,,196.81,,,77.01,,,53.67,44.58,,,21.79,,,,,,,,,92.74,46.31,,,,,,,,,,,,,,,73.00,3.50,,0.00,84.00,45.14,99.36,100.74,43.07,,44.05,
08-30-18,,,,,,,,,17.62,,,,,57.31,26.00,29.50,,60.77,,22.78,129.11,,33.14,,,,,0.00,,,,,,,204.10,,,78.01,,,54.48,41.39,,,,,,,,,,,,105.98,62.15,,,,,,,,,,,,,,,66.70,3.50,,0.00,70.70,43.45,95.52,98.51,41.53,,45.25,
08-31-18,,,,,,,,,17.35,,,,,56.68,26.48,29.29,,60.17,,21.63,129.10,,32.58,,,,,0.00,,,,,,,212.46,,,82.58,,,53.84,43.37,,,34.04,,,,,,,,,120.55,65.69,,,,,,,,,,,,,,,64.20,2.96,,0.00,71.00,43.67,98.62,97.85,41.26,,46.45,
09-01-18,,,,,,,,,,,,,,56.21,20.97,29.33,,60.49,,22.90,128.81,,32.24,,,,,0.00,,,,,,,211.07,,,77.43,,,52.51,53.67,,,36.83,,,,,,,,,123.93,63.81,,,,,,,,,,,,,,,50.90,5.68,,0.00,68.60,47.23,99.52,96.70,39.76,,43.85,
09-02-18,,,,,,,,,17.11,,,,,55.98,21.62,28.92,,60.33,,18.94,128.47,,29.20,,,,,0.00,,,,,,,208.42,,,76.80,,,53.16,44.46,,,32.12,,,,,,,,,114.77,57.52,,,,,,,,,,,,,,,44.50,4.87,,0.00,81.90,49.25,102.70,100.15,44.20,,41.95,
09-03-18,,,,,,,,,14.91,,,,,55.62,19.94,26.37,,59.95,,14.73,128.31,,23.98,,,,,0.00,,,,,,,205.41,,,74.93,,,50.30,37.88,,,28.00,,,,,,,,,108.56,53.73,,,,,,,,,,,,,,,50.30,4.23,,0.00,72.80,53.20,103.48,100.03,43.89,,39.25,
09-04-18,,,,,,,,,10.67,,,,,55.20,17.00,22.42,,60.48,,10.32,127.84,,20.08,,,,,0.00,,,,,,,202.55,,,71.85,,,48.01,27.92,,,24.00,,,,,,,,,103.64,49.56,,,,,,,,,,,,,,,55.70,3.21,,0.00,72.40,48.42,101.87,99.44,42.92,,36.35,
09-05-18,,,,,,,,,7.40,,,,,51.83,13.42,19.67,,60.09,,6.61,127.51,,16.18,,,,,0.00,,,,,,,199.44,,,67.97,,,46.89,21.96,,,22.04,,,,,,,,,100.52,46.90,,,,,,,,,,,,,,,56.90,0.00,,0.00,70.80,47.42,97.04,97.50,39.35,,32.65,
09-06-18,,,,,,,,,4.60,,,,,50.11,10.75,17.58,,60.28,,0.00,127.13,,12.75,,,,,0.00,,,,,,,198.79,,,63.93,,,44.71,14.33,,,19.50,,,,,,,,,97.02,49.15,,,,,,,,,,,,,,,59.40,0.00,,0.00,74.10,44.10,96.61,96.10,37.50,,27.15,
09-07-18,,,,,,,,,1.34,,,,,47.53,8.29,14.92,,59.10,,0.00,127.04,,9.10,,,,,0.00,,,,,,,197.75,,,59.47,,,42.71,6.17,,,17.96,,,,,,,,,94.89,46.77,,,,,,,,,,,,,,,58.30,0.00,,0.00,77.00,43.12,93.28,94.66,34.89,,21.25,
09-08-18,,,,,,,,,0.00,,,,,45.27,6.08,11.58,,59.04,,0.00,126.90,,5.33,,,,,0.00,,,,,,,196.57,,,55.72,,,37.67,2.33,,,15.54,,,,,,,,,91.72,45.27,,,,,,,,,,,,,,,57.80,0.00,,0.00,82.80,47.19,85.97,92.05,30.60,,13.65,
09-09-18,,,,,,,,,0.00,,,,,43.14,3.17,7.58,,59.90,,0.00,126.73,,2.70,,,,,0.00,,,,,,,194.88,,,51.89,,,34.26,2.50,,,13.17,,,,,,,,,88.52,42.85,,,,,,,,,,,,,,,56.80,,,0.00,82.90,37.84,86.23,91.31,27.81,,0.00,
09-10-18,,,,,,,,,0.00,,,,,38.69,0.92,2.92,,59.27,,0.00,128.52,,4.62,,,,,,,,,,,,193.02,,,48.51,,,32.63,0.00,,,9.88,,,,,,,,,86.35,39.52,,,,,,,,,,,,,,,55.60,0.00,,0.00,81.30,39.80,84.73,90.82,28.02,,0.00,
09-11-18,,,,,,,,,0.00,,,,,37.36,0.00,0.83,,58.28,,0.00,128.41,,0.00,,,,,0.00,,,,,,,191.20,,,45.10,,,30.55,0.00,,,8.71,,,,,,,,,84.35,37.56,,,,,,,,,,,,,,,60.90,0.00,,0.00,93.50,37.15,81.07,88.85,24.83,,0.00,
09-12-18,,,,,,,,,0.00,,,,,35.19,0.00,0.92,,56.89,,0.00,128.40,,0.00,,,0.00,,0.00,,,,,,,189.48,,,41.10,,,31.51,0.00,,,7.04,,,,,,,,,82.31,36.31,,,,,,,,,,,,,,,54.10,0.00,,0.00,96.60,30.38,75.15,86.32,21.15,,0.00,
09-13-18,,,,,,,,,0.23,,,,,35.23,0.00,0.73,,56.35,,0.00,128.48,,0.00,,,0.00,,0.00,,,,,,,187.19,,,37.60,,,29.21,0.00,,,3.96,,,,,,,,,80.14,34.73,,,,,,,,,,,,,,,64.80,0.00,,0.00,92.80,40.28,76.75,82.92,19.85,,0.00,
09-14-18,,,,,,,,,0.00,,,,,33.78,0.00,0.00,,55.77,,2.07,128.09,,0.00,,,0.00,,0.00,,,,,,,183.93,,,34.76,,,27.34,0.00,,,0.00,,,,,,,,,76.68,32.44,,,,,,,,,,,,,,,66.20,0.00,,0.00,86.60,36.49,73.50,81.91,18.42,,0.00,
09-15-18,,,,,,,,,0.11,,,,,32.47,0.00,0.51,,56.33,,2.23,127.80,,0.00,,,0.00,,0.00,,,,,,,181.63,,,31.68,,,26.55,0.00,,,0.00,,,,,,,,,74.31,31.64,,,,,,,,,,,,,,,67.90,0.00,,0.00,82.80,29.75,66.17,79.46,14.27,,0.00,
09-16-18,,,,,,,,,0.00,,,,,30.89,0.00,0.25,,55.91,,2.37,126.96,,0.00,,,0.00,,0.00,,,,,,,180.07,,,29.47,,,26.51,0.00,,,0.00,,,,,,,,,73.18,30.90,,,,,,,,,,,,,,,76.30,0.00,,0.00,91.00,33.03,64.95,78.08,14.03,,0.00,
09-17-18,,,,,,,,,0.04,,,,,28.34,0.12,0.25,,56.16,,0.00,126.10,,0.00,,,0.00,,0.00,,,,,,,179.35,,,27.90,,,27.12,0.00,,,2.39,,,,,,,,,72.18,32.12,,,,,,,,,,,,,,,86.70,0.00,,0.00,94.30,24.40,65.08,77.28,13.24,,0.00,
09-18-18,,,,,,,,,0.46,,,,,26.35,0.10,5.75,,54.07,,15.43,125.54,,29.33,,,27.35,,,,,,,,,,,,44.96,,,42.57,15.58,,,25.33,,,,,,,,,156.60,62.56,,,,,,,,,,,,,,,,0.00,,0.00,87.60,49.53,86.27,100.69,36.62,,19.15,
09-19-18,,,,,,,,,0.00,,,,,27.57,0.00,1.62,,53.05,,23.27,125.74,,29.04,,,33.32,,0.00,,,,,,,181.80,,,36.72,,,44.92,34.62,,,36.65,,,,,,,,,140.30,71.54,,,,,,,,,,,,,,,,0.00,,0.00,87.60,55.50,120.46,118.85,49.88,,39.85,
09-20-18,,,,,,,,,0.00,,,,,25.52,0.12,0.50,,50.73,,20.02,125.51,,24.60,,,24.65,,0.00,,,,,,,180.39,,,35.72,,,30.57,7.54,,,36.40,,,,,,,,,135.51,59.21,,,,,,,,,,,,,,,,0.00,,0.00,85.40,51.72,108.55,116.65,48.68,,34.05,
09-21-18,,,,,,,,,0.00,,,,,24.51,0.00,0.16,,48.68,,13.15,125.78,,17.42,,,21.74,,0.00,,,,,,,182.28,,,36.51,,,29.80,11.96,,,28.54,,,,,,,,,122.93,53.56,,,,,,,,,,,,,,,,0.00,,0.00,85.50,53.42,106.52,115.20,50.29,,28.25,
09-22-18,,,,,,,,,0.00,,,,,21.33,0.00,0.04,,46.21,,5.98,125.41,,9.61,,,14.42,,0.00,,,,,,,179.49,,,31.05,,,25.39,0.00,,,26.91,,,,,,,,,110.09,52.81,,,,,,,,,,,,,,,,0.00,,0.00,87.40,49.57,98.84,111.64,46.80,,18.85,
09-23-18,,,,,,,,,0.13,,,,,17.56,0.00,0.00,,42.53,,2.57,124.41,,6.35,,,9.21,,0.00,,,,,,,179.26,,,28.18,,,26.92,0.00,,,33.95,,,,,,,,,116.68,62.31,,,,,,,,,,,,,,,91.40,0.00,,0.00,86.00,48.74,98.35,109.15,44.71,,18.85,
09-24-18,,,,,,,,,0.22,,,,,13.30,0.29,0.00,,39.69,,0.00,125.07,,2.40,,,5.28,,0.00,,,,,,,178.31,,,25.30,,,26.13,0.00,,,29.29,,,,,,,,,112.27,60.81,,,,,,,,,,,,,,,90.30,,,0.00,85.60,47.76,98.35,109.23,43.91,,14.55,
09-25-18,,,,,,,,,0.45,,,,,5.40,0.00,0.04,,38.02,,0.00,125.28,,1.68,,,4.43,,0.00,,,,,,,180.88,,,24.18,,,26.26,0.00,,,26.62,,,,,,,,,107.22,57.35,,,,,,,,,,,,,,,90.90,0.00,,0.00,85.80,47.81,93.11,108.48,41.90,,8.25,
09-26-18,,,,,,,,,0.59,,,,,0.58,0.00,0.54,,36.50,,0.00,124.97,,0.00,,,0.00,,0.00,,,,,,,182.37,,,21.72,,,26.30,0.00,,,24.04,,,,,,,,,103.93,52.94,,,,,,,,,,,,,,,90.10,0.00,,0.00,85.30,46.31,95.41,107.57,42.10,,0.00,
09-27-18,,,,,,,,,0.65,,,,,0.59,0.07,0.62,,37.18,,8.34,115.59,,14.63,,,0.00,,8.96,,,,,,,211.70,,,33.19,,,29.06,0.00,,,22.25,,,,,,,,,100.72,50.33,,,,,,,,,,,,,,,87.10,0.00,,0.00,83.10,47.98,95.53,110.93,45.67,,19.15,
09-28-18,,,,,,,,,0.02,,,,,1.04,0.15,0.86,,35.28,,7.27,119.12,,14.77,,,50.03,,0.00,,,,,,,224.02,,,41.84,,,39.17,0.00,,,46.70,,,,,,,,,105.53,76.73,,,,,,,,,,,,,,,84.30,0.00,,0.00,80.10,47.50,101.73,113.07,43.32,,35.05,
09-29-18,,,,,,,,,0.20,,,,,1.09,0.33,1.29,,32.66,,,120.96,,22.23,,,42.97,,5.04,,,,,,,227.35,,,86.47,,,78.94,4.36,,,52.48,,,,,,,,,118.68,70.23,,,,,,,,,,,,,,,84.40,0.00,,0.00,78.60,49.57,108.91,118.43,42.18,,49.95,
09-30-18,,,,,,,,,0.17,,,,,1.02,0.61,1.29,,31.22,,,122.60,,30.02,,,38.25,,41.75,,,,,,,239.54,,,103.84,,,80.82,7.67,,,68.33,,,,,,,,,149.07,79.11,,,,,,,,,,,,,,,85.30,0.00,,3.70,78.40,59.73,113.99,125.49,56.78,,64.85,
10-01-18,,,,,,,,,0.10,,,,,0.48,0.00,0.58,,29.15,,,123.23,,28.33,,,59.87,,28.38,,,,,,,237.61,,,97.64,,,84.17,14.88,,,74.79,,,,,,,,,145.56,79.98,,,,,,,,,,,,,,,84.00,0.00,,4.20,77.80,65.45,124.78,124.07,47.48,,58.55,
10-02-18,,,,,,,,,0.06,,,,,0.80,0.00,0.94,,29.35,,,123.37,,20.64,,,49.63,,18.33,,,,,,,233.42,,,92.26,,,83.13,26.42,,,68.62,,,,,,,,,139.72,77.35,,,,,,,,,,,,,,,83.90,0.00,,0.00,77.20,64.25,123.85,121.60,45.16,,51.25,
10-03-18,,,,,,,,,0.00,,,,,0.59,0.33,0.10,,28.06,,,123.34,,15.90,,,44.00,,16.06,,,,,,,231.25,,,88.14,,,80.76,24.77,,,63.06,,,,,,,,,135.18,73.54,,,,,,,,,,,,,,,83.10,0.00,,0.00,75.20,64.38,122.09,121.63,46.78,,43.75,
10-04-18,,,,,,,,,0.00,,,,,0.49,0.33,0.47,,28.19,,,122.79,,9.08,,,36.65,,11.26,,,,,,,227.03,,,79.05,,,75.04,12.40,,,55.78,,,,,,,,,127.59,68.38,,,,,,,,,,,,,,,81.30,0.00,,0.00,72.70,65.73,120.67,121.93,47.27,,33.65,
10-05-18,,,,,,,,,0.00,,,,,0.36,0.16,0.47,,27.19,,,121.37,,5.46,,,31.22,,7.05,,,,,,,222.36,,,68.94,,,69.07,2.57,,,50.87,,,,,,,,,121.23,65.68,,,,,,,,,,,,,,,80.30,0.00,,0.00,70.40,62.25,113.78,119.18,43.27,,26.45,
10-06-18,,,,,,,,,0.00,,,,,0.52,0.29,0.62,,28.82,,,119.36,,1.76,,,24.34,,3.67,,,,,,,217.96,,,61.01,,,65.46,0.00,,,47.29,,,,,,,,,115.93,62.90,,,,,,,,,,,46.85,,,,78.10,0.00,,0.00,64.80,59.32,109.14,115.02,39.29,,20.25,
10-07-18,,,,,,,,,0.00,,,,,0.73,0.00,1.01,,24.99,,,117.37,,0.00,,,19.19,,0.00,,,,,,,213.64,,,56.26,,,62.59,0.00,,,43.62,,,,,,,,,109.97,59.73,,,,,,,,,,,45.24,,,,77.00,0.00,,0.00,61.90,56.04,105.81,112.54,36.39,,13.45,
10-08-18,,,,,,,,,18.06,,,,,16.62,4.62,8.24,,24.28,,,114.82,,3.03,,,23.27,,3.54,,,,,,,223.56,,,69.14,,,67.76,3.63,,,53.60,,,,,,,,,112.73,62.11,,,,,,,,,,,47.19,,,,77.40,3.05,,4.30,61.80,55.98,103.31,116.03,32.80,,15.15,
10-09-18,,,,,,,,,71.18,,,,,47.56,13.86,0.94,,24.02,,,114.89,,1.90,,,26.37,,4.79,,,,,,,212.48,,,76.85,,,62.01,0.00,,,49.88,,,,,,,,,112.31,66.86,,,,,,,,,,,49.40,,,,77.80,24.70,,2.80,62.10,55.75,100.09,117.68,32.60,,16.85,
10-10-18,,,,,,,,,76.41,,,,,51.87,15.05,0.00,,23.20,,78.82,114.69,,0.00,,,22.19,,48.42,,,,,,,217.30,,,70.03,,,59.71,0.00,,,46.79,,,,,,,,,110.02,63.85,,,,,,,,,,,52.51,,,,77.10,24.60,,0.00,57.90,55.95,103.62,118.24,31.94,,11.85,
10-11-18,,,,,,,,,90.46,,,,,53.47,14.71,6.07,,18.53,,26.80,113.77,,3.89,,,41.87,,28.08,,,,,,,236.67,,,71.05,,,60.82,0.00,,,43.17,,,,,,,,,106.93,61.69,,,,,,,,,,,53.95,,,,76.10,16.75,,8.30,54.30,60.91,112.17,124.96,34.72,,15.75,
10-12-18,,,,,,,,,113.80,,,,,52.32,19.24,3.79,,14.22,,22.42,113.57,,3.75,,,36.70,,22.62,,,,,,,237.58,,,67.80,,,61.21,0.00,,,40.71,,,,,,,,,103.64,59.52,,,,,,,,,,,52.84,,,,74.30,27.84,,4.00,50.70,62.56,106.68,127.48,37.38,,11.55,
10-13-18,,,,,,,,,101.71,,,,,48.91,14.25,1.04,,7.67,,15.61,112.73,,0.00,,,29.18,,16.71,,,,,,,232.95,,,61.10,,,58.34,0.00,,,36.50,,,,,,,,,99.31,57.06,,,,,,,,,,,50.11,,,,71.70,20.98,,0.00,45.20,62.51,103.61,125.36,36.96,,3.95,
10-14-18,,,,,,,,,92.15,,,,,42.96,10.25,0.50,,5.19,,12.02,101.06,,2.27,,,25.34,,5.54,,,,,,,227.31,,,55.80,,,54.30,0.00,,,32.83,,,,,,,,,94.06,54.19,,,,,,,,,,,48.29,,,,67.60,19.27,,0.00,38.80,60.12,102.86,124.88,36.34,,0.00,
10-15-18,,,,,,,,,85.60,,,,,38.41,4.58,0.29,,0.00,,5.82,77.14,,0.00,,,21.01,,1.08,,,,,,,222.78,,,54.35,,,52.42,0.00,,,30.25,,,,,,,,,89.02,52.95,,,,,,,,,,,47.47,,,,64.80,18.13,,0.00,33.00,59.27,103.36,120.61,37.75,,0.00,
10-16-18,,,,,,,,,81.07,,,,,34.68,1.17,0.08,,0.00,,0.00,78.96,,0.00,,,,,2.54,,,,,,,229.89,,,55.27,,,51.21,0.00,,,27.42,,,,,,,,,86.35,52.10,,,,,,,,,,,43.44,,,,80.30,17.45,,0.00,41.50,54.05,97.48,,32.02,,0.00,
10-17-18,,,,,,,,,78.13,,,,,32.49,0.00,0.29,,0.00,,0.00,80.23,,0.00,,,34.37,,,,,,,,,233.47,,,53.80,,,50.71,0.00,,,26.44,,,,,,,,,85.27,52.73,,,,,,,,,,,49.78,,,,83.30,16.58,,,44.40,55.68,100.99,121.23,,,0.00,
10-18-18,,,,,,,,,74.56,,,,,28.49,0.00,0.00,,0.00,,0.00,76.36,,0.00,,,26.35,,1.50,,,,,,,227.68,,,50.85,,,47.63,0.00,,,28.08,,,,,,,,,103.80,70.81,,,,,,,,,,,46.88,,,,76.30,16.13,,0.00,40.30,55.32,99.98,120.78,32.25,,0.00,
10-19-18,,,,,,,,,70.19,,,,,23.84,0.00,0.00,,0.00,,0.00,71.53,,0.00,,,20.18,,0.00,,,,,,,225.76,,,45.85,,,44.13,0.00,,,22.92,,,,,,,,,90.43,57.81,,,,,,,,,,,44.68,,,,69.30,14.93,,0.00,34.90,54.65,97.27,118.32,30.85,,0.00,
10-20-18,,,,,,,,,66.54,,,,,19.00,0.00,0.00,,0.00,,0.00,67.94,,0.00,,,15.43,,0.00,,,,,,,223.43,,,42.72,,,40.05,0.00,,,18.58,,,,,,,,,83.68,52.90,,,,,,,,,,,39.95,,,,65.80,13.14,,0.00,30.00,48.60,90.39,114.21,23.50,,0.00,
10-21-18,,,,,,,,,63.09,,,,,15.27,0.00,0.00,,0.00,,0.00,66.78,,0.00,,,10.25,,,,,,,,,221.37,,,38.97,,,35.84,0.00,,,14.50,,,,,,,,,78.85,50.69,,,,,,,,,,,36.68,,,,67.70,12.87,,0.00,23.10,45.60,87.67,112.32,20.97,,0.00,
10-22-18,,,,,,,,,60.87,,,,,11.15,0.00,0.00,,0.00,,0.00,60.10,,0.00,,,5.68,,0.00,,,,,,,219.33,,,36.89,,,32.84,0.00,,,10.33,,,,,,,,,73.27,46.35,,,,,,,,,,,32.93,,,,67.80,12.39,,0.00,15.40,42.48,81.10,108.90,17.14,,0.00,
10-23-18,,,,,,,,,58.84,,,,,5.51,0.12,0.12,,0.00,,0.00,53.21,,0.00,,,1.94,,0.00,,,,,,,218.45,,,35.26,,,30.38,0.00,,,8.96,,,,,,,,,68.77,43.02,,,,,,,,,,,28.72,,,,62.90,10.32,,0.00,7.20,39.45,78.01,104.91,14.61,,0.00,
10-24-18,,,,,,,,,55.73,,,,,0.86,0.00,0.81,,0.00,,2.07,46.04,,0.00,,,0.00,,0.00,,,,,,,217.49,,,31.80,,,27.56,0.00,,,6.70,,,,,,,,,63.60,42.23,,,,,,,,,,,27.12,,,,59.60,8.19,,0.00,0.00,36.89,73.07,102.38,10.36,,0.00,
10-25-18,,,,,,,,,53.37,,,,,0.37,0.00,0.96,,0.00,,0.00,37.79,,0.00,,,0.00,,0.00,,,,,,,216.49,,,26.51,,,25.82,0.00,,,2.08,,,,,,,,,55.18,37.85,,,,,,,,,,,25.27,,,,57.40,7.70,,0.00,0.00,35.62,66.79,99.90,6.97,,0.00,
10-26-18,,,,,,,,,49.94,,,,,0.41,0.00,1.02,,0.00,,0.00,30.20,,0.00,,,0.00,,0.00,,,,,,,215.02,,,20.35,,,27.46,0.00,,,0.00,,,,,,,,,44.27,33.40,,,,,,,,,,,21.34,,,,54.40,7.83,,0.00,0.00,33.00,62.23,96.59,2.49,,0.00,
10-27-18,,,,,,,,,46.48,,,,,0.70,0.00,0.93,,0.00,,0.00,26.05,,0.00,,,0.00,,0.00,,,,,,,212.28,,,13.76,,,27.81,0.00,,,0.00,,,,,,,,,35.31,28.77,,,,,,,,,,,16.74,,,,48.50,6.67,,0.00,0.00,29.92,63.77,90.76,0.00,,0.00,
10-28-18,,,,,,,,,43.03,,,,,0.85,0.00,1.12,,0.00,,0.00,16.75,,0.00,,,0.00,,0.00,,,,,,,211.12,,,7.26,,,26.88,0.00,,,0.00,,,,,,,,,24.81,24.35,,,,,,,,,,,14.44,,,,44.40,5.25,,0.00,0.00,29.00,58.38,89.45,0.00,,0.00,
10-29-18,,,,,,,,,45.41,,,,,1.35,0.33,1.29,,0.00,,2.11,12.07,,0.00,,,0.00,,0.00,,,,,,,228.18,,,8.18,,,33.40,0.00,,,0.00,,,,,,,,,13.02,17.16,,,,,,,,,,,12.49,,,,40.60,5.75,,0.00,0.00,27.39,54.33,87.39,0.00,,0.00,
10-30-18,,,,,,,,,74.46,,,,,0.00,0.00,0.88,,0.00,,0.00,12.15,,0.00,,,0.00,,1.04,,,,,,,240.69,,,11.99,,,37.21,0.00,,,0.00,,,,,,,,,4.60,18.16,,,,,,,,,,,10.97,,,,38.50,24.11,,0.00,0.00,26.99,49.70,86.30,0.00,,0.00,
10-31-18,,,,,,,,,82.23,,,,,2.13,0.17,0.12,,0.00,,0.00,10.33,,0.00,,,0.00,,2.54,,,,,,,237.68,,,7.26,,,32.46,0.00,,,0.00,,,,,,,,,0.46,14.56,,,,,,,,,,,9.45,,,,36.40,26.87,,0.00,0.00,25.43,42.91,85.12,0.00,,0.00,
11-01-18,,,,,,,,,77.69,,,,,0.65,0.00,0.71,,0.00,,2.32,0.00,,0.00,,,0.00,,0.00,,,,,,,234.64,,,7.83,,,32.12,0.00,,,0.00,,,,,,,,,3.42,12.14,,,,,,,,,,,8.22,,,,33.30,21.40,,0.00,0.00,25.10,38.96,83.03,0.00,,0.00,
11-02-18,,,,,,,,,73.78,,,,,0.77,0.00,0.29,,0.00,,0.00,0.00,,0.00,,,1.77,,0.00,,,,,,,239.65,,,7.51,,,31.04,0.00,,,0.00,,,,,,,,,3.89,9.01,,,,,,,,,,,7.03,,,,30.40,19.24,,0.00,0.00,23.93,46.34,81.73,0.00,,0.00,
11-03-18,,,,,,,,,70.76,,,,,1.15,0.00,0.75,,0.00,,0.00,0.00,,0.00,,,1.03,,0.00,,,,,,,231.44,,,2.97,,,28.55,0.00,,,0.00,,,,,,,,,3.81,5.31,,,,,,,,,,,6.29,,,,24.00,18.49,,0.00,0.00,21.09,51.06,80.40,0.00,,0.00,
11-04-18,,,,,,,,,66.78,,,,,1.31,0.00,0.60,,0.00,,0.00,0.00,,0.00,,,0.00,,0.00,,,,,,,226.26,,,0.00,,,,0.00,,,,,,,,,,,,1.89,2.03,,,,,,,,,,,4.90,,,,20.00,17.15,,0.00,0.00,14.24,40.57,74.73,0.00,,0.00,
11-05-18,,,,,,,,,63.70,,,,,0.63,0.29,0.04,,0.00,,0.00,0.00,,0.00,,,1.26,,0.00,,,,,,,222.20,,,0.00,,,,0.00,,,0.00,,,,,,,,,0.99,0.40,,,,,,,,,,,5.60,,,,20.10,15.39,,0.00,0.00,9.47,31.40,70.43,0.00,,0.00,
11-06-18,,,,,,,,,60.95,,,,,0.31,0.33,0.16,,0.00,,0.00,0.00,,7.33,,,1.52,,0.00,,,,,,,218.60,,,0.00,,,,0.00,,,0.00,,,,,,,,,2.89,0.00,,,,,,,,,,,5.39,,,,17.90,13.47,,0.00,0.00,2.54,24.32,63.44,0.00,,0.00,
11-07-18,,,,,,,,,56.10,,,,,0.23,0.00,0.00,,0.00,,0.00,0.00,,4.36,,,2.27,,0.00,,,,,,,214.20,,,0.00,,,,0.00,,,0.00,,,,,,,,,1.35,0.00,,,,,,,,,,,6.38,,,,8.10,11.57,,0.00,0.00,0.00,13.11,57.57,0.00,,0.00,
11-08-18,,,,,,,,,51.89,,,,,0.44,0.00,0.17,,0.00,,0.00,0.00,,0.00,,,2.94,,0.00,,,,,,,209.45,,,0.00,,,,0.00,,,0.00,,,,,,,,,0.00,0.54,,,,,,,,,,,5.40,,,,0.00,10.25,,0.00,0.00,0.00,19.12,50.32,0.00,,0.00,
11-09-18,,,,,,,,,46.68,,,,,0.49,0.00,0.79,,0.00,,0.00,0.00,,0.00,,,2.55,,0.00,,,,,,,205.06,,,0.00,,,,0.00,,,0.00,,,,,,,,,0.00,0.88,,,,,,,,,,,5.88,,,,0.00,8.60,,0.00,0.00,0.00,22.73,40.43,0.00,,0.00,
11-10-18,,,,,,,,,44.37,,,,,0.58,0.08,0.75,,0.00,,0.00,0.00,,0.00,,,2.83,,0.00,,,,,,,201.72,,,0.00,,,,0.00,,,0.00,,,,,,,,,0.52,2.00,,,,,,,,,,,3.17,,,,0.00,6.18,,0.00,0.00,0.00,17.90,33.20,0.00,,0.00,
11-11-18,,,,,,,,,42.57,,,,,0.98,0.17,0.54,,0.00,,0.00,0.00,,0.00,,,3.05,,0.00,,,,,,,200.55,,,0.00,,,,0.00,,,0.00,,,,,,,,,0.52,1.62,,,,,,,,,,,0.00,,,,0.00,4.84,,0.00,0.00,0.00,8.95,26.31,0.00,,0.00,
11-12-18,,,,,,,,,37.54,,,,,1.28,0.00,0.42,,0.00,,2.57,0.00,,0.00,,,0.00,,1.46,,,,,,,199.64,,,0.00,,,,0.00,,,0.00,,,,,,,,,0.85,1.71,,,,,,,,,,,0.00,,,,0.00,3.33,,0.00,0.00,4.63,4.20,27.37,0.00,,0.00,
11-13-18,,,,,,,,,33.70,,,,,1.82,0.58,0.92,,0.00,,0.00,0.00,,4.33,,,7.59,,,,,,,,,200.22,,,0.00,,,,0.00,,,0.00,,,,,,,,,0.55,1.75,,,,,,,,,,,0.00,,,,0.00,3.45,,3.70,0.00,6.95,,42.19,0.00,,0.00,
11-14-18,,,,,,,,,31.91,,,,,0.68,0.33,0.37,,0.00,,3.52,0.00,,7.14,,,4.93,,1.08,,,,,,,199.60,,,0.00,,,,0.00,,,0.00,,,,,,,,,0.00,1.54,,,,,,,,,,,3.68,,,,0.00,2.55,,3.00,0.00,7.03,11.41,43.87,6.46,,0.00,
11-15-18,,,,,,,,,28.39,,,,,0.85,0.00,0.29,,0.00,,0.00,0.00,,7.00,,,2.92,,0.00,,,,,,,196.02,,,0.00,,,,0.00,,,0.00,,,,,,,,,0.22,1.50,,,,,,,,,,,4.26,,,,0.00,2.14,,0.00,0.00,0.00,5.82,36.40,0.00,,0.00,
11-16-18,,,,,,,,,24.00,,,,,0.84,0.00,,,0.00,,0.00,0.00,,0.00,,,3.25,,0.00,,,,,,,194.21,,,0.00,,,,0.00,,,0.00,,,,,,,,,0.35,1.62,,,,,,,,,,,2.69,,,,0.00,0.00,,0.00,0.00,0.00,8.95,29.08,0.00,,0.00,
11-17-18,,,,,,,,,22.07,,,,,0.67,0.33,0.21,,0.00,,0.00,0.00,,0.00,,,3.13,,1.08,,,,,,,192.02,,,0.00,,,,2.25,,,0.00,,,,,,,,,0.77,2.38,,,,,,,,,,,2.86,,,,0.00,0.00,,0.00,0.00,0.00,18.39,25.14,0.00,,0.00,
11-18-18,,,,,,,,,24.54,,,,,0.01,0.25,0.21,,0.00,,0.00,0.00,,9.79,,,2.89,,0.00,,,,,,,189.80,,,0.00,,,,0.00,,,0.00,,,,,,,,,1.60,0.62,,,,,,,,,,,4.23,,,,0.00,0.00,,0.00,0.00,0.00,19.64,22.05,0.00,,0.00,
11-19-18,,,,,,,,,23.94,,,,,0.00,0.00,0.29,,0.00,,0.00,0.00,,4.64,,,3.09,,0.00,,,,,,,183.78,,,0.00,,,,0.00,,,0.00,,,,,,,,,0.00,0.33,,,,,,,,,,,2.63,,,,0.00,0.00,,0.00,0.00,0.00,10.12,13.16,0.00,,0.00,
11-20-18,,,,,,,,,23.18,,,,,0.00,0.00,0.47,,0.00,,0.00,0.00,,0.00,,,3.52,,1.13,,,,,,,177.91,,,0.00,,,,0.00,,,0.00,,,,,,,,,1.43,0.62,,,,,,,,,,,2.63,,,,8.60,0.00,,0.00,3.90,0.00,4.39,3.48,0.00,,0.00,
11-21-18,,,,,,,,,18.54,,,,,0.00,0.00,0.08,,0.00,,0.00,0.00,,2.52,,,3.43,,0.00,,,,,,,171.84,,,0.00,,,,0.00,,,0.00,,,,,,,,,0.39,0.96,,,,,,,,,,,2.42,,,,7.90,0.00,,0.00,2.10,0.00,10.91,0.00,2.64,,0.00,
11-22-18,,,,,,,,,13.30,,,,,0.03,0.00,0.29,,0.00,,0.00,0.00,,0.00,,,3.54,,1.04,,,,,,,165.81,,,0.00,,,,0.00,,,0.00,,,,,,,,,0.00,0.92,,,,,,,,,,,3.85,,,,2.00,0.00,,0.00,0.00,0.00,0.00,0.00,0.00,,0.00,
11-23-18,,,,,,,,,10.29,,,,,0.00,0.00,0.33,,0.00,,0.00,0.00,,0.00,,,3.70,,0.00,,,,,,,156.11,,,0.00,,,,0.00,,,0.00,,,,,,,,,0.06,0.46,,,,,,,,,,,2.95,,,,0.00,0.00,,0.00,0.00,0.00,4.20,0.00,0.00,,0.00,
11-24-18,,,,,,,,,4.89,,,,,0.00,0.00,0.42,,0.00,,0.00,0.00,,0.00,,,3.49,,0.00,,,,,,,148.60,,,0.00,,,,0.00,,,0.00,,,,,,,,,0.00,0.43,,,,,,,,,,,4.17,,,,0.00,0.00,,0.00,0.00,0.00,6.40,0.00,0.00,,0.00,
11-25-18,,,,,,,,,0.00,,,,,0.00,0.25,0.00,,0.00,,0.00,0.00,,0.00,,,3.92,,0.00,,,,,,,143.41,,,0.00,,,,0.00,,,0.00,,,,,,,,,0.00,0.70,,,,,,,,,,,4.51,,,,0.00,0.00,,0.00,0.00,0.00,3.49,0.00,0.00,,0.00,
11-26-18,,,,,,,,,0.00,,,,,0.00,0.08,0.55,,0.00,,0.00,0.00,,0.00,,,2.63,,0.00,,,,,,,138.34,,,0.00,,,,0.00,,,0.00,,,,,,,,,0.00,1.00,,,,,,,,,,,3.04,,,,0.00,0.00,,0.00,0.00,0.00,0.00,0.00,0.00,,0.00,
11-27-18,,,,,,,,,0.00,,,,,0.00,0.37,0.17,,0.00,,0.00,0.00,,0.00,,,3.37,,2.21,1.53,,,,,,133.12,,,0.00,,,,0.00,,,0.00,,,,,,,,,0.05,0.38,,,,,,,,,,,3.10,,,,0.00,0.00,,0.00,0.00,0.00,3.01,0.00,0.00,,0.00,
11-28-18,,,,,,,,,0.00,,,,,0.00,0.12,0.79,,0.00,,0.00,0.00,,0.00,,,3.35,,0.00,1.67,,,,,,128.36,,,0.00,,,,0.00,,,0.00,,,,,,,,,0.00,0.57,,,,,,,,,,,2.39,,,,0.00,0.00,,0.00,0.00,0.00,0.00,0.00,0.00,,0.00,
11-29-18,,,,,,,,,0.55,,,,,0.00,0.42,0.33,,0.00,,0.00,0.00,,0.00,,,3.05,,0.00,1.74,,,,,,122.99,,,0.00,,,,0.00,,,0.00,,,,,,,,,0.00,0.50,,,,,,,,,,,2.61,,,,0.00,0.00,,0.00,0.00,0.00,3.15,0.00,0.00,,0.00,
11-30-18,,,,,,,,,0.30,,,,,0.19,0.70,0.50,,0.00,,0.00,0.00,,0.00,,,3.43,,0.00,1.54,,,,,,117.55,,,0.00,,,,0.00,,,,,,,,,,,,0.00,1.21,,,,,,,,,,,0.00,,,,0.00,0.00,,0.00,0.00,0.00,4.67,0.00,0.00,,0.00,
12-01-18,,,,,,,,,0.20,,,,,0.37,0.25,0.62,,0.00,,0.00,0.00,,0.00,,,3.15,,0.00,1.43,,,,,,112.90,,,0.00,,,,0.00,,,0.00,,,,,,,,,0.36,0.91,,,,,,,,,,,3.50,,,,0.00,0.00,,0.00,0.00,0.00,,0.00,0.00,,0.00,
12-02-18,,,,,,,,,0.17,,,,,0.00,0.12,0.94,,0.00,,0.00,0.00,,0.00,,,2.38,,0.00,1.47,,,,,,109.05,,,0.00,,,,0.00,,,0.00,,,,,,,,,0.41,0.77,,,,,,,,,,,2.79,,,,0.00,0.00,,0.00,0.00,0.00,,0.00,0.00,,0.00,
12-03-18,,,,,,,,,0.22,,,,,0.04,0.33,0.84,,,,0.00,,,0.00,,,2.32,,0.00,1.50,,,,,,105.68,,,0.00,,,,0.00,,,,,,,,,,,,0.00,0.62,,,,,,,,,,,3.20,,,,0.00,0.00,,0.00,0.00,0.00,,0.00,12.38,,0.00,
12-04-18,,,,,,,,,0.26,,,,,0.19,0.46,0.05,,,,0.00,,,0.00,,,3.01,,2.50,1.84,,,,,,102.77,,,0.00,,,,0.00,,,0.00,,,,,,,,,0.00,0.83,,,,,,,,,,,,,,,0.00,0.00,,0.00,0.00,0.00,,0.00,9.31,,0.00,
12-05-18,,,,,,,,,0.20,,,,,0.59,0.42,0.16,,,,0.00,,,0.00,,,,,4.17,,,,,,,106.56,,,0.00,,,,0.00,,,0.00,,,,,,,,,0.00,1.26,,,,,,,,,,,,,,,0.00,0.00,,0.00,0.00,,,8.16,7.92,,0.00,
12-06-18,,,,,,,,,0.16,,,,,0.36,0.81,0.13,,,,0.00,,,0.00,,,2.31,,4.38,1.82,,,,,,102.17,,,0.00,,,,0.00,,,0.00,,,,,,,,,0.00,0.46,,,,,,,,,,,,,,,0.00,0.00,,0.00,0.00,0.00,,9.06,9.41,,0.00,
12-07-18,,,,,,,,,0.08,,,,,0.54,0.17,0.00,,160.78,,0.00,,,0.00,,,2.46,,0.00,1.28,,,,,,96.25,,,0.00,,,,0.00,,,,,,,,,,,,0.00,0.46,,,,,,,,,,,,,,,0.00,0.00,,0.00,0.00,0.00,,0.00,0.00,,0.00,
12-08-18,,,,,,,,,0.16,,,,,0.45,0.62,0.00,,,,0.00,,,0.00,,,,,0.00,1.32,,,,,,90.70,,,0.00,,,,0.00,,,0.00,,,,,,,,,0.00,1.00,,,,,,,,,,,,,,,0.00,0.00,,0.00,0.00,0.00,,0.00,0.00,,0.00,
12-09-18,,,,,,,,,0.09,,,,,0.00,0.58,0.00,,,,0.00,,,0.00,,,2.38,,0.00,1.16,,,,,,86.31,,,0.00,,,,0.00,,,0.00,,,,,,,,,0.07,0.96,,,,,,,,,,,,,,,0.00,0.00,,0.00,0.00,0.00,,0.00,0.00,,0.00,
12-10-18,,,,,,,,,0.00,,,,,0.18,0.46,0.00,,,,0.00,,,3.12,,,2.13,,0.00,,,,,,,81.69,,,0.00,,,,0.00,,,0.00,,,,,,,,,0.00,1.09,,,,,,,,,,,,,,,0.00,0.00,,0.00,0.00,0.00,,0.00,0.00,,0.00,
12-11-18,,,,,,,,,0.05,,,,,0.16,0.04,0.01,,,,0.00,,,0.00,,,1.72,,0.00,1.28,,,,,,75.62,,,0.00,,,,0.00,,,0.00,,,,,,,,,0.00,1.71,,,,,,,,,,,,,,,0.00,0.00,,0.00,0.00,0.00,,0.00,0.00,,0.00,
12-12-18,,,,,,,,,0.02,,,,,0.00,0.37,0.00,,,,0.00,,,0.00,,,1.78,,0.00,0.00,,,,,,68.11,,,0.00,,,,0.00,,,0.00,,,,,,,,,0.00,1.04,,,,,,,,,,,,,,,0.00,0.00,,0.00,0.00,0.00,,0.00,0.00,,0.00,
12-13-18,,,,,,,,,0.24,,,,,0.09,0.25,0.18,,,,0.00,,,0.00,,,1.07,,0.00,1.23,,,,,,62.34,,,0.00,,,,0.00,,,0.00,,,,,,,,,0.82,1.65,,,,,,,,,,,,,,,0.00,0.00,,0.00,0.00,0.00,,0.00,0.00,,0.00,
12-14-18,,,,,,,,,0.25,,,,,0.39,0.33,0.01,,,,0.00,,,2.77,,,1.41,,0.00,1.02,,,,,,58.23,,,0.00,,,,0.00,,,,,,,,,,,,2.36,0.00,,,,,,,,,,,,,,,0.00,0.00,,0.00,0.00,0.00,,0.00,0.00,,0.00,
12-15-18,,,,,,,,,0.21,,,,,0.33,0.25,0.00,,,,0.00,,,1.83,,,1.47,,0.00,0.00,,,,,,51.71,,,0.00,,,,0.00,,,0.00,,,,,,,,,1.81,1.79,,,,,,,,,,,,,,,0.00,0.00,,0.00,0.00,0.00,,0.00,0.00,,0.00,
12-16-18,,,,,,,,,0.15,,,,,0.34,0.04,0.00,,,,0.00,,,0.00,,,0.00,,0.00,0.00,,,,,,43.33,,,0.00,,,,0.00,,,0.00,,,,,,,,,0.33,1.00,,,,,,,,,,,,,,,0.00,0.00,,0.00,0.00,0.00,,0.00,0.00,,0.00,
12-17-18,,,,,,,,,0.11,,,,,0.00,0.00,0.00,,,,0.00,,,0.00,,,0.00,,0.00,0.00,,,,,,34.03,,,0.00,,,,0.00,,,0.00,,,,,,,,,0.00,0.78,,,,,,,,,,,,,,,,0.00,,0.00,0.00,0.00,,0.00,,,0.00,
12-18-18,,,,,,,,,0.31,,,,,0.00,0.00,0.07,,,,0.00,,,0.00,,,0.00,,0.00,1.05,,,,,,26.95,,,0.00,,,,0.00,,,0.00,,,,,,,,,0.00,0.42,,,,,,,,,,,,,,,0.00,0.00,,0.00,0.00,0.00,,0.00,0.00,,0.00,
12-19-18,,,,,,,,,0.22,,,,,0.00,0.11,0.00,,,,0.00,,,0.00,,,0.00,,0.00,0.00,,,,,,17.43,,,0.00,,,,0.00,,,0.00,,,,,,,,,0.00,0.75,,,,,,,,,,,,,,,0.00,0.00,,0.00,0.00,,,0.00,0.00,,0.00,
12-20-18,,,,,,,,,0.12,,,,,0.00,0.12,0.11,,,,0.00,,,0.00,,,0.00,,0.00,0.00,,,,,,5.66,,,0.00,,,,0.00,,,0.00,,,,,,,,,0.00,0.96,,,,,,,,,,,,,,,0.00,0.00,,0.00,0.00,0.00,,0.00,0.00,,0.00,
12-21-18,,,,,,,,,0.04,,,,,0.00,0.21,0.00,,,,0.00,,,0.00,,,,,2.25,0.00,,,,,,0.00,,,0.00,,,,0.00,,,0.00,,,,,,,,,0.00,0.54,,,,,,,,,,,,,,,0.00,0.00,,0.00,0.00,0.00,,0.00,0.00,,0.00,
12-22-18,,,,,,,,,0.06,,,,,0.00,0.00,0.00,,,,0.00,,,0.00,,,0.00,,0.00,0.00,,,,,,0.00,,,0.00,,,,0.00,,,0.00,,,,,,,,,0.00,0.71,,,,,,,,,,,,,,,0.00,0.00,,0.00,0.00,0.00,,0.00,0.00,,0.00,
12-23-18,,,,,,,,,0.07,,,,,0.05,0.00,0.00,,,,0.00,,,0.00,,,0.00,,1.67,0.00,,,,,,0.00,,,0.00,,,,0.00,,,0.00,,,,,,,,,0.00,0.00,,,,,,,,,,,,,,,0.00,0.00,,0.00,0.00,0.00,,0.00,0.00,,0.00,
12-24-18,,,,,,,,,0.04,,,,,0.09,0.00,0.00,,,,0.00,,,0.00,,,0.00,,2.13,0.00,,,,,,0.00,,,0.00,,,,0.00,,,0.00,,,,,,,,,0.00,0.00,,,,,,,,,,,,,,,0.00,0.00,,0.00,0.00,0.00,,0.00,0.00,,0.00,
12-25-18,,,,,,,,,0.03,,,,,0.00,0.00,0.24,,,,0.00,,,0.00,,,0.00,,0.00,0.00,,,,,,0.00,,,0.00,,,,0.00,,,0.00,,,,,,,,,0.00,0.17,,,,,,,,,,,,,,,0.00,0.00,,0.00,0.00,0.00,,0.00,0.00,,0.00,
12-26-18,,,,,,,,,0.01,,,,,0.00,0.00,0.28,,,,0.00,,,0.00,,,0.00,,2.75,0.00,,,,,,0.00,,,0.00,,,,0.00,,,0.00,,,,,,,,,0.00,0.58,,,,,,,,,,,,,,,0.00,0.00,,0.00,0.00,0.00,,0.00,0.00,,0.00,
12-27-18,,,,,,,,,0.03,,,,,0.05,0.00,0.28,,,,0.00,,,0.00,,,0.00,,0.00,0.00,,,,,,0.00,,,0.00,,,,0.00,,,0.00,,,,,,,,,0.00,0.62,,,,,,,,,,,,,,,0.00,0.00,,0.00,0.00,0.00,,0.00,0.00,,0.00,
12-28-18,,,,,,,,,0.04,,,,,0.00,0.17,0.49,,,,0.00,,,0.00,,,0.00,,0.00,0.00,,,,,,0.00,,,0.00,,,,0.00,,,0.00,,,,,,,,,0.33,0.54,,,,,,,,,,,,,,,0.00,0.00,,0.00,0.00,2.00,,0.00,0.00,,0.00,
12-29-18,,,,,,,,,0.04,,,,,0.22,0.12,0.75,,,,0.00,,,0.00,,,0.00,,0.00,0.00,,,,,,0.00,,,0.00,,,,0.00,,,0.00,,,,,,,,,1.18,1.29,,,,,,,,,,,,,,,0.00,0.00,,0.00,0.00,0.00,,0.00,0.00,,0.00,
12-30-18,,,,,,,,,0.00,,,,,0.19,0.00,1.04,,,,0.00,,,1.43,,,0.00,,0.00,0.00,,,,,,0.00,,,0.00,,,,0.00,,,0.00,,,,,,,,,2.02,0.71,,,,,,,,,,,,,,,0.00,0.00,,0.00,0.00,2.05,,0.00,0.00,,0.00,
12-31-18,,,,,,,,,0.00,,,,,0.25,0.00,0.57,,,,0.00,,,0.00,,,0.00,,0.00,0.00,,,,,,0.00,,,0.00,,,,0.00,,,0.00,,,,,,,,,0.89,0.67,,,,,,,,,,,,,,,0.00,0.00,,0.00,0.00,0.00,,0.00,0.00,,0.00,
01-01-19,,,,,,,,,0.00,,,,,,0.00,,,,,0.00,,,0.00,,,0.00,,,0.00,,,,,,0.00,,,0.00,,,,0.00,,,0.00,,,,,,,,,0.00,0.52,,,,,,,,,,,,,,,0.00,0.00,,0.00,,0.00,,0.00,0.00,,0.00,
01-02-19,,,,,,,,,0.00,,,,,,0.00,,,,,0.00,,,0.00,,,0.00,,,0.00,,,,,,0.00,,,0.00,,,,0.00,,,0.00,,,,,,,,,2.39,0.67,,,,,,,,,,,,,,,0.00,0.00,,0.00,,0.00,,0.00,0.00,,0.00,
01-03-19,,,,,,,,,0.00,,,,,,0.00,,,,,0.00,,,3.79,,,0.00,,,0.00,,,,,,0.00,,,0.00,,,,0.00,,,0.00,,,,,,,,,0.35,0.21,,,,,,,,,,,,,,,0.00,0.00,,0.00,,2.27,,0.00,0.00,,0.00,
01-04-19,,,,,,,,,0.00,,,,,,0.00,,,,,0.00,,,0.00,,,0.00,,,0.00,,,,,,0.00,,,0.00,,,,0.00,,,0.00,,,,,,,,,0.00,0.12,,,,,,,,,,,,,,,0.00,0.00,,0.00,,0.00,,0.00,0.00,,0.00,
01-05-19,,,,,,,,,0.00,,,,,,,,,,,0.00,,,0.00,,,0.00,,,0.00,,,,,,0.00,,,0.00,,,,0.00,,,0.00,,,,,,,,,0.00,0.46,,,,,,,,,,,,,,,0.00,0.00,,0.00,,0.00,,0.00,0.00,,0.00,
01-06-19,,,,,,,,,0.12,,,,,,0.00,,,,,0.00,,,0.00,,,0.00,,,,,,,,,0.00,,,0.00,,,,0.00,,,0.00,,,,,,,,,0.00,0.83,,,,,,,,,,,,,,,0.00,0.00,,0.00,,0.00,,0.00,0.00,,0.00,
01-07-19,,,,,,,,,0.11,,,,,,0.25,,,,,0.00,,,0.00,,,0.00,,,,,,,,,0.00,,,0.00,,,,0.00,,,0.00,,,,,,,,,0.00,1.67,,,,,,,,,,,,,,,0.00,0.00,,0.00,,0.00,,0.00,0.00,,0.00,
01-08-19,,,,,,,,,0.07,,,,,,0.37,,,,,0.00,,,0.00,,,0.00,,,,,,,,,0.00,,,0.00,,,,0.00,,,0.00,,,,,,,,,1.81,2.11,,,,,,,,,,,,,,,0.00,0.00,,0.00,,0.00,,0.00,0.00,,0.00,
01-09-19,,,,,,,,,0.08,,,,,,0.54,,,,,0.00,,,0.00,,,0.00,,,,,,,,,0.00,,,0.00,,,,0.00,,,0.00,,,,,,,,,1.02,0.00,,,,,,,,,,,,,,,0.00,0.00,,0.00,,0.00,,0.00,0.00,,0.00,
01-10-19,,,,,,,,,0.04,,,,,,0.88,,,,,0.00,,,0.00,,,0.00,,,1.30,,,,,,0.00,,,0.00,,,,0.00,,,0.00,,,,,,,,,1.22,1.25,,,,,,,,,,,,,,,0.00,0.00,,0.00,,0.00,,0.00,0.00,,0.00,
01-11-19,,,,,,,,,0.00,,,,,,0.17,,,,,0.00,,,0.00,,,0.00,,,1.01,,,,,,0.00,,,0.00,,,,0.00,,,0.00,,,,,,,,,0.00,0.96,,,,,,,,,,,,,,,0.00,0.00,,0.00,,0.00,,0.00,0.00,,0.00,
01-12-19,,,,,,,,,0.00,,,,,,0.62,,,,,0.00,,,0.00,,,0.00,,,1.22,,,,,,0.00,,,0.00,,,,0.00,,,0.00,,,,,,,,,0.00,0.79,,,,,,,,,,,,,,,0.00,0.00,,0.00,,0.00,,0.00,0.00,,0.00,
01-13-19,,,,,,,,,0.00,,,,,,1.00,,,,,0.00,,,0.00,,,0.00,,,1.40,,,,,,0.00,,,0.00,,,,0.00,,,0.00,,,,,,,,,0.00,0.00,,,,,,,,,,,,,,,0.00,0.00,,0.00,,0.00,,0.00,0.00,,0.00,
01-14-19,,,,,,,,,0.00,,,,,,0.42,,,,,0.00,,,0.00,,,0.00,,,1.41,,,,,,0.00,,,0.00,,,,0.00,,,0.00,,,,,,,,,0.00,0.00,,,,,,,,,,,,,,,0.00,0.00,,0.00,,0.00,,0.00,0.00,,0.00,
01-15-19,,,,,,,,,0.00,,,,,,0.00,,,,,0.00,,,0.00,,,0.00,,,1.04,,,,,,0.00,,,0.00,,,,0.00,,,0.00,,,,,,,,,0.00,0.00,,,,,,,,,,,,,,,0.00,0.00,,0.00,,0.00,,0.00,0.00,,0.00,
01-16-19,,,,,,,,,0.00,,,,,,0.00,,,,,0.00,,,0.00,,,0.00,,,0.00,,,,,,0.00,,,0.00,,,,0.00,,,0.00,,,,,,,,,0.00,0.00,,,,,,,,,,,,,,,0.00,0.00,,0.00,,0.00,,0.00,0.00,,0.00,
01-17-19,,,,,,,,,0.00,,,,,,0.00,,,,,0.00,,,0.00,,,0.00,,,1.16,,,,,,0.00,,,0.00,,,,0.00,,,0.00,,,,,,,,,0.25,0.00,,,,,,,,,,,,,,,0.00,0.00,,0.00,,0.00,,0.00,0.00,,0.00,
01-18-19,,,,,,,,,0.00,,,,,,0.00,,,,,0.00,,,0.00,,,0.00,,,0.00,,,,,,0.00,,,0.00,,,,0.00,,,0.00,,,,,,,,,0.00,0.00,,,,,,,,,,,,,,,0.00,0.00,,0.00,,0.00,,0.00,0.00,,0.00,
01-19-19,,,,,,,,,0.00,,,,,,0.00,,,,,0.00,,,0.00,,,0.00,,,0.00,,,,,,0.00,,,0.00,,,,0.00,,,0.00,,,,,,,,,0.00,0.00,,,,,,,,,,,,,,,0.00,0.00,,0.00,,0.00,,0.00,0.00,,0.00,
01-20-19,,,,,,,,,0.00,,,,,,,,,,,0.00,,,0.00,,,0.00,,,0.00,,,,,,,,,0.00,,,,0.00,,,0.00,,,,,,,,,0.00,0.00,,,,,,,,,,,,,,,0.00,0.00,,0.00,,2.37,,0.00,0.00,,0.00,
01-21-19,,,,,,,,,0.00,,,,,,0.00,,,,,0.00,,,0.00,,,0.00,,,0.00,,,,,,0.00,,,0.00,,,,0.00,,,0.00,,,,,,,,,1.18,0.00,,,,,,,,,,,,,,,0.00,0.00,,0.00,,0.00,,0.00,0.00,,0.00,
01-22-19,,,,,,,,,0.00,,,,,,0.00,,,,,0.00,,,0.00,,,0.00,,,0.00,,,,,,0.00,,,0.00,,,,0.00,,,0.00,,,,,,,,,2.56,0.00,,,,,,,,,,,,,,,0.00,0.00,,0.00,,2.65,,0.00,0.00,,0.00,
01-23-19,,,,,,,,,0.00,,,,,,0.00,,,,,0.00,,,0.00,,,0.00,,,0.00,,,,,,0.00,,,0.00,,,,0.00,,,0.00,,,,,,,,,0.31,0.00,,,,,,,,,,,,,,,0.00,0.00,,0.00,,3.38,,0.00,2.21,,0.00,
01-24-19,,,,,,,,,0.00,,,,,,0.00,,,,,0.00,,,0.00,,,0.00,,,0.00,,,,,,0.00,,,0.00,,,,0.00,,,0.00,,,,,,,,,0.00,0.00,,,,,,,,,,,,,,,0.00,0.00,,0.00,,3.56,,0.00,2.87,,0.00,
01-25-19,,,,,,,,,0.00,,,,,,0.00,,,,,0.00,,,0.00,,,0.00,,,0.00,,,,,,0.00,,,0.00,,,,0.00,,,0.00,,,,,,,,,0.00,0.00,,,,,,,,,,,,,,,0.00,0.00,,0.00,,4.13,,0.00,2.38,,0.00,
01-26-19,,,,,,,,,0.00,,,,,,0.00,,,,,0.00,,,0.00,,,0.00,,,0.00,,,,,,0.00,,,0.00,,,,0.00,,,0.00,,,,,,,,,2.14,0.00,,,,,,,,,,,,,,,0.00,0.00,,0.00,,4.59,,0.00,2.36,,0.00,
01-27-19,,,,,,,,,0.00,,,,,,0.00,,,,,0.00,,,0.00,,,0.00,,,0.00,,,,,,0.00,,,0.00,,,,0.00,,,0.00,,,,,,,,,2.68,0.00,,,,,,,,,,,,,,,0.00,0.00,,0.00,,3.95,,0.00,4.19,,0.00,
01-28-19,,,,,,,,,0.00,,,,,,0.00,,,,,0.00,,,0.00,,,0.00,,,0.00,,,,,,0.00,,,0.00,,,,0.00,,,0.00,,,,,,,,,0.89,0.00,,,,,,,,,,,,,,,0.00,0.00,,0.00,,3.40,,0.00,3.38,,0.00,
01-29-19,,,,,,,,,0.00,,,,,,0.00,,,,,0.00,,,0.00,,,0.00,,,0.00,,,,,,0.00,,,0.00,,,,0.00,,,0.00,,,,,,,,,0.00,0.00,,,,,,,,,,,,,,,2.90,0.00,,0.00,,2.74,,0.00,4.01,,0.00,
01-30-19,,,,,,,,,0.01,,,,,,0.00,,,,,0.00,,,0.00,,,0.00,,,0.00,,,,,,0.00,,,0.00,,,,0.00,,,0.00,,,,,,,,,0.00,0.00,,,,,,,,,,,,,,,0.00,0.00,,0.00,,0.00,,0.00,0.00,,0.00,
01-31-19,,,,,,,,,0.00,,,,,,0.00,,,,,0.00,,,0.00,,,0.00,,,0.00,,,,,,0.00,,,0.00,,,,0.00,,,0.00,,,,,,,,,0.00,0.00,,,,,,,,,,,,,,,0.00,0.00,,0.00,,0.00,,0.00,,,0.00,
02-01-19,,,,,,,,,0.00,,,,,,0.00,,,,,0.00,,,0.00,,,0.00,,,,,,,,,0.00,,,0.00,,,,0.00,,,0.00,,,,,,,,,0.00,0.00,,,,,,,,,,,,,,,0.00,0.00,,0.00,,,,0.00,,,0.00,
02-02-19,,,,,,,,,0.00,,,,,,0.00,,,,,0.00,,,0.00,,,0.00,,,,,,,,,0.00,,,0.00,,,,0.00,,,0.00,,,,,,,,,0.00,0.00,,,,,,,,,,,,,,,0.00,0.00,,0.00,,,,0.00,,,0.00,
02-03-19,,,,,,,,,0.00,,,,,,0.00,,,,,0.00,,,0.00,,,0.00,,,,,,,,,0.00,,,0.00,,,,0.00,,,0.00,,,,,,,,,0.00,0.00,,,,,,,,,,,,,,,0.00,0.00,,0.00,,,,0.00,,,0.00,
02-04-19,,,,,,,,,0.00,,,,,,0.00,,,,,0.00,,,0.00,,,0.00,,,0.00,,,,,,0.00,,,0.00,,,,0.00,,,0.00,,,,,,,,,0.00,0.00,,,,,,,,,,,,,,,0.00,0.00,,0.00,,,,2.50,,,0.00,
02-05-19,,,,,,,,,0.00,,,,,,0.00,,,,,0.00,,,5.79,,,0.00,,,0.00,,,,,,0.00,,,0.00,,,,0.00,,,0.00,,,,,,,,,0.00,0.00,,,,,,,,,,,,,,,0.00,0.00,,0.00,,,,2.60,41.00,,0.00,
02-06-19,,,,,,,,,0.00,,,,,,0.00,,,,,0.00,,,8.27,,,0.00,,,0.00,,,,,,,,,0.00,,,,0.00,,,0.00,,,,,,,,,0.00,0.00,,,,,,,,,,,,,,,0.00,0.00,,0.00,,,,2.79,,,0.00,
02-07-19,,,,,,,,,0.00,,,,,,0.00,,,,,0.00,,,0.00,,,0.00,,,0.00,,,,,,0.00,,,0.00,,,,0.00,,,0.00,,,,,,,,,0.00,0.00,,,,,,,,,,,,,,,0.00,0.00,,0.00,,,,0.00,,,0.00,
02-08-19,,,,,,,,,0.00,,,,,,0.00,,,,,0.00,,,0.00,,,0.00,,,0.00,,,,,,0.00,,,0.00,,,,0.00,,,0.00,,,,,,,,,0.97,0.00,,,,,,,,,,,,,,,0.00,0.00,,0.00,,,,0.00,,,0.00,
02-09-19,,,,,,,,,0.00,,,,,,0.00,,,,,0.00,,,0.00,,,0.00,,,,,,,,,0.00,,,0.00,,,,0.00,,,0.00,,,,,,,,,0.47,0.00,,,,,,,,,,,,,,,0.00,0.00,,0.00,,,,0.00,,,0.00,
02-10-19,,,,,,,,,0.01,,,,,,0.00,,,,,0.00,,,0.00,,,0.00,,,,,,,,,0.00,,,0.00,,,,0.00,,,0.00,,,,,,,,,0.56,0.00,,,,,,,,,,,,,,,0.00,0.00,,0.00,,,,0.00,,,0.00,
02-11-19,,,,,,,,,0.40,,,,,,0.00,,,,,0.00,,,0.00,,,0.00,,,,,,,,,0.00,,,0.00,,,,0.00,,,0.00,,,,,,,,,1.03,0.00,,,,,,,,,,,,,,,0.00,2.25,,0.00,,,,0.00,,,0.00,
02-12-19,,,,,,,,,0.16,,,,,,0.00,,,,,0.00,,,0.00,,,0.00,,,,,,,,,0.00,,,0.00,,,,0.00,,,0.00,,,,,,,,,0.29,0.00,,,,,,,,,,,,,,,0.00,0.00,,0.00,,,,0.00,,,0.00,
02-13-19,,,,,,,,,0.04,,,,,,0.00,,,,,0.00,,,0.00,,,0.00,,,,,,,,,0.00,,,0.00,,,,0.00,,,0.00,,,,,,,,,0.00,0.00,,,,,,,,,,,,,,,0.00,0.00,,0.00,,,,0.00,,,0.00,
02-14-19,,,,,,,,,0.00,,,,,,0.00,,,,,0.00,,,0.00,,,0.00,,,1.03,,,,,,0.00,,,0.00,,,,0.00,,,0.00,,,,,,,,,0.00,0.00,,,,,,,,,,,,,,,0.00,0.00,,0.00,,,,0.00,,,0.00,
02-15-19,,,,,,,,,0.00,,,,,,0.00,,,,,0.00,,,0.00,,,0.00,,,0.00,,,,,,0.00,,,0.00,,,,0.00,,,0.00,,,,,,,,,0.00,0.00,,,,,,,,,,,,,,,0.00,0.00,,0.00,,,,0.00,,,0.00,
02-16-19,,,,,,,,,0.00,,,,,,0.00,,,,,0.00,,,0.00,,,0.00,,,0.00,,,,,,0.00,,,0.00,,,,0.00,,,0.00,,,,,,,,,0.00,0.00,,,,,,,,,,,,,,,0.00,0.00,,0.00,,,,0.00,,,0.00,
02-17-19,,,,,,,,,0.00,,,,,,0.00,,,,,0.00,,,0.00,,,0.00,,,1.01,,,,,,0.00,,,0.00,,,,0.00,,,0.00,,,,,,,,,0.00,0.00,,,,,,,,,,,,,,,0.00,0.00,,0.00,,,,0.00,,,0.00,
02-18-19,,,,,,,,,0.00,,,,,,0.00,,,,,0.00,,,0.00,,,,,,,,,,,,0.00,,,0.00,,,,0.00,,,0.00,,,,,,,,,0.00,0.00,,,,,,,,,,,,,,,0.00,0.00,,0.00,,,,0.00,,,0.00,
02-19-19,,,,,,,,,0.00,,,,,,0.00,,,,,0.00,,,0.00,,,0.00,,,1.43,,,,,,0.00,,,0.00,,,,0.00,,,0.00,,,,,,,,,0.00,0.00,,,,,,,,,,,,,,,0.00,0.00,,0.00,,,,0.00,,,0.00,
02-20-19,,,,,,,,,0.00,,,,,,0.00,,,,,0.00,2.70,,0.00,,,0.00,,,1.33,,,,,,0.00,,,0.00,,,,0.00,,,0.00,,,,,,,,,0.00,0.00,,,,,,,,,,,,,,,0.00,0.00,,0.00,,,,0.00,,,0.00,
02-21-19,,,,,,,,,0.00,,,,,,0.00,,,,,0.00,1.13,,0.00,,,0.00,,,1.26,,,,,,0.00,,,0.00,,,,0.00,,,0.00,,,,,,,,,0.00,0.00,,,,,,,,,,,,,,,0.00,0.00,,0.00,,,,0.00,,,0.00,
02-22-19,,,,,,,,,0.00,,,,,,0.00,,,,,0.00,0.00,,0.00,,,0.00,,,0.00,,,,,,0.00,,,0.00,,,,0.00,,,0.00,,,,,,,,,0.00,0.00,,,,,,,,,,,,,,,0.00,0.00,,0.00,,,,0.00,,,0.00,
02-23-19,,,,,,,,,0.00,,,,,,0.00,,,,,0.00,0.00,,0.00,,,0.00,,,1.02,,,,,,0.00,,,0.00,,,,0.00,,,0.00,,,,,,,,,0.00,0.00,,,,,,,,,,,,,,,11.10,0.00,,0.00,,,,0.00,,,0.00,
02-24-19,,,,,,,,,0.00,,,,,,0.00,,,,,0.00,0.00,,0.00,,,0.00,,,1.10,,,,,,0.00,,,0.00,,,,0.00,,,0.00,,,,,,,,,2.64,0.00,,,,,,,,,,,,,,,2.30,0.00,,0.00,,,,0.00,,,0.00,
02-25-19,,,,,,,,,0.04,,,,,,0.00,,,,,0.00,0.00,,0.00,,,0.00,,,0.00,,,,,,0.00,,,0.00,,,,0.00,,,0.00,,,,,,,,,2.18,0.00,,,,,,,,,,,,,,,0.00,0.00,,0.00,,,,0.00,,,0.00,
02-26-19,,,,,,,,,0.05,,,,,,0.00,,,,,0.00,0.00,,0.00,,,0.00,,,0.00,,,,,,0.00,,,0.00,,,,0.00,,,0.00,,,,,,,,,0.08,0.00,,,,,,,,,,,,,,,0.00,0.00,,0.00,,,,,,,0.00,
02-27-19,,,,,,,,,0.12,,,,,,0.00,,,,,0.00,0.00,,0.00,,,0.00,,,0.00,,,,,,0.00,,,0.00,,,,0.00,,,0.00,,,,,,,,,0.27,0.00,,,,,,,,,,,,,,,0.00,0.00,,0.00,,,,0.00,,,0.00,
02-28-19,,,,,,,,,0.09,,,,,,0.00,,,,,0.00,0.00,,0.00,,,0.00,,,0.00,,,,,,0.00,,,0.00,,,,0.00,,,0.00,,,,,,,,,0.00,0.54,,,,,,,,,,,,,,,0.00,0.00,,0.00,,,,0.00,,,0.00,
03-01-19,,,,,,,,,0.00,,,,,,0.00,,,,,0.00,0.00,,0.00,,,0.00,,,0.00,,,,,,0.00,,,0.00,,,,0.00,,,0.00,,,,,,,,,0.00,0.75,,,,,,,,,,,,,,,0.00,0.00,,0.00,,,,0.00,,,0.00,
03-02-19,,,,,,,,,0.00,,,,,,0.00,,,,,0.00,0.00,,0.00,,,0.00,,,0.00,,,,,,0.00,,,0.00,,,,0.00,,,0.00,,,,,,,,,1.54,0.29,,,,,,,,,,,,,,,0.00,0.00,,0.00,,,,0.00,,,0.00,
03-03-19,,,,,,,,,0.01,,,,,,0.00,,,,,0.00,0.00,,0.00,,,0.00,,,0.00,,,,,,0.00,,,0.00,,,,0.00,,,0.00,,,,,,,,,1.14,0.96,,,,,,,,,,,,,,,0.00,0.00,,0.00,,,,0.00,,,0.00,
03-04-19,,,,,,,,,0.08,,,,,,0.00,,,,,0.00,0.00,,0.00,,,0.00,,,,,,,,,0.00,,,0.00,,,,0.00,,,0.00,,,,,,,,,2.18,1.00,,,,,,,,,,,,,,,0.00,0.00,,0.00,,,,0.00,,,0.00,
03-05-19,,,,,,,,,0.03,,,,,,0.00,,,,,0.00,0.00,,0.00,,,0.00,,,0.00,,,,,,0.00,,,0.00,,,,0.00,,,0.00,,,,,,,,,2.64,0.75,,,,,,,,,,,,,,,0.00,0.00,,0.00,,,,0.00,,,0.00,
03-06-19,,,,,,,,,0.01,,,,,,0.00,,,,,0.00,0.00,,0.00,,,0.00,,,0.00,,,,,,0.00,,,0.00,,,,0.00,,,0.00,,,,,,,,,2.39,0.92,,,,,,,,,,,,,,,0.00,0.00,,0.00,,,,0.00,,,0.00,
03-07-19,,,,,,,,,0.00,,,,,,0.00,,,,,0.00,0.00,,0.00,,,0.00,,,0.00,,,,,,0.00,,,0.00,,,,0.00,,,0.00,,,,,,,,,0.12,1.71,,,,,,,,,,,,,,,0.00,0.00,,0.00,,,,0.00,,,0.00,
03-08-19,,,,,,,,,0.00,,,,,,0.00,,,,,0.00,0.00,,0.00,,,0.00,,,0.00,,,,,,0.00,,,0.00,,,,0.00,,,0.00,,,,,,,,,0.00,0.62,,,,,,,,,,,,,,,0.00,0.00,,0.00,,,,0.00,,,0.00,
03-09-19,,,,,,,,,0.00,,,,,,0.00,,,,,0.00,0.00,,0.00,,,0.00,,,,,,,,,0.00,,,0.00,,,,0.00,,,0.00,,,,,,,,,0.16,0.46,,,,,,,,,,,,,,,0.00,0.00,,0.00,,,,0.00,,,0.00,
03-10-19,,,,,,,,,0.02,,,,,,0.00,,,,,0.00,0.00,,0.00,,,0.00,,,,,,,,,0.00,,,0.00,,,,0.00,,,0.00,,,,,,,,,0.00,0.67,,,,,,,,,,,,,,,0.00,0.00,,0.00,,,,0.00,,,0.00,
03-11-19,,,,,,,,,0.04,,,,,,0.29,,,,,0.00,0.00,,0.00,,,0.00,,,0.00,,,,,,0.00,,,0.00,,,,0.00,,,0.00,,,,,,,,,0.00,1.01,,,,,,,,,,,,,,,0.00,0.00,,0.00,,,,0.00,,,0.00,
03-12-19,,,,,,,,,0.00,,,,,,0.37,,,,,0.00,0.00,,0.00,,,0.00,,,0.00,,,,,,0.00,,,0.00,,,,0.00,,,0.00,,,,,,,,,0.00,0.62,,,,,,,,,,,,,,,0.00,,,0.00,,,,0.00,,,0.00,
03-13-19,,,,,,,,,0.00,,,,,,0.33,,,,,0.00,0.00,,0.00,,,0.00,,,0.00,,,,,,0.00,,,0.00,,,,0.00,,,0.00,,,,,,,,,0.00,0.50,,,,,,,,,,,,,,,0.00,0.00,,0.00,,,,0.00,,,0.00,
03-14-19,,,,,,,,,0.00,,,,,,0.12,,1.05,,,0.00,0.00,,0.00,,,0.00,,,0.00,,,,,,0.00,,,0.00,,,,0.00,,,0.00,,,,,,,,,3.16,0.45,,,,,,,,,,,,,,,0.00,0.00,,0.00,,,,0.00,,,0.00,
03-15-19,,,,,,,,,0.00,,,,,,0.00,,0.11,,,0.00,0.00,,0.00,,,0.00,,,0.00,,,,,,0.00,,,0.00,,,,0.00,,,0.00,,,,,,,,,3.02,0.58,,,,,,,,,,,,,,,0.00,0.00,,0.00,,,,0.00,,,0.00,
03-16-19,,,,,,,,,0.00,,,,,,0.00,,0.00,,,0.00,0.00,,0.00,,,0.00,,,0.00,,,,,,0.00,,,0.00,,,,0.00,,,0.00,,,,,,,,,0.64,0.96,,,,,,,,,,,,,,,0.00,0.00,,0.00,,,,0.00,,,0.00,
03-17-19,,,,,,,,,0.00,,,,,,0.08,,0.03,,,0.00,0.00,,0.00,,,0.00,,,0.00,,,,,,0.00,,,0.00,,,,0.00,,,0.00,,,,,,,,,0.00,0.67,,,,,,,,,,,,,,,0.00,0.00,,0.00,,,,0.00,,,0.00,
03-18-19,,,,,,,,,0.00,,,,,,0.12,,0.00,,,0.00,0.00,,0.00,,,0.00,,,0.00,,,,,,0.00,,,0.00,,,,0.00,,,0.00,,,,,,,,,2.35,1.17,,,,,,,,,,,,,,,0.00,0.00,,0.00,,,,0.00,,,0.00,
03-19-19,,,,,,,,,0.00,,,,,,0.17,,0.04,,,0.00,0.00,,1.93,,,0.00,,,0.00,,,,,,0.00,,,0.00,,,,0.00,,,0.00,,,,,,,,,5.06,1.13,,,,,,,,,,,,,,,0.00,0.00,,0.00,,,,,,,0.00,
03-20-19,,,,,,,,,0.00,,,,,,0.33,,0.00,,,0.00,0.00,,1.86,,,0.00,,,0.00,,,,,,0.00,,,0.00,,,,0.00,,,0.00,,,,,,,,,4.22,0.58,,,,,,,,,,,,,,,0.00,0.00,,0.00,,,,0.00,,,0.00,
03-21-19,,,,,,,,,0.00,,,,,,0.04,,0.00,,,0.00,0.00,,1.42,,,0.00,,,0.00,,,,,,0.00,,,0.00,,,,0.00,,,0.00,,,,,,,,,1.31,0.58,,,,,,,,,,,,,,,0.00,0.00,,0.00,,,,0.00,,,0.00,
03-22-19,,,,,,,,,0.00,,,,,,0.29,,0.00,,,0.00,0.00,,0.00,,,0.00,,,0.00,,,,,,0.00,,,0.00,,,,0.00,,,0.00,,,,,,,,,1.10,0.08,,,,,,,,,,,,,,,0.00,2.34,,0.00,,,,0.00,,,0.00,
03-23-19,,,,,,,,,0.00,,,,,,0.00,,0.00,,,0.00,0.00,,0.00,,,0.00,,,0.00,,,,,,0.00,,,0.00,,,,0.00,,,0.00,,,,,,,,,1.35,0.23,,,,,,,,,,,,,,,0.00,0.00,,0.00,,,,0.00,,,0.00,
03-24-19,,,,,,,,,0.00,,,,,,0.04,,0.00,,,0.00,0.00,,0.00,,,0.00,,,0.00,,,,,,0.00,,,0.00,,,,0.00,,,0.00,,,,,,,,,2.77,0.00,,,,,,,,,,,,,,,0.00,0.00,,0.00,,,,0.00,,,0.00,
03-25-19,,,,,,,,,0.00,,,,,,0.12,,0.02,,,0.00,0.00,,0.00,,,0.00,,,0.00,,,,,,0.00,,,0.00,,,,0.00,,,0.00,,,,,,,,,0.64,0.08,,,,,,,,,,,,,,,0.00,0.00,,0.00,,,,0.00,,,0.00,
03-26-19,,,,,,,,,0.00,,,,,,0.29,,0.01,,,0.00,0.00,,0.00,,,0.00,,,0.00,,,,,,0.00,,,0.00,,,,0.00,,,0.00,,,,,,,,,0.00,0.00,,,,,,,,,,,,,,,0.00,0.00,,0.00,,,,0.00,,,0.00,
03-27-19,,,,,,,,,0.00,,,,,,0.25,,0.04,,,0.00,0.00,,0.00,,,0.00,,,0.00,,,,,,0.00,,,0.00,,,,0.00,,,0.00,,,,,,,,,0.00,0.12,,,,,,,,,,,,,,,0.00,0.00,,0.00,,,,0.00,,,0.00,
03-28-19,,,,,,,,,0.00,,,,,,0.46,,0.06,,,0.00,0.00,,0.00,,,0.00,,,0.00,,,,,,0.00,,,0.00,,,,0.00,,,0.00,,,,,,,,,0.00,0.00,,,,,,,,,,,,,,,0.00,0.00,,0.00,,,,0.00,,,0.00,
03-29-19,,,,,,,,,0.00,,,,,,0.08,,0.05,,,0.00,0.00,,0.00,,,0.00,,,0.00,,,,,,0.00,,,0.00,,,,4.96,,,0.00,,,,,,,,,2.47,0.21,,,,,,,,,,,,,,,0.00,0.00,,0.00,,,,0.00,,,0.00,
03-30-19,,,,,,,,,0.00,,,,,,0.00,,0.12,,,0.00,0.00,,0.00,,,0.00,,,0.00,,,,,,0.00,,,0.00,,,,7.25,,,0.00,,,,,,,,,2.47,0.00,,,,,,,,,,,,,,,0.00,0.00,,0.00,,,,0.00,,,0.00,
03-31-19,,,,,,,,,0.00,,,,,,,,0.14,,,0.00,0.00,,0.00,,,0.00,,,,,,,,,,,,0.00,,,,0.00,,,0.00,,,,,,,,,0.27,0.00,,,,,,,,,,,,,,,0.00,0.00,,0.00,,,,0.00,,,0.00,
04-01-19,,,,,,,,,0.00,,,,,,0.00,,0.14,,,0.00,0.00,,0.00,,,0.00,,,,,,,,,0.00,,,0.00,,,,0.00,,,0.00,,,,,,,,,0.00,0.00,,,,,,,,,,,,,,,0.00,0.00,,0.00,,,,0.00,,,10.50,
04-02-19,,,,,,,,0.00,0.00,,,,,,0.21,,0.00,,,0.00,0.00,,0.00,,,0.00,,,0.00,,,,,,0.00,,,0.00,,,,0.00,,,,,,,,,,,,1.14,0.00,,,,,,,,,,,,,,,0.00,0.00,,0.00,,,,4.12,,,10.60,
04-03-19,,,,,,,,0.00,0.00,,,,,,0.04,,0.00,,,0.00,0.00,,0.00,,,0.00,,,0.00,,,,,,0.00,,,0.00,,,,0.00,,,0.00,,,,,,,,,1.56,0.42,,,,,,,,,,,,,,,2.80,0.00,,0.00,,,,0.00,,,10.50,
04-04-19,,,,,,,,0.00,0.00,,,,,,0.33,,0.14,,,0.00,0.00,,0.00,,,,,,0.00,,,,,,0.00,,,0.00,,,,0.00,,,0.00,,,,,,,,,2.47,1.08,,,,,,,,,,,,,,,2.90,0.00,,0.00,,0.00,,,,,10.50,
04-05-19,,,,,,,,0.00,0.00,,,,,,0.58,,0.14,,,0.00,0.00,,0.00,,,0.00,,,0.00,,,,,,,,,0.00,,,,0.00,,,0.00,,,,,,,,,2.56,0.12,,,,,,,,,,,,,,,,,,0.00,,0.00,,0.00,0.00,,10.40,
04-06-19,,,,,,,,0.00,0.00,,,,,,0.21,,0.11,,,0.00,0.00,,0.00,,,0.00,,,0.00,,,,,,11.61,,,0.00,,,,0.00,,,0.00,,,,,,,,,1.35,0.00,,,,,,,,,,,,,,,,0.00,,0.00,,0.00,,0.00,0.00,,10.60,
04-07-19,,,,,,,,0.00,0.00,,,,,,0.05,,0.02,,,0.00,0.00,,0.00,,,0.00,,,0.00,,,,,,13.77,,,0.00,,,,0.00,,,0.00,,,,,,,,,0.00,0.00,,,,,,,,,,,,,,,0.00,0.00,,0.00,,0.00,,0.00,2.01,,10.40,
04-08-19,,,,,,,,0.00,0.00,,,,,,0.00,,0.00,,,0.00,0.00,,0.00,,,0.00,,,0.00,,,,,,12.62,,,0.00,,,,0.00,,,0.00,,,,,,,,,0.00,0.00,,,,,,,,,,,,,,,,0.00,,0.00,,0.00,,0.00,0.00,,10.40,
04-09-19,,,,,,,,0.00,0.00,,,,,,0.21,,0.08,,,0.00,0.00,,0.00,,,0.00,,,0.00,,,,,,10.20,,,0.00,,,,0.00,,,0.00,,,,,,,,,0.00,1.39,,,,,,,,,,,,,,,3.70,,,0.00,,0.00,,0.00,0.00,,8.40,
04-10-19,,,,,,,,0.00,0.00,,,,,,0.37,,0.00,,,0.00,0.00,,0.00,,,0.00,,,0.00,,,,,,8.94,,,0.00,,,,0.00,,,0.00,,,,,,,,,0.00,0.08,,,,,,,,,,,,,,,2.80,0.00,,0.00,,0.00,,0.00,0.00,,6.50,
04-11-19,,,,,,,,0.00,0.00,,,,,,0.50,,0.00,,,0.00,0.00,,0.00,,,0.00,,,0.00,,,,,,11.08,,,0.00,,,,0.00,,,0.00,,,,,,,,,0.00,0.00,,,,,,,,,,,,,,,0.00,0.00,,0.00,,0.00,,0.00,0.00,,4.50,
04-12-19,,,,,,,,0.00,0.00,,,,,,0.79,,0.00,,,0.00,0.00,,0.00,,,0.00,,,0.00,,,,,,10.10,,,0.00,,,,0.00,,,0.00,,,,,,,,,1.18,0.38,,,,,,,,,,,,,,,0.00,0.00,,0.00,,0.00,,0.00,0.00,,2.50,
04-13-19,,,,,,,,0.00,0.00,,,,,,0.37,,0.00,,,0.00,0.00,,0.00,,,0.00,,,0.00,,,,,,6.15,,,0.00,,,,0.00,,,0.00,,,,,,,,,0.25,1.71,,,,,,,,,,,,,,,,0.00,,0.00,,0.00,,0.00,0.00,,0.00,
04-14-19,,,,,,,,0.00,0.00,,,,,,0.67,,0.01,,,0.00,0.00,,1.07,,,0.00,,,0.00,,,,,,6.76,,,0.00,,,,0.00,,,0.00,,,,,,,,,1.90,0.88,,,,,,,,,,,,,,,0.00,0.00,,0.00,,0.00,,0.00,0.00,,0.00,
04-15-19,,,,,,,,0.00,0.00,,,,,,0.29,,0.00,,,0.00,0.00,,0.00,,,0.00,,,0.00,,,,,,10.49,,,0.00,,,,0.00,,,0.00,,,,,,,,,2.39,0.12,,,,,,,,,,,,,,,,0.00,,0.00,,2.51,,0.00,0.00,,0.00,
04-16-19,,,,,,,,0.00,0.00,,,,,,0.46,,0.00,,,0.00,0.00,,0.00,,,0.00,,,0.00,,,,,,12.80,,,0.00,,,,0.00,,,0.00,,,,,,,,,4.64,0.12,,,,,,,,,,,,,,,,0.00,,0.00,,2.81,,2.16,0.00,,0.00,
04-17-19,,,,,,,,0.00,0.00,,,,,,0.08,,0.00,,,0.00,0.00,,0.00,,,0.00,,,0.00,,,,,,11.96,,,0.00,,,,0.00,,,0.00,,,,,,,,,0.63,0.42,,,,,,,,,,,,,,,14.20,0.00,,0.00,,3.14,,0.00,0.00,,0.00,
04-18-19,,,,,,,,0.00,0.00,,,,,,0.00,,0.00,,,0.00,0.00,,0.00,,,0.00,,,0.00,,,,,,11.08,,,0.00,,,,0.00,,,0.00,,,,,,,,,1.85,0.71,,,,,,,,,,,,,,,10.00,0.00,,0.00,,0.00,,0.00,0.00,,0.00,
04-19-19,,,,,,,,0.00,0.00,,,,,,0.00,,0.01,,,0.00,0.00,,1.62,,,,,,,,,,,,9.30,,,0.00,,,,0.00,,,0.00,,,,,,,,,0.77,0.21,,,,,,,,,,,,,,,3.90,0.00,,0.00,,0.00,,0.00,0.00,,0.00,
04-20-19,,,,,,,,0.00,0.00,,,,,,0.00,,0.00,,,0.00,0.00,,0.00,,,0.00,,,,,,,,,7.32,,,0.00,,,,0.00,,,0.00,,,,,,,,,1.02,0.67,,,,,,,,,,,,,,,0.00,0.00,,0.00,,0.00,,0.00,0.00,,0.00,
04-21-19,,,,,,,,0.00,0.00,,,,,,0.30,,0.00,,,0.00,0.00,,1.07,,,0.00,,,,,,,,,6.88,,,0.00,,,,0.00,,,0.00,,,,,,,,,0.00,0.50,,,,,,,,,,,,,,,0.00,0.00,,0.00,,0.00,,0.00,0.00,,0.00,
04-22-19,,,,,,,,0.00,0.00,,,,,,0.39,,0.00,,,2.20,0.00,,0.00,,,0.00,,,0.00,,,,,,5.29,,,0.00,,,,0.00,,,0.00,,,,,,,,,0.00,0.29,,,,,,,,,,,,,,,0.00,0.00,,0.00,,0.00,,0.00,0.00,,0.00,
04-23-19,,,,,,,,0.00,0.00,,,,,,0.27,,0.01,,,0.00,0.00,,0.00,,,0.00,,,,,,,,,3.70,,,0.00,,,,0.00,,,0.00,,,,,,,,,0.00,0.42,,,,,,,,,,,,,,,0.00,0.00,,0.00,,0.00,,0.00,0.00,,0.00,
04-24-19,,,,,,,,2.17,4.65,,,,,,0.00,,,,,0.00,0.00,,0.00,,,0.00,,,0.00,,,,,,5.90,,,0.00,,,,0.00,,,0.00,,,,,,,,,0.00,1.10,,,,,,,,,,,,,,,0.00,5.50,,0.00,,0.00,,0.00,0.00,,0.00,
04-25-19,,,,,,,,1.00,4.13,,,,,,0.00,,0.00,,,0.00,0.00,,0.00,,,0.00,,,,,,,,,6.57,,,0.00,,,,0.00,,,0.00,,,,,,,,,0.00,1.71,,,,,,,,,,,,,,,0.00,7.09,,0.00,,0.00,,0.00,,,0.00,
04-26-19,,,,,,,,0.21,1.40,,,,,,0.00,,0.05,,,0.00,0.00,,0.00,,,0.00,,,,,,,,,3.84,,,0.00,,,,0.00,,,0.00,,,,,,,,,1.18,0.71,,,,,,,,,,,,,,,0.00,5.50,,0.00,,0.00,,0.00,0.00,,0.00,
04-27-19,,,,,,,,0.00,0.04,,,,,,0.00,,0.00,,,0.00,0.00,,1.18,,,0.00,,,0.00,,,,,,3.69,,,0.00,,,,0.00,,,0.00,,,,,,,,,2.39,0.83,,,,,,,,,,,,,,,0.00,4.84,,0.00,,2.42,,0.00,0.00,,0.00,
04-28-19,,,,,,,,0.00,0.00,,,,,,0.00,,0.00,,,0.00,0.00,,1.67,,,0.00,,,0.00,,,,,,3.61,,,0.00,,,,0.00,,,0.00,,,,,,,,,0.33,0.97,,,,,,,,,,,,,,,0.00,3.76,,0.00,,2.98,,0.00,0.00,,0.00,
04-29-19,,,,,,,,0.00,0.00,,,,,,0.00,,0.00,,,0.00,0.00,,0.00,,,0.00,,,0.00,,,,,,3.81,,,0.00,,,,0.00,,,0.00,,,,,,,,,5.60,0.58,,,,,,,,,,,,,,,0.00,2.18,,0.00,,2.78,,0.00,0.00,,0.00,
04-30-19,,,,,,,,0.10,0.00,,,,,,0.00,,0.00,,,0.00,0.00,,1.86,,,0.00,,,0.00,,,,,,3.97,,,0.00,,,,0.00,,,0.00,,,,,,,,,4.60,0.54,,,,,,,,,,,,,,,6.60,0.00,,0.00,,0.00,,0.00,,,0.00,
05-01-19,,,,,,,,0.19,0.00,,,,,,0.00,,0.00,,,0.00,0.00,,1.71,,,0.00,,,0.00,,,,,,3.80,,,0.00,,,,0.00,,,,,,,,,,,,0.00,1.30,,,,,,,,,,,,,,,8.20,0.00,,0.00,,0.00,,0.00,0.00,,0.00,
05-02-19,,,,,,,,0.00,0.00,,,,,,0.04,,0.00,,,0.00,0.00,,1.83,,,0.00,,,0.00,,,,,,3.57,,,0.00,,,,0.00,,,0.00,,,,,,,,,1.46,1.71,,,,,,,,,,,,,,,11.40,0.00,,0.00,,0.00,,0.00,2.23,,0.00,
05-03-19,,,,,,,,0.00,0.00,,2.28,,,,0.00,,0.00,,,0.00,0.00,,1.07,,,0.00,,,0.00,,,,,,7.79,,,0.00,,,,16.11,,,,,,,,,,,,0.00,1.71,,,,,,,,,,,,,,,9.80,0.00,,0.00,,0.00,,0.00,0.00,,5.90,
05-04-19,,,,,,,,0.00,0.00,,0.00,,,,0.00,,0.00,,,0.00,0.00,,1.77,,,0.00,,,0.00,,,,,,5.26,,,0.00,,,,27.00,,,0.00,,,,,,,,,0.00,0.00,,,,,,,,,,,,,,,9.30,0.00,,0.00,,0.00,,0.00,0.00,,5.10,
05-05-19,,,,,,,,0.00,0.00,,0.00,,,,0.00,,0.00,,,0.00,0.00,,2.19,,,0.00,,,0.00,,,,,,4.40,,,0.00,,,,22.33,,,0.00,,,,,,,,,0.00,0.62,,,,,,,,,,,,,,,7.90,0.00,,0.00,,0.00,,0.00,2.47,,0.00,
05-06-19,,,,,,,,0.00,0.85,,0.00,,,,0.00,,0.05,,,0.00,0.00,,3.33,,,0.00,,,0.00,,,,,,3.65,,,0.00,,,,15.83,,,0.00,,,,,,,,,0.48,0.71,,,,,,,,,,,,,,,4.40,0.00,,0.00,,0.00,,0.00,3.07,,0.00,
05-07-19,,,,,,,,0.95,13.07,,0.00,,,,0.00,,,,,0.00,0.00,,1.06,,,0.00,,,,,,,,,3.74,,,0.00,,,,11.58,,,0.00,,,,,,,,,1.60,0.50,,,,,,,,,,,,,,,3.20,5.62,,0.00,,0.00,,0.00,0.00,,0.00,
05-08-19,,,,,,,,0.09,11.70,,0.00,,,,0.00,,0.08,,,0.00,0.00,,1.55,,,0.00,,,,,,,,,3.67,,,0.00,,,,6.21,,,0.00,,,,,,,,,1.31,0.42,,,,,,,,,,,,,,,3.20,4.53,,0.00,,0.00,,0.00,0.00,,0.00,
05-09-19,,,,,,,,0.39,9.20,,0.00,,,,0.48,,0.34,,,0.00,0.00,,1.67,,,0.00,,,,,,,,,4.00,,,0.00,,,,3.88,,,0.00,,,,,,,,,0.98,1.71,,,,,,,,,,,,,,,2.80,4.34,,0.00,,0.00,,0.00,0.00,,0.00,
05-10-19,,,,,,,,0.33,8.81,,0.00,,,,0.43,,0.29,,,0.00,0.00,,2.45,,,0.00,,,,,,,,,4.17,,,0.00,,,,4.38,,,0.00,,,,,,,,,0.06,2.27,,,,,,,,,,,,,,,0.00,4.10,,0.00,,0.00,,0.00,0.00,,0.00,
05-11-19,,,,,,,,0.21,8.65,,0.00,,,,0.00,,0.06,,,0.00,0.00,,2.36,,,0.00,,,0.00,,,,,,3.80,,,0.00,,,,2.33,,,0.00,,,,,,,,,0.00,0.92,,,,,,,,,,,,,,,,3.72,,0.00,,0.00,,0.00,0.00,,0.00,
05-12-19,,,,,,,,0.12,8.35,,0.04,,,,0.00,,0.00,,,0.00,0.00,,2.12,,,0.00,,,0.00,,,,,,3.59,,,0.00,,,,0.00,,,0.00,,,,,,,,,0.00,0.67,,,,,,,,,,,,,,,,3.55,,0.00,,0.00,,0.00,0.00,,0.00,
05-13-19,,,,,,,,0.04,7.94,,0.02,,,,0.00,,0.00,,,0.00,0.00,,2.50,,,0.00,,,0.00,,,,,,3.63,,,0.00,,,,0.00,,,0.00,,,,,,,,,0.00,0.29,,,,,,,,,,,,,,,,3.26,,0.00,,0.00,,0.00,0.00,,0.00,
05-14-19,,,,,,,,0.00,7.60,,0.00,,,,0.00,,0.00,,,0.00,0.00,,2.43,,,0.00,,,0.00,,,,,,3.59,,,0.00,,,,0.00,,,0.00,,,,,,,,,0.00,0.04,,,,,,,,,,,,,,,,2.48,,0.00,,0.00,,0.00,0.00,,0.00,
05-15-19,,,,,,,,0.08,7.34,,0.06,,,,0.00,,0.25,,,0.00,0.00,,3.25,,,0.00,,,0.00,,,,,,3.60,,,0.00,,,,0.00,,,0.00,,,,,,,,,0.00,0.25,,,,,,,,,,,,,,,,0.00,,0.00,,0.00,,0.00,0.00,,0.00,
05-16-19,,,,,,,,0.00,7.00,,0.08,,,,0.00,,0.24,,,0.00,0.00,,2.52,,,0.00,,,0.00,,,,,,3.56,,,0.00,,,,0.00,,,0.00,,,,,,,,,1.31,0.71,,,,,,,,,,,,,,,13.40,0.00,,0.00,,0.00,,0.00,0.00,,0.00,
05-17-19,,,,,,,,0.12,6.75,,0.00,,,,0.00,,0.40,,,0.00,0.00,,1.67,,,0.00,,,0.00,,,,,,3.88,,,0.00,,,,0.00,,,,,,,,,,,,0.00,4.56,,,,,,,,,,,,,,,,0.00,,0.00,,0.00,,0.00,0.00,,0.00,
05-18-19,,,,,,,,0.05,6.25,,0.00,,,,0.08,,0.35,,,0.00,0.00,,0.00,,,0.00,,,,,,,,,4.50,,,0.00,,,,5.32,,,0.00,,,,,,,,,0.67,9.50,,,,,,,,,,,,,,,,0.00,,0.00,,0.00,,0.00,0.00,,0.00,
05-19-19,,,,,,,,0.10,6.01,,0.00,,,,0.04,,0.40,,,0.00,0.00,,2.12,,,0.00,,,,,,,,,3.93,,,0.00,,,,2.42,,,0.00,,,,,,,,,2.60,8.50,,,,,,,,,,,,,,,,0.00,,0.00,,0.00,,0.00,0.00,,0.00,
05-20-19,,,,,,,,0.04,5.75,,0.00,,,,0.16,,0.35,,,0.00,0.00,,0.00,,,0.00,,,,,,,,,4.89,,,0.00,,,,0.00,,,0.00,,,,,,,,,3.67,9.38,,,,,,,,,,,,,,,11.80,0.00,,0.00,,0.00,,0.00,0.00,,0.00,
05-21-19,,,,,,,,0.24,5.29,,0.00,,,,0.92,,0.33,,,5.43,0.00,,1.22,,,0.00,,,,,,,,,15.90,,,0.00,,,,0.00,,,0.00,,,,,,,,,6.77,8.54,,,,,,,,,,,,,,,10.40,0.00,,0.00,,0.00,,0.00,0.00,,,
05-22-19,,,,,,,,1.37,4.86,,0.04,,,,0.81,,0.28,,,3.90,0.00,,0.00,,,0.00,,,0.00,,,,,,16.18,,,0.00,,,,0.00,,,0.00,,,,,,,,,4.15,7.25,,,,,,,,,,,,,,,,0.00,,0.00,,0.00,,0.00,0.00,,0.00,
05-23-19,,,,,,,,0.23,4.42,,0.00,,,,0.42,,0.00,,,2.23,0.00,,0.00,,,0.00,,,0.00,,,,,,13.63,,,0.00,,,,0.00,,,0.00,,,,,,,,,2.73,6.32,,,,,,,,,,,,,,,,0.00,,0.00,,0.00,,0.00,0.00,,0.00,
05-24-19,,,,,,,,0.09,4.10,,0.04,,,,0.42,,0.00,,,0.00,0.00,,0.00,,,0.00,,,0.00,,,,,,11.29,,,0.00,,,,0.00,,,0.00,,,,,,,,,2.56,5.42,,,,,,,,,,,,,,,,0.00,,0.00,,0.00,,0.00,0.00,,0.00,
05-25-19,,,,,,,,0.05,9.42,,1.90,,,,0.42,,0.31,,,2.02,0.00,,0.00,,,0.00,,,0.00,,,,,,10.82,,,0.00,,,,0.00,,,0.00,,,,,,,,,0.81,3.88,,,,,,,,,,,,,,,,2.47,,0.00,,0.00,,0.00,0.00,,0.00,
05-26-19,,,,,,,,0.00,18.68,,0.64,,,,0.46,,0.35,,,2.57,0.00,,0.00,,,0.00,,,0.00,,,,,,16.31,,,0.00,,,,0.00,,,0.00,,,,,,,,,1.19,3.63,,,,,,,,,,,,,,,,7.42,,0.00,,0.00,,0.00,0.00,,0.00,
05-27-19,,,,,,,,0.00,22.36,,0.71,,,,0.54,,0.40,,,2.07,0.00,,0.00,,,2.56,,,0.00,,,,,,21.00,,,0.00,,,,0.00,,,,,,,,,,,,0.10,3.67,,,,,,,,,,,,,,,10.50,11.17,,0.00,,0.00,,0.00,0.00,,0.00,
05-28-19,,,,,,,,0.46,25.20,,3.29,,,,0.04,,0.28,,,0.00,0.00,,1.57,,,2.00,,,0.00,,,,,,26.84,,,0.00,,,,0.00,,,0.00,,,,,,,,,0.00,7.82,,,,,,,,,,,,,,,8.90,13.39,,0.00,,0.00,,0.00,0.00,,0.00,
05-29-19,,,,,,,,10.68,59.95,,17.73,,,,3.68,,5.09,,,15.07,0.00,,14.58,,,,,,,,,,,,64.31,,,12.11,,,,7.82,,,78.67,,,,,,,,,1.90,11.18,,,,,,,,,,,,,,,8.70,27.20,,3.10,,0.00,,3.15,0.00,,35.80,
05-30-19,,,,,,,,36.50,84.80,,27.32,,,,13.31,,16.37,,,29.34,37.76,,26.60,,,9.06,,,,,,,,,104.96,,,32.61,,,,44.00,,,75.79,,,,,,,,,4.60,18.49,,,,,,,,,,,,,,,7.90,27.36,,8.20,,6.01,,13.75,22.92,,56.50,
05-31-19,,,,,,,,32.25,87.75,,24.34,,,,11.24,,15.53,19.45,,26.96,46.94,,28.30,,,48.83,,,1.98,,,,,,122.90,,,34.29,,,,54.08,,,27.00,,,,,,,,,4.95,18.52,,,,,,,,,,,,,,,7.20,14.75,,2.80,,7.27,,11.59,22.07,,59.70,
06-01-19,,,,,,,,31.00,86.65,,20.79,,,,8.29,,16.20,17.36,,23.73,44.61,,26.66,,,48.31,,,0.00,,,,,,124.44,,,48.92,,,,65.33,,,88.42,,,,,,,,,21.45,37.60,,,,,,,,,,,,,,,,6.63,,0.00,,5.61,,11.57,19.66,,23.80,
06-02-19,,,,,,,,29.18,80.12,,16.87,,,,7.71,,14.73,16.04,,19.65,41.14,,22.66,,,42.13,,,0.00,,,,,,97.83,,,41.39,,,,56.79,,,0.00,,,,,,,,,20.73,15.17,,,,,,,,,,,,,,,,5.88,,0.00,,7.71,,11.94,21.61,,8.60,
06-03-19,,,,,,,,27.27,75.42,,13.32,,,,7.00,,12.80,15.20,,17.32,39.36,,19.20,,,37.39,,,0.00,,,,,,91.89,,,37.10,,,,51.00,,,0.00,,,,,,,,,15.65,12.82,,,,,,,,,,,,,,,11.40,5.17,,0.00,,10.11,,13.99,23.00,,6.20,
06-04-19,,,,,,,,25.41,71.62,,11.61,,,,5.88,,10.40,15.23,,15.40,36.19,,17.21,,,33.66,,,0.00,,,,,,85.22,,,31.64,,,,46.87,,,0.00,,,,,,,,,14.85,11.71,,,,,,,,,,,,,,,8.60,4.88,,0.00,,8.39,,13.49,23.41,,3.70,
06-05-19,,,,,,,,23.09,68.68,,10.72,,,,5.42,,9.35,13.34,,13.82,29.77,,16.88,,,30.55,,,0.00,,,,,,75.34,,,28.35,,,,45.92,,,0.00,,,,,,,,,13.06,0.00,,,,,,,,,,,,,,,11.50,3.75,,0.00,,0.00,,9.78,6.15,,2.60,
06-06-19,,,,,,,,22.04,65.60,,10.38,,,,4.50,,8.09,11.68,,13.86,8.69,,16.38,,,24.70,,,0.00,,,,,,71.21,,,27.10,,,,49.50,,,,,,,,,,,,24.05,42.93,,,,,,,,,,,,,,,10.10,2.18,,0.00,,0.00,,4.61,0.00,,6.80,
06-07-19,,,,,,,,21.33,62.02,,8.99,,,,4.33,,6.77,10.04,,14.07,8.08,,15.64,,,18.47,,,0.00,,,,,,76.98,,,25.60,,,,56.75,,,0.00,,,,,,,,,33.52,30.57,,,,,,,,,,,,,,,10.50,0.00,,0.00,,0.00,,4.92,0.00,,9.00,
06-08-19,,,,,,,,20.71,60.99,,9.20,,,,3.50,,6.77,9.71,,11.57,7.69,,13.50,,,18.13,,,0.00,,,,,,71.06,,,24.64,,,,51.58,,,0.00,,,,,,,,,31.28,28.71,,,,,,,,,,,,,,,,0.00,,0.00,,0.00,,6.40,0.00,,7.60,
06-09-19,,,,,,,,20.93,60.16,,,,,,3.33,,6.73,10.14,,7.69,7.27,,11.01,,,17.61,,,0.00,,,,,,63.34,,,23.71,,,,48.08,,,0.00,,,,,,,,,30.27,24.89,,,,,,,,,,,,,,,,0.00,,0.00,,0.00,,6.55,0.00,,5.80,
06-10-19,,,,,,,,20.59,59.49,,9.12,,,,3.67,,6.06,10.40,,5.52,6.73,,10.20,,,17.03,,,0.00,,,,,,60.55,,,22.35,,,,44.71,,,0.00,,,,,,,,,29.73,22.36,,,,,,,,,,,,,,,39.40,0.00,,0.00,,0.00,,4.80,0.00,,7.60,
06-11-19,,,,,,,,19.79,57.55,,8.09,,,,3.46,,5.52,10.86,,5.27,4.90,,10.23,,,16.30,,,0.00,,,,,,59.78,,,21.18,,,,42.91,,,0.00,,,,,,,,,28.95,18.66,,,,,,,,,,,,,,,35.70,0.00,,0.00,,0.00,,3.46,0.00,,6.40,
06-12-19,,,,,,,,19.50,52.56,,7.85,,,,2.62,,2.42,10.74,,6.52,4.27,,10.14,,,15.42,,,0.00,,,,,,58.83,,,20.70,,,,54.50,,,146.53,,,,,,,,,27.76,12.71,,,,,,,,,,,,,,,33.60,0.00,,0.00,,0.00,,0.00,0.00,,20.10,
06-13-19,,,,,,,,19.12,46.76,,6.51,,,,3.22,,0.68,10.26,,6.82,,,11.50,,,14.99,,,,,,,,,78.65,,,48.24,,,,88.87,,,135.96,,,,,,,,,43.26,20.53,,,,,,,,,,,,,,,36.90,0.00,,0.00,,0.00,,0.00,0.00,,69.20,
06-14-19,,,,,,,,18.42,44.35,,6.01,,,,1.38,,0.00,10.12,,7.66,44.12,,12.06,,,15.13,,,0.00,,,,,,116.82,,,46.10,,,,112.00,,,31.72,,,,,,,,,57.55,48.93,,,,,,,,,,,,,,,34.80,0.00,,0.00,,0.00,,0.00,0.00,,54.60,
06-15-19,,,,,,,,17.17,43.41,,5.05,,,,2.36,,0.00,13.80,,7.79,117.90,,12.79,,,15.35,,,,,,,,,127.35,,,41.35,,,,105.58,,,25.22,,,,,,,,,59.62,42.28,,,,,,,,,,,,,,,33.50,0.00,,0.00,,0.00,,3.49,0.00,,62.80,
06-16-19,,,,,,,,16.79,42.34,,5.31,,,,2.88,,0.00,14.80,,8.32,164.52,,15.03,,,13.48,,,,,,,,,131.36,,,38.39,,,,95.83,,,9.96,,,,,,,,,56.27,23.61,,,,,,,,,,,,,,,30.40,0.00,,0.00,,0.00,,7.80,0.00,,57.10,
06-17-19,,,,,,,,16.18,39.38,,4.99,,,,2.16,,2.14,15.40,,6.82,133.48,,15.03,,,13.77,,,3.10,,,,,,127.79,,,46.05,,,,89.79,,,6.56,,,,,,,,,53.10,24.48,,,,,,,,,,,,,,,27.70,0.00,,0.00,,0.00,,5.80,0.00,,46.90,
06-18-19,,,,,,,,16.19,34.45,,3.88,,,,1.21,,1.97,19.43,,12.49,49.43,,17.61,,,,,,3.70,,,,,,136.79,,,44.18,,,,91.73,,,,,,,,,,,,52.83,29.48,,,,,,,,,,,,,,,27.10,0.00,,2.20,,0.00,,14.50,11.15,,42.00,
06-19-19,,,,,,,,15.93,33.91,,3.70,,,,0.33,,0.00,18.40,,10.04,44.65,,16.61,,,14.02,,,2.30,,,,,,133.26,,,41.93,,,,87.61,,,3.79,,,,,,,,,50.35,27.62,,,,,,,,,,,,,,,25.90,0.00,,0.00,,2.82,,17.47,14.09,,38.00,
06-20-19,,,,,,,,14.32,33.49,,1.56,,,,0.00,,0.00,17.73,,8.82,42.79,,13.70,,,12.96,,,0.00,,,,,,128.34,,,40.97,,,,81.96,,,0.00,,,,,,,,,49.52,20.50,,,,,,,,,,,,,,,,0.00,,0.00,,0.00,,16.41,12.02,,32.60,
06-21-19,,,,,,,,12.54,33.35,,0.00,,,,0.14,,0.00,16.92,,8.02,40.94,,11.50,,,11.63,,,0.00,,,,,,123.23,,,40.09,,,,77.17,,,0.00,,,,,,,,,47.60,13.71,,,,,,,,,,,,,,,27.60,0.00,,0.00,,0.00,,13.73,5.20,,28.60,
06-22-19,,,,,,,,10.54,33.09,,0.00,,,,0.00,,0.00,16.40,,6.48,36.79,,11.04,,,11.48,,,0.00,,,,,,119.20,,,39.06,,,,74.58,,,0.00,,,,,,,,,46.32,13.30,,,,,,,,,,,,,,,24.70,0.00,,0.00,,0.00,,13.35,5.31,,27.50,
06-23-19,,,,,,,,8.54,33.51,,0.10,,,,0.42,,0.00,15.61,,6.02,28.73,,9.94,,,9.62,,,0.00,,,,,,110.51,,,38.43,,,,72.37,,,0.00,,,,,,,,,46.86,13.71,,,,,,,,,,,,,,,24.10,0.00,,0.00,,0.00,,12.15,0.00,,26.40,
06-24-19,,,,,,,,9.96,68.68,,7.54,,,,1.31,,5.83,20.27,,16.09,17.29,,21.54,,,21.97,,,1.57,,,,,,107.28,,,40.79,,,,78.50,,,0.00,,,,,,,,,56.19,19.50,,,,,,,,,,,,,,,,15.29,,0.00,,13.73,,14.71,4.73,,25.60,
06-25-19,,,,,,,,19.04,103.95,,15.08,,,,13.96,,13.16,29.10,,32.57,18.78,,35.25,,,43.22,,,,,,,,,100.71,,,43.97,,,,86.71,,,2.43,,,,,,,,,69.06,25.50,,,,,,,,,,,,,,,45.10,21.66,,4.40,,41.10,,52.21,48.46,,24.80,
06-26-19,,,,,,,,14.92,94.04,,13.05,,,,9.92,,3.96,26.63,,29.22,25.96,,30.60,,,38.50,,,0.00,,,,,,92.12,,,37.18,,,,88.18,,,2.48,,,,,,,,,105.10,14.11,,,,,,,,,,,,,,,,12.02,,0.00,,28.15,,43.29,39.67,,24.50,
06-27-19,,,,,,,,12.08,88.62,,11.75,,,,7.42,,2.49,23.84,,25.44,,,31.74,,,37.32,,,0.00,,,,,,121.08,,,50.99,,,,90.95,,,9.89,,,,,,,,,145.68,12.57,,,,,,,,,,,,,,,48.80,10.75,,0.00,,3.56,,36.74,15.70,,23.60,
06-28-19,,,,,,,,10.88,83.17,,10.97,,,,7.37,,0.35,21.83,,28.28,8.40,,30.01,,,14.78,,,,,,,,,136.49,,,48.81,,,,93.00,,,32.27,,,,,,,,,184.06,14.45,,,,,,,,,,,,,,,46.90,6.03,,0.00,,0.00,,33.27,2.39,,41.70,
06-29-19,,,,,,,,9.83,71.09,,11.66,,,,7.33,,6.74,28.23,,49.84,26.44,,51.18,,,15.40,,,,,,,,,176.28,,,54.48,,,,109.78,,,42.91,,,,,,,,,183.65,23.25,,,,,,,,,,,,,,,48.40,0.00,,0.00,,21.84,,49.20,27.34,,87.20,
06-30-19,,,,,,,,9.38,61.52,,10.12,,,,6.75,,3.69,28.60,,48.09,36.86,,51.17,,,76.90,,,8.35,,,,,,187.87,,,58.77,,,,117.58,,,46.36,,,,,,,,,175.81,29.66,,,,,,,,,,,,,,,45.90,0.00,,0.00,,23.56,,50.92,30.28,,70.40,
07-01-19,,,,,,,,8.32,59.46,,9.89,,,,6.08,,0.00,28.06,,44.61,38.55,,45.77,,,73.71,,,5.50,,,,,,177.09,,,55.31,,,,111.04,,,44.96,,,,,,,,,169.15,24.50,,,,,,,,,,,,,,,,0.00,,0.00,,21.41,,48.37,28.66,,62.40,
07-02-19,,,,,,,,7.67,57.13,,9.70,,,,5.50,,0.00,27.44,,42.43,37.77,,43.79,,,68.28,,,5.17,,,,,,170.01,,,51.35,,,,95.83,,,41.30,,,,,,,,,162.44,15.10,,,,,,,,,,,,,,,53.40,0.00,,0.00,,21.91,,47.34,30.94,,45.90,
07-03-19,,,,,,,,7.21,56.35,,9.60,,,,5.33,,0.00,27.24,,40.90,34.23,,36.18,,,58.55,,,3.25,,,,,,165.41,,,47.27,,,,85.71,,,34.95,,,,,,,,,156.94,16.38,,,,,,,,,,,,,,,51.10,0.00,,0.00,,20.43,,46.25,31.41,,37.80,
07-04-19,,,,,,,,6.92,55.92,,9.41,,,,4.92,,0.00,26.04,,39.14,33.30,,27.50,,,60.57,,,1.20,,,,,,159.38,,,46.27,,,,83.08,,,31.27,,,,,,,,,151.23,15.63,,,,,,,,,,,,,,,49.00,0.00,,0.00,,18.39,,45.14,29.65,,36.00,
07-05-19,,,,,,,,6.17,55.53,,9.07,,,,4.33,,0.00,25.29,,37.34,31.19,,27.05,,,57.32,,,0.00,,,,,,156.18,,,45.10,,,,80.29,,,29.46,,,,,,,,,149.69,14.79,,,,,,,,,,,,,,,46.80,0.00,,0.00,,19.02,,46.70,29.34,,35.30,
07-06-19,,,,,,,,4.29,55.12,,8.64,,,,4.00,,0.00,25.68,,33.98,31.36,,26.22,,,54.65,,,0.00,,,,,,153.85,,,44.85,,,,75.04,,,25.75,,,,,,,,,148.02,13.42,,,,,,,,,,,,,,,45.30,0.00,,0.00,,19.18,,46.90,29.14,,34.60,
07-07-19,,,,,,,,2.35,54.83,,8.68,,,,3.87,,0.03,25.32,,32.52,28.94,,26.73,,,53.27,,,0.00,,,,,,151.57,,,43.58,,,,71.25,,,19.05,,,,,,,,,141.15,8.46,,,,,,,,,,,,,,,44.40,0.00,,0.00,,17.82,,44.69,25.86,,31.10,
07-08-19,,,,,,,,1.79,53.63,,8.38,,,,3.04,,0.01,25.15,,34.20,25.69,,25.77,,,52.09,,,0.00,,,,,,149.10,,,42.52,,,,68.54,,,12.25,,,,,,,,,132.10,5.54,,,,,,,,,,,,,,,43.70,0.00,,0.00,,16.55,,43.07,21.22,,26.80,
07-09-19,,,,,,,,0.75,53.19,,8.26,,,,1.58,,0.00,24.56,,33.52,24.32,,24.67,,,50.71,,,0.00,,,,,,147.06,,,41.49,,,,65.83,,,9.57,,,,,,,,,127.23,4.29,,,,,,,,,,,,,,,42.90,0.00,,0.00,,14.35,,41.98,19.02,,23.90,
07-10-19,,,,,,,,0.46,52.95,,7.91,,,,1.01,,0.00,24.33,,33.39,22.27,,26.06,,,49.89,,,0.00,,,,,,145.24,,,41.22,,,,65.21,,,8.74,,,,,,,,,126.19,4.71,,,,,,,,,,,,,,,41.90,0.00,,0.00,,12.05,,41.40,15.94,,22.70,
07-11-19,,,,,,,,0.46,51.53,,7.67,,,,0.00,,0.05,23.45,,33.19,21.39,,26.86,,,49.30,,,0.00,,,,,,143.12,,,40.72,,,,64.58,,,7.62,,,,,,,,,124.44,4.71,,,,,,,,,,,,,,,42.00,0.00,,0.00,,9.93,,42.75,9.47,,21.80,
07-12-19,,,,,,,,0.42,48.45,,7.58,,,,0.00,,0.02,22.81,,33.07,21.05,,26.06,,,48.83,,,0.00,,,,,,142.39,,,40.57,,,,63.21,,,7.70,,,,,,,,,121.81,4.08,,,,,,,,,,,,,,,42.30,0.00,,0.00,,8.02,,40.23,0.00,,21.30,
07-13-19,,,,,,,,0.29,46.53,,7.26,,,,0.00,,0.04,22.73,,32.96,19.73,,25.69,,,48.12,,,0.00,,,,,,141.58,,,40.01,,,,62.54,,,10.96,,,,,,,,,125.77,5.12,,,,,,,,,,,,,,,,0.00,,0.00,,6.95,,39.55,5.13,,21.10,
07-14-19,,,,,,,,0.42,45.38,,7.06,,,,0.00,,0.00,21.74,,32.57,18.86,,25.52,,,47.81,,,0.00,,,,,,136.49,,,40.18,,,,62.00,,,11.39,,,,,,,,,131.94,5.71,,,,,,,,,,,,,,,40.50,0.00,,0.00,,6.94,,40.50,3.30,,19.90,
07-15-19,,,,,,,,0.08,45.15,,6.58,,,,,,0.00,21.08,,32.99,19.36,,25.18,,,47.26,,,0.00,,,,,,134.10,,,39.31,,,,59.58,,,11.20,,,,,,,,,131.77,3.92,,,,,,,,,,,,,,,40.30,0.00,,0.00,,7.84,,41.57,3.38,,17.50,
07-16-19,,,,,,,,0.17,45.05,,5.90,,,,0.00,,0.00,,,31.88,20.44,,22.14,,,46.82,,,0.00,,,,,,132.86,,,39.27,,,,57.25,,,9.96,,,,,,,,,131.80,3.50,,,,,,,,,,,,,,,40.50,0.00,,0.00,,14.98,,42.42,0.00,,13.50,
07-17-19,,,,,,,,0.25,44.78,,5.35,,,,0.00,,0.00,20.72,,30.61,18.73,,21.33,,,46.41,,,0.00,,,,,,131.40,,,39.18,,,,55.89,,,8.85,,,,,,,,,130.76,2.85,,,,,,,,,,,,,,,39.70,0.00,,0.00,,8.80,,42.27,0.00,,10.20,
07-18-19,,,,,,,,0.00,44.55,,4.77,,,,0.00,,0.04,20.59,,30.57,19.60,,21.25,,,45.39,,,,,,,,,131.87,,,41.44,,,,74.50,,,21.42,,,,,,,,,135.85,14.21,,,,,,,,,,,,,,,44.00,0.00,,0.00,,7.36,,41.17,3.57,,14.70,
07-19-19,,,,,,,,0.17,44.17,,3.53,,,,0.00,,0.00,19.09,,29.52,19.82,,20.54,,,44.92,,,,,,,,,129.15,,,41.23,,,,72.37,,,20.79,,,,,,,,,135.48,7.00,,,,,,,,,,,,,,,62.10,0.00,,0.00,,7.53,,42.21,3.49,,11.70,
07-20-19,,,,,,,,0.00,42.94,,1.93,,,,0.00,,0.00,19.47,,29.15,19.07,,20.49,,,44.21,,,0.00,,,,,,126.23,,,39.06,,,,68.25,,,19.39,,,,,,,,,134.10,6.71,,,,,,,,,,,,,,,,0.00,,0.00,,7.10,,41.64,0.00,,8.80,
07-21-19,,,,,,,,2.62,46.91,,2.67,,,,0.72,,0.11,19.80,,29.14,,,20.20,,,42.20,,,,,,,,,144.39,,,55.27,,,,118.87,,,45.42,,,,,,,,,160.21,30.25,,,,,,,,,,,,,,,77.00,0.00,,0.00,,3.92,,39.40,0.00,,33.20,
07-22-19,,,,,,,,8.38,65.16,,8.53,,,,1.22,,0.15,20.17,,29.77,20.90,,33.42,,,52.79,,,,,,,,,113.19,,,68.52,,,,140.86,,,47.33,,,,,,,,,168.19,42.37,,,,,,,,,,,,,,,72.30,5.50,,0.00,,13.02,,56.81,25.37,,38.30,
07-23-19,,,,,,,,7.62,71.11,,9.13,,,,0.72,,0.22,19.73,,29.35,21.10,,30.69,,,50.61,,,1.10,,,,,,111.93,,,66.88,,,,128.21,,,48.38,,,,,,,,,162.65,39.96,,,,,,,,,,,,,,,55.20,7.54,,0.00,,5.12,,52.94,20.68,,31.50,
07-24-19,,,,,,,,6.46,66.93,,6.21,,,,0.00,,0.02,19.75,,28.22,17.65,,43.79,,,45.10,,,0.00,,,,,,111.42,,,64.18,,,,115.67,,,54.50,,,,,,,,,155.19,35.83,,,,,,,,,,,,,,,53.50,5.29,,0.00,,6.19,,52.18,19.61,,28.50,
07-25-19,,,,,,,,6.29,64.72,,5.98,,,,0.00,,0.00,,,27.52,17.37,,46.99,,,42.50,,,0.00,,,,,,111.10,,,61.64,,,,108.33,,,56.21,,,,,,,,,154.02,33.62,,,,,,,,,,,,,,,53.00,7.17,,0.00,,6.68,,51.19,17.83,,26.60,
07-26-19,,,,,,,,5.62,63.21,,5.88,,,,0.00,,0.00,19.86,,27.57,15.87,,46.54,,,42.27,,,0.00,,,,,,111.27,,,60.56,,,,104.00,,,53.75,,,,,,,,,152.35,32.83,,,,,,,,,,,,,,,54.90,9.29,,0.00,,8.09,,51.43,18.91,,23.90,
07-27-19,,,,,,,,4.92,61.92,,5.38,,,,0.00,,0.02,19.39,,25.30,15.98,,46.57,,,41.70,,,0.00,,,,,,111.10,,,59.43,,,,99.96,,,53.30,,,,,,,,,152.73,32.29,,,,,,,,,,,,,,,52.80,9.12,,0.00,,8.97,,51.86,21.62,,21.80,
07-28-19,,,,,,,,4.33,60.76,,5.31,,,,0.08,,0.09,19.64,,22.76,15.97,,45.62,,,39.37,,,0.00,,,,,,117.05,,,58.75,,,,96.65,,,51.83,,,,,,,,,151.94,31.71,,,,,,,,,,,,,,,53.40,7.45,,0.00,,6.87,,49.21,16.46,,21.30,
07-29-19,,,,,,,,3.04,59.78,,5.06,,,,0.00,,0.22,19.63,,34.57,87.29,,49.83,,,44.60,,,,,,,,,131.74,,,67.37,,,,107.76,,,63.54,,,,,,,,,159.15,31.07,,,,,,,,,,,,,,,,5.86,,,,11.77,,54.68,16.07,,21.70,
07-30-19,,,,,,,,1.42,59.31,,4.33,,,,0.00,,0.00,17.95,,32.11,29.17,,48.38,,,,,,0.00,,,,,,148.65,,,73.59,,,,97.29,,,54.83,,,,,,,,,149.98,28.67,,,,,,,,,,,,,,,,4.39,,0.00,,13.61,,55.60,21.98,,19.00,
07-31-19,,,,,,,,0.00,58.12,,3.73,,,,0.03,,0.03,18.89,,30.94,29.32,,47.01,,,45.10,,,0.00,,,,,,141.11,,,68.56,,,,89.83,,,48.00,,,,,,,,,144.90,26.21,,,,,,,,,,,,,,,,0.00,,0.00,,11.40,,54.33,20.27,,15.60,
08-01-19,,,,,,,,0.38,56.98,,3.09,,,,0.37,,0.02,17.63,,29.78,30.31,,46.72,,,44.65,,,0.00,,,,,,138.25,,,66.18,,,,88.54,,,44.83,,,,,,,,,153.98,37.97,,,,,,,,,,,,,,,,0.00,,0.00,,3.53,,50.53,13.90,,16.50,
08-02-19,,,,,,,,0.54,55.66,,2.63,,,,0.04,,0.00,18.07,,28.52,29.94,,45.81,,,44.27,,,0.00,,,,,,136.64,,,65.14,,,,85.87,,,45.33,,,,,,,,,152.85,36.17,,,,,,,,,,,,,,,,0.00,,0.00,,7.87,,53.17,15.51,,16.60,
08-03-19,,,,,,,,0.08,55.38,,0.36,,,,0.00,,0.00,17.43,,26.32,29.07,,45.51,,,43.12,,,0.00,,,,,,134.76,,,64.89,,,,83.21,,,44.29,,,,,,,,,150.02,33.37,,,,,,,,,,,,,,,,0.00,,0.00,,10.09,,54.57,15.07,,16.50,
08-04-19,,,,,,,,0.08,55.15,,0.00,,,,0.00,,0.00,16.18,,24.66,28.61,,42.73,,,41.83,,,0.00,,,,,,132.88,,,63.85,,,,80.25,,,41.75,,,,,,,,,146.77,31.54,,,,,,,,,,,,,,,,0.00,,0.00,,11.23,,55.80,19.35,,15.80,
08-05-19,,,,,,,,0.04,54.78,,0.00,,,,0.00,,0.00,16.42,,21.32,28.44,,40.44,,,40.37,,,0.00,,,,,,130.18,,,62.85,,,,76.87,,,39.50,,,,,,,,,144.40,29.17,,,,,,,,,,,,,,,,0.00,,0.00,,10.95,,55.68,19.63,,14.50,
08-06-19,,,,,,,,0.12,54.40,,0.08,,,,0.00,,0.00,17.40,,19.36,25.23,,39.99,,,38.39,,,0.00,,,,,,126.70,,,61.57,,,,77.42,,,47.13,,,,,,,,,148.86,38.01,,,,,,,,,,,,,,,,0.00,,0.00,,7.81,,54.59,17.50,,12.80,
08-07-19,,,,,,,,0.00,54.09,,0.27,,,,0.33,,0.00,16.81,,17.57,15.12,,40.18,,,37.18,,,0.00,,,,,,124.51,,,61.10,,,,78.96,,,52.43,,,,,,,,,149.02,38.79,,,,,,,,,,,,,,,79.70,0.00,,0.00,,6.09,,54.00,11.92,,12.50,
08-08-19,,,,,,,,0.79,53.78,,0.44,,,,0.33,,0.06,16.20,,17.35,15.27,,40.92,,,36.77,,,,,,,,,123.39,,,60.60,,,,77.62,,,50.50,,,,,,,,,152.23,37.46,,,,,,,,,,,,,,,78.60,0.00,,0.00,,0.00,,51.20,10.25,,12.50,
08-09-19,,,,,,,,2.71,53.55,,0.00,,,,0.46,,0.00,15.49,,16.83,14.77,,40.17,,,36.41,,,0.00,,,,,,123.28,,,59.60,,,,75.87,,,48.78,,,,,,,,,150.56,37.25,,,,,,,,,,,,,,,,0.00,,0.00,,0.00,,51.30,8.96,,12.30,
08-10-19,,,,,,,,0.04,53.38,,0.00,,,,0.12,,0.00,16.35,,15.11,14.52,,38.90,,,33.48,,,0.00,,,,,,123.18,,,60.52,,,,74.71,,,48.58,,,,,,,,,150.60,37.18,,,,,,,,,,,,,,,88.80,0.00,,0.00,,4.33,,,5.88,,12.20,
08-11-19,,,,,,,,0.21,53.21,,0.14,,,,0.00,,0.22,16.92,,16.95,14.43,,37.21,,,34.67,,,,,,,,,123.91,,,60.10,,,,77.91,,,178.08,,,,,,,,,155.44,43.75,,,,,,,,,,,,,,,,0.00,,0.00,,3.66,,51.19,0.00,,12.30,
08-12-19,,,,,,,,1.24,52.95,,0.00,,,,0.21,,0.00,16.03,,14.52,13.77,,38.80,,,34.15,,,0.00,,,,,,121.86,,,59.23,,,,79.96,,,158.12,,,,,,,,,158.81,58.21,,,,,,,,,,,,,,,87.50,0.00,,0.00,,2.82,,51.24,0.00,,11.00,
08-13-19,,,,,,,,0.00,50.26,,0.00,,,,0.00,,0.00,14.66,,10.69,12.60,,37.92,,,33.75,,,0.00,,,,,,121.17,,,59.18,,,,77.21,,,64.42,,,,,,,,,157.15,55.00,,,,,,,,,,,,,,,87.20,0.00,,0.00,,6.90,,54.81,0.00,,10.90,
08-14-19,,,,,,,,0.00,43.67,,0.00,,,,0.00,,0.00,14.78,,7.02,12.33,,35.94,,,31.72,,,0.00,,,,,,120.92,,,56.31,,,,72.42,,,59.88,,,,,,,,,154.44,48.67,,,,,,,,,,,,,,,87.60,0.00,,0.00,,8.00,,56.06,2.58,,6.60,
08-15-19,,,,,,,,0.21,43.23,,0.00,,,,0.00,,0.00,13.90,,5.23,10.65,,34.81,,,29.31,,,0.00,,,,,,120.69,,,54.35,,,,68.33,,,55.33,,,,,,,,,149.48,42.21,,,,,,,,,,,,,,,86.80,0.00,,0.00,,6.22,,54.92,0.00,,0.00,
08-16-19,,,,,,,,0.00,42.83,,0.00,,,,0.00,,0.00,12.69,,2.82,9.69,,34.49,,,27.75,,,0.00,,,,,,120.65,,,52.68,,,,65.92,,,53.46,,,,,,,,,147.15,39.17,,,,,,,,,,,,,,,,0.00,,0.00,,0.00,,53.38,0.00,,0.00,
08-17-19,,,,,,,,0.04,41.70,,0.18,,,,0.12,,0.03,11.49,,0.00,9.27,,34.79,,,26.11,,,0.00,,,,,,120.89,,,52.06,,,,82.17,,,65.58,,,,,,,,,173.15,57.18,,,,,,,,,,,,,,,,0.00,,0.00,,0.00,,50.54,0.00,,0.00,
08-18-19,,,,,,,,0.00,40.98,,0.20,,,,0.00,,0.00,11.76,,0.00,9.90,,32.90,,,26.18,,,0.00,,,,,,120.38,,,51.85,,,,82.33,,,72.30,,,,,,,,,172.06,55.07,,,,,,,,,,,,,,,,0.00,,0.00,,0.00,,51.82,0.00,,0.00,
08-19-19,,,,,,,,0.00,40.45,,0.24,,,,0.11,,0.16,11.45,,3.65,9.44,,34.08,,,14.60,,,,,,,,,124.62,,,51.79,,,,78.14,,,71.75,,,,,,,,,168.03,40.10,,,,,,,,,,,,,,,,0.00,,2.20,,0.00,,51.89,0.00,,0.00,
08-20-19,,,,,,,,0.00,40.06,,0.10,,,,0.00,,0.09,9.85,,12.29,15.08,,40.05,,,43.05,,,7.48,,,,,,157.30,,,53.10,,,,76.79,,,67.67,,,,,,,,,166.06,39.21,,,,,,,,,,,,,,,,0.00,,0.00,,7.13,,57.04,14.34,,0.00,
08-21-19,,,,,,,,0.00,39.70,,0.17,,,,0.10,,0.11,7.93,,10.61,13.91,,36.77,,,,,,,,,,,,164.48,,,55.04,,,,72.92,,,60.35,,,,,,,,,161.10,37.36,,,,,,,,,,,,,,,,0.00,,0.00,,10.44,,57.41,13.54,,0.00,
08-22-19,,,,,,,,0.00,39.16,,,,,,0.00,,0.00,6.20,,7.66,9.55,,37.22,,,64.61,,,12.34,,,,,,,,,61.23,,,,68.92,,,57.92,,,,,,,,,156.69,35.25,,,,,,,,,,,,,,,,0.00,,0.00,,11.63,,59.03,4.00,,6.50,
08-23-19,,,,,,,,0.00,38.44,,0.00,,,,0.00,,0.00,2.97,,2.36,10.95,,34.14,,,58.95,,,0.00,,,,,,167.58,,,58.06,,,,64.42,,,54.75,,,,,,,,,154.73,33.96,,,,,,,,,,,,,,,91.00,0.00,,0.00,,13.13,,59.45,6.16,,3.40,
08-24-19,,,,,,,,0.00,37.78,,0.17,,,,0.00,,0.08,2.04,,0.00,9.95,,34.46,,,53.22,,,0.00,,,,,,165.32,,,54.72,,,,60.12,,,52.83,,,,,,,,,148.15,30.79,,,,,,,,,,,,,,,,0.00,,0.00,,10.09,,57.29,10.31,,0.00,
08-25-19,,,,,,,,0.04,37.84,,0.24,,,,0.00,,0.16,1.59,,2.02,9.65,,33.58,,,50.07,,,0.00,,,,,,161.59,,,52.52,,,,54.58,,,48.67,,,,,,,,,144.48,28.71,,,,,,,,,,,,,,,,0.00,,0.00,,,,55.76,4.48,,0.00,
08-26-19,,,,,,,,0.08,37.37,,0.10,,,,0.01,,0.00,0.00,,0.00,10.73,,31.16,,,48.41,,,0.00,,,,,,157.28,,,51.05,,,,52.08,,,44.83,,,,,,,,,140.90,26.41,,,,,,,,,,,,,,,,0.00,,0.00,,10.07,,55.88,6.73,,0.00,
08-27-19,,,,,,,,0.00,36.46,,0.00,,,,0.00,,0.00,0.00,,0.00,10.28,,29.40,,,45.14,,,0.00,,,,,,154.54,,,48.18,,,,46.96,,,40.33,,,,,,,,,133.40,20.96,,,,,,,,,,,,,,,,0.00,,0.00,,10.07,,55.91,4.08,,0.00,
08-28-19,,,,,,,,0.04,34.98,,0.01,,,,0.00,,0.00,0.00,,0.00,7.94,,26.96,,,41.86,,,0.00,,,,,,151.19,,,45.40,,,,41.54,,,36.83,,,,,,,,,121.15,10.59,,,,,,,,,,,,,,,,0.00,,0.00,,6.43,,53.90,0.00,,0.00,
08-29-19,,,,,,,,,33.09,,0.04,,,,0.00,,0.18,0.00,,0.00,6.44,,25.42,,,39.63,,,0.00,,,,,,150.15,,,45.18,,,,35.50,,,33.00,,,,,,,,,115.60,7.12,,,,,,,,,,,,,,,,0.00,,0.00,,3.57,,51.88,0.00,,2.00,
08-30-19,,,,,,,,0.08,31.30,,0.16,,,,0.00,,0.20,0.03,,0.00,8.52,,24.56,,,38.38,,,0.00,,,,,,148.83,,,44.35,,,,30.57,,,31.46,,,,,,,,,112.44,6.62,,,,,,,,,,,,,,,87.70,0.00,,0.00,,0.00,,50.50,0.00,,0.00,
08-31-19,,,,,,,,0.21,30.09,,0.13,,,,0.00,,0.16,0.00,,0.00,7.65,,21.92,,,37.20,,,0.00,,,,,,147.45,,,42.64,,,,23.54,,,29.75,,,,,,,,,110.90,6.25,,,,,,,,,,,,,,,85.60,0.00,,0.00,,2.20,,50.72,0.00,,0.00,
09-01-19,,,,,,,,0.00,28.68,,0.12,,,,0.00,,0.00,0.00,,0.00,6.61,,18.57,,,35.99,,,0.00,,,,,,146.09,,,40.56,,,,17.00,,,28.50,,,,,,,,,110.27,5.38,,,,,,,,,,,,,,,86.00,0.00,,0.00,,2.39,,50.32,0.00,,0.00,
09-02-19,,,,,,,,0.08,27.21,,0.10,,,,0.00,,0.17,0.00,,0.00,3.19,,17.21,,,35.02,,,0.00,,,,,,145.34,,,37.68,,,,13.29,,,28.17,,,,,,,,,109.65,4.25,,,,,,,,,,,,,,,84.80,0.00,,0.00,,0.00,,49.29,0.00,,0.00,
09-03-19,,,,,,,,0.00,25.52,,0.14,,,,0.08,,0.09,0.19,,0.00,1.48,,15.25,,,33.83,,,0.00,,,,,,144.96,,,35.47,,,,10.12,,,26.54,,,,,,,,,107.56,2.29,,,,,,,,,,,,,,,85.30,0.00,,0.00,,2.75,,50.10,0.00,,2.20,
09-04-19,,,,,,,,0.00,23.20,,0.09,,,,0.00,,0.07,0.12,,0.00,0.00,,12.72,,,33.10,,,0.00,,,,,,144.38,,,32.47,,,,5.78,,,25.38,,,,,,,,,108.05,1.88,,,,,,,,,,,,,,,84.90,0.00,,0.00,,0.00,,50.97,0.00,,0.00,
09-05-19,,,,,,,,0.00,25.45,,0.17,,,,0.00,,0.00,0.48,,0.00,0.00,,11.53,,,,,,0.00,,,,,,143.36,,,31.27,,,,3.31,,,22.75,,,,,,,,,108.27,2.40,,,,,,,,,,,,,,,83.50,0.00,,0.00,,0.00,,48.43,0.00,,0.00,
09-06-19,,,,,,,,0.00,27.38,,0.25,,,,0.16,,0.19,0.79,,4.07,0.00,,5.23,,,33.88,,,,,,,,,149.22,,,29.41,,,,,,,29.86,,,,,,,,,106.96,1.96,,,,,,,,,,,,,,,,0.00,,0.00,,0.00,,47.56,0.00,,2.20,
09-07-19,,,,,,,,0.12,26.86,,0.24,,,,0.21,,0.21,0.49,,0.00,0.00,,1.98,,,26.22,,,,,,,,,161.69,,,29.77,,,,,,,58.85,,,,,,,,,107.67,30.33,,,,,,,,,,,,,,,83.60,0.00,,0.00,,0.00,,49.66,0.00,,6.80,
09-08-19,,,,,,,,0.12,26.82,,0.18,,,,0.42,,0.43,0.02,,3.90,0.00,,9.90,,,44.67,,,6.32,,,,,,165.85,,,29.90,,,,,,,61.20,,,,,,,,,109.48,15.76,,,,,,,,,,,,,,,82.90,0.00,,0.00,,2.27,,52.65,0.00,,3.70,
09-09-19,,,,,,,,2.77,34.38,,0.35,,,,0.99,,3.46,1.29,,10.32,,,5.94,,,34.66,,,,,,,,,170.03,,,27.63,,,,,,,58.55,,,,,,,,,107.60,27.93,,,,,,,,,,,,,,,,3.56,,3.50,,2.17,,61.35,0.00,,0.00,
09-10-19,,,,,,,,2.52,38.70,,0.22,,,,1.38,,0.90,0.90,,9.29,,,9.55,,,42.86,,,44.26,,,,,,187.42,,,34.95,,,,,,,59.62,,,,,,,,,105.19,28.29,,,,,,,,,,,,,,,84.20,6.00,,2.60,,13.52,,72.55,96.09,,9.30,
09-11-19,,,,,,,,1.75,39.09,,0.20,,,,0.29,,0.05,2.42,,11.93,,,14.71,,,48.30,,,15.37,,,,,,182.77,,,31.97,,,,,,,54.33,,,,,,,,,106.56,29.35,,,,,,,,,,,,,,,81.00,4.99,,2.40,,11.34,,76.85,24.62,,5.00,
09-12-19,,,,,,,,0.21,37.28,,0.01,,,,0.00,,0.00,0.62,,8.57,12.15,,15.67,,,45.30,,,0.00,,,,,,178.54,,,29.39,,,,0.00,,,51.08,,,,,,,,,104.69,28.21,,,,,,,,,,,,,,,80.60,4.56,,0.00,,11.99,,76.23,18.75,,0.00,
09-13-19,,,,,,,,0.00,36.62,,0.05,,,,0.00,,0.00,0.00,,5.61,10.32,,11.01,,,42.15,,,0.00,,,,,,174.53,,,27.43,,,,0.00,,,46.75,,,,,,,,,98.94,24.00,,,,,,,,,,,,,,,80.10,3.41,,0.00,,13.86,,73.22,18.93,,0.00,
09-14-19,,,,,,,,0.00,35.44,,0.07,,,,,,0.00,0.00,,2.48,10.94,,8.83,,,40.39,,,0.00,,,,,,172.00,,,25.18,,,,2.46,,,42.67,,,,,,,,,97.31,36.02,,,,,,,,,,,,,,,,2.25,,0.00,,11.81,,70.45,15.96,,0.00,
09-15-19,,,,,,,,0.00,32.09,,0.00,,,,0.00,,0.00,0.57,,0.00,9.69,,7.58,,,39.85,,,0.00,,,,,,170.53,,,25.57,,,,2.92,,,49.68,,,,,,,,,112.81,70.08,,,,,,,,,,,,,,,,0.00,,0.00,,9.05,,68.64,12.77,,3.00,
09-16-19,,,,,,,,0.00,31.50,,0.00,,,,0.00,,0.00,0.29,,0.00,9.40,,4.69,,,38.53,,,,,,,,,168.34,,,23.27,,,,2.37,,,68.18,,,,,,,,,115.73,50.46,,,,,,,,,,,,,,,86.30,0.00,,0.00,,9.85,,68.27,13.41,,4.70,
09-17-19,,,,,,,,0.00,31.13,,0.03,,,,0.00,,0.03,0.34,,0.00,8.01,,5.38,,,33.89,,,0.00,,,,,,164.93,,,16.60,,,,0.00,,,64.50,,,,,,,,,109.77,40.92,,,,,,,,,,,,,,,81.40,0.00,,0.00,,9.92,,67.54,11.30,,0.00,
09-18-19,,,,,,,,0.00,30.93,,0.04,,,,0.00,,0.00,0.00,,0.00,5.07,,0.00,,,29.76,,,0.00,,,,,,161.27,,,11.81,,,,0.00,,,57.29,,,,,,,,,104.90,35.21,,,,,,,,,,,,,,,,0.00,,0.00,,7.81,,64.05,4.53,,0.00,
09-19-19,,,,,,,,0.00,30.43,,0.12,,,,0.00,,0.10,0.71,,0.00,0.00,,0.00,,,27.41,,,1.58,,,,,,158.90,,,7.39,,,,0.00,,,53.42,,,,,,,,,106.56,36.80,,,,,,,,,,,,,,,80.00,0.00,,0.00,,2.10,,59.26,0.00,,0.00,
09-20-19,,,,,,,,0.00,29.16,,0.05,,,,0.20,,0.12,0.84,,2.11,1.28,,2.58,,,27.18,,,0.00,,,,,,157.10,,,3.96,,,,0.00,,,52.46,,,,,,,,,105.23,35.17,,,,,,,,,,,,,,,79.90,0.00,,0.00,,2.88,,62.82,0.00,,0.00,
09-21-19,,,,,,,,0.00,28.34,,0.00,,,,0.00,,0.00,0.00,,0.00,0.00,,4.46,,,24.60,,,0.00,,,,,,156.29,,,0.00,,,,0.00,,,49.96,,,,,,,,,103.94,33.75,,,,,,,,,,,,,,,79.40,0.00,,0.00,,6.63,,65.60,5.93,,0.00,
09-22-19,,,,,,,,0.00,27.43,,0.00,,,,0.00,,0.00,0.01,,0.00,0.00,,6.92,,,18.76,,,0.00,,,,,,155.30,,,0.00,,,,0.00,,,46.08,,,,,,,,,100.69,31.29,,,,,,,,,,,,,,,79.20,0.00,,0.00,,7.83,,66.37,0.00,,0.00,
09-23-19,,,,,,,,0.04,25.84,,0.00,,,,0.00,,0.02,0.00,,0.00,0.00,,2.21,,,13.93,,,0.00,,,,,,153.32,,,0.00,,,,0.00,,,42.12,,,,,,,,,98.19,27.29,,,,,,,,,,,,,,,77.20,0.00,,0.00,,8.16,,63.19,0.00,,0.00,
09-24-19,,,,,,,,0.00,22.54,,,,,,0.00,,0.08,0.00,,0.00,0.00,,7.56,,,8.56,,,0.00,,,,,,149.78,,,0.00,,,,0.00,,,38.42,,,,,,,,,95.52,22.58,,,,,,,,,,,,,,,59.30,0.00,,0.00,,6.27,,60.83,0.00,,0.00,
09-25-19,,,,,,,,0.00,18.84,,0.04,,,,0.00,,0.09,0.00,,0.00,0.00,,5.35,,,2.27,,,0.00,,,,,,145.71,,,0.00,,,,0.00,,,26.96,,,,,,,,,88.15,14.83,,,,,,,,,,,12.78,,,,52.10,0.00,,0.00,,0.00,,56.84,0.00,,0.00,
09-26-19,,,,,,,,0.00,15.19,,0.00,,,,0.00,,0.00,0.00,,0.00,0.00,,4.10,,,0.00,,,0.00,,,,,,140.87,,,0.00,,,,0.00,,,16.38,,,,,,,,,77.90,6.62,,,,,,,,,,,11.74,,,,49.40,0.00,,0.00,,0.00,,52.14,0.00,,0.00,
09-27-19,,,,,,,,0.04,12.74,,0.00,,,,0.00,,0.10,0.00,,0.00,0.00,,0.00,,,0.00,,,0.00,,,,,,138.09,,,0.00,,,,0.00,,,10.25,,,,,,,,,69.23,0.88,,,,,,,,,,,8.93,,,,47.40,,,0.00,,0.00,,46.21,0.00,,0.00,
09-28-19,,,,,,,,0.00,10.17,,0.00,,,,0.00,,0.04,0.00,,0.00,0.00,,0.00,,,0.00,,,0.00,,,,,,136.15,,,0.00,,,,0.00,,,6.42,,,,,,,,,63.19,0.10,,,,,,,,,,,6.92,,,,45.10,0.00,,0.00,,0.00,,43.53,0.00,,0.00,
09-29-19,,,,,,,,0.00,6.54,,0.00,,,,0.00,,0.04,0.00,,0.00,0.00,,1.41,,,0.00,,,0.00,,,,,,132.78,,,0.00,,,,0.00,,,3.21,,,,,,,,,56.85,0.24,,,,,,,,,,,4.73,,,,,0.00,,0.00,,0.00,,36.22,0.00,,0.00,
09-30-19,,,,,,,,0.00,4.22,,0.00,,,,0.00,,0.14,0.48,,2.23,0.00,,1.90,,,0.00,,,,,,,,,131.96,,,0.00,,,,0.00,,,17.00,,,,,,,,,75.29,38.11,,,,,,,,,,,0.00,,,,,0.00,,0.00,,0.00,,28.88,0.00,,0.00,
10-01-19,,,,,,,,0.00,3.12,,0.12,,,,0.25,,0.18,0.54,,2.79,0.00,,0.00,,,0.00,,,,,,,,,143.97,,,0.00,,,,0.00,,,29.61,,,,,,,,,84.10,24.71,,,,,,,,,,,0.00,,,,41.50,0.00,,0.00,,0.00,,26.37,0.00,,0.00,
10-02-19,,,,,,,,0.12,2.60,,0.11,,,,0.17,,0.22,0.51,,2.44,0.00,,0.00,,,0.00,,,,,,,,,148.05,,,0.00,,,,0.00,,,26.52,,,,,,,,,76.50,25.51,,,,,,,,,,,0.00,,,,41.90,0.00,,0.00,,0.00,,27.19,0.00,,0.00,
10-03-19,,,,,,,,0.00,1.77,,0.15,,,,0.00,,0.27,0.69,,2.82,0.00,,2.18,,,0.00,,,0.00,,,,,,144.14,,,0.00,,,,0.00,,,24.78,,,,,,,,,74.40,23.71,,,,,,,,,,,0.00,,,,41.10,0.00,,0.00,,0.00,,26.39,0.00,,0.00,
10-04-19,,,,,,,,0.21,1.94,,0.18,,,,0.03,,0.17,0.21,,2.57,0.00,,2.36,,,0.00,,,1.45,,,,,,141.38,,,0.00,,,,0.00,,,22.79,,,,,,,,,70.85,21.00,,,,,,,,,,,0.00,,,,39.50,4.37,,0.00,,0.00,,25.84,0.00,,0.00,
10-05-19,,,,,,,,0.04,0.75,,0.12,,,,0.10,,0.16,0.00,,0.00,0.00,,6.01,,,0.00,,,0.00,,,,,,140.12,,,0.00,,,,0.00,,,18.21,,,,,,,,,67.27,18.08,,,,,,,,,,,0.00,,,,37.30,3.17,,0.00,,0.00,,25.56,0.00,,0.00,
10-06-19,,,,,,,,0.12,0.02,,0.06,,,,0.10,,0.09,0.00,,0.00,0.00,,6.11,,,0.00,,,0.00,,,,,,137.25,,,0.00,,,,0.00,,,15.42,,,,,,,,,64.31,15.26,,,,,,,,,,,0.00,,,,,0.00,,0.00,,0.00,,23.59,0.00,,0.00,
10-07-19,,,,,,,,0.04,0.00,,0.00,,,,0.00,,0.24,0.00,,0.00,0.00,,3.79,,,0.00,,,0.00,,,,,,133.63,,,0.00,,,,0.00,,,8.50,,,,,,,,,56.56,9.09,,,,,,,,,,,2.28,,,,32.20,0.00,,0.00,,0.00,,22.65,0.00,,0.00,
10-08-19,,,,,,,,0.00,0.00,,0.00,,,,0.00,,0.14,0.00,,0.00,0.00,,7.67,,,0.00,,,0.00,,,,,,129.89,,,0.00,,,,0.00,,,3.04,,,,,,,,,49.90,4.96,,,,,,,,,,,3.16,,,,29.80,0.00,,0.00,,0.00,,17.94,0.00,,0.00,
10-09-19,,,,,,,,0.00,0.00,,0.00,,,,0.00,,0.12,0.00,,0.00,0.00,,8.94,,,0.00,,,0.00,,,,,,126.01,,,0.00,,,,0.00,,,0.00,,,,,,,,,42.81,0.88,,,,,,,,,,,3.71,,,,28.70,0.00,,0.00,,0.00,,12.65,0.00,,0.00,
10-10-19,,,,,,,,0.00,0.00,,0.00,,,,0.00,,0.00,0.00,,0.00,0.00,,3.54,,,0.00,,,0.00,,,,,,123.00,,,0.00,,,,0.00,,,0.00,,,,,,,,,37.73,0.00,,,,,,,,,,,4.53,,,,27.70,0.00,,0.00,,0.00,,9.05,0.00,,0.00,
10-11-19,,,,,,,,0.00,0.00,,0.00,,,,0.00,,0.15,0.00,,0.00,0.00,,5.94,,,0.00,,,0.00,,,,,,121.61,,,0.00,,,,0.00,,,0.00,,,,,,,,,33.60,0.00,,,,,,,,,,,3.79,,,,26.10,0.00,,0.00,,0.00,,5.39,0.00,,0.00,
10-12-19,,,,,,,,0.00,0.00,,0.00,,,,0.00,,0.20,0.02,,0.00,0.00,,5.12,,,0.00,,,0.00,,,,,,128.02,,,0.00,,,,0.00,,,0.00,,,,,,,,,26.65,0.00,,,,,,,,,,,3.05,,,,25.40,0.00,,0.00,,0.00,,3.29,0.00,,0.00,
10-13-19,,,,,,,,0.00,0.07,,0.00,,,,0.00,,0.20,0.00,,0.00,0.00,,1.71,,,0.00,,,0.00,,,,,,129.43,,,0.00,,,,0.00,,,0.00,,,,,,,,,18.98,0.00,,,,,,,,,,,3.24,,,,23.40,0.00,,0.00,,0.00,,0.00,0.00,,0.00,
10-14-19,,,,,,,,0.00,0.34,,0.00,,,,0.00,,0.11,0.13,,0.00,72.50,,0.00,,,,,,,,,,,,127.48,,,0.00,,,,0.00,,,0.00,,,,,,,,,12.35,0.00,,,,,,,,,,,0.00,,,,21.00,0.00,,5.10,,0.00,,0.00,0.00,,0.00,
10-15-19,,,,,,,,0.00,0.42,,0.10,,,,0.00,,0.25,0.15,,0.00,0.00,,1.10,,,1.14,,,,,,,,,123.84,,,0.00,,,,0.00,,,0.00,,,,,,,,,8.19,0.00,,,,,,,,,,,0.00,,,,16.10,0.00,,5.50,,0.00,,2.41,0.00,,0.00,
10-16-19,,,,,,,,0.00,0.22,,0.10,,,,0.00,,0.25,0.05,,0.00,0.00,,0.00,,,0.00,,,1.38,,,,,,121.92,,,0.00,,,,0.00,,,0.00,,,,,,,,,2.73,0.00,,,,,,,,,,,0.00,,,,,0.00,,0.00,,0.00,,0.00,0.00,,0.00,
10-17-19,,,,,,,,0.08,0.19,,0.05,,,,0.04,,0.19,0.32,,0.00,0.00,,1.33,,,0.00,,,13.21,,,,,,121.36,,,0.00,,,,0.00,,,0.00,,,,,,,,,0.00,0.00,,,,,,,,,,,0.00,,,,,0.00,,0.00,,0.00,,0.00,0.00,,0.00,
10-18-19,,,,,,,,0.00,0.06,,0.06,,,,0.00,,0.21,0.30,,0.00,0.00,,0.00,,,0.00,,,0.00,,,,,,119.92,,,0.00,,,,0.00,,,0.00,,,,,,,,,0.00,0.00,,,,,,,,,,,0.00,,,,,0.00,,0.00,,0.00,,,0.00,,0.00,
10-19-19,,,,,,,,0.17,0.04,,0.00,,,,0.00,,0.21,0.02,,0.00,0.00,,0.00,,,0.00,,,0.00,,,,,,117.50,,,0.00,,,,0.00,,,0.00,,,,,,,,,0.00,0.00,,,,,,,,,,,0.00,,,,0.00,0.00,,0.00,,0.00,,0.00,0.00,,0.00,
10-20-19,,,,,,,,0.21,0.19,,0.14,,,,0.00,,0.28,0.32,,0.00,,,0.00,,,0.00,,,0.00,,,,,,112.88,,,0.00,,,,0.00,,,0.00,,,,,,,,,0.00,0.00,,,,,,,,,,,0.00,,,,0.00,0.00,,0.00,,0.00,,0.00,0.00,,0.00,
10-21-19,,,,,,,,0.08,0.14,,0.05,,,,0.00,,0.25,0.00,,0.00,0.00,,1.79,,,,,,0.00,,,,,,110.83,,,0.00,,,,0.00,,,0.00,,,,,,,,,0.00,0.00,,,,,,,,,,,0.00,,,,0.00,0.00,,0.00,,0.00,,0.00,0.00,,0.00,
10-22-19,,,,,,,,0.04,0.22,,0.00,,,,0.00,,,0.00,,0.00,0.00,,0.00,,,,,,0.00,,,,,,107.56,,,0.00,,,,0.00,,,0.00,,,,,,,,,0.44,32.29,,,,,,,,,,,0.00,,,,0.00,0.00,,0.00,,0.00,,0.00,0.00,,0.00,
10-23-19,,,,,,,,0.04,0.13,,0.03,,,,0.00,,0.24,0.00,,0.00,0.00,,0.00,,,1.19,,,0.00,,,,,,105.22,,,0.00,,,,0.00,,,0.00,,,,,,,,,1.60,0.00,,,,,,,,,,,0.00,,,,0.00,0.00,,0.00,,0.00,,0.00,0.00,,0.00,
10-24-19,,,,,,,,0.00,0.17,,0.02,,,,0.00,,0.22,0.00,,0.00,0.00,,0.00,,,1.64,,,0.00,,,,,,103.21,,,0.00,,,,0.00,,,0.00,,,,,,,,,1.06,0.00,,,,,,,,,,,2.23,,,,0.00,0.00,,0.00,,0.00,,0.00,0.00,,0.00,
10-25-19,,,,,,,,0.00,0.08,,0.00,,,,0.02,,0.13,0.00,,0.00,0.00,,0.00,,,1.67,,,0.00,,,,,,100.83,,,0.00,,,,0.00,,,0.00,,,,,,,,,0.27,0.00,,,,,,,,,,,3.95,,,,0.00,0.00,,0.00,,0.00,,0.00,0.00,,0.00,
10-26-19,,,,,,,,0.04,0.02,,0.03,,,,0.00,,0.10,0.00,,0.00,0.00,,0.00,,,1.77,,,0.00,,,,,,97.79,,,0.00,,,,0.00,,,0.00,,,,,,,,,0.00,1.38,,,,,,,,,,,2.81,,,,0.00,0.00,,0.00,,0.00,,0.00,0.00,,0.00,
10-27-19,,,,,,,,0.00,0.00,,0.00,,,,0.00,,0.16,0.00,,0.00,0.00,,0.00,,,1.86,,,0.00,,,,,,92.50,,,0.00,,,,0.00,,,0.00,,,,,,,,,0.00,1.35,,,,,,,,,,,2.82,,,,,0.00,,0.00,,0.00,,0.00,0.00,,0.00,
10-28-19,,,,,,,,0.00,,,0.00,,,,0.00,,0.22,0.10,,0.00,0.00,,0.00,,,,,,0.00,,,,,,,,,0.00,,,,0.00,,,0.00,,,,,,,,,1.74,1.38,,,,,,,,,,,0.00,,,,,,,0.00,,0.00,,0.00,0.00,,0.00,
10-29-19,,,,,,,,0.00,0.08,,0.00,,,,,,0.27,0.26,,0.00,0.00,,1.52,,,1.72,,,0.00,,,,,,91.18,,,0.00,,,,0.00,,,,,,,,,,,,14.79,2.68,,,,,,,,,,,0.00,,,,0.00,0.00,,0.00,,0.00,,0.00,0.00,,0.00,
10-30-19,,,,,,,,0.08,0.00,,,,,,0.00,,0.09,0.00,,0.00,,,1.57,,,1.73,,,0.00,,,,,,90.10,,,0.00,,,,0.00,,,0.00,,,,,,,,,5.02,1.29,,,,,,,,,,,2.65,,,,0.00,0.00,,0.00,,0.00,,0.00,0.00,,0.00,
10-31-19,,,,,,,,0.00,0.00,,0.00,,,,,,0.18,0.12,,0.00,0.00,,1.24,,,1.46,,,0.00,,,,,,83.52,,,0.00,,,,0.00,,,0.00,,,,,,,,,2.02,0.20,,,,,,,,,,,4.71,,,,,0.00,,0.00,,0.00,,0.00,0.00,,0.00,
11-01-19,,,,,,,,0.00,0.00,,0.00,,,,0.00,,0.19,0.05,,0.00,0.00,,0.00,,,1.98,,,0.00,,,,,,78.93,,,0.00,,,,0.00,,,0.00,,,,,,,,,1.75,2.57,,,,,,,,,,,3.61,,,,0.00,0.00,,0.00,,0.00,,0.00,0.00,,0.00,
11-02-19,,,,,,,,0.00,0.00,,0.02,,,,0.00,,0.19,0.00,,0.00,0.00,,2.27,,,1.90,,,0.00,,,,,,83.20,,,0.00,,,,0.00,,,,,,,,,,,,3.75,1.45,,,,,,,,,,,3.34,,,,0.00,0.00,,0.00,,0.00,,0.00,0.00,,0.00,
11-03-19,,,,,,,,0.17,0.00,,0.00,,,,0.00,,0.33,0.00,,0.00,0.00,,0.00,,,1.88,,,0.00,,,,,,80.17,,,0.00,,,,0.00,,,0.00,,,,,,,,,2.17,0.00,,,,,,,,,,,0.00,,,,,0.00,,0.00,,0.00,,0.00,0.00,,0.00,
11-04-19,,,,,,,,0.08,0.00,,0.11,,,,0.00,,0.26,0.00,,0.00,0.00,,0.00,,,2.13,,,0.00,,,,,,87.64,,,0.00,,,,0.00,,,0.00,,,,,,,,,1.08,0.00,,,,,,,,,,,0.00,,,,,0.00,,0.00,,0.00,,0.00,0.00,,0.00,
11-05-19,,,,,,,,0.00,0.00,,0.14,,,,0.07,,0.22,0.00,,0.00,0.00,,1.25,,,0.00,,,0.00,,,,,,88.07,,,0.00,,,,0.00,,,0.00,,,,,,,,,1.83,0.00,,,,,,,,,,,2.76,,,,,0.00,,0.00,,0.00,,0.00,0.00,,0.00,
11-06-19,,,,,,,,0.00,0.00,,0.09,,,,0.00,,0.27,0.00,,0.00,0.00,,1.31,,,0.00,,,0.00,,,,,,90.33,,,0.00,,,,0.00,,,0.00,,,,,,,,,1.17,0.00,,,,,,,,,,,2.18,,,,,0.00,,0.00,,0.00,,0.00,0.00,,0.00,
11-07-19,,,,,,,,0.00,0.00,,0.05,,,,0.00,,0.17,,,0.00,0.00,,1.28,,,0.00,,,,,,,,,68.91,,,0.00,,,,0.00,,,0.00,,,,,,,,,1.62,0.00,,,,,,,,,,,4.05,,,,9.00,0.00,,0.00,,0.00,,0.00,0.00,,0.00,
11-08-19,,,,,,,,0.00,0.00,,0.05,,,,0.00,,0.16,0.00,,0.00,0.00,,0.00,,,0.00,,,,,,,,,56.15,,,0.00,,,,0.00,,,0.00,,,,,,,,,0.00,0.00,,,,,,,,,,,4.96,,,,5.60,0.00,,0.00,,0.00,,0.00,0.00,,0.00,
11-09-19,,,,,,,,0.00,0.00,,0.02,,,,0.01,,,0.00,,0.00,0.00,,0.00,,,0.00,,,,,,,,,55.67,,,0.00,,,,0.00,,,0.00,,,,,,,,,0.40,0.00,,,,,,,,,,,4.61,,,,0.00,0.00,,0.00,,0.00,,0.00,0.00,,0.00,
11-10-19,,,,,,,,0.00,0.00,,0.05,,,,0.00,,0.16,0.00,,0.00,0.00,,1.02,,,0.00,,,0.00,,,,,,50.09,,,0.00,,,,0.00,,,0.00,,,,,,,,,0.00,0.00,,,,,,,,,,,5.81,,,,0.00,0.00,,0.00,,0.00,,0.00,0.00,,0.00,
11-11-19,,,,,,,,0.00,0.00,,0.09,,,,0.00,,0.14,0.00,,0.00,0.00,,0.00,,,,,,0.00,,,,,,51.15,,,0.00,,,,0.00,,,0.00,,,,,,,,,0.00,0.12,,,,,,,,,,,4.95,,,,0.00,0.00,,0.00,,0.00,,0.00,0.00,,0.00,
11-12-19,,,,,,,,0.00,0.00,,0.10,,,,0.00,,0.24,0.00,,0.00,0.00,,0.00,,,0.00,,,,,,,,,36.32,,,0.00,,,,0.00,,,0.00,,,,,,,,,0.00,0.00,,,,,,,,,,,3.25,,,,0.00,0.00,,0.00,,0.00,,0.00,0.00,,0.00,
11-13-19,,,,,,,,0.00,0.00,,0.13,,,,0.00,,0.26,0.00,,0.00,0.00,,0.00,,,0.00,,,,,,,,,4.05,,,0.00,,,,0.00,,,0.00,,,,,,,,,0.00,0.19,,,,,,,,,,,2.22,,,,0.00,0.00,,0.00,,0.00,,0.00,0.00,,0.00,
11-14-19,,,,,,,,0.00,0.00,,,,,,0.00,,0.33,0.00,,0.00,0.00,,0.00,,,0.00,,,,,,,,,4.07,,,0.00,,,,0.00,,,0.00,,,,,,,,,0.17,0.00,,,,,,,,,,,4.27,,,,0.00,0.00,,0.00,,0.00,,0.00,0.00,,0.00,
11-15-19,,,,,,,,0.00,0.00,,0.12,,,,0.00,,0.36,0.00,,0.00,0.00,,0.00,,,0.00,,,,,,,,,3.88,,,0.00,,,,0.00,,,0.00,,,,,,,,,0.00,0.36,,,,,,,,,,,2.78,,,,0.00,0.00,,0.00,,0.00,,0.00,0.00,,0.00,
11-16-19,,,,,,,,0.00,0.00,,0.07,,,,0.00,,0.38,0.00,,0.00,0.00,,0.00,,,0.00,,,0.00,,,,,,4.24,,,0.00,,,,0.00,,,0.00,,,,,,,,,0.00,0.00,,,,,,,,,,,0.00,,,,,0.00,,0.00,,0.00,,0.00,0.00,,0.00,
11-17-19,,,,,,,,0.00,0.00,,0.11,,,,0.00,,0.20,0.00,,0.00,0.00,,0.00,,,0.00,,,0.00,,,,,,0.00,,,0.00,,,,0.00,,,0.00,,,,,,,,,1.92,0.04,,,,,,,,,,,0.00,,,,,0.00,,0.00,,0.00,,0.00,0.00,,0.00,
11-18-19,,,,,,,,0.00,0.00,,0.03,,,,0.00,,0.26,0.00,,0.00,0.00,,0.00,,,0.00,,,0.00,,,,,,0.00,,,0.00,,,,0.00,,,0.00,,,,,,,,,2.17,0.00,,,,,,,,,,,3.45,,,,,0.00,,0.00,,0.00,,0.00,0.00,,0.00,
11-19-19,,,,,,,,0.00,0.00,,0.07,,,,0.00,,0.17,0.00,,0.00,0.00,,0.00,,,0.00,,,0.00,,,,,,0.00,,,0.00,,,,0.00,,,0.00,,,,,,,,,0.00,0.00,,,,,,,,,,,4.39,,,,,0.00,,0.00,,0.00,,0.00,2.54,,0.00,
11-20-19,,,,,,,,0.00,0.00,,0.06,,,,0.00,,0.20,0.00,,0.00,0.00,,0.00,,,11.38,,,0.00,,,,,,0.00,,,0.00,,,,0.00,,,0.00,,,,,,,,,0.75,0.00,,,,,,,,,,,3.77,,,,10.00,0.00,,0.00,,0.00,,0.00,0.00,,0.00,
11-21-19,,,,,,,,0.00,0.00,,0.13,,,,0.00,,0.28,0.00,,0.00,,,0.00,,,5.80,,,0.00,,,,,,0.00,,,0.00,,,,0.00,,,0.00,,,,,,,,,0.00,0.00,,,,,,,,,,,3.80,,,,6.20,0.00,,0.00,,0.00,,0.00,0.00,,0.00,
11-22-19,,,,,,,,0.12,0.00,,,,,,0.00,,0.27,0.00,,0.00,0.00,,0.00,,,12.27,,,,,,,,,0.00,,,0.00,,,,0.00,,,0.00,,,,,,,,,0.00,0.00,,,,,,,,,,,3.66,,,,0.00,0.00,,0.00,,0.00,,0.00,0.00,,0.00,
11-23-19,,,,,,,,0.00,0.00,,0.07,,,,0.00,,,0.00,,0.00,0.00,,0.00,,,14.29,,,0.00,,,,,,0.00,,,0.00,,,,0.00,,,0.00,,,,,,,,,0.00,0.00,,,,,,,,,,,,,,,0.00,0.00,,0.00,,2.52,,0.00,0.00,,0.00,
11-24-19,,,,,,,,0.00,0.00,,0.07,,,,0.00,,0.28,0.00,,0.00,0.00,,0.00,,,8.01,,,0.00,,,,,,0.00,,,0.00,,,,0.00,,,0.00,,,,,,,,,0.27,0.53,,,,,,,,,,,,,,,0.00,0.00,,0.00,,0.00,,0.00,0.00,,0.00,
11-25-19,,,,,,,,0.00,0.04,,0.13,,,,0.00,,0.27,0.26,,0.00,0.00,,0.00,,,,,,,,,,,,0.00,,,0.00,,,,0.00,,,0.00,,,,,,,,,1.50,1.23,,,,,,,,,,,,,,,0.00,0.00,,0.00,,0.00,,0.00,0.00,,0.00,
11-26-19,,,,,,,,0.08,0.03,,0.13,,,,0.00,,0.30,0.20,,0.00,0.00,,1.63,,,4.60,,,0.00,,,,,,0.00,,,0.00,,,,0.00,,,0.00,,,,,,,,,4.08,1.18,,,,,,,,,,,,,,,0.00,0.00,,0.00,,0.00,,0.00,0.00,,0.00,
11-27-19,,,,,,,,0.00,0.00,,0.05,,,,0.00,,,0.00,,0.00,0.00,,1.71,,,16.66,,,0.00,,,,,,0.00,,,0.00,,,,0.00,,,0.00,,,,,,,,,3.17,0.47,,,,,,,,,,,,,,,0.00,0.00,,0.00,,0.00,,0.00,0.00,,0.00,
11-28-19,,,,,,,,0.00,0.00,,0.05,,,,0.00,,0.30,0.00,,0.00,0.00,,0.00,,,1.56,,,0.00,,,,,,0.00,,,0.00,,,,0.00,,,0.00,,,,,,,,,3.16,0.29,,,,,,,,,,,,,,,0.00,0.00,,0.00,,0.00,,0.00,0.00,,0.00,
11-29-19,,,,,,,,0.00,0.00,,0.08,,,,0.00,,0.32,0.00,,0.00,0.00,,0.00,,,0.00,,,0.00,,,,,,0.00,,,0.00,,,,0.00,,,0.00,,,,,,,,,1.92,0.48,,,,,,,,,,,,,,,0.00,0.00,,0.00,,0.00,,0.00,0.00,,0.00,
11-30-19,,,,,,,,0.00,0.00,,0.10,,,,0.00,,0.22,0.00,,0.00,0.00,,1.55,,,0.00,,,0.00,,,,,,0.00,,,0.00,,,,0.00,,,0.00,,,,,,,,,3.29,0.00,,,,,,,,,,,,,,,0.00,0.00,,0.00,,0.00,,0.00,0.00,,0.00,
12-01-19,,,,,,,,0.00,0.00,,0.10,,,,0.00,,0.26,0.00,,0.00,0.00,,0.00,,,0.00,,,0.00,,,,,,0.00,,,0.00,,,,0.00,,,0.00,,,,,,,,,0.54,0.00,,,,,,,,,,,,,,,0.00,0.00,,0.00,,0.00,,0.00,0.00,,0.00,
12-02-19,,,,,,,,0.00,0.00,,0.14,,,,0.00,,0.29,0.00,,0.00,0.00,,0.00,,,0.00,,,0.00,,,,,,0.00,,,0.00,,,,0.00,,,0.00,,,,,,,,,0.00,0.00,,,,,,,,,,,,,,,0.00,0.00,,0.00,,0.00,,0.00,0.00,,0.00,
12-03-19,,,,,,,,0.00,0.00,,0.13,,,,0.00,,0.40,0.00,,0.00,0.00,,0.00,,,0.00,,,0.00,,,,,,0.00,,,0.00,,,,0.00,,,0.00,,,,,,,,,1.04,0.15,,,,,,,,,,,,,,,0.00,0.00,,0.00,,0.00,,0.00,0.00,,0.00,
12-04-19,,,,,,,,0.08,0.02,,0.15,,,,0.12,,0.45,0.00,,0.00,0.00,,0.00,,,0.00,,,0.00,,,,,,,,,0.00,,,,0.00,,,0.00,,,,,,,,,0.05,0.07,,,,,,,,,,,,,,,0.00,0.00,,0.00,,0.00,,0.00,0.00,,0.00,
12-05-19,,,,,,,,0.04,0.00,,0.10,,,,0.00,,0.31,0.00,,0.00,0.00,,1.81,,,0.00,,,0.00,,,,,,0.00,,,0.00,,,,0.00,,,0.00,,,,,,,,,0.00,0.00,,,,,,,,,,,,,,,,0.00,,0.00,,0.00,,0.00,0.00,,0.00,
12-06-19,,,,,,,,0.04,0.00,,0.11,,,,0.00,,0.31,0.00,,0.00,0.00,,0.00,,,0.00,,,0.00,,,,,,0.00,,,0.00,,,,0.00,,,0.00,,,,,,,,,0.21,0.00,,,,,,,,,,,,,,,,0.00,,0.00,,,,0.00,0.00,,0.00,
12-07-19,,,,,,,,0.21,0.00,,0.13,,,,0.21,,0.29,0.00,,0.00,0.00,,0.00,,,0.00,,,,,,,,,0.00,,,0.00,,,,0.00,,,0.00,,,,,,,,,0.00,0.00,,,,,,,,,,,,,,,,0.00,,0.00,,0.00,,0.00,0.00,,0.00,
12-08-19,,,,,,,,0.00,0.00,,0.18,,,,0.21,,0.29,0.00,,0.00,0.00,,0.00,,,0.00,,,0.00,,,,,,0.00,,,0.00,,,,0.00,,,0.00,,,,,,,,,0.00,0.00,,,,,,,,,,,,,,,,0.00,,0.00,,0.00,,0.00,0.00,,0.00,
12-09-19,,,,,,,,0.00,0.00,,0.15,,,,0.30,,0.31,0.13,,0.00,0.00,,0.00,,,0.00,,,0.00,,,,,,0.00,,,0.00,,,,0.00,,,0.00,,,,,,,,,0.00,0.00,,,,,,,,,,,,,,,,0.00,,0.00,,0.00,,0.00,4.58,,0.00,
12-10-19,,,,,,,,0.00,0.00,,0.11,,,,0.00,,0.23,0.00,,0.00,0.00,,0.00,,,0.00,,,0.00,,,,,,0.00,,,0.00,,,,0.00,,,0.00,,,,,,,,,0.00,0.15,,,,,,,,,,,,,,,,0.00,,0.00,,0.00,,0.00,0.00,,0.00,
12-11-19,,,,,,,,0.00,0.00,,0.00,,,,0.00,,0.13,0.00,,0.00,0.00,,0.00,,,0.00,,,0.00,,,,,,0.00,,,0.00,,,,0.00,,,0.00,,,,,,,,,0.00,0.09,,,,,,,,,,,,,,,,0.00,,0.00,,0.00,,0.00,,,0.00,
12-12-19,,,,,,,,0.00,0.00,,0.06,,,,0.00,,0.23,0.00,,0.00,0.00,,0.00,,,0.00,,,0.00,,,,,,0.00,,,0.00,,,,0.00,,,0.00,,,,,,,,,2.38,0.00,,,,,,,,,,,,,,,,0.00,,0.00,,0.00,,0.00,0.00,,0.00,
12-13-19,,,,,,,,0.00,0.00,,0.15,,,,0.33,,0.38,0.00,,0.00,0.00,,1.43,,,0.00,,,0.00,,,,,,0.00,,,0.00,,,,0.00,,,0.00,,,,,,,,,1.25,0.90,,,,,,,,,,,,,,,,0.00,,0.00,,0.00,,0.00,0.00,,0.00,
12-14-19,,,,,,,,0.00,0.00,,0.06,,,,0.17,,0.45,0.00,,0.00,0.00,,0.00,,,0.00,,,0.00,,,,,,0.00,,,0.00,,,,0.00,,,0.00,,,,,,,,,0.00,65.19,,,,,,,,,,,,,,,,0.00,,0.00,,0.00,,0.00,0.00,,0.00,
12-15-19,,,,,,,,0.00,0.00,,0.13,,,,0.29,,0.39,0.00,,0.00,0.00,,0.00,,,0.00,,,0.00,,,,,,0.00,,,0.00,,,,0.00,,,0.00,,,,,,,,,0.23,83.78,,,,,,,,,,,,,,,,0.00,,0.00,,0.00,,0.00,0.00,,0.00,
12-16-19,,,,,,,,0.04,0.00,,0.13,,,,0.34,,0.30,0.00,,0.00,0.00,,0.00,,,0.00,,,0.00,,,,,,0.00,,,0.00,,,,0.00,,,0.00,,,,,,,,,2.42,0.00,,,,,,,,,,,,,,,,0.00,,0.00,,0.00,,0.00,0.00,,0.00,
12-17-19,,,,,,,,0.00,0.00,,0.11,,,,0.90,,0.34,0.00,,0.00,0.00,,0.00,,,0.00,,,0.00,,,,,,0.00,,,0.00,,,,0.00,,,0.00,,,,,,,,,0.20,0.00,,,,,,,,,,,,,,,,0.00,,0.00,,0.00,,0.00,0.00,,0.00,
12-18-19,,,,,,,,0.00,0.00,,0.00,,,,0.86,,0.16,0.00,,0.00,0.00,,0.00,,,0.00,,,0.00,,,,,,0.00,,,0.00,,,,0.00,,,0.00,,,,,,,,,0.00,0.00,,,,,,,,,,,,,,,,0.00,,0.00,,0.00,,0.00,0.00,,0.00,
12-19-19,,,,,,,,0.00,0.00,,0.12,,,,0.00,,0.13,0.00,,0.00,0.00,,0.00,,,0.00,,,0.00,,,,,,0.00,,,0.00,,,,0.00,,,0.00,,,,,,,,,0.25,0.52,,,,,,,,,,,,,,,,0.00,,0.00,,0.00,,0.00,0.00,,0.00,
12-20-19,,,,,,,,0.00,0.00,,0.13,,,,0.46,,0.34,0.00,,0.00,0.00,,0.00,,,0.00,,,0.00,,,,,,0.00,,,0.00,,,,0.00,,,0.00,,,,,,,,,0.00,0.45,,,,,,,,,,,,,,,,0.00,,0.00,,0.00,,0.00,0.00,,0.00,
12-21-19,,,,,,,,0.04,0.00,,0.00,,,,0.71,,0.24,0.00,,0.00,0.00,,0.00,,,0.00,,,0.00,,,,,,0.00,,,0.00,,,,0.00,,,0.00,,,,,,,,,0.00,0.00,,,,,,,,,,,,,,,,0.00,,0.00,,0.00,,0.00,0.00,,0.00,
12-22-19,,,,,,,,0.00,0.00,,0.00,,,,0.83,,0.23,0.00,,0.00,0.00,,0.00,,,0.00,,,0.00,,,,,,0.00,,,0.00,,,,0.00,,,0.00,,,,,,,,,0.00,0.00,,,,,,,,,,,,,,,,0.00,,0.00,,0.00,,0.00,0.00,,0.00,
12-23-19,,,,,,,,0.00,0.00,,0.02,,,,0.00,,0.24,0.00,,0.00,0.00,,0.00,,,0.00,,,0.00,,,,,,0.00,,,0.00,,,,0.00,,,0.00,,,,,,,,,0.00,0.00,,,,,,,,,,,,,,,,0.00,,0.00,,0.00,,0.00,2.99,,0.00,
12-24-19,,,,,,,,0.00,0.00,,0.00,,,,0.12,,0.12,0.00,,0.00,0.00,,0.00,,,0.00,,,0.00,,,,,,0.00,,,0.00,,,,0.00,,,0.00,,,,,,,,,0.39,0.57,,,,,,,,,,,,,,,,0.00,,0.00,,0.00,,0.00,0.00,,0.00,
12-25-19,,,,,,,,0.00,0.00,,0.07,,,,0.17,,0.24,0.00,,0.00,0.00,,0.00,,,0.00,,,0.00,,,,,,0.00,,,0.00,,,,0.00,,,0.00,,,,,,,,,0.00,0.35,,,,,,,,,,,,,,,,0.00,,0.00,,0.00,,0.00,0.00,,0.00,
12-26-19,,,,,,,,0.00,0.00,,0.09,,,,0.21,,0.21,0.00,,0.00,0.00,,0.00,,,0.00,,,0.00,,,,,,0.00,,,0.00,,,,0.00,,,0.00,,,,,,,,,0.96,0.00,,,,,,,,,,,,,,,,0.00,,0.00,,0.00,,0.00,0.00,,0.00,
12-27-19,,,,,,,,0.00,0.00,,0.08,,,,0.25,,0.24,0.00,,0.00,0.00,,0.00,,,0.00,,,0.00,,,,,,0.00,,,0.00,,,,0.00,,,0.00,,,,,,,,,0.92,0.00,,,,,,,,,,,,,,,,0.00,,0.00,,0.00,,0.00,0.00,,0.00,
12-28-19,,,,,,,,0.00,0.00,,0.10,,,,0.04,,0.20,0.00,,0.00,0.00,,0.00,,,0.00,,,0.00,,,,,,0.00,,,0.00,,,,0.00,,,0.00,,,,,,,,,0.00,0.00,,,,,,,,,,,,,,,,0.00,,0.00,,0.00,,0.00,0.00,,0.00,
12-29-19,,,,,,,,0.00,0.00,,0.08,,,,0.62,,0.48,0.06,,0.00,0.00,,1.97,,,0.00,,,0.00,,,,,,0.00,,,0.00,,,,0.00,,,0.00,,,,,,,,,0.00,0.00,,,,,,,,,,,,,,,,0.00,,0.00,,0.00,,0.00,2.40,,0.00,
12-30-19,,,,,,,,0.00,0.00,,0.00,,,,0.92,,0.35,0.00,,0.00,0.00,,0.00,,,0.00,,,0.00,,,,,,0.00,,,0.00,,,,0.00,,,0.00,,,,,,,,,0.00,0.00,,,,,,,,,,,,,,,,0.00,,0.00,,0.00,,0.00,3.35,,0.00,
12-31-19,,,,,,,,0.00,0.00,,0.00,,,,0.61,,0.27,0.00,,0.00,0.00,,0.00,,,0.00,,,0.00,,,,,,0.00,,,0.00,,,,0.00,,,0.00,,,,,,,,,0.00,0.00,,,,,,,,,,,,,,,,0.00,,0.00,,0.00,,0.00,3.31,,0.00,
01-01-20,,,,,,,,0.00,0.00,,0.00,,,0.00,0.00,,0.32,0.00,,0.00,0.00,,0.00,,,,,,,,,,,,0.00,,,0.00,,,,,,,0.00,,,,,,,,,0.00,0.00,,,,,,,,,,,,,,,,,,0.00,,0.00,,,0.00,,0.00,
01-02-20,,,,,,,,0.00,0.00,,0.10,,,0.00,0.83,0.00,0.22,0.00,,0.00,0.00,,0.00,,,0.00,,,0.00,,,,,,0.00,,,0.00,,,,,,,0.00,,,,,,,,,0.00,0.00,,,,,,,,,,,,,,,,0.00,,0.00,,0.00,,,0.00,,0.00,
01-03-20,,,,,,,,0.00,0.00,,0.00,,,0.00,0.04,0.00,0.32,0.00,,0.00,0.00,,0.00,,,0.00,,,0.00,,,,,,0.00,,,0.00,,,,,,,0.00,,,,,,,,,0.00,0.00,,,,,,,,,,,,,,,,0.00,,0.00,,0.00,,,0.00,,0.00,
01-04-20,,,,,,,,0.00,0.00,,0.05,,,0.00,,0.00,0.41,0.00,,0.00,0.00,,0.00,,,0.00,,,,,,,,,0.00,,,0.00,,,,,,,0.00,,,,,,,,,0.00,,,,,,,,,,,,,,,,,0.00,,0.00,,0.00,,,0.00,,0.00,
01-05-20,,,,,,,,0.25,0.00,,0.18,,,0.00,0.70,0.00,0.43,0.00,,0.00,0.00,,0.00,,,0.00,,,0.00,,,,,,0.00,,,0.00,,,,,,,0.00,,,,,,,,,2.38,0.36,,,,,,,,,,,,,,,,0.00,,0.00,,0.00,,,0.00,,0.00,
01-06-20,,,,,,,,0.25,0.00,,0.15,,,0.00,0.83,0.00,0.35,0.00,,0.00,0.00,,0.00,,,0.00,,,0.00,,,,,,0.00,,,0.00,,,,,,,0.00,,,,,,,,,0.43,0.35,,,,,,,,,,,,,,,,0.00,,0.00,,0.00,,,0.00,,0.00,
01-07-20,,,,,,,,0.00,0.00,,0.16,,,0.00,0.79,0.00,0.32,0.00,,0.00,0.00,,0.00,,,0.00,,,0.00,,,,,,0.00,,,0.00,,,,,,,0.00,,,,,,,,,0.16,0.23,,,,,,,,,,,,,,,,0.00,,0.00,,0.00,,,0.00,,0.00,
01-08-20,,,,,,,,0.25,0.00,,0.12,,,0.00,0.87,0.00,0.29,0.00,,0.00,0.00,,0.00,,,0.00,,,,,,,,,0.00,,,0.00,,,,,,,0.00,,,,,,,,,1.67,0.90,,,,,,,,,,,,,,,,0.00,,0.00,,0.00,,,0.00,,0.00,
01-09-20,,,,,,,,0.29,0.00,,0.15,,,0.00,,0.00,0.25,0.00,,0.00,0.00,,1.28,,,0.00,,,0.00,,,,,,0.00,,,0.00,,,,,,,0.00,,,,,,,,,1.67,0.00,,,,,,,,,,,,,,,,0.00,,0.00,,0.00,,,0.00,,0.00,
01-10-20,,,,,,,,0.12,0.00,,0.00,,,0.00,1.04,0.00,0.25,0.00,,0.00,0.00,,1.83,,,0.00,,,0.00,,,,,,0.00,,,0.00,,,,,,,0.00,,,,,,,,,1.33,0.00,,,,,,,,,,,,,,,,0.00,,0.00,,0.00,,,0.00,0.00,0.00,
01-11-20,,,,,,,,0.00,0.00,,0.03,,,0.00,0.62,0.00,0.20,0.00,,0.00,0.00,,1.52,,,0.00,,,0.00,,,,,,0.00,,,0.00,,,,,,,0.00,,,,,,,,,0.00,0.00,,,,,,,,,,,,,,,,0.00,,0.00,,0.00,,,0.00,0.00,0.00,
01-12-20,,,,,,,,0.00,0.00,,0.00,,,0.00,0.37,0.00,0.15,0.00,,0.00,0.00,,0.00,,,0.00,,,0.00,,,,,,0.00,,,0.00,,,,,,,0.00,,,,,,,,,0.00,0.00,,,,,,,,,,,,,,,,0.00,,0.00,,0.00,,,2.49,0.00,0.00,
01-13-20,,,,,,,,0.00,0.00,,0.00,,,0.00,0.68,0.00,0.10,0.00,,0.00,0.00,,0.00,,,0.00,,,0.00,,,,,,0.00,,,0.00,,,,,,,0.00,,,,,,,,,0.09,0.00,,,,,,,,,,,,,,,,0.00,,0.00,,0.00,,,2.54,0.00,0.00,
01-14-20,,,,,,,,0.00,0.00,,0.00,,,0.00,0.04,0.00,0.16,0.00,,0.00,0.00,,0.00,,,0.00,,,0.00,,,,,,0.00,,,0.00,,,,,,,0.00,,,,,,,,,1.33,0.00,,,,,,,,,,,,,,,,0.00,,0.00,,0.00,,,0.00,0.00,0.00,
01-15-20,,,,,,,,0.04,0.00,,0.00,,,0.00,0.94,0.00,0.23,0.00,,0.00,0.00,,2.18,,,0.00,,,0.00,,,,,,0.00,,,0.00,,,,,,,0.00,,,,,,,,,2.58,0.00,,,,,,,,,,,,,,,,0.00,,0.00,,0.00,,,0.00,0.00,0.00,
01-16-20,,,,,,,,0.08,0.00,,0.11,,,0.00,0.00,0.00,0.20,0.00,,0.00,0.00,,2.61,,,0.00,,,0.00,,,,,,0.00,,,0.00,,,,,,,0.00,,,,,,,,,2.21,0.00,,,,,,,,,,,,,,,,0.00,,0.00,,0.00,,,0.00,0.00,0.00,
01-17-20,,,,,,,,0.04,0.00,,0.00,,,0.00,0.00,0.00,0.26,0.00,,0.00,0.00,,0.00,,,0.00,,,0.00,,,,,,0.00,,,0.00,,,,,,,0.00,,,,,,,,,0.17,0.00,,,,,,,,,,,,,,,,0.00,,0.00,,0.00,,,0.00,0.00,0.00,
01-18-20,,,,,,,,0.00,0.00,,0.07,,,0.00,0.00,0.00,0.33,0.00,,0.00,0.00,,0.00,,,0.00,,,,,,,,,0.00,,,0.00,,,,,,,0.00,,,,,,,,,0.00,0.00,,,,,,,,,,,,,,,,0.00,,0.00,,0.00,,,0.00,0.00,0.00,
01-19-20,,,,,,,,0.00,0.00,,0.11,,,0.00,0.00,0.00,0.35,0.00,,0.00,0.00,,0.00,,,0.00,,,0.00,,,,,,0.00,,,0.00,,,,,,,0.00,,,,,,,,,0.00,0.00,,,,,,,,,,,,,,,,0.00,,0.00,,0.00,,,0.00,0.00,0.00,
01-20-20,,,,,,,,0.00,0.00,,,,,0.00,0.00,0.00,0.28,0.00,,0.00,0.00,,0.00,,,0.00,,,0.00,,,,,,0.00,,,0.00,,,,,,,0.00,,,,,,,,,0.00,0.00,,,,,,,,,,,,,,,,0.00,,0.00,,0.00,,,0.00,0.00,0.00,
01-21-20,,,,,,,,0.21,0.00,,0.00,,,0.00,0.17,0.00,0.29,0.00,,0.00,0.00,,0.00,,,0.00,,,0.00,,,,,,0.00,,,0.00,,,,,,,0.00,,,,,,,,,0.00,0.00,,,,,,,,,,,,,,,,0.00,,0.00,,,,,2.23,0.00,0.00,
01-22-20,,,,,,,,0.12,0.00,,0.02,,,0.00,0.04,0.00,0.38,0.00,,0.00,0.00,,0.00,,,0.00,,,0.00,,,,,,0.00,,,0.00,,,,,,,,,,,,,,,,0.00,0.00,,,,,,,,,,,,,,,,0.00,,0.00,,,,,3.23,0.00,0.00,
01-23-20,,,,,,,,0.25,0.00,,0.00,,,0.00,0.00,0.00,0.40,0.00,,0.00,0.00,,0.00,,,0.00,,,0.00,,,,,,0.00,,,0.00,,,,,,,0.00,,,,,,,,,0.00,0.00,,,,,,,,,,,,,,,,0.00,,0.00,,,,,2.73,0.00,0.00,
01-24-20,,,,,,,,0.04,0.00,,0.00,,,0.00,0.00,0.00,0.40,0.00,,0.00,0.00,,0.00,,,0.00,,,0.00,,,,,,0.00,,,0.00,,,,,,,0.00,,,,,,,,,0.62,0.00,,,,,,,,,,,,,,,,0.00,,0.00,,,,,2.57,0.00,0.00,
01-25-20,,,,,,,,0.46,0.00,,0.18,,,0.00,0.00,0.00,0.33,0.00,,0.00,0.00,,0.00,,,0.00,,,0.00,,,,,,0.00,,,0.00,,,,,,,0.00,,,,,,,,,1.04,0.00,,,,,,,,,,,,,,,,0.00,,0.00,,,,,2.59,0.00,0.00,
01-26-20,,,,,,,,0.54,0.00,,0.20,,,0.00,0.00,0.00,0.44,0.00,,0.00,0.00,,0.00,,,0.00,,,,,,,,,0.00,,,0.00,,,,,,,0.00,,,,,,,,,0.00,0.00,,,,,,,,,,,,,,,,0.00,,0.00,,,,,0.00,0.00,0.00,
01-27-20,,,,,,,,0.46,0.08,,,,,0.00,0.00,0.00,0.40,0.00,,0.00,0.00,,0.00,,,0.00,,,,,,,,,0.00,,,0.00,,,,,,,0.00,,,,,,,,,0.00,0.00,,,,,,,,,,,,,,,,0.00,,0.00,,,,,0.00,0.00,0.00,
01-28-20,,,,,,,,0.54,0.33,,0.19,,,0.00,0.00,0.00,0.42,0.07,,0.00,0.00,,0.00,,,0.00,,,0.00,,,,,,0.00,,,0.00,,,,,,,0.00,,,,,,,,,0.25,0.27,,,,,,,,,,,,,,,,0.00,,0.00,,,,,0.00,0.00,0.00,
01-29-20,,,,,,,,0.48,0.36,,0.22,,,0.00,0.21,0.00,0.32,0.35,,0.00,0.00,,0.00,,,0.00,,,,,,,,,0.00,,,0.00,,,,,,,0.00,,,,,,,,,0.00,,,,,,,,,,,,,,,,,0.00,,0.00,,,,,0.00,0.00,0.00,
01-30-20,,,,,,,,0.33,0.20,,0.15,,,0.00,0.29,0.00,0.30,0.05,,0.00,0.00,,0.00,,,0.00,,,0.00,,,,,,0.00,,,0.00,,,,,,,0.00,,,,,,,,,0.00,0.00,,,,,,,,,,,,,,,,0.00,,0.00,,,,,0.00,0.00,0.00,
01-31-20,,,,,,,,0.38,0.12,,0.13,,,0.00,0.25,0.00,0.46,0.00,,0.00,0.00,,0.00,,,0.00,,,0.00,,,,,,0.00,,,0.00,,,,,,,0.00,,,,,,,,,1.38,0.00,,,,,,,,,,,,,,,,0.00,,0.00,,,,,0.00,0.00,0.00,
02-01-20,,,,,,,,0.25,0.09,,0.00,,,0.00,0.47,0.00,0.40,0.00,,0.00,0.00,,0.00,,,0.00,,,0.00,,,,,,0.00,,,0.00,,,,,,,0.00,,,,,,,,,0.62,0.00,,,,,,,,,,,,,,,,0.00,,0.00,,,,,0.00,0.00,0.00,
02-02-20,,,,,,,,0.29,0.09,,0.12,,,0.00,0.08,0.00,0.27,0.00,,0.00,0.00,,0.00,,,0.00,,,0.00,,,,,,0.00,,,0.00,,,,,,,0.00,,,,,,,,,2.22,0.00,,,,,,,,,,,,,,,,0.00,,0.00,,,,,0.00,0.00,0.00,
02-03-20,,,,,,,,0.17,0.12,,0.00,,,0.00,0.17,0.00,0.23,0.00,,0.00,0.00,,0.00,,,0.00,,,0.00,,,,,,0.00,,,0.00,,,,,,,0.00,,,,,,,,,0.70,0.00,,,,,,,,,,,,,,,,0.00,,0.00,,,,,0.00,0.00,0.00,
02-04-20,,,,,,,,0.33,0.10,,0.16,,,0.00,0.29,0.00,0.25,0.00,,0.00,0.00,,0.00,,,0.00,,,0.00,,,,,,0.00,,,0.00,,,,,,,0.00,,,,,,,,,2.04,0.45,,,,,,,,,,,,,,,,0.00,,0.00,,,,,0.00,0.00,0.00,
02-05-20,,,,,,,,0.33,0.08,,0.12,,,0.00,,0.00,0.56,0.00,,0.00,0.00,,0.00,,,0.00,,,0.00,,,,,,0.00,,,0.00,,,,,,,0.00,,,,,,,,,0.00,,,,,,,,,,,,,,,,,0.00,,0.00,,,,,0.00,0.00,0.00,
02-06-20,,,,,,,,0.46,0.08,,0.13,,,0.00,0.37,0.00,0.69,0.00,,0.00,0.00,,0.00,,,0.00,,,,,,,,,0.00,,,0.00,,,,,,,0.00,,,,,,,,,0.00,,,,,,,,,,,,,,,,,0.00,,0.00,,,,,0.00,0.00,0.00,
02-07-20,,,,,,,,0.12,0.05,,0.05,,,0.00,0.08,0.00,0.58,0.00,,0.00,0.00,,0.00,,,0.00,,,0.00,,,,,,0.00,,,0.00,,,,,,,0.00,,,,,,,,,1.79,0.00,,,,,,,,,,,,,,,,0.00,,0.00,,,,,0.00,0.00,0.00,
02-08-20,,,,,,,,0.25,0.10,,0.00,,,0.00,0.17,0.00,0.51,0.00,,0.00,0.00,,0.00,,,0.00,,,0.00,,,,,,0.00,,,0.00,,,,,,,0.00,,,,,,,,,0.00,0.00,,,,,,,,,,,,,,,,0.00,,0.00,,,,,0.00,0.00,0.00,
02-09-20,,,,,,,,0.21,0.09,,0.00,,,0.00,0.00,0.00,0.53,0.00,,0.00,0.00,,0.00,,,0.00,,,0.00,,,,,,0.00,,,0.00,,,,,,,0.00,,,,,,,,,0.00,0.00,,,,,,,,,,,,,,,,0.00,,0.00,,,,,0.00,0.00,0.00,
02-10-20,,,,,,,,0.25,0.09,,0.05,,,0.00,0.00,0.00,0.49,0.00,,0.00,0.00,,0.00,,,0.00,,,0.00,,,,,,0.00,,,0.00,,,,,,,0.00,,,,,,,,,0.00,0.00,,,,,,,,,,,,,,,,0.00,,0.00,,,,,0.00,,0.00,
02-11-20,,,,,,,,0.17,0.11,,0.00,,,0.00,0.00,0.00,0.41,0.00,,0.00,0.00,,0.00,,,0.00,,,0.00,,,,,,0.00,,,0.00,,,,,,,0.00,,,,,,,,,0.00,0.00,,,,,,,,,,,,,,,,0.00,,0.00,,,,,0.00,0.00,0.00,
02-12-20,,,,,,,,0.21,0.09,,0.00,,,0.00,0.00,0.00,0.45,0.00,,0.00,0.00,,0.00,,,0.00,,,0.00,,,,,,0.00,,,0.00,,,,,,,0.00,,,,,,,,,0.21,0.19,,,,,,,,,,,,,,,,0.00,,0.00,,,,,0.00,0.00,0.00,
02-13-20,,,,,,,,0.17,0.10,,0.07,,,0.00,,0.00,0.56,0.00,,0.00,0.00,,0.00,,,0.00,,,0.00,,,,,,0.00,,,0.00,,,,,,,0.00,,,,,,,,,1.87,0.07,,,,,,,,,,,,,,,,0.00,,0.00,,,,,0.00,0.00,0.00,
02-14-20,,,,,,,,0.29,0.07,,0.07,,,0.00,0.00,0.00,0.55,0.00,,0.00,0.00,,0.00,,,0.00,,,0.00,,,,,,0.00,,,0.00,,,,,,,0.00,,,,,,,,,3.21,0.00,,,,,,,,,,,,,,,,0.00,,0.00,,,,,0.00,0.00,0.00,
02-15-20,,,,,,,,0.08,0.05,,0.06,,,0.00,0.00,0.00,0.39,0.00,,0.00,0.00,,0.00,,,0.00,,,0.00,,,,,,0.00,,,0.00,,,,,,,0.00,,,,,,,,,2.21,0.00,,,,,,,,,,,,,,,,0.00,,0.00,,,,,0.00,0.00,0.00,
02-16-20,,,,,,,,0.04,0.03,,0.08,,,0.00,0.00,0.00,0.64,0.00,,0.00,0.00,,0.00,,,0.00,,,,,,,,,0.00,,,0.00,,,,,,,0.00,,,,,,,,,0.75,0.00,,,,,,,,,,,,,,,,0.00,,0.00,,,,,0.00,0.00,0.00,
02-17-20,,,,,,,,0.29,0.01,,0.10,,,0.00,0.00,0.00,0.71,0.00,,0.00,0.00,,0.00,,,0.00,,,,,,,,,0.00,,,0.00,,,,,,,0.00,,,,,,,,,1.75,0.34,,,,,,,,,,,,,,,,0.00,,0.00,,,,,0.00,0.00,0.00,
02-18-20,,,,,,,,0.17,0.04,,0.07,,,0.00,0.17,0.00,0.58,0.00,,0.00,0.00,,0.00,,,0.00,,,0.00,,,,,,0.00,,,0.00,,,,,,,0.00,,,,,,,,,2.21,0.00,,,,,,,,,,,,,,,,0.00,,0.00,,,,,2.45,0.00,0.00,
02-19-20,,,,,,,,0.21,0.00,,0.00,,0.32,0.00,0.00,0.00,0.47,0.00,,0.00,0.00,,0.00,,,0.00,,,0.00,,,,,,0.00,,,0.00,,,,,,,0.00,,,,,,,,,0.68,0.00,,,,,,,,,,,,,,,,0.00,,0.00,,,,,0.00,0.00,0.00,
02-20-20,,,,,,,,0.17,0.00,,0.00,,0.00,0.00,0.04,0.00,0.24,0.00,,0.00,0.00,,0.00,,,0.00,,,0.00,,,,,,0.00,,,0.00,,,,,,,0.00,,,,,,,,,0.60,0.00,,,,,,,,,,,,,,,,0.00,,0.00,,,,,0.00,0.00,0.00,
02-21-20,,,,,,,,0.00,0.00,,0.00,,0.00,0.00,0.00,0.00,0.39,0.00,,0.00,0.00,,0.00,,,0.00,,,0.00,,,,,,0.00,,,0.00,,,,,,,0.00,,,,,,,,,0.79,0.00,,,,,,,,,,,,,,,,0.00,,0.00,,,,,0.00,0.00,0.00,
02-22-20,,,,,,,,0.04,0.00,,0.06,,0.00,0.00,0.00,0.00,0.43,0.00,,0.00,0.00,,0.00,,,0.00,,,,,,,,,0.00,,,0.00,,,,,,,0.00,,,,,,,,,0.79,0.00,,,,,,,,,,,,,,,,0.00,,0.00,,,,,0.00,0.00,0.00,
02-23-20,,,,,,,,0.25,0.03,,0.06,,0.00,0.00,0.29,0.00,0.55,0.00,,0.00,0.00,,0.00,,,0.00,,,0.00,,,,,,0.00,,,0.00,,,,,,,0.00,,,,,,,,,0.00,,,,,,,,,,,,,,,,,0.00,,0.00,,,,,0.00,0.00,0.00,
02-24-20,,,,,,,,0.83,0.09,,0.10,,0.00,0.00,0.29,0.09,0.65,0.06,,0.00,0.00,,0.00,,,0.00,,,0.00,,,,,,0.00,,,0.00,,,,,,,0.00,,,,,,,,,0.58,0.34,,,,,,,,,,,,,,,,0.00,,0.00,,,,,0.00,0.00,0.00,
02-25-20,,,,,,,,0.88,0.09,,0.13,,0.00,0.00,0.39,0.00,0.62,0.00,,0.00,0.00,,0.00,,,0.00,,,0.00,,,,,,0.00,,,0.00,,,,,,,0.00,,,,,,,,,3.29,0.00,,,,,,,,,,,,,,,,0.00,,0.00,,,,,0.00,0.00,0.00,
02-26-20,,,,,,,,1.29,0.01,,0.08,,0.22,0.00,0.04,0.25,0.45,0.00,,0.00,0.00,,0.00,,,0.00,,,0.00,,,,,,0.00,,,0.00,,,0.00,,,,0.00,,,,,,,,,1.12,0.00,,,,,,,,,,,,,,,,0.00,,0.00,,,,,0.00,0.00,0.00,
02-27-20,,,,,,,0.37,1.00,0.00,,0.12,,0.16,0.00,0.56,0.00,0.53,0.00,,0.00,0.00,,0.00,,,0.00,,,0.00,,,,,,0.00,,,0.00,,,0.00,,,,0.00,,,,,,,,,0.00,0.00,,,,,,,,,,,,,,,,0.00,,0.00,,,,,0.00,0.00,0.00,
02-28-20,,,,,,,0.17,0.00,0.00,,0.07,,0.28,0.00,0.00,0.13,0.66,0.00,,0.00,0.00,,0.00,,,0.00,,,0.00,,,,,,0.00,,,0.00,,,0.00,,,,0.00,,,,,,,,,0.00,0.00,,,,,,,,,,,,,,,,0.00,,0.00,,,,,0.00,0.00,0.00,
02-29-20,,,,,,,0.00,0.08,0.00,,0.00,,0.19,0.00,0.73,0.11,0.61,0.00,,0.00,0.00,,0.00,,,0.00,,,0.00,,,,,,0.00,,,0.00,,,0.00,,,,0.00,,,,,,,,,0.00,0.00,,,,,,,,,,,,,,,,0.00,,0.00,,,,,0.00,0.00,0.00,
03-01-20,,,,,,,,0.00,0.00,,0.06,,0.15,0.00,0.04,0.00,0.52,0.00,,0.00,0.00,,0.00,,,0.00,,,0.00,,,,,,0.00,,,0.00,,,0.00,,,,0.00,,,,,,,,,0.00,0.00,,,,,,,,,,,,,,,,0.00,,0.00,,,,,0.00,0.00,0.00,
03-02-20,,,,,,,0.36,0.00,0.00,,0.00,,0.26,0.00,0.17,0.00,0.39,0.00,,0.00,0.00,,0.00,,,0.00,,,0.00,,,,,,0.00,,,0.00,,,0.00,,,,0.00,,,,,,,,,0.00,0.00,,,,,,,,,,,,,,,,0.00,,0.00,,,,,0.00,0.00,0.00,
03-03-20,,,,,,,0.08,0.00,0.00,,0.00,,0.35,0.00,0.82,0.17,0.29,0.00,,0.00,0.00,,0.00,,,0.00,,,0.00,,,,,,0.00,,,0.00,,,0.00,,,,0.00,,,,,,,,,0.00,0.00,,,,,,,,,,,,,,,,0.00,,0.00,,,,,0.00,0.00,0.00,
03-04-20,,,,,,,0.07,0.00,0.00,,0.00,,0.71,0.00,0.00,0.00,0.52,0.00,,0.00,0.00,,0.00,,,0.00,,,0.00,,,,,,0.00,,,0.00,,,0.00,,4.28,,0.00,,,,,,,,,0.00,0.00,,,,,,,,,,,,,,,,0.00,,0.00,,,,,2.07,0.00,0.00,
03-05-20,,,,,,,0.04,0.00,0.00,,0.01,,0.73,0.00,0.00,0.00,0.49,0.10,,0.00,0.00,,0.00,,,0.00,,,0.00,,,,,,0.00,,,0.00,,,0.00,,4.47,,0.00,,,,,,,,,0.00,0.00,,,,,,,,,,,,,,,,0.00,,0.00,,,,,2.93,0.00,0.00,
03-06-20,,,,,,,0.13,0.00,0.00,,0.00,,0.82,0.00,0.00,0.00,0.44,0.37,,0.00,0.00,,0.00,,,0.00,,,0.00,,,,,,0.00,,,0.00,,,0.00,,0.00,,0.00,,,,,,,,,0.00,0.00,,,,,,,,,,,,,,,,0.00,,0.00,,,,,3.41,0.00,0.00,
03-07-20,,,,,,,0.00,0.00,0.00,,0.06,,0.60,0.00,0.00,0.00,0.40,0.00,,0.00,0.00,,0.00,,,0.00,,,,,,,,,0.00,,,0.00,,,0.00,,0.00,,0.00,,,,,,,,,0.00,0.00,,,,,,,,,,,,,,,,0.00,,0.00,,,,,2.79,0.00,0.00,
03-08-20,,,,,,,0.11,0.00,0.00,,0.07,,0.68,0.00,0.00,0.00,,0.14,,0.00,0.00,,0.00,,,0.00,,,,,,,,,0.00,,,0.00,,,0.00,,0.00,,0.00,,,,,,,,,0.00,0.00,,,,,,,,,,,,,,,,0.00,,0.00,,,,,0.00,0.00,0.00,
03-09-20,,,,,,,0.21,0.00,0.00,,,,0.85,0.00,0.00,,0.41,0.00,,0.00,0.00,,0.00,,,0.00,,,,,,,,,0.00,,,0.00,,,0.00,,0.00,,0.00,,,,,,,,,0.00,0.00,,,,,,,,,,,,,,,,0.00,,0.00,,,,,2.16,0.00,0.00,
03-10-20,,,,,,,0.17,0.00,0.00,,0.08,,0.67,0.00,0.00,0.05,0.44,0.07,,0.00,0.00,,0.00,,,0.00,,,0.00,,,,,,,,,0.00,,,0.00,,0.00,,0.00,,,,,,,,,0.00,0.00,,,,,,,,,,,,,,,,0.00,,0.00,,,,,0.00,0.00,0.00,
03-11-20,,,,,,,0.14,0.00,0.00,,0.07,,0.17,0.00,0.21,0.09,0.53,0.00,,0.00,0.00,,0.00,,,0.00,,,,,,,,,0.00,,,0.00,,,0.00,,0.00,,0.00,,,,,,,,,0.00,0.00,,,,,,,,,,,,,,,,0.00,,0.00,,,,,0.00,0.00,0.00,
03-12-20,,,,,,,0.02,0.12,0.00,,0.07,,0.26,0.00,0.00,0.09,0.51,0.00,,0.00,0.00,,0.00,,,0.00,,,0.00,,,,,,0.00,,,0.00,,,0.00,,0.00,,0.00,,,,,,,,,0.17,0.00,,,,,,,,,,,,,,,,0.00,,0.00,,,,,0.00,0.00,0.00,
03-13-20,,,,,,,0.00,0.00,0.00,,0.00,,0.60,0.00,0.12,0.21,0.40,0.00,,0.00,0.00,,0.00,,,0.00,,,0.00,,,,,,0.00,,,0.00,,,0.00,,0.00,,0.00,,,,,,,,,0.00,0.34,,,,,,,,,,,,,,,,0.00,,0.00,,,,,0.00,0.00,0.00,
03-14-20,,,,,,,0.12,0.12,0.00,,0.05,,0.37,0.00,0.25,0.30,0.22,0.00,,0.00,0.00,,0.00,,,0.00,,,0.00,,,,,,0.00,,,0.00,,,0.00,,0.00,,0.00,,,,,,,,,1.21,0.00,,,,,,,,,,,,,,,,0.00,,0.00,,,,,0.00,0.00,0.00,
03-15-20,,,,,,,0.03,0.00,0.00,,,,0.07,0.00,0.00,0.44,0.37,0.18,,0.00,0.00,,0.00,,,0.00,,,0.00,,,,,,0.00,,,0.00,,,0.00,,0.00,,0.00,,,,,,,,,1.29,0.00,,,,,,,,,,,,,,,,0.00,,0.00,,,,,0.00,0.00,0.00,
03-16-20,,,,,,,0.00,0.00,0.07,,0.00,,0.29,0.00,0.52,0.49,0.50,0.09,,0.00,0.00,,0.00,,,0.00,,,0.00,,,,,,0.00,,,0.00,,,0.00,,0.00,,0.00,,,,,,,,,1.67,0.00,,,,,,,,,,,,,,,,0.00,,0.00,,,,,0.00,0.00,0.00,
03-17-20,,,,,,,0.13,0.38,0.16,,0.10,,0.02,0.00,0.58,0.21,0.55,0.77,,0.00,0.00,,0.00,,,0.00,,,0.00,,,,,,0.00,,,0.00,,,0.00,,0.00,,0.00,,,,,,,,,0.00,0.07,,,,,,,,,,,,,,,,0.00,,0.00,,,,,0.00,0.00,0.00,
03-18-20,,,,,,,0.02,0.00,0.14,,0.02,,0.00,0.00,0.71,0.13,0.50,0.24,,0.00,0.00,,1.02,,,0.00,,,0.00,,,,,,0.00,,,0.00,,,0.00,,0.00,,0.00,,,,,,,,,0.00,0.00,,,,,,,,,,,,,,,,0.00,,0.00,,,,,0.00,0.00,0.00,
03-19-20,,,,,,,0.00,0.33,0.12,,0.02,,0.32,0.00,0.87,0.40,0.33,0.00,,0.00,0.00,,1.93,,,1.11,,,0.00,,,,,,0.00,,,0.00,,,0.00,,0.00,,0.00,,,,,,,,,0.00,0.00,,,,,,,,,,,,,,,,0.00,,0.00,,,,,0.00,0.00,0.00,
03-20-20,,,,,,,0.05,0.08,0.14,,0.01,,0.18,0.00,1.18,0.13,0.36,0.00,,0.00,0.00,,0.00,,,0.00,,,0.00,,,,,,0.00,,,0.00,,,0.00,,0.00,,0.00,,,,,,,,,0.00,0.00,,,,,,,,,,,,,,,,0.00,,0.00,,,,,0.00,0.00,0.00,
03-21-20,,,,,,,0.02,0.17,0.13,,0.07,,0.00,0.00,0.29,0.25,0.45,0.60,,0.00,0.00,,0.00,,,0.00,,,0.00,,,,,,0.00,,,0.00,,,0.00,,0.00,,0.00,,,,,,,,,1.21,0.00,,,,,,,,,,,,,,,,0.00,,0.00,,,,,0.00,0.00,0.00,
03-22-20,,,,,,,0.00,0.17,0.03,,0.08,,0.00,0.00,0.48,0.13,0.58,0.66,,0.00,0.00,,0.00,,,0.00,,,0.00,,,,,,0.00,,,0.00,,,0.00,,0.00,,0.00,,,,,,,,,0.00,0.00,,,,,,,,,,,,,,,,0.00,,0.00,,,,,0.00,0.00,0.00,
03-23-20,,,,,,,0.02,0.17,0.08,,0.09,,0.07,0.00,0.62,0.00,0.52,0.83,,0.00,0.00,,0.00,,,0.00,,,0.00,,,,,,0.00,,,0.00,,,0.00,,0.00,,0.00,,,,,,,,,0.00,0.15,,,,,,,,,,,,,,,,0.00,,0.00,,,,,0.00,0.00,0.00,
03-24-20,,,,,,,0.00,0.08,0.00,,0.00,,0.00,0.00,0.46,0.00,0.49,0.54,,0.00,0.00,,1.31,,,0.00,,,,,,,,,0.00,,,0.00,,,0.00,,0.00,,0.00,,,,,,,,,0.00,0.00,,,,,,,,,,,,,,,,,,0.00,,,,,0.00,0.00,0.00,
03-25-20,,,,,,,0.01,0.04,0.06,,0.06,,,0.00,0.58,0.38,0.59,0.74,,0.00,0.00,,0.00,,,0.00,,,0.00,,,,,,0.00,,,0.00,,,0.00,,0.00,,0.00,,,,,,,,,0.00,0.00,,,,,,,,,,,,,,,,0.00,,0.00,,,,,0.00,0.00,0.00,
03-26-20,,,,,,,0.02,0.30,0.08,,0.06,,0.00,0.00,,0.43,0.60,0.78,,0.00,0.00,,0.00,,,0.00,,,0.00,,,,,,0.00,,,0.00,,,0.00,,0.00,,0.00,,,,,,,,,0.00,0.00,,,,,,,,,,,,,,,,0.00,,0.00,0.00,,,,0.00,0.00,0.00,
03-27-20,,,,,,,0.00,0.00,0.07,,0.07,,0.00,0.00,,0.26,0.46,0.25,,0.00,0.00,,0.00,,,0.00,,,,,,,,,0.00,,,0.00,,,0.00,,0.00,,0.00,,,,,,,,,0.00,,,,,,,,,,,,,,,,,0.00,,0.00,0.00,,,,0.00,0.00,0.00,0.00
03-28-20,,,,,,,0.00,0.12,0.07,,0.07,,0.07,0.00,,0.60,0.54,0.67,,0.00,,,0.00,,,0.00,,,,,,,,,0.00,,,0.00,,,0.00,,0.00,,0.00,,,,,,,,,1.46,0.00,,,,,,,,,,,,,,,,0.00,,0.00,0.00,,,,0.00,0.00,0.00,0.00
03-29-20,,,,,,,0.00,0.00,0.00,,0.00,,0.00,0.00,,0.00,0.47,0.34,,0.00,0.00,,0.00,,,0.00,,,0.00,,,,,,0.00,,,0.00,,,0.00,,0.00,,0.00,,,,,,,,,0.00,0.00,,,,,,,,,,,,,,,,0.00,,0.00,0.00,,,,0.00,0.00,0.00,0.00
03-30-20,,,,,,,0.00,0.29,0.00,,0.00,,0.00,0.00,,0.31,0.33,0.03,,0.00,0.00,,0.00,,,0.00,,,,,,,,,0.00,,,0.00,,,0.00,,0.00,,0.00,,,,,,,,,0.00,0.00,,,,,,,,,,,,,,,,0.00,,0.00,0.00,,,,0.00,0.00,0.00,0.00
03-31-20,,,,,,,0.00,0.00,0.00,,0.00,,0.00,0.00,,0.00,0.55,0.24,,0.00,0.00,,0.00,,,0.00,,,0.00,,,,,,0.00,,,0.00,,,0.00,,0.00,,0.00,,,,,,,,,0.00,0.00,,,,,,,,,,,,,,,,0.00,,0.00,0.00,,,,0.00,0.00,0.00,0.00
04-01-20,,,,,,,0.00,0.12,0.00,,0.00,,0.00,0.00,,0.31,0.41,0.00,,0.00,0.00,,0.00,,,,,,0.00,,,,,,0.00,,,0.00,,,0.00,,0.00,,0.00,,,,,,,,,3.96,0.00,,,,,,,,,,,,,,,,0.00,,0.00,0.00,,,,0.00,0.00,0.00,0.00
04-02-20,,,,,,,,0.00,0.00,,0.00,,0.00,0.00,,0.00,0.29,0.69,,0.00,0.00,,0.00,,,,,,0.00,,,,,,0.00,,,0.00,,,0.00,,0.00,,0.00,,,,,,,,,0.71,0.00,,,,,,,,,,,,,,,,0.00,,0.00,0.00,,,,0.00,0.00,0.00,0.00
04-03-20,,,,,,,0.00,0.00,0.00,,0.00,,0.00,0.00,,0.03,0.12,0.32,,0.00,0.00,,0.00,,,,,,0.00,,,,,,0.00,,,0.00,,,0.00,,0.00,,0.00,,,,,,,,,2.76,0.00,,,,,,,,,,,,,,,,0.00,,0.00,0.00,,,,0.00,0.00,0.00,0.00
04-04-20,,,,,,,0.00,0.17,0.00,,0.00,,0.00,0.00,,0.17,0.12,0.00,,0.00,0.00,,0.00,,,,,,0.00,,,,,,0.00,,,0.00,,,0.00,,0.00,,0.00,,,,,,,,,0.05,0.00,,,,,,,,,,,,,,,,0.00,,0.00,0.00,,,,0.00,0.00,0.00,0.00
04-05-20,,,,,,,0.19,0.17,0.18,,0.14,,,0.00,,0.30,0.63,0.84,,0.00,0.00,,0.00,,,,,,0.00,,,,,,0.00,,,0.00,,,0.00,,0.00,,0.00,,,,,,,,,3.17,0.15,,,,,,,,,,,,,,,,0.00,,0.00,0.00,,,,0.00,0.00,0.00,5.21
04-06-20,,,,,,,0.10,0.56,0.28,,0.18,,0.00,0.00,,0.17,0.61,0.16,,0.00,0.00,,0.00,,,,,,0.00,,,,,,0.00,,,0.00,,,0.00,,0.00,,0.00,,,,,,,,,3.75,0.00,,,,,,,,,,,,,,,,3.73,,0.00,0.00,,,,0.00,0.00,0.00,2.99
04-07-20,,,,,,,0.14,0.08,0.13,,0.05,,0.32,0.00,,0.26,0.63,0.14,,0.00,0.00,,0.00,,,,,,0.00,,,,,,0.00,,,0.00,,,0.00,,0.00,,0.00,,,,,,,,,1.00,0.00,,,,,,,,,,,,,,,,7.36,,0.00,0.00,,,,0.00,0.00,0.00,0.00
04-08-20,,,,,,,,0.33,0.09,,0.04,,0.08,0.00,,0.05,0.59,0.61,,0.00,0.00,,0.00,,,,,,0.00,,,,,,0.00,,,0.00,,,0.00,,0.00,,0.00,,,,,,,,,0.00,0.00,,,,,,,,,,,,,,,,3.85,,0.00,0.00,,,,0.00,0.00,0.00,0.00
04-09-20,,,,,,,0.15,0.29,0.08,,0.04,,0.00,0.00,,0.69,0.00,0.60,,0.00,0.00,,0.00,,,,,,0.00,,,,,,0.00,,,0.00,,,0.00,,0.00,,0.00,,,,,,,,,0.00,0.00,,,,,,,,,,,,,,,,2.85,,0.00,0.00,,,,0.00,0.00,0.00,0.00
04-10-20,,,,,,,0.16,,0.11,,0.03,,0.00,0.00,0.58,0.43,0.01,0.77,,0.00,0.00,,0.00,,,,,,,,,,,,0.00,,,0.00,,,0.00,,0.00,,0.00,,,,,,,,,0.00,0.00,,,,,,,,,,,,,,,,2.04,,0.00,0.00,,,,,0.00,0.00,0.00
04-11-20,,,,,,,0.05,0.38,0.30,,0.06,,0.00,0.00,0.61,0.87,0.00,0.64,,0.00,0.00,,0.00,,,,,,0.00,,,,,,0.00,,,0.00,,,0.00,,0.00,,0.00,,,,,,,,,1.54,0.61,,,,,,,,,,,,,,,,0.00,,0.00,0.00,,0.00,,0.00,0.00,0.00,0.00
04-12-20,,,,,,,0.09,0.33,0.61,,0.00,,,0.00,1.54,2.52,0.13,3.17,,0.00,76.89,,0.00,,,,,,,,,,,,9.70,,,0.00,,,0.00,,0.00,,0.00,,,,,,,,,0.48,1.01,,,,,,,,,,,,,,,,0.00,,0.00,0.00,,0.00,,0.00,0.00,0.00,0.00
04-13-20,,,,,,,0.11,0.38,0.54,,0.00,,0.00,0.00,1.00,1.87,0.22,3.93,,0.00,0.00,,9.83,,,,,,0.00,,,,,,12.07,,,0.00,,,0.00,,0.00,,0.00,,,,,,,,,2.29,0.52,,,,,,,,,,,,,,,,0.00,,0.00,0.00,,0.00,,0.00,0.00,0.00,0.00
04-14-20,,,,,,,0.02,,0.47,,0.00,,0.00,0.00,0.83,0.00,0.00,1.15,,0.00,,,5.93,,,,,,,,,,,,7.55,,,0.00,,,0.00,,0.00,,0.00,,,,,,,,,2.88,0.02,,,,,,,,,,,,,,,,0.00,,0.00,0.00,,0.00,,,0.00,0.00,0.00
04-15-20,,,,,,,0.20,0.29,0.00,,0.00,,0.00,0.00,1.00,0.00,0.00,0.00,,0.00,0.00,,0.00,,,,,,0.00,,,,,,4.62,,,0.00,,,0.00,,0.00,,0.00,,,,,,,,,1.33,0.42,,,,,,,,,,,,,,,,0.00,,0.00,0.00,,0.00,,0.00,0.00,0.00,0.00
04-16-20,,,,,,,0.06,0.29,0.00,,0.00,,0.00,0.00,0.67,0.00,0.00,0.01,,0.00,0.00,,0.00,,,,,,0.00,,,,,,0.00,,,0.00,,,0.00,,0.00,,0.00,,,,,,,,,1.29,0.00,,,,,,,,,,,,,,,,0.00,,0.00,0.00,,0.00,,2.12,0.00,0.00,0.00
04-17-20,,,,,,,0.00,0.30,0.00,,0.00,,,0.00,0.54,0.00,0.00,0.07,,0.00,0.00,,1.09,,,,,,0.00,,,,,,0.00,,,0.00,,,0.00,,0.00,,0.00,,,,,,,,,0.00,0.00,,,,,,,,,,,,,,,,0.00,,0.00,0.00,,0.00,,3.18,0.00,0.00,0.00
04-18-20,,,,,,,0.06,0.27,0.00,,0.00,,0.00,0.00,0.17,0.31,0.00,0.19,,0.00,0.00,,2.83,,,,,,0.00,,,,,,0.00,,,0.00,,,0.00,,0.00,,0.00,,,,,,,,,0.00,,,,,,,,,,,,,,,,,0.00,,0.00,0.00,,0.00,,4.04,0.00,0.00,0.00
04-19-20,,,,,,,0.00,0.21,0.00,,0.00,,0.00,0.00,0.78,0.00,0.00,0.00,,0.00,0.00,,2.61,,,,,,0.00,,,,,,0.00,,,0.00,,,0.00,,0.00,,0.00,,,,,,,,,2.46,0.00,,,,,,,,,,,,,,,,0.00,,0.00,0.00,,0.00,,3.98,0.00,0.00,0.00
04-20-20,,,,,,,0.00,0.00,0.00,,0.00,,0.00,0.00,0.12,0.00,0.00,0.00,,0.00,0.00,,2.33,,,,,,0.00,,,,,,0.00,,,0.00,,,0.00,,0.00,,0.00,,,,,,,,,0.71,0.00,,,,,,,,,,,,,,,,0.00,,0.00,0.00,,0.00,,0.00,0.00,0.00,0.00
04-21-20,,,,,,,0.00,0.22,0.00,,0.00,,0.00,0.00,0.25,0.17,0.00,0.07,,0.00,0.00,,1.22,,,,,,0.00,,,,,,0.00,,,0.00,,,0.00,,0.00,,0.00,,,,,,,,,0.00,0.00,,,,,,,,,,,,,,,,0.00,,0.00,0.00,,0.00,,2.01,0.00,0.00,0.00
04-22-20,,,,,,,0.00,0.33,0.00,,0.00,,0.00,0.00,0.54,0.17,0.00,0.72,,0.00,0.00,,1.07,,,,,,0.00,,,,,,0.00,,,0.00,,,0.00,,0.00,,0.00,,,,,,,,,0.00,0.00,,,,,,,,,,,,,,,,0.00,,0.00,0.00,,0.00,,0.00,0.00,0.00,0.00
04-23-20,,,,,,,0.00,0.04,0.00,,0.00,,0.00,0.00,1.04,0.52,0.00,1.33,,0.00,0.00,,1.54,,,,,,0.00,,,,,,0.00,,,0.00,,,0.00,,0.00,,0.00,,,,,,,,,0.00,0.90,,,,,,,,,,,,,,,,0.00,,0.00,0.00,,0.00,,0.00,0.00,0.00,0.00
04-24-20,,,,,,,0.14,0.04,0.00,,0.04,,0.00,0.00,1.08,0.80,0.00,1.56,,0.00,0.00,,0.00,,,,,,0.00,,,,,,0.00,,,0.00,,,0.00,,,,0.00,,,,,,,,,2.32,,,,,,,,,,,,,,,,,0.00,,0.00,,,0.00,,0.00,0.00,0.00,0.00
04-25-20,,,,,,,0.10,0.00,0.00,,,,0.00,0.00,0.54,0.53,0.00,1.33,,0.00,0.00,,0.00,,,,,,,,,,,,0.00,,,0.00,,,0.00,,27.22,,0.00,,,,,,,,,2.18,2.40,,,,,,,,,,,,,,,,0.00,,0.00,,,0.00,,,0.00,0.00,0.00
04-26-20,,,,,,,0.08,0.50,,,,,0.00,0.00,0.58,0.85,0.00,1.24,,0.00,0.00,,0.00,,,,,,,,,,,,0.00,,,0.00,,,0.00,,22.79,,0.00,,,,,,,,,3.33,,,,,,,,,,,,,,,,,0.00,,0.00,0.00,,0.00,,,0.00,0.00,0.00
04-27-20,,,,,,,0.05,0.17,0.00,,,,0.00,0.00,0.77,0.63,0.00,1.47,,0.00,0.00,,0.00,,,,,,0.00,,,,,,0.00,,,0.00,,,0.00,,19.54,,0.00,,,,,,,,,1.67,1.15,,,,,,,,,,,,,,,,0.00,,0.00,0.00,,2.64,,,0.00,0.00,0.00
04-28-20,,,,,,,0.00,0.29,0.00,,,,0.00,0.00,0.91,0.35,0.00,1.03,,0.00,0.00,,4.39,,,,,,0.00,,,,,,0.00,,,0.00,,,,,28.14,,0.00,,,,,,,,,2.17,1.61,,,,,,,,,,,,,,,,0.00,,0.00,0.00,,0.00,,,0.00,0.00,0.00
04-29-20,,,,,,,0.00,0.00,0.00,,,,0.00,0.00,0.96,0.17,0.00,0.00,,0.00,0.00,,6.09,,,,,,0.00,,,,,,0.00,,,0.00,,,0.00,,23.52,,0.00,,,,,,,,,4.84,0.00,,,,,,,,,,,,,,,,0.00,,0.00,0.00,,0.00,,,0.00,0.00,0.00
04-30-20,,,,,,,0.00,0.00,0.00,,,,0.29,0.00,0.77,0.00,0.00,0.00,,0.00,0.00,,0.00,,,,,,0.00,,,,,,0.00,,,0.00,,,0.00,,20.54,,0.00,,,,,,,,,3.12,0.00,,,,,,,,,,,,,,,,0.00,,0.00,0.00,,2.61,,,0.00,0.00,0.00
05-01-20,,,,,,,0.00,0.00,0.00,,,,0.00,0.00,1.34,0.00,0.00,0.00,,0.00,0.00,,2.38,,,,,,0.00,,,,,,0.00,,,0.00,,,0.00,,19.21,,0.00,,,,,,,,,1.38,0.00,,,,,,,,,,,,,,,,0.00,,0.00,0.00,,0.00,,,0.00,0.00,0.00
05-02-20,,,,,,,0.00,0.08,0.00,,,,0.00,0.00,0.82,0.00,0.00,0.22,,0.00,0.00,,2.17,,,,,,0.00,,,,,,0.00,,,0.00,,,0.00,,18.09,,0.00,,,,,,,,,3.08,0.47,,,,,,,,,,,,,,,,0.00,,0.00,0.00,,3.68,,,0.00,0.00,0.00
05-03-20,,,,,,,0.00,0.21,0.00,,,,0.00,0.00,1.38,0.17,0.00,0.79,,0.00,0.00,,1.38,,,,,,0.00,,,,,,0.00,,,0.00,,,0.00,,16.19,,0.00,,,,,,,,,3.21,0.55,,,,,,,,,,,,,,,,0.00,,0.00,0.00,,0.00,,,0.00,0.00,0.00
05-04-20,,,,,,,0.00,0.62,0.00,,,,0.00,0.00,1.04,0.00,0.00,1.21,,0.00,0.00,,0.00,,,,,,0.00,,,,,,0.00,,,0.00,,,0.00,,13.12,,0.00,,,,,,,,,2.58,0.90,,,,,,,,,,,,,,,,0.00,,0.00,0.00,,0.00,,,0.00,0.00,0.00
05-05-20,,,,,,,0.00,0.17,0.00,,,,0.33,0.00,1.17,0.50,0.00,0.12,,0.00,0.00,,6.64,,,,,,0.00,,,,,,0.00,,,0.00,,,0.00,,10.72,,0.00,,,,,,,,,1.33,0.07,,,,,,,,,,,,,,,,0.00,,0.00,0.00,,0.00,,,0.00,0.00,0.00
05-06-20,,,,,,,0.00,0.00,0.00,,,,0.00,0.00,0.80,0.17,0.00,0.99,,0.00,0.00,,5.26,,,,,,0.00,,,,,,0.00,,,0.00,,,0.00,,9.34,,0.00,,,,,,,,,4.47,0.00,,,,,,,,,,,,,,,,0.00,,0.00,0.00,,4.07,,,0.00,0.00,0.00
05-07-20,,,,,,,0.00,0.22,0.00,,,,0.00,0.00,0.95,0.03,0.00,0.19,,0.00,0.00,,7.18,,,,,,,,,,,,0.00,,,0.00,,,0.00,,8.37,,0.00,,,,,,,,,2.15,0.00,,,,,,,,,,,,,,,,0.00,,0.00,0.00,,4.59,,,0.00,0.00,0.00
05-08-20,,,,,,,0.00,0.11,0.00,,,,0.00,0.00,1.08,0.00,0.00,0.00,,0.00,0.00,,7.76,,,,,,,,,,,,0.00,,,0.00,,,0.00,,6.90,,0.00,,,,,,,,,0.00,0.04,,,,,,,,,,,,,,,,0.00,,0.00,0.00,,3.77,,,0.00,0.00,0.00
05-09-20,,,,,,,0.00,0.23,0.00,,,,0.00,0.00,1.04,0.00,0.00,0.76,,0.00,0.00,,0.00,,,,,,,,,,,,0.00,,,0.00,,,0.00,,3.52,,0.00,,,,,,,,,0.00,0.40,,,,,,,,,,,,,,,,0.00,,0.00,0.00,,3.14,,,0.00,0.00,0.00
05-10-20,,,,,,,0.01,0.00,0.00,,,,0.00,0.00,1.36,0.17,0.00,0.84,,0.00,0.00,,2.02,,,,,,,,,,,,0.00,,,0.00,,,0.00,,0.00,,0.00,,,,,,,,,2.01,,,,,,,,,,,,,,,,,0.00,,0.00,0.00,,2.28,,,0.00,0.00,0.00
05-11-20,,,,,,,0.06,0.04,0.00,,,,0.03,0.00,0.81,0.00,0.00,0.51,,0.00,0.00,,1.64,,,,,,0.00,,,,,,0.00,,,0.00,,,0.00,,2.37,,0.00,,,,,,,,,3.71,5.32,,,,,,,,,,,,,,,,0.00,,0.00,0.00,,4.83,,,0.00,0.00,0.00
05-12-20,,,,,,,0.08,0.17,0.00,,,,0.00,0.00,1.12,0.65,0.00,0.94,,0.00,0.00,,0.00,,,,,,0.00,,,,,,0.00,,,0.00,,,0.00,,2.46,,0.00,,,,,,,,,5.54,5.48,,,,,,,,,,,,,,,,0.00,,0.00,0.00,,0.00,,,0.00,0.00,0.00
05-13-20,,,,,,,0.08,0.18,0.00,,,,0.00,0.00,1.61,0.49,0.00,0.70,,0.00,0.00,,1.25,,,,,,0.00,,,,,,0.00,,,0.00,,,0.00,,2.47,,0.00,,,,,,,,,4.92,5.32,,,,,,,,,,,,,,,,0.00,,0.00,0.00,,0.00,,,0.00,0.00,0.00
05-14-20,,,,,,,0.00,0.00,0.00,,,,0.00,0.00,1.82,0.00,0.00,0.12,,0.00,0.00,,1.75,,,,,,0.00,,,,,,0.00,,,0.00,,,0.00,,0.00,,0.00,,,,,,,,,2.42,3.47,,,,,,,,,,,,,,,,0.00,,0.00,0.00,,0.00,,,0.00,0.00,0.00
05-15-20,,,,,,,0.12,0.00,0.00,,,,0.00,0.00,0.95,0.08,0.00,0.33,,0.00,0.00,,0.00,,,,,,0.00,,,,,,0.00,,,0.00,,,0.00,,0.00,,0.00,,,,,,,,,0.28,0.55,,,,,,,,,,,,,,,,0.00,,0.00,0.00,,0.00,,,0.00,0.00,0.00
05-16-20,,,,,,,0.00,0.00,0.00,,,,0.00,0.00,0.92,0.17,0.00,0.00,,0.00,0.00,,0.00,,,,,,0.00,,,,,,0.00,,,0.00,,,0.00,,0.00,,0.00,,,,,,,,,2.12,0.00,,,,,,,,,,,,,,,,0.00,,0.00,0.00,,2.38,,,0.00,0.00,0.00
05-17-20,,,,,,,0.00,0.04,0.00,,,,0.00,0.00,0.96,0.09,0.00,0.00,,0.00,0.00,,1.08,,,,,,0.00,,,,,,0.00,,,0.00,,,0.00,,0.00,,0.00,,,,,,,,,0.12,0.02,,,,,,,,,,,,,,,,0.00,,0.00,2.70,,0.00,,,0.00,0.00,0.00
05-18-20,,,,,,,0.00,0.29,0.00,,,,0.00,0.00,1.26,0.44,0.00,0.00,,0.00,0.00,,1.28,,,,,,0.00,,,,,,0.00,,,0.00,,,0.00,,2.50,,0.00,,,,,,,,,0.00,0.90,,,,,,,,,,,,,,,,0.00,,0.00,2.00,,2.05,,,0.00,0.00,20.50
05-19-20,,,,,,,0.01,0.05,0.00,,,,0.00,0.00,1.17,0.55,0.00,1.05,,0.00,0.00,,2.55,,,,,,0.00,,,,,,0.00,,,0.00,,,0.00,,2.93,,0.00,,,,,,,,,0.48,0.90,,,,,,,,,,,,,,,,0.00,,0.00,7.80,,0.00,,,0.00,0.00,18.88
05-20-20,,,,,,,0.04,0.13,0.00,,,,,0.00,1.54,0.59,0.00,1.71,,2.70,0.00,,0.00,,,,,,,,,,,,27.23,,,11.79,,,0.00,0.00,184.80,,0.00,,,,,,,,,14.78,23.40,,,,,,,,,,,,,,,,0.00,,0.00,19.50,,0.00,,,3.07,28.20,17.31
05-21-20,,,,,,,0.00,0.35,0.00,,,,,0.00,1.50,0.57,0.00,1.45,,0.00,90.98,,17.58,,,,,,,,,,,,48.36,,,20.54,,,3.55,,151.38,,0.00,,,,,,,,,14.28,19.81,,,,,,,,,,,,,,,,0.00,,0.00,17.80,,0.00,,,12.03,22.50,16.95
05-22-20,,,,,,,0.00,0.38,0.00,,0.00,,0.00,0.00,1.65,0.95,0.00,0.53,,0.00,,,15.93,,,,,,2.61,,,,,,38.25,,,8.91,,,0.00,,22.91,,0.00,,,,,,,,,12.96,9.36,,,,,,,,,,,,,,,,0.00,,0.00,17.00,,,,,4.67,12.50,
05-23-20,,,,,,,0.00,0.09,0.00,,0.00,,0.00,0.00,1.13,0.00,0.00,0.00,,2.71,64.28,,9.69,,,,,,0.00,,,,,,31.62,,,6.25,,,0.00,,17.66,,0.00,,,,,,,,,10.96,7.47,,,,,,,,,,,,,,,,0.00,,0.00,,,0.00,,,0.00,5.30,
05-24-20,,,,,,,0.00,0.07,0.00,,0.00,,0.00,0.00,0.65,0.00,0.00,0.25,,0.00,64.65,,2.94,,,,,,0.00,,,,,,27.75,,,3.66,,,0.00,,13.90,,0.00,,,,,,,,,3.04,0.70,,,,,,,,,,,,,,,,0.00,,0.00,0.00,,0.00,,,0.00,0.00,
05-25-20,,,,,,,0.00,,0.00,,0.00,,0.00,0.00,0.35,0.00,0.00,0.22,,0.00,2.15,,0.00,,,,,,0.00,,,,,,24.02,,,0.00,,,0.00,,11.07,,0.00,,,,,,,,,0.00,0.00,,,,,,,,,,,,,,,,0.00,,0.00,0.00,,0.00,,,0.00,0.00,
05-26-20,,,,,,,0.00,0.11,0.00,,0.00,,0.00,0.00,0.67,0.00,0.00,0.00,,0.00,0.00,,0.00,,,,,,0.00,,,,,,20.29,,,0.00,,,0.00,,9.18,,0.00,,,,,,,,,0.00,0.00,,,,,,,,,,,,,,,,0.00,,0.00,,,0.00,,,0.00,0.00,
05-27-20,,,,,,,0.00,0.14,0.00,,0.00,,0.00,0.00,0.82,0.00,0.00,0.00,,0.00,0.00,,0.00,,,,,,0.00,,,,,,18.20,,,0.00,,,0.00,,7.24,,0.00,,,,,,,,,0.41,,,,,,,,,,,,,,,,,0.00,,0.00,0.00,,0.00,,,0.00,0.00,0.00
05-28-20,,,,,,,0.12,0.00,0.00,,0.00,,0.00,0.00,1.08,0.17,0.00,1.09,,0.00,0.00,,1.95,,,,,,0.00,,,,,,22.08,,,0.00,,,0.00,,6.07,,0.00,,,,,,,,,1.92,0.96,,,,,,,,,,,,,,,,0.00,,0.00,,,0.00,,,0.00,0.00,0.00
05-29-20,,,,,,,17.57,0.00,22.44,,5.92,,0.00,0.00,1.08,0.63,0.00,1.74,,0.00,0.00,,1.78,,,,,,0.00,,,,,,30.67,,,0.00,,,15.36,,24.94,,0.00,,,,,,,,,5.33,1.40,,,,,,,,,,,,,,,,15.72,,0.00,0.00,,0.00,,,5.24,32.50,0.00
05-30-20,,,,,,,26.30,4.52,41.35,,8.11,,5.73,3.12,1.37,0.17,4.21,1.72,,0.00,0.00,,2.17,,,,,,0.00,,,,,,38.59,,,0.00,,,15.47,,25.89,,0.00,,,,,,,,,5.79,0.86,,,,,,,,,,,,,,,,25.06,,0.00,0.00,,0.00,,,0.00,15.20,0.00
05-31-20,,,,,,,30.87,8.64,54.07,,8.86,,8.52,5.69,7.67,0.00,10.66,1.36,,0.00,,,0.00,,,,,,,,,,,,52.82,,,0.00,,,10.80,,23.41,,0.00,,,,,,,,,3.92,0.00,,,,,,,,,,,,,,,,30.25,,0.00,0.00,,0.00,,,0.00,10.50,0.00
06-01-20,,,,,,,28.46,7.00,48.89,,6.67,,5.00,5.08,4.82,0.00,9.15,1.02,,0.00,0.00,,1.36,,,,,,0.00,,,,,,50.02,,,0.00,,,9.26,,20.40,,0.00,,,,,,,,,1.21,0.00,,,,,,,,,,,,,,,,30.23,,0.00,0.00,,0.00,,,0.00,8.50,0.00
06-02-20,,,,,,,26.85,5.91,42.07,,5.45,,2.12,4.89,4.93,0.08,8.48,1.67,,0.00,0.00,,1.66,,,,,,3.06,,,,,,61.20,,,2.12,,,13.08,,,,0.00,,,,,,,,,2.84,0.33,,,,,,,,,,,,,,,,26.36,,0.00,0.00,,0.00,,,0.00,22.60,0.00
06-03-20,,,,,,,24.40,7.00,44.02,,3.75,,3.41,7.75,6.28,0.59,6.31,2.39,,0.00,,,10.01,,,192.26,,,,,,,,,82.27,,,9.24,,,16.31,,33.62,,,,,,,,,,,2.42,0.00,,,,,,,,,,,,,,,,13.65,,6.40,,,,,,20.18,28.60,0.00
06-04-20,,,,,,,24.08,6.00,42.61,,1.89,,6.56,4.64,5.43,0.24,8.13,2.70,,0.00,0.00,,8.74,,,,,,3.02,,,,,,82.84,,,5.45,,,9.39,,30.52,,0.00,,,,,,,,,5.25,0.00,,,,,,,,,,,,,,,,18.20,,6.60,,,0.00,,,20.48,28.20,0.00
06-05-20,,,,,,,23.37,5.09,41.60,,0.00,,4.33,3.49,3.74,0.00,7.34,1.70,,0.00,0.00,,9.02,,,,,,1.61,,,,,,69.51,,,5.37,,,9.39,,28.90,,0.00,,,,,,,,,6.08,0.00,,,,,,,,,,,,,,,,17.87,,5.70,,,0.00,,,15.18,17.50,5.87
06-06-20,,,,,,,23.48,4.96,41.01,,0.00,,2.13,3.56,2.67,0.00,5.98,3.02,,0.00,0.00,,3.61,,,,,,0.00,,,,,,69.98,,,5.58,,,8.01,,29.18,,0.00,,,,,,,,,5.58,0.00,,,,,,,,,,,,,,,,15.74,,4.50,,,0.00,,,5.69,16.00,7.57
06-07-20,,,,,,,23.29,4.58,40.27,,0.00,,1.23,3.43,3.08,0.00,3.27,2.50,,0.00,0.00,,2.24,,,,,,0.00,,,,,,69.11,,,5.12,,,5.34,,29.14,,0.00,,,,,,,,,3.08,0.37,,,,,,,,,,,,,,,,12.33,,0.00,,,0.00,,,0.00,13.80,
06-08-20,,,,,,,22.86,4.11,44.35,,0.05,,0.00,3.12,2.67,0.30,2.24,3.04,,0.00,0.00,,2.69,,,,,,0.00,,,,,,67.12,,,4.67,,,5.16,,30.15,,0.00,,,,,,,,,4.39,0.74,,,,,,,,,,,,,,,,10.88,,0.00,,,0.00,,,0.00,13.20,
06-09-20,,,,,,,21.94,3.81,43.19,,0.00,,0.00,3.19,1.92,0.17,1.42,1.77,,0.00,0.00,,1.85,,,,,,0.00,,,,,,65.30,,,4.77,,,4.67,,29.86,,0.00,,,,,,,,,7.71,0.52,,,,,,,,,,,,,,,,8.84,,0.00,,,0.00,,,0.00,12.60,
06-10-20,,,,,,,21.32,3.27,42.58,,0.00,,,2.57,1.00,0.17,0.06,1.85,0.00,0.00,0.00,,2.38,,,,,,0.00,,,,,,63.60,,,4.16,,,4.12,,29.58,,0.00,,,,,,,,,6.75,0.09,,,,,,,,,,,,,,,,3.55,,0.00,,,0.00,,,0.00,11.50,
06-11-20,,,,,,,17.41,2.38,53.49,,0.10,,,1.75,1.33,0.00,0.00,1.95,0.00,0.00,,,1.01,,,,,,0.00,,,,,,57.42,,,3.84,,,3.64,,31.24,,0.00,,,,,,,,,7.00,0.30,,,,,,,,,,,,,,,,0.00,,0.00,,,0.00,,,0.00,17.70,
06-12-20,,,,,,,10.45,1.78,48.42,,0.04,,0.00,1.50,2.08,20.61,1.63,11.87,0.00,13.07,,,35.66,,,,,,11.82,,,,,,129.40,,,48.27,,,45.82,,89.33,,,,,,,,,,,58.79,6.60,,,,,,,,,,,,,,,,0.00,,0.00,,,0.00,,,,58.60,
06-13-20,,,,,,,1.80,0.70,40.30,,0.00,,0.00,0.00,0.54,15.67,2.50,20.38,0.00,17.46,28.44,,30.91,,,,,,,,,,,,95.60,,,43.08,,,48.80,,83.74,,0.00,,,,,,,,,50.92,4.26,,,,,,,,,,,,,,,,0.00,,0.00,,,0.00,,,0.00,34.50,
06-14-20,,,,,,,1.67,0.55,40.15,,0.00,,0.00,0.00,0.58,0.62,0.87,18.67,2.88,14.46,27.11,,27.16,,,,,,7.74,,,,,,91.19,,,37.66,,,42.21,,77.66,,0.00,,,,,,,,,46.21,1.24,,,,,,,,,,,,,,,,0.00,,0.00,,,0.00,,,0.00,28.10,
06-15-20,,,,,,,1.33,0.33,40.05,,0.00,,0.00,0.00,0.51,0.09,0.95,17.10,11.50,12.87,21.07,,25.61,,,,,,5.97,,,,,,85.88,,,34.25,,,5.36,,76.12,,0.00,,,,,,,,,44.00,0.00,,,,,,,,,,,,,,,,0.00,,0.00,,,0.00,,,0.00,24.10,
06-16-20,,,,,,,0.73,0.17,39.80,,0.00,,0.00,0.00,0.33,0.00,0.05,15.77,0.00,11.56,30.90,,25.02,,,,,,5.54,,,,,,89.02,,,31.83,,,3.92,,87.03,,88.75,,,,,,,,,48.72,26.49,,,,,,,,,,,,,,,,0.00,,0.00,,,0.00,,,0.00,21.60,59.05
06-17-20,,,,,,,0.55,13.00,48.43,,3.04,,22.93,8.17,9.85,10.27,23.14,25.53,4.43,15.91,102.81,,27.57,,,,,,,,,,,,97.61,,,32.93,,,8.49,,88.18,,,,,,,,,,,45.22,32.08,,,,,,,,,,,,,,,,,,0.00,,,0.00,,,0.00,39.40,58.82
06-18-20,,,,,,,2.69,13.00,53.70,,4.15,,16.90,9.39,4.54,12.47,27.88,29.36,4.92,20.91,,,30.78,,,,,,,,,,,,104.90,,,40.76,,,5.91,,124.06,,0.00,,,,,,,,,76.31,25.74,,,,,,,,,,,,,,,,0.00,,0.00,,,0.00,,,0.00,34.90,58.27
06-19-20,,,,,,,6.70,10.88,39.92,,0.03,,0.00,7.02,3.42,8.17,17.02,26.71,0.00,24.36,,,32.81,,,,,,4.69,,,,,,280.61,,,75.89,,,90.59,,174.98,,0.00,,,,,,,,,101.06,35.11,,,,,,,,,,,,,,,,0.00,,0.00,,,0.00,,,0.00,74.50,60.64
06-20-20,,,,,,,4.13,9.71,38.49,,0.05,,0.00,5.69,1.87,,11.67,24.78,0.00,26.58,52.76,,33.38,,,,,,4.43,,,,,,237.74,,,78.65,,,9.84,,180.62,,0.00,,,,,,,,,102.29,34.95,,,,,,,,,,,,,,,,0.00,,0.00,,,0.00,,,16.27,56.70,65.62
06-21-20,,,,,,,0.00,5.30,37.74,,0.04,,0.00,3.90,0.58,3.71,6.24,23.17,6.67,34.63,48.69,,33.83,,,,,,3.64,,,,,,216.36,,,93.41,,,18.39,,194.58,,0.00,,,,,,,,,126.27,34.08,,,,,,,,,,,,,,,,0.00,,0.00,,,0.00,,,33.78,54.90,69.43
06-22-20,,,,,,,0.00,2.17,37.39,,0.00,,0.00,3.25,0.82,4.26,4.90,23.37,12.26,34.65,,,33.58,,,,,,,,,,,,289.32,,,100.45,,,3.83,,217.18,,0.00,,,,,,,,,124.36,32.86,,,,,,,,,,,,,,,,0.00,,0.00,,,0.00,,,14.87,77.10,66.75
06-23-20,,,,,,,0.03,3.09,38.83,,0.07,,0.00,4.73,2.36,37.50,17.96,47.58,0.00,71.58,68.90,,79.75,,,,,,,,,,,,,,,131.91,,,107.03,,264.46,,26.76,,,,,,,,,142.25,53.08,,,,,,,,,,,,,,,,0.00,,9.70,,,5.72,,,48.03,109.10,66.70
06-24-20,,,,,,,0.00,8.46,30.50,,0.03,,0.00,21.88,3.08,44.26,27.04,59.32,,85.17,222.23,,109.97,,,,,,46.21,,,,,,,,,163.12,,,92.26,,284.52,,61.26,,,,,,,,,166.15,70.80,,,,,,,,,,,,,,,,0.00,,5.10,,,43.60,,,37.56,132.40,68.45
06-25-20,,,,,,,0.00,8.00,28.31,,0.00,,,23.38,3.21,42.07,23.67,57.11,2.33,88.00,150.98,,102.76,,,,,,24.36,,,,,,225.93,,,159.16,,,,,281.35,,66.63,,,,,,,,,158.25,64.96,,,,,,,,,,,,,,,,0.00,,0.00,,,50.37,,,7.48,145.00,70.86
06-26-20,,,,,,,0.00,8.09,28.04,,0.13,,0.00,22.65,3.29,35.47,23.59,55.34,19.96,93.47,95.36,,97.70,,,,,,,,,,,,232.18,,,151.10,,,,,267.94,,62.46,,,,,,,,,152.71,49.91,,,,,,,,,,,,,,,,0.00,,4.30,,,42.61,,,18.04,132.80,77.24
06-27-20,,,,,,,0.00,8.00,27.81,,0.12,,0.00,22.82,2.83,34.06,22.73,54.10,3.54,94.82,99.45,,94.60,,,,,,18.42,,,,,,290.15,,,160.63,,,,,268.17,,62.96,,,,,,,,,149.58,43.09,,,,,,,,,,,,,,,,0.00,,7.50,,,40.27,,,6.57,125.70,75.02
06-28-20,,,,,,,0.00,8.00,28.59,,0.13,,0.00,22.63,2.37,32.28,21.65,52.53,0.00,88.41,95.48,,92.22,,,,,,17.71,,,,,,215.05,,,152.55,,,,,280.23,,63.10,,,,,,,,,146.57,52.48,,,,,,,,,,,,,,,,0.00,,3.20,,,34.71,,,0.00,126.20,73.42
06-29-20,,,,,,,2.06,17.74,,,4.45,,8.81,30.24,10.85,69.60,36.14,68.47,,102.07,101.36,,109.87,,,,,,38.53,,,,,,255.87,,,162.45,,,,,343.05,,114.00,,,,,,,,,163.62,62.19,,,,,,,,,,,,,,,,0.00,,5.30,,,38.84,,,0.00,168.90,
06-30-20,,,,,,,0.00,23.50,79.66,,11.67,,12.60,40.45,17.47,70.30,47.12,91.87,,106.27,119.45,,110.98,,,,,,32.46,,,,,,306.49,,,171.45,,,,,353.14,,138.11,,,,,,,,,162.04,70.42,,,,,,,,,,,,,,,,2.43,,16.50,,,52.82,,,0.00,179.60,
07-01-20,,,,,,,7.02,22.54,83.60,,10.73,,13.69,40.43,17.62,70.31,52.37,89.28,,128.02,123.78,,116.69,,,,,,,,,,,,265.66,,,174.15,,,,,347.22,,136.39,,,,,,,,,162.58,55.70,,,,,,,,,,,,,,,,7.47,,16.90,,,61.12,,,,190.20,69.62
07-02-20,,,,,,,13.02,20.20,83.75,,9.88,,17.14,40.76,17.58,65.95,52.84,86.87,,131.37,121.61,,114.59,,,,,,44.14,,,,,,256.48,,,167.00,,,,,334.99,,127.77,,,,,,,,,157.83,56.44,,,,,,,,,,,,,,,,10.19,,41.10,,,63.03,,,0.00,176.10,71.40
07-03-20,,,,,,,8.06,20.27,79.62,,8.64,,14.31,40.86,16.83,62.17,51.02,83.03,,124.46,112.94,,109.67,,,,,,34.75,,,,,,303.37,,,167.50,,,,,337.59,,134.50,,,,,,,,,163.96,55.20,,,,,,,,,,,,,,,,7.46,,23.10,,,61.74,,,0.00,172.30,76.65
07-04-20,,,,,,,0.00,19.25,51.28,,2.64,,7.75,41.46,16.54,58.17,54.60,80.20,,139.28,119.45,,110.20,,,,,,47.15,,,,,,,,,231.58,,,,,337.69,,138.58,,,,,,,,,164.57,59.74,,,,,,,,,,,,,,,,0.00,,0.00,,,85.75,,,16.73,175.50,75.23
07-05-20,,,,,,,0.00,18.68,,,0.00,,2.32,46.26,17.54,59.55,58.55,82.56,0.00,167.92,133.61,,149.38,,,,,,49.06,,,,,,336.52,,,231.37,,,,,363.55,,154.08,,,,,,,,,190.53,81.78,,,,,,,,,,,,,,,,0.00,,0.00,,,131.93,,,38.06,178.80,
07-06-20,,,,,,,0.00,18.62,38.48,,0.05,,,45.42,16.50,55.17,57.89,82.85,18.28,163.84,132.73,,142.28,,,,,,50.23,,,,,,265.39,,,219.83,,,,,376.63,,154.38,,,,,,,,,188.25,91.74,,,,,,,,,,,,,,,,0.00,,6.70,,,119.51,,,41.60,182.00,72.87
07-07-20,,,,,,,0.00,18.52,38.79,,0.21,,2.00,45.29,16.31,50.17,56.59,81.43,13.60,156.81,127.76,,134.76,,,,,,44.91,,,,,,250.08,,,210.70,,,,,347.41,,150.67,,,,,,,,,182.97,80.83,,,,,,,,,,,,,,,,0.00,,5.60,,,110.94,,,25.94,185.30,72.40
07-08-20,,,,,,,0.48,18.37,39.13,,0.10,,1.78,45.00,15.78,51.92,55.23,83.19,,164.76,137.03,,137.97,,,,,,45.75,,,,,,,,,218.33,,,,,364.85,,165.19,,,,,,,,,183.23,69.12,,,,,,,,,,,,,,,,0.00,,2.80,,,110.69,,,8.58,186.90,73.06
07-09-20,,,,,,,0.26,17.40,38.56,,0.00,,2.38,44.83,14.58,51.71,53.80,80.54,0.00,159.72,131.48,,135.18,,,,,,41.79,,,,,,240.73,,,210.95,,,,,357.32,,165.00,,,,,,,,,179.49,69.06,,,,,,,,,,,,,,,,0.00,,0.00,,,109.36,,,4.53,188.50,
07-10-20,,,,,,,0.00,16.75,38.06,,0.00,,1.95,44.67,14.87,50.38,52.69,79.04,3.04,154.31,124.61,,129.90,,,,,,40.63,,,,,,,,,207.70,,,,,365.94,,168.45,,,,,,,,,180.92,71.68,,,,,,,,,,,,,,,,0.00,,0.00,,,103.51,,,4.11,188.50,
07-11-20,,,,,,,0.08,16.64,37.73,,0.00,,1.63,44.64,14.25,48.47,51.83,77.13,0.00,150.52,109.03,,124.81,,,,,,39.03,,,,,,227.77,,,205.50,,,,253.02,360.60,,165.29,,,,,,,,,177.38,74.92,,,,,,,,,,,,,,,,0.00,,0.00,,,98.87,,,0.00,176.10,85.94
07-12-20,,,,,,,0.09,16.48,37.49,,0.00,,1.76,44.44,13.38,47.03,50.93,74.83,,146.96,104.73,,121.14,,,,,,37.45,,,,,,205.95,,,200.12,,,,251.15,353.61,,162.58,,,,,,,,,175.71,72.84,,,,,,,,,,,,,,,,0.00,,0.00,,,94.91,,,2.06,173.20,84.64
07-13-20,,,,,,,0.00,17.17,37.33,,0.00,,0.56,44.43,13.69,47.11,50.33,72.74,0.00,144.11,103.90,,115.67,,,,,,36.21,,,,,,202.93,,,195.25,,,,247.10,347.59,,158.67,,,,,,,,,171.38,74.15,,,,,,,,,,,,,,,,0.00,,0.00,,,91.55,,,2.23,170.20,81.50
07-14-20,,,,,,,0.00,16.91,37.13,,0.00,,0.80,44.27,13.04,46.84,50.03,72.63,0.00,141.93,103.23,,114.19,,,,,,35.48,,,,,,201.49,,,191.50,,,,241.35,342.30,,156.19,,,,,,,,,167.08,73.49,,,,,,,,,,,,,,,,0.00,,0.00,,,91.05,,,2.01,168.40,78.69
07-15-20,,,,,,,0.03,16.46,36.87,,0.00,,0.15,44.09,12.88,45.95,49.35,72.35,0.00,139.97,102.78,,112.00,,,142.26,,,35.21,,,,,,200.70,,,188.95,,,144.35,235.35,337.98,,154.60,,,,,,,,,164.38,72.74,,,,,,,,,,,,,,,,0.00,,0.00,,,89.19,,,0.00,168.00,76.99
07-16-20,,,,,,,0.06,15.96,36.68,,0.00,,0.24,44.00,13.39,45.00,48.70,73.32,0.00,138.11,102.23,,110.52,,,142.26,,,34.75,,,,,,198.79,,,186.50,,,143.21,231.23,334.27,,152.46,,,,,,,,,163.21,71.12,,,,,,,,,,,,,,,,0.00,,0.00,,,87.38,,,2.25,167.10,77.75
07-17-20,,,,,,,0.00,15.36,36.44,,0.00,,0.00,44.02,13.29,44.80,47.56,70.57,0.00,133.23,101.58,,108.45,,,142.26,,,33.70,,,,,,195.35,,,182.45,,,141.07,231.44,335.30,,155.08,,,,,,,,,165.12,75.65,,,,,,,,,,,,,,,,0.00,,0.00,,,84.45,,,3.48,167.80,84.61
07-18-20,,,,,,,0.00,15.36,36.02,,0.00,,0.00,43.83,11.96,44.69,46.62,67.11,0.00,123.52,100.09,,106.61,,,132.69,,,32.93,,,,,,259.35,,,185.32,,,140.19,266.78,367.09,,170.26,,,,,,,,,174.49,104.54,,,,,,,,,,,,,,,,0.00,,0.00,,,84.13,,,26.50,191.80,86.77
07-19-20,,,,,,,0.00,15.50,35.53,,0.00,,0.00,43.42,11.52,44.89,44.32,66.81,0.00,121.71,91.51,,104.39,,,132.26,,,31.68,,,,,,232.84,,,196.80,,,149.92,268.85,387.84,,191.17,,,,,,,,,196.68,141.48,,,,,,,,,,,,,,,,0.00,,0.00,,,80.38,,,25.80,189.40,
07-20-20,,,,,,,0.00,14.91,35.12,,0.00,,0.00,43.61,10.92,44.80,42.75,66.60,0.00,120.97,88.84,,102.90,,,132.26,,,34.83,,,,,,207.92,,,191.75,,,135.88,259.27,372.44,,241.44,,,,,,,,,244.62,173.19,,,,,,,,,,,,,,,,0.00,,0.00,,,79.38,,,17.65,186.90,
07-21-20,,,,,,,0.00,14.04,33.97,,,,0.00,42.41,10.25,43.87,41.75,69.77,0.00,121.21,90.03,,101.93,,,132.26,,,,,,,,,203.19,,,202.03,,,141.61,292.85,408.06,,264.79,,,,,,,,,254.84,176.53,,,,,,,,,,,,,,,,0.00,,0.00,,,77.42,,,14.43,190.10,
07-22-20,,,,,,,0.00,14.12,32.69,,0.01,,0.00,43.24,10.36,42.67,41.35,73.72,0.00,125.53,94.66,,98.50,,,132.26,,,,,,,,,241.57,,,211.04,,,157.35,267.52,408.19,,258.33,,,,,,,,,245.83,171.18,,,,,,,,,,,,,,,,0.00,,0.00,,,86.97,,,23.23,189.30,106.54
07-23-20,,,,,,,0.67,,33.52,,0.23,,0.00,47.02,10.04,42.50,42.57,74.25,0.00,126.23,96.00,,102.24,,,131.82,,,59.77,,,,,,205.92,,,206.15,,,153.26,274.65,370.03,,245.17,,,,,,,,,238.21,168.57,,,,,,,,,,,,,,,,0.00,,0.00,,,86.17,,,9.38,188.50,104.37
07-24-20,,,,,,,0.39,13.83,34.88,,0.10,,0.00,47.61,9.27,44.76,42.37,73.67,0.00,126.94,95.65,,100.55,,,130.83,,,31.78,,,,,,217.67,,,206.04,,,158.84,259.52,408.23,,246.09,,,,,,,,,232.67,166.83,,,,,,,,,,,,,,,,0.00,,0.00,,,85.85,,,0.00,187.70,103.19
07-25-20,,,,,,,0.00,13.90,34.30,,0.00,,0.00,47.75,9.47,43.87,41.56,73.49,0.00,125.26,93.78,,101.85,,,124.53,,,31.85,,,,,,199.05,,,200.12,,,147.01,255.44,356.23,,239.46,,,,,,,,,228.21,163.91,,,,,,,,,,,,,,,,0.00,,0.00,,,84.87,,,0.00,187.00,
07-26-20,,,,,,,0.00,14.10,32.38,,0.00,,0.00,47.52,9.92,43.80,40.78,73.50,18.83,126.31,90.48,,105.08,,,101.01,,,31.51,,,,,,220.28,,,200.03,,,138.13,255.77,387.46,,236.00,,,,,,,,,222.94,156.89,,,,,,,,,,,,,,,,0.00,,0.00,,,80.76,,,12.15,186.20,113.13
07-27-20,,,,,,,0.02,13.74,32.12,,0.00,,0.00,47.41,9.67,44.17,40.79,74.13,,139.26,101.67,,113.52,,,,,,74.78,,,,,,282.66,,,197.12,,,129.92,256.69,368.59,,234.64,,,,,,,,,220.54,160.96,,,,,,,,,,,,,,,,0.00,,3.60,,,81.96,,,17.11,185.40,112.17
07-28-20,,,,,,,0.00,13.59,31.71,,0.02,,0.00,47.39,9.46,43.49,40.38,73.00,0.00,139.13,100.76,,112.33,,,95.04,,,50.81,,,,,,189.31,,,194.25,,,129.05,254.19,368.70,,231.54,,,,,,,,,218.17,159.33,,,,,,,,,,,,,,,,0.00,,6.40,,,74.64,,,5.58,185.00,115.13
07-29-20,,,,,,,0.00,13.46,31.48,,0.00,,0.00,47.33,8.50,43.36,40.20,71.54,0.00,135.71,100.32,,112.65,,,150.52,,,33.10,,,,,,188.97,,,192.29,,,127.34,252.02,365.88,,228.96,,,,,,,,,216.12,157.91,,,,,,,,,,,,,,,,0.00,,5.40,,,74.75,,,0.00,184.60,113.52
07-30-20,,,,,,,0.00,13.10,31.36,,0.00,,0.00,47.31,8.83,43.67,39.90,72.54,0.00,133.28,97.19,,112.92,,,126.43,,,32.28,,,,,,187.33,,,189.95,,,119.21,249.69,362.77,,226.00,,,,,,,,,215.25,154.28,,,,,,,,,,,,,,,,0.00,,0.00,,,75.60,,,0.00,185.90,111.97
07-31-20,,,,,,,0.00,10.62,30.98,,0.00,,0.00,47.95,7.71,42.44,39.12,71.95,0.00,131.02,98.62,,110.85,,,142.26,,,31.07,,,,,,184.90,,,186.62,,,108.81,247.06,359.58,,223.08,,,,,,,,,212.83,150.28,,,,,,,,,,,,,,,,0.00,,0.00,,,77.03,,,2.20,186.30,
08-01-20,,,,,,,0.00,6.42,30.79,,0.00,,0.00,47.84,7.33,42.13,39.16,71.31,0.00,128.01,97.86,,109.24,,,141.84,,,29.00,,,,,,183.00,,,184.70,,,110.47,246.35,358.23,,221.29,,,,,,,,,215.21,146.99,,,,,,,,,,,,,,,,0.00,,0.00,,,76.35,,,0.00,186.60,109.79
08-02-20,,,,,,,0.00,2.20,30.42,,0.00,,0.00,47.48,6.04,41.82,38.68,69.26,0.00,125.07,97.23,,105.35,,,133.09,,,26.49,,,,,,180.89,,,181.79,,,104.76,252.27,366.09,,219.25,,,,,,,,,214.88,147.44,,,,,,,,,,,,,,,,0.00,,0.00,,,75.52,,,0.00,180.40,117.53
08-03-20,,,,,,,0.00,0.27,30.01,,0.00,,0.00,47.93,5.38,41.49,38.22,68.40,0.00,122.05,96.57,,102.59,,,132.26,,,23.13,,,,,,180.17,,,178.70,,,100.51,245.06,361.77,,213.25,,,,,,,,,208.21,144.74,,,,,,,,,,,,,,,,0.00,,0.00,,,74.49,,,0.00,169.00,116.35
08-04-20,,,,,,,0.00,0.22,29.79,,0.00,,0.00,47.82,4.17,40.00,37.65,68.18,0.00,118.45,96.23,,99.11,,,132.26,,,20.61,,,,,,179.13,,,174.37,,,98.09,241.65,358.75,,209.42,,,,,,,,,203.62,141.49,,,,,,,,,,,,,,,,0.00,,0.00,,,73.57,,,0.00,161.00,115.63
08-05-20,,,,,,,0.00,0.17,29.55,,0.00,,0.00,47.69,2.08,39.62,36.83,68.57,0.00,116.45,96.23,,95.21,,,124.34,,,19.29,,,,,,,,,178.54,,,105.05,238.52,367.92,,206.38,,,,,,,,,200.38,136.70,,,,,,,,,,,,,,,,0.00,,0.00,,,70.43,,,0.00,164.80,114.73
08-06-20,,,,,,,0.00,0.40,29.29,,0.00,,0.00,48.01,0.00,39.93,35.88,67.55,0.00,114.45,,,92.94,,,122.26,,,23.60,,,,,,179.21,,,179.25,,,105.21,235.69,365.52,,204.17,,,,,,,,,199.58,136.99,,,,,,,,,,,,,,,,0.00,,0.00,,,71.04,,,0.00,165.70,114.75
08-07-20,,,,,,,0.00,0.00,29.04,,0.00,,0.00,47.58,0.00,39.08,35.17,66.30,0.00,111.39,,,90.28,,,122.26,,,16.00,,,,,,178.09,,,177.08,,,102.17,233.15,362.50,,199.50,,,,,,,,,198.25,135.66,,,,,,,,,,,,,,,,0.00,,0.00,,,70.36,,,0.00,160.70,116.42
08-08-20,,,,,,,0.00,0.02,28.72,,0.00,,0.00,47.39,0.00,38.67,34.22,65.52,0.00,108.94,,,87.22,,,122.26,,,14.49,,,,,,177.55,,,174.37,,,99.51,230.31,360.16,,197.38,,,,,,,,,196.67,134.66,,,,,,,,,,,,,,,,0.00,,0.00,,,69.74,,,0.00,155.30,130.54
08-09-20,,,,,,,0.00,0.00,28.37,,0.00,,0.00,47.35,0.00,38.67,34.25,66.32,0.00,107.38,,,86.35,,,122.26,,,14.37,,,,,,177.00,,,172.66,,,98.34,228.48,357.92,,195.71,,,,,,,,,195.10,132.80,,,,,,,,,,,,,,,,0.00,,0.00,,,68.86,,,0.00,150.60,129.10
08-10-20,,,,,,,0.00,0.13,28.09,,0.00,,0.00,47.24,0.00,38.00,34.09,65.68,0.00,106.40,,,84.92,,,114.34,,,12.93,,,,,,176.39,,,171.37,,,97.71,227.40,355.72,,197.00,,,,,,,,,196.34,136.41,,,,,,,,,,,,,,,,0.00,,0.00,,,66.06,,,0.00,148.50,126.73
08-11-20,,,,,,,0.00,0.03,27.45,,0.01,,0.00,47.43,0.00,36.93,33.58,64.80,0.00,105.21,,,84.22,,,112.69,,,12.28,,,,,,175.38,,,170.28,,,97.13,225.06,353.63,,195.08,,,,,,,,,194.08,136.24,,,,,,,,,,,,,,,,0.00,,0.00,,,64.72,,,0.00,148.50,119.27
08-12-20,,,,,,,0.00,0.00,26.79,,0.00,,0.00,46.96,0.26,36.49,33.06,65.06,0.00,104.08,,,84.13,,,112.26,,,12.70,,,,,,174.92,,,169.50,,,96.88,223.81,352.40,,194.38,,,,,,,,,193.92,135.78,,,,,,,,,,,,,,,,0.00,,0.00,,,63.44,,,0.00,147.50,134.94
08-13-20,,,,,,,0.00,0.39,25.77,,0.07,,0.00,45.23,0.08,36.08,32.84,65.09,0.00,102.55,,,83.85,,,112.26,,,12.03,,,,,,174.62,,,168.79,,,96.82,222.31,350.95,,193.71,,,,,,,,,194.75,135.08,,,,,,,,,,,,,,,,0.00,,0.00,,,63.33,,,0.00,147.60,126.59
08-14-20,,,,,,,0.00,0.19,22.19,,0.05,,,44.44,0.29,36.22,32.91,66.09,0.00,101.69,,,83.43,,,112.26,,,12.06,,,,,,174.00,,,168.29,,,100.96,229.94,355.47,,209.65,,,,,,,,,200.25,141.74,,,,,,,,,,,,,,,,0.00,,0.00,,,63.27,,,0.00,145.20,123.75
08-15-20,,,,,,,0.00,0.00,20.61,,0.00,,0.00,43.69,0.00,35.67,32.53,65.32,0.00,101.05,,,82.67,,,112.26,,,10.64,,,,,,173.60,,,167.11,,,100.38,228.85,353.68,,209.92,,,,,,,,,200.00,147.91,,,,,,,,,,,,,,,,0.00,,0.00,,,62.43,,,0.00,145.30,122.83
08-16-20,,,,,,,0.00,0.02,19.97,,0.03,,0.00,43.10,0.00,35.72,32.15,64.83,0.00,100.46,,,81.13,,,112.26,,,9.66,,,,,,172.70,,,166.41,,,99.26,226.10,351.82,,208.88,,,,,,,,,199.67,146.95,,,,,,,,,,,,,,,,0.00,,0.00,,,62.06,,,0.00,143.80,120.89
08-17-20,,,,,,,0.00,,19.38,,0.05,,0.00,42.61,0.50,35.84,31.64,64.39,0.00,99.43,,,80.68,,,112.26,,,8.55,,,,,,171.80,,,165.79,,,97.84,222.81,350.11,,207.21,,,,,,,,,198.83,146.49,,,,,,,,,,,,,,,,0.00,,0.00,,,61.72,,,0.00,142.60,118.27
08-18-20,,,,,,,0.00,0.17,18.65,,0.11,,0.00,42.40,0.67,36.02,30.88,65.52,0.00,99.20,,,79.96,,,112.26,,,9.13,,,,,,171.55,,,165.50,,,96.96,220.69,348.76,,205.75,,,,,,,,,199.38,146.06,,,,,,,,,,,,,,,,0.00,,0.00,,,60.91,,,0.00,141.00,115.21
08-19-20,,,,,,,0.00,0.13,18.42,,0.29,,0.00,42.23,1.61,34.94,31.22,64.70,0.00,103.87,,,77.17,,,112.26,,,10.03,,,,,,171.61,,,164.08,,,95.38,219.90,347.00,,204.42,,,,,,,,,198.71,144.91,,,,,,,,,,,,,,,,0.00,,0.00,,,60.26,,,0.00,138.80,119.95
08-20-20,,,,,,,0.00,0.00,18.09,,0.00,,0.00,41.80,,35.31,30.72,63.52,0.00,101.04,,,76.26,,,112.26,,,7.69,,,,,,,,,163.62,,,95.46,217.69,345.19,,202.21,,,,,,,,,197.29,142.20,,,,,,,,,,,,,,,,0.00,,0.00,,,60.87,,,0.00,138.00,134.76
08-21-20,,,,,,,0.00,0.00,17.00,,0.00,,0.00,40.69,1.75,34.31,30.29,62.10,0.00,98.35,,,73.78,,,112.26,,,6.87,,,,,,171.55,,,162.33,,,94.42,214.48,343.73,,198.21,,,,,,,,,194.29,138.53,,,,,,,,,,,,,,,,0.00,,0.00,,,61.77,,,0.00,136.70,134.79
08-22-20,,,,,,,0.00,0.00,15.85,,0.00,,0.00,39.53,1.89,34.75,29.99,61.92,0.00,97.33,,,71.93,,,112.26,,,5.18,,,,,,171.23,,,161.07,,,94.96,211.24,341.92,,195.32,,,,,,,,,193.36,135.93,,,,,,,,,,,,,,,,0.00,,0.00,,,61.03,,,0.00,134.30,134.33
08-23-20,,,,,,,0.00,0.03,14.15,,0.00,,0.00,40.54,2.08,34.31,28.58,62.41,0.00,96.24,,,70.07,,,112.26,,,4.50,,,,,,171.27,,,159.20,,,93.73,208.23,340.55,,192.67,,,,,,,,,192.33,134.37,,,,,,,,,,,,,,,,0.00,,0.00,,,60.49,,,0.00,129.20,134.36
08-24-20,,,,,,,0.00,0.00,13.15,,0.00,,0.00,42.02,2.34,32.62,29.46,62.66,0.00,95.63,,,69.33,,,112.26,,,4.30,,,,,,170.78,,,158.25,,,94.76,206.44,339.34,,191.22,,,,,,,,,192.00,133.74,,,,,,,,,,,,,,,,0.00,,0.00,,,61.85,,,0.00,125.30,132.60
08-25-20,,,,,,,0.00,0.09,12.68,,0.00,,,41.23,1.95,31.84,23.67,62.30,0.00,95.54,,,67.40,,,112.26,,,,,,,,,169.95,,,157.20,,,94.17,215.27,338.52,,204.36,,,,,,,,,193.25,137.70,,,,,,,,,,,,,,,,0.00,,0.00,,,60.55,,,0.00,122.30,130.85
08-26-20,,,,,,,0.00,0.52,12.20,,0.00,,0.00,39.68,2.51,30.12,16.55,64.27,0.00,98.22,,,64.31,,,112.26,,,,,,,,,184.47,,,169.55,,,,239.19,354.87,,237.43,,,,,,,,,202.62,146.61,,,,,,,,,,,,,,,,0.00,,0.00,,,68.16,,,0.00,122.10,133.36
08-27-20,,,,,,,0.00,0.00,11.77,,0.00,,0.00,39.31,2.00,29.85,15.44,64.25,0.00,95.80,,,67.68,,,112.26,,,5.68,,,,,,178.43,,,164.70,,,93.34,214.40,354.19,,239.17,,,,,,,,,207.21,140.60,,,,,,,,,,,,,,,,0.00,,0.00,,,63.21,,,0.00,119.90,133.24
08-28-20,,,,,,,0.00,0.00,11.38,,0.00,,,40.52,2.83,30.84,15.10,64.26,0.00,94.08,,,67.76,,,111.82,,,0.00,,,,,,169.78,,,160.91,,,93.20,216.40,353.17,,240.12,,,,,,,,,206.85,152.87,,,,,,,,,,,,,,,,0.00,,0.00,,,59.05,,,0.00,121.00,132.15
08-29-20,,,,,,,0.00,0.00,10.83,,0.00,,,39.58,2.42,30.37,15.05,62.44,0.00,93.10,,,66.44,,,107.91,,,0.00,,,,,,211.87,,,170.58,,,127.20,262.69,407.97,,247.96,,,,,,,,,215.58,169.46,,,,,,,,,,,,,,,,0.00,,0.00,,,57.79,,,0.00,133.60,130.60
08-30-20,,,,,,,0.00,0.00,9.99,,0.00,,0.00,40.03,2.08,28.85,14.20,61.84,0.00,92.65,,,64.44,,,103.13,,,0.00,,,,,,182.10,,,167.95,,,124.84,238.81,407.90,,243.88,,,,,,,,,211.46,167.56,,,,,,,,,,,,,,,,0.00,,0.00,112.80,,60.28,,,0.00,127.70,128.56
08-31-20,,,,,,,0.00,0.00,8.21,,0.00,,0.00,39.91,2.21,27.96,13.48,62.16,0.00,91.62,,,62.59,,,102.26,,,0.00,,,,,,180.21,,,169.16,,,120.59,230.31,368.13,,236.62,,,,,,,,,207.46,152.79,,,,,,,,,,,,,,,,0.00,,0.00,112.00,,61.53,,,0.00,126.10,127.88
09-01-20,,,,,,,0.00,0.00,7.82,,0.00,,0.00,40.12,2.25,28.13,12.30,62.00,0.00,88.95,,,60.02,,,102.26,,,0.00,,,,,,178.91,,,168.04,,,118.17,219.23,365.60,,230.04,,,,,,,,,203.33,150.62,,,,,,,,,,,,,,,,0.00,,0.00,111.80,,60.49,,,0.00,126.10,127.64
09-02-20,,,,,,,0.00,0.00,7.55,,0.00,,0.00,39.73,2.43,27.95,11.92,61.62,0.00,85.20,,,59.06,,,102.26,,,0.00,,,,,,178.58,,,166.37,,,116.38,212.94,361.65,,224.58,,,,,,,,,201.71,149.31,,,,,,,,,,,,,,,,0.00,,0.00,110.10,,57.97,,,0.00,123.50,127.49
09-03-20,,,,,,,0.00,0.11,4.68,,0.00,,0.00,39.66,2.29,27.67,11.38,62.15,0.00,84.39,,,57.15,,,95.18,,,,,,,,,176.45,,,165.45,,,115.21,210.81,358.92,,221.50,,,,,,,,,200.38,148.58,,,,,,,,,,,,,,,,0.00,,0.00,109.40,,59.88,,,0.00,121.10,127.03
09-04-20,,,,,,,0.00,0.02,3.02,,0.00,,0.00,39.68,2.70,27.17,11.73,61.76,0.00,82.83,,,56.18,,,92.26,,,0.00,,,,,,174.88,,,164.66,,,114.67,207.44,355.25,,219.00,,,,,,,,,198.58,147.05,,,,,,,,,,,,,,,,0.00,,0.00,108.30,,60.68,,,0.00,119.90,126.62
09-05-20,,,,,,,0.00,0.00,2.24,,0.00,,,38.90,2.52,27.08,10.64,61.95,0.00,81.65,,,54.42,,,92.26,,,4.48,,,,,,173.35,,,164.12,,,115.80,205.65,352.45,,217.12,,,,,,,,,197.62,146.57,,,,,,,,,,,,,,,,0.00,,0.00,108.90,,58.08,,,0.00,124.60,126.46
09-06-20,,,,,,,0.00,0.15,0.90,,0.00,,0.00,37.68,2.08,25.52,9.00,60.86,0.00,81.27,,,51.93,,,92.26,,,5.35,,,,,,173.22,,,163.12,,,117.63,204.60,350.98,,216.79,,,,,,,,,195.58,146.37,,,,,,,,,,,,,,,,0.00,,0.00,109.40,,59.67,,,0.00,121.60,126.23
09-07-20,,,,,,,0.00,0.03,0.00,,0.00,,0.00,37.79,2.00,25.04,8.14,60.71,0.00,80.75,,,49.78,,,92.26,,,0.00,,,,,,172.75,,,162.29,,,113.07,201.27,349.19,,214.04,,,,,,,,,193.96,144.58,,,,,,,,,,,,,,,,0.00,,0.00,107.80,,59.60,,,0.00,118.00,125.80
09-08-20,,,,,,,0.00,0.00,0.00,,0.00,,0.00,39.02,2.75,26.00,7.47,61.57,6.79,81.12,,,49.93,,,67.68,,,0.00,,,,,,194.33,,,161.90,,,105.40,224.69,350.39,,215.29,,,,,,,,,194.00,143.22,,,,,,,,,,,,,,,,0.00,,0.00,107.30,,60.94,,,0.00,122.00,125.11
09-09-20,,,,,,,0.13,0.28,0.00,,0.00,,0.00,38.31,1.67,26.89,6.50,60.94,30.50,91.25,,,47.61,,,82.68,,,0.00,,,,,,,,,167.92,,,131.62,234.73,367.47,,,,,,,,,,,192.29,141.47,,,,,,,,,,,,,,,,0.00,,,104.70,,58.37,,,0.00,127.50,124.30
09-10-20,,,,,,,0.00,0.00,0.00,,0.00,,0.00,36.18,2.12,21.88,4.85,59.96,12.17,81.02,,,47.40,,,102.26,,,0.00,,,,,,184.56,,,162.62,,,125.68,212.85,367.35,,216.29,,,,,,,,,190.62,141.41,,,,,,,,,,,,,,,,0.00,,0.00,105.10,,59.89,,,0.00,118.60,125.32
09-11-20,,,,,,,0.00,0.03,0.00,,0.00,,0.00,32.38,2.17,19.76,2.78,58.66,0.00,78.50,,,44.43,,,97.48,,,0.00,,,,,,183.35,,,161.16,,,123.06,208.10,362.92,,215.42,,,,,,,,,189.92,144.66,,,,,,,,,,,,,,,,0.00,,0.00,99.70,,57.57,,,0.00,114.70,124.97
09-12-20,,,,,,,0.00,0.00,0.00,,0.00,,0.00,29.34,2.22,17.96,1.40,58.03,0.00,76.08,,,43.72,,,92.26,,,0.00,,,,,,181.94,,,159.62,,,121.73,205.02,359.54,,214.79,,,,,,,,,189.42,143.03,,,,,,,,,,,,,,,,0.00,,0.00,,,58.31,,,0.00,110.00,130.17
09-13-20,,,,,,,0.00,0.00,0.00,,0.00,,0.00,28.18,2.36,14.63,0.21,57.44,0.00,73.94,,,41.65,,,92.26,,,0.00,,,,,,180.54,,,158.00,,,119.39,202.06,357.29,,213.00,,,,,,,,,187.88,141.87,,,,,,,,,,,,,,,,0.00,,0.00,,,56.49,,,0.00,105.30,132.73
09-14-20,,,,,,,0.00,0.00,0.00,,0.00,,0.00,28.93,2.08,11.88,0.00,58.00,0.00,71.44,,,37.22,,,91.82,,,0.00,,,,,,178.41,,,155.45,,,117.83,197.06,355.06,,208.79,,,,,,,,,185.62,139.87,,,,,,,,,,,,,,,,0.00,,0.00,,,53.99,,,0.00,100.10,129.58
09-15-20,,,,,,,0.00,0.06,0.00,,0.00,,0.00,28.30,,7.88,0.00,57.58,0.00,68.99,,,34.44,,,86.17,,,0.00,,,,,,175.07,,,153.36,,,115.68,191.06,351.45,,205.12,,,,,,,,,182.25,137.66,,,,,,,,,,,,,,,,0.00,,0.00,,,51.21,,,0.00,92.80,131.72
09-16-20,,,,,,,0.00,0.00,0.05,,0.00,,0.00,27.58,2.12,3.92,0.00,57.83,0.00,66.71,,,31.08,,,82.26,,,,,,,,,177.03,,,151.63,,,114.21,184.69,351.10,,202.83,,,,,,,,,177.75,134.91,,,,,,,,,,,,,,,,0.00,,0.00,,,49.77,,,0.00,88.30,132.72
09-17-20,,,,,,,0.00,0.09,0.00,,0.00,,0.00,26.91,1.83,0.25,0.00,55.75,0.00,63.61,,,30.72,,,82.26,,,0.00,,,,,,175.05,,,148.33,,,112.34,177.94,344.89,,199.38,,,,,,,,,171.29,130.78,,,,,,,,,,,,,,,,0.00,,0.00,,,41.78,,,0.00,81.30,
09-18-20,,,,,,,0.00,0.17,0.00,,0.00,,0.00,26.58,1.96,0.09,0.00,54.88,0.00,60.13,,,26.71,,,80.59,,,0.00,,,,,,172.97,,,143.79,,,108.92,171.27,339.73,,194.83,,,,,,,,,167.12,127.66,,,,,,,,,,,,,,,,0.00,,0.00,,,38.09,,,0.00,76.70,133.22
09-19-20,,,,,,,0.00,0.09,0.01,,0.00,,0.07,24.75,1.96,,0.00,52.40,0.00,57.05,,,22.71,,,73.09,,,0.00,,,,,,171.68,,,139.50,,,105.42,166.06,336.38,,191.71,,,,,,,,,165.42,124.12,,,,,,,,,,,,,,,,0.00,,0.00,121.00,,34.43,,,0.00,73.10,133.71
09-20-20,,,,,,,0.00,0.00,0.17,,0.00,,0.00,19.92,0.00,0.17,0.00,50.78,0.00,53.39,,,19.47,,,72.26,,,0.00,,,,,,169.64,,,135.12,,,102.51,160.40,334.69,,188.04,,,,,,,,,162.45,120.57,,,,,,,,,,,,,,,,0.00,,0.00,121.50,,32.26,,,0.00,66.60,132.89
09-21-20,,,,,,,0.00,0.05,0.15,,0.00,,0.32,16.51,0.00,0.09,0.00,47.88,0.00,49.33,,,16.06,,,71.43,,,0.00,,,,,,167.58,,,131.91,,,99.73,155.15,332.72,,185.17,,,,,,,,,159.08,117.62,,,,,,,,,,,,,,,,0.00,,0.00,,,29.10,,,0.00,54.40,132.37
09-22-20,,,,,,,0.00,0.00,0.14,,0.00,,0.00,13.92,0.04,0.13,0.00,44.20,0.00,45.30,,,13.00,,,63.92,,,0.00,,,,,,165.79,,,129.45,,,97.47,149.81,330.19,,182.79,,,,,,,,,156.33,113.96,,,,,,,,,,,,,,,,0.00,,0.00,112.60,,26.27,,,0.00,48.80,130.84
09-23-20,,,,,,,0.00,0.00,0.04,,0.00,,0.00,8.40,0.04,0.13,0.00,41.55,0.00,41.81,,,10.81,,,62.26,,,0.00,,,,,,169.72,,,126.50,,,93.69,143.06,326.74,,179.54,,,,,,,,,152.62,110.66,,,,,,,,,,,,,,,,0.00,,0.00,,,23.96,,,0.00,41.60,129.24
09-24-20,,,,,,,0.00,0.00,0.00,,0.00,,0.00,4.15,0.17,0.00,0.00,39.70,0.00,38.56,,,7.61,,,62.26,0.00,,0.00,,,,,,169.77,,,123.79,,,90.80,136.65,323.15,,176.42,,,,,,,,,149.50,106.74,,,,,,,,,,,,,,,,0.00,,0.00,115.80,,20.62,,,0.00,36.10,125.27
09-25-20,,,,,,,0.00,0.00,0.00,,0.00,,0.00,2.39,0.00,0.00,0.00,38.17,0.00,34.87,,,5.17,,,59.34,0.00,,0.00,,,,,,184.23,,,121.41,,,88.41,130.44,319.62,,173.21,,,,,,,,,146.88,102.27,,,,,,,,,,,,,,,,0.00,,0.00,104.00,,17.04,,,0.00,31.50,120.17
09-26-20,,,,,,,0.00,0.00,0.07,,0.00,,0.00,1.62,0.25,,0.00,38.86,0.00,31.69,,,5.74,,,52.26,0.00,,0.00,,,,,,160.16,,,118.87,,,87.48,125.23,316.86,,172.65,,,,,,,,,145.17,102.49,,,,,,,,,,,,,,,,0.00,,0.00,101.10,,12.89,,,0.00,27.80,118.58
09-27-20,,,,,,,0.00,0.00,0.13,,0.00,,0.00,0.86,0.80,0.08,0.00,36.82,0.00,31.04,,,7.70,,,52.26,0.00,,,,,,,,164.29,,,117.04,,,86.97,120.40,314.69,,170.50,,,,,,,,,142.54,102.97,,,,,,,,,,,,,,,,0.00,,0.00,,,10.58,,,0.00,24.30,116.22
09-28-20,,,,,,,0.00,0.03,0.00,,0.00,,0.00,0.00,0.55,0.05,0.00,34.59,0.00,29.30,,,7.33,,,52.26,0.00,,0.00,,,,,,161.90,,,115.25,,,85.16,115.10,312.06,,167.75,,,,,,,,,141.42,99.39,,,,,,,,,,,,,,,,0.00,,0.00,86.00,,10.96,,,0.00,20.80,112.02
09-29-20,,,,,,,0.00,0.00,0.09,,0.00,,0.00,0.00,0.00,0.91,,33.17,0.00,27.03,,,2.26,,,52.26,0.00,,0.00,,,,,,157.81,,,113.33,,,83.83,,309.69,,166.21,,,,,,,,,140.67,97.74,,,,,,,,,,,,,,,,0.00,,0.00,86.10,,8.22,,,0.00,17.40,111.14
09-30-20,,,,,,,,0.00,0.11,,0.00,,0.00,0.00,0.85,0.90,0.00,30.82,0.00,25.31,,,1.78,,,52.26,0.00,,0.00,,,,,,157.06,,,112.50,,,83.53,108.52,308.00,,176.24,,,,,,,,,142.29,113.49,,,,,,,,,,,,,,,,0.00,,0.00,95.60,,7.19,,,0.00,13.90,110.68
10-01-20,,,,,,,0.00,0.00,0.07,,0.00,,0.00,0.00,0.80,0.17,0.00,31.21,0.00,21.77,,,2.54,,,52.26,,,0.00,,,,,,156.85,,,111.87,,,82.83,105.85,306.76,,174.88,,,,,,,,,139.62,112.03,,,,,,,,,,,,,,,,0.00,,0.00,107.00,,6.27,,,0.00,10.40,109.93
10-02-20,,,,,,,0.00,0.00,0.03,,0.00,,0.00,0.00,0.00,0.67,0.00,29.74,0.00,18.79,,,1.91,,,49.34,0.00,,0.00,,,,,,159.22,,,110.87,,,81.47,102.90,306.21,,172.96,,,,,,,,,145.00,109.18,,,,,,,,,,,,,,,,0.00,,0.00,,,2.21,,,0.00,6.90,110.00
10-03-20,,,,,,,0.00,0.00,0.04,,0.00,,0.00,0.00,0.00,0.77,0.00,29.86,0.00,17.72,,,1.97,,,44.48,0.00,,0.00,,,,,,166.13,,,110.18,,,82.26,99.85,304.65,,170.24,,,,,,,,,154.76,107.99,,,,,,,,,,,,,,,,0.00,,0.00,,,0.00,,,,3.50,109.94
10-04-20,,,,,,,0.00,0.00,0.00,,0.00,,0.00,0.00,0.36,0.87,0.00,28.86,0.00,0.00,,,3.67,,,42.26,,,0.00,,,,,,153.82,,,108.75,,,81.99,96.10,302.36,,168.67,,,,,,,,,150.05,106.41,,,,,,,,,,,,,,,,0.00,,0.00,79.20,,0.00,,,0.00,0.00,107.77
10-05-20,,,,,,,0.00,0.00,0.44,,0.00,,0.00,0.00,0.53,0.49,0.00,30.49,0.00,0.00,,,4.97,,,40.59,0.00,,0.00,,,,,,153.13,,,105.87,,,79.42,90.19,300.15,,166.42,,,,,,,,,149.96,103.91,,,,,,,,,,,,,,,,0.00,,0.00,,,2.24,,,0.00,0.00,105.42
10-06-20,,,,,,,18.32,19.06,29.87,,,,0.00,0.00,,0.60,0.00,26.66,0.00,,,,2.66,,,33.93,0.00,,0.00,,,,,,151.51,,,103.12,,,77.20,83.48,296.21,,162.88,,,,,,,,,146.62,101.49,,,,,,,,,,,,,,,,10.46,,0.00,,,0.00,,,,0.00,110.95
10-07-20,,,,,,,4.26,15.29,39.49,,0.00,,0.00,0.00,0.50,0.34,0.00,26.11,,0.00,,,1.81,,,32.26,,,,,,,,,150.98,,,101.62,,,75.39,77.23,292.56,,158.92,,,,,,,,,143.75,98.66,,,,,,,,,,,,,,,,11.74,,0.00,,,0.00,,,0.00,0.00,117.99
10-08-20,,,,,,,0.28,12.47,48.33,,0.00,,0.00,0.00,,0.31,0.00,25.91,0.00,0.00,,,0.00,,,32.26,0.00,,0.00,,,,,,149.36,,,98.75,,,71.57,71.23,289.07,,156.21,,,,,,,,,139.54,95.05,,,,,,,,,,,,,,,,7.18,,0.00,68.70,,0.00,,,0.00,0.00,114.60
10-09-20,,,,,,,0.00,6.00,44.44,,,,0.00,0.00,0.04,0.00,0.00,24.87,0.00,0.00,,,1.89,,,26.61,0.00,,0.00,,,,,,147.25,,,94.41,,,68.30,65.10,284.89,,152.50,,,,,,,,,132.92,90.45,,,,,,,,,,,,,,,,5.94,,0.00,70.80,,0.00,,,0.00,0.00,107.81
10-10-20,,,,,,,0.00,1.44,41.48,,0.00,,0.00,0.00,0.00,0.00,0.00,20.20,0.00,0.00,,,2.15,,,20.18,,,0.00,,,,,,142.75,,,91.91,,,65.48,58.02,280.71,,148.83,,,,,,,,,128.04,86.79,,,,,,,,,,,,,,,,5.48,,0.00,55.60,,0.00,,,0.00,0.00,102.12
10-11-20,,,,,,,0.00,0.03,37.91,,0.00,,0.00,0.00,0.00,0.17,0.00,15.89,0.00,0.00,,,2.46,,,16.84,0.00,,0.00,,,,,,139.78,,,87.29,,,60.96,49.40,276.27,,144.58,,,,,,,,,122.38,82.87,,,,,,,,,,,,,,,,5.16,,0.00,64.90,,0.00,,,0.00,0.00,98.25
10-12-20,,,,,,,0.00,0.00,33.32,,0.00,,0.00,0.00,0.00,0.44,0.00,9.34,0.00,0.00,,,2.90,,,8.51,0.00,,0.00,,,,,,136.85,,,83.08,,,55.99,42.10,270.88,,140.12,,,,,,,,,116.46,78.20,,,,,,,,,,,,,,,,4.35,,0.00,,,0.00,,,0.00,0.00,90.15
10-13-20,,,,,,,0.00,0.42,29.24,,0.00,,0.00,0.00,0.00,0.13,0.00,3.69,0.00,0.00,,,4.79,,,2.26,,,0.00,,,,,,131.39,,,79.16,,,51.73,32.77,265.36,,135.75,,,,,,,,,109.92,73.24,,,,,,,,,,,,,,,,2.93,,0.00,,,0.00,,,0.00,0.00,85.20
10-14-20,,,,,,,0.37,0.44,32.18,,0.00,,0.00,0.00,0.00,0.75,0.00,0.45,0.00,0.00,,,0.00,,,2.26,0.00,,0.00,,,,,,126.02,,,73.91,,,48.21,23.48,259.92,,130.71,,,,,,,,,103.08,68.53,,,,,,,,,,,,,,,,19.31,,0.00,,,0.00,,,0.00,0.00,82.21
10-15-20,,,,,,,0.22,0.55,30.02,,0.00,,0.00,0.00,0.00,0.34,0.00,0.40,0.00,0.00,,,0.00,,,2.26,0.00,,0.00,,,,,,120.20,,,66.66,,,42.35,10.65,251.84,,123.71,,,,,,,,,94.29,63.91,,,,,,,,,,,,,,,,25.05,,0.00,,,0.00,,,0.00,0.00,75.46
10-16-20,,,,,,,0.02,0.43,26.47,,0.00,,0.00,0.00,0.04,0.31,0.00,0.40,0.00,0.00,,,0.00,,,2.26,,,0.00,,,,,,114.89,,,60.70,,,36.97,0.00,244.37,,117.50,,,,,,,,,86.08,57.78,,,,,,,,,,,,,,,,18.82,,0.00,,,0.00,,,0.00,0.00,67.00
10-17-20,,,,,,,0.02,0.22,24.78,,0.00,,0.00,0.00,0.00,0.13,0.00,0.51,0.00,0.00,,,1.39,,,0.00,0.00,,0.00,,,,,,109.57,,,55.28,,,27.30,0.00,240.05,,112.12,,,,,,,,,76.58,50.83,,,,,,,,,,,,,,,,15.43,,0.00,,,0.00,,,0.00,0.00,54.83
10-18-20,,,,,,,0.12,0.32,21.52,,0.00,,0.00,0.00,0.00,0.17,0.00,0.05,0.00,0.00,,,0.00,,,0.00,0.00,,,,,,,,105.07,,,48.95,,,15.39,0.00,233.22,,106.96,,,,,,,,,69.33,45.13,,,,,,,,,,,,,,,,12.70,,0.00,,,0.00,,,0.00,0.00,56.11
10-19-20,,,,,,,0.02,0.15,17.85,,0.00,,0.00,0.00,0.04,0.78,0.00,0.08,0.00,0.00,,,2.28,,,0.00,,,0.00,,,,,,102.95,,,45.41,,,15.02,0.00,228.08,,102.17,,,,,,,,,62.50,39.78,,,,,,,,,,,,,,,,10.35,,0.00,,,0.00,,,0.00,0.00,70.09
10-20-20,,,,,,,0.13,0.11,14.22,,0.00,,0.03,0.00,0.00,0.56,0.00,,0.00,0.00,,,1.49,,,0.00,0.00,,0.00,,,,,,121.50,,,43.10,,,7.61,0.00,221.30,,97.62,,,,,,,,,55.17,34.62,,,,,,,,,,,,,,,,8.66,,0.00,,,0.00,,,0.00,0.00,68.95
10-21-20,,,,,,,0.10,0.32,10.26,,0.00,,0.01,0.00,0.00,0.43,0.00,0.04,0.00,0.00,,,1.05,,,0.00,0.00,,0.00,,,,,,97.49,,,37.37,,,4.71,0.00,216.97,,92.12,,,,,,,,,49.17,29.03,,,,,,,,,,,,,,,,6.35,,0.00,,,0.00,,,0.00,0.00,65.25
10-22-20,,,,,,,0.17,0.24,6.38,,0.00,,0.00,0.00,0.00,0.00,0.00,0.00,0.00,0.00,,,0.00,,,0.00,,,0.00,,,,,,92.64,,,31.83,,,0.00,0.00,210.74,,86.79,,,,,,,,,42.25,22.62,,,,,,,,,,,,,,,,4.65,,0.00,,,0.00,,,0.00,0.00,56.43
10-23-20,,,,,,,0.12,0.17,3.11,,0.00,,0.03,0.00,0.00,0.50,0.00,0.00,0.00,0.00,,,2.65,,,0.00,0.00,,0.00,,,,,,89.08,,,26.54,,,0.00,0.00,204.30,,81.75,,,,,,,,,36.46,16.33,,,,,,,,,,,,,,,,2.27,,0.00,,,0.00,,,0.00,0.00,49.13
10-24-20,,,,,,,0.22,0.06,0.46,,0.00,,0.00,0.00,0.00,0.62,0.00,0.30,0.00,0.00,,,1.21,,,0.00,0.00,,0.00,,,,,,84.30,,,21.37,,,2.01,0.00,198.57,,77.08,,,,,,,,,28.21,11.52,,,,,,,,,,,,,,,,0.00,,0.00,,,0.00,,,0.00,0.00,44.78
10-25-20,,,,,,,0.16,0.39,0.12,,0.00,,0.00,0.00,,0.42,0.00,0.53,0.00,0.00,,,0.00,,,0.00,,,10.40,,,,,,101.42,,,18.36,,,2.78,0.00,193.61,,72.35,,,,,,,,,21.46,7.63,,,,,,,,,,,,,,,,0.00,,0.00,,,0.00,,,0.00,0.00,41.53
10-26-20,,,,,,,0.00,0.35,0.00,,,,0.28,0.00,0.00,0.38,0.00,0.32,0.00,0.00,,,1.51,,,0.00,0.00,,0.00,,,,,,81.20,,,14.70,,,2.21,0.00,190.56,,68.62,,,,,,,,,14.00,3.08,,,,,,,,,,,,,,,,0.00,,0.00,,,0.00,,,0.00,0.00,35.52
10-27-20,,,,,,,0.10,0.10,0.00,,0.00,,0.00,0.00,0.00,0.78,0.00,0.55,,0.00,,,0.00,,,2.86,0.00,,0.00,,,,,,81.02,,,11.89,,,3.03,0.00,202.66,,71.22,,,,,,,,,10.85,3.80,,,,,,,,,,,,,,,,0.00,,0.00,,,0.00,,,0.00,0.00,32.79
10-28-20,,,,,,,0.32,0.35,0.51,,0.06,,0.00,0.00,0.00,0.26,0.00,0.54,,0.00,,,1.11,,,2.86,,,0.00,,,,,,96.77,,,9.23,,,3.78,0.00,210.96,,74.00,,,,,,,,,10.02,5.90,,,,,,,,,,,,,,,,0.00,,0.00,,,0.00,,,0.00,0.00,30.65
10-29-20,,,,,,,0.24,0.51,0.40,,0.06,,0.00,0.00,0.00,0.98,0.00,0.40,,0.00,,,0.00,,,0.00,0.00,,1.47,,,,,,77.49,,,4.29,,,,0.00,205.03,,67.88,,,,,,,,,4.67,0.00,,,,,,,,,,,,,,,,0.00,,0.00,,,0.00,,,0.00,0.00,28.48
10-30-20,,,,,,,0.20,0.40,0.34,,0.00,,0.30,0.00,0.00,0.46,0.00,0.73,,0.00,,,2.19,,,0.00,0.00,,,,,,,,74.11,,,0.00,,,0.00,0.00,196.05,,60.21,,,,,,,,,1.25,0.00,,,,,,,,,,,,,,,,0.00,,0.00,,,0.00,,,0.00,0.00,25.87
10-31-20,,,,,,,0.15,0.43,0.31,,0.00,,0.09,0.00,0.00,0.55,0.00,0.64,,0.00,,,0.00,,,0.00,,,0.00,,,,,,69.51,,,0.00,,,3.92,0.00,189.54,,54.58,,,,,,,,,0.00,0.00,,,,,,,,,,,,,,,,0.00,,0.00,,,0.00,,,0.00,0.00,19.78
11-01-20,,,,,,,0.24,0.39,0.25,,0.05,,0.00,0.00,0.00,0.34,0.03,0.00,,0.00,,,0.00,,,0.00,0.00,,0.00,,,,,,65.21,,,0.00,,,2.04,0.00,183.66,,48.50,,,,,,,,,0.00,0.08,,,,,,,,,,,,,,,,0.00,,0.00,,,0.00,,,0.00,0.00,6.90
11-02-20,,,,,,,0.12,0.27,0.00,,0.00,,0.09,0.00,0.00,0.21,0.09,0.87,,0.00,,,0.00,,,0.00,0.00,,0.00,,,,,,60.43,,,0.00,,,2.01,0.00,176.31,,41.96,,,,,,,,,0.00,0.00,,,,,,,,,,,,,,,,0.00,,0.00,,,0.00,,,0.00,0.00,0.00
11-03-20,,,,,,,0.26,0.15,0.00,,0.00,,0.09,0.00,0.00,0.43,0.05,0.17,,0.00,,,0.00,,,0.00,,,0.00,,,,,,55.00,,,0.00,,,0.00,0.00,169.44,,35.92,,,,,,,,,0.67,0.00,,,,,,,,,,,,,,,,0.00,,0.00,,,0.00,,,0.00,0.00,0.00
11-04-20,,,,,,,0.16,0.38,0.00,,0.00,,0.35,0.00,0.00,0.90,0.00,0.02,,0.00,,,0.00,,,0.00,0.00,,0.00,,,,,,47.02,,,0.00,,,0.00,0.00,162.07,,29.67,,,,,,,,,0.00,1.00,,,,,,,,,,,,,,,,0.00,,0.00,,,0.00,,,0.00,0.00,0.00
11-05-20,,,,,,,0.21,0.26,0.00,,0.00,,0.00,0.00,0.00,0.13,0.00,0.33,,0.00,,,0.00,,,0.00,0.00,,0.00,,,,,,40.72,,,0.00,,,3.64,0.00,155.41,,22.79,,,,,,,,,2.96,0.04,,,,,,,,,,,,,,,,0.00,,0.00,,,0.00,,,0.00,0.00,0.00
11-06-20,,,,,,,0.08,0.46,0.00,,0.08,,0.04,0.00,0.00,0.62,0.00,0.18,,0.00,,,1.49,,,0.00,,,0.00,,,,,,33.40,,,0.00,,,2.76,0.00,147.35,,16.83,,,,,,,,,0.04,0.00,,,,,,,,,,,,,,,,0.00,,0.00,,,0.00,,,0.00,0.00,0.00
11-07-20,,,,,,,0.13,0.20,0.00,,,,0.08,0.00,0.00,0.50,0.00,0.59,,0.00,,,1.24,,,0.00,0.00,,0.00,,,,,,26.64,,,0.00,,,0.00,0.00,139.34,,10.17,,,,,,,,,0.00,0.00,,,,,,,,,,,,,,,,0.00,,0.00,,,0.00,,,0.00,0.00,0.00
11-08-20,,,,,,,,0.52,0.00,,0.07,,0.51,0.00,0.00,0.57,0.09,0.34,,0.00,,,0.00,,,0.00,0.00,,0.00,,,,,,19.02,,,0.00,,,0.00,0.00,130.91,,3.67,,,,,,,,,0.00,0.12,,,,,,,,,,,,,,,,0.00,,0.00,,,0.00,,,0.00,0.00,0.00
11-09-20,,,,,,,0.17,0.17,0.00,,0.00,,0.00,0.00,0.00,0.09,0.03,0.27,,0.00,,,1.28,,,0.00,,,,,,,,,11.45,,,0.00,,,0.00,0.00,122.74,,0.00,,,,,,,,,0.00,0.00,,,,,,,,,,,,,,,,0.00,,0.00,,,0.00,,,0.00,0.00,0.00
11-10-20,,,,,,,0.19,0.15,0.00,,0.01,,0.04,0.00,0.00,0.13,0.00,0.06,,0.00,,,1.13,,,0.00,0.00,,0.00,,,,,,3.88,,,0.00,,,0.00,0.00,113.86,,0.00,,,,,,,,,0.00,0.17,,,,,,,,,,,,,,,,0.00,,0.00,,,0.00,,,0.00,0.00,0.00
11-11-20,,,,,,,0.30,0.06,0.00,,0.00,,0.18,0.00,0.00,0.00,0.00,0.12,,0.00,,,1.54,,,0.00,0.00,,0.00,,,,,,0.00,,,0.00,,,0.00,0.00,104.15,,0.00,,,,,,,,,0.00,0.12,,,,,,,,,,,,,,,,0.00,,0.00,,,0.00,,,0.00,0.00,0.00
11-12-20,,,,,,,0.18,0.25,0.02,,0.00,,0.00,0.00,0.00,0.52,0.00,0.00,,0.00,,,2.20,,,0.00,,,0.00,,,,,,0.00,,,0.00,,,0.00,0.00,95.63,,0.00,,,,,,,,,0.10,0.50,,,,,,,,,,,,,,,,0.00,,0.00,,,0.00,,,0.00,0.00,0.00
11-13-20,,,,,,,0.08,0.44,,,0.01,,0.00,0.00,0.00,0.50,0.00,0.22,,0.00,,,0.00,,,0.00,0.00,,,,,,,,0.00,,,0.00,,,0.00,0.00,91.71,,0.00,,,,,,,,,0.42,0.78,,,,,,,,,,,,,,,,0.00,,0.00,,,0.00,,,0.00,0.00,0.00
11-14-20,,,,,,,0.06,0.06,0.26,,0.00,,0.00,0.00,0.00,0.76,0.06,0.88,,0.00,,,2.69,,,0.00,0.00,,0.00,,,,,,0.00,,,0.00,,,0.00,0.00,84.94,,0.00,,,,,,,,,0.08,0.70,,,,,,,,,,,,,,,,0.00,,0.00,,,0.00,,,0.00,0.00,0.00
11-15-20,,,,,,,0.15,0.29,0.19,,0.01,,0.00,0.00,0.00,0.74,0.10,0.55,,0.00,,,2.43,,,0.00,0.00,,0.00,,,,,,0.00,,,0.00,,,2.67,0.00,76.85,,0.00,,,,,,,,,0.00,0.08,,,,,,,,,,,,,,,,0.00,,0.00,,,0.00,,,0.00,0.00,0.00
11-16-20,,,,,,,0.13,0.15,0.16,,0.00,,0.29,0.00,0.00,0.42,0.12,0.84,,0.00,,,6.67,,,0.00,0.00,,0.00,,,,,,0.00,,,0.00,,,2.27,0.00,68.64,,0.00,,,,,,,,,1.42,0.17,,,,,,,,,,,,,,,,0.00,,0.00,,,0.00,,,0.00,0.00,0.00
11-17-20,,,,,,,0.00,0.43,,,0.10,,0.00,0.00,0.09,0.97,0.00,0.56,,0.00,,,0.00,,,0.00,0.00,,0.00,,,,,,0.00,,,0.00,,,0.00,0.00,62.81,,0.00,,,,,,,,,0.00,0.42,,,,,,,,,,,,,,,,0.00,,0.00,,,0.00,,,4.67,0.00,0.00
11-18-20,,,,,,,0.06,0.60,0.40,,0.04,,0.26,0.00,,0.13,0.19,0.45,,0.00,,,0.00,,,0.00,,,0.00,,,,,,0.00,,,0.00,,,0.00,0.00,55.26,,,,,,,,,,,0.00,0.17,,,,,,,,,,,,,,,,0.00,,0.00,,,0.00,,,5.92,0.00,0.00
11-19-20,,,,,,,0.28,0.61,0.14,,0.03,,0.00,0.00,0.00,0.05,0.01,0.63,0.00,0.00,,,0.00,,,0.00,0.00,,0.00,,,,,,0.00,,,0.00,,,0.00,0.00,46.28,,0.00,,,,,,,,,0.00,0.21,,,,,,,,,,,,,,,,0.00,,0.00,,,0.00,,,5.02,0.00,0.00
11-20-20,,,,,,,0.08,0.37,0.29,,0.06,,0.00,0.00,0.00,0.25,0.00,0.30,0.00,0.00,,,1.92,,,0.00,0.00,,0.00,,,,,,0.00,,,0.00,,,0.00,0.00,41.01,,0.00,,,,,,,,,0.00,0.75,,,,,,,,,,,,,,,,0.00,,0.00,,,0.00,,,0.00,0.00,0.00
11-21-20,,,,,,,0.31,0.13,0.22,,0.02,,0.02,0.00,0.00,0.21,0.00,0.08,0.00,0.00,,,8.74,,,0.00,,,0.00,,,,,,0.00,,,0.00,,,3.38,0.00,33.30,,0.00,,,,,,,,,0.00,0.79,,,,,,,,,,,,,,,,0.00,,0.00,,,0.00,,,0.00,0.00,0.00
11-22-20,,,,,,,0.13,0.02,,,0.00,,0.09,0.00,0.00,0.00,0.00,0.37,0.00,0.00,,,6.19,,,0.00,0.00,,0.00,,,,,,0.00,,,0.00,,,4.29,0.00,24.48,,0.00,,,,,,,,,1.79,0.38,,,,,,,,,,,,,,,,0.00,,0.00,,,0.00,,,0.00,0.00,0.00
11-23-20,,,,,,,0.15,0.33,,,0.00,,0.10,0.00,0.00,0.38,0.00,0.06,0.00,0.00,,,0.00,,,0.00,0.00,,0.00,,,,,,0.00,,,0.00,,,0.00,0.00,13.60,,0.00,,,,,,,,,0.00,0.79,,,,,,,,,,,,,,,,0.00,,0.00,,,0.00,,,0.00,0.00,0.00
11-24-20,,,,,,,0.07,0.18,,,0.00,,0.15,0.00,0.00,0.13,0.00,0.00,0.00,0.00,,,1.72,,,0.00,,,0.00,,,,,,0.00,,,0.00,,,0.00,0.00,5.12,,0.00,,,,,,,,,0.08,1.00,,,,,,,,,,,,,,,,0.00,,0.00,,,0.00,,,0.00,0.00,
11-25-20,,,,,,,0.26,0.15,,,0.00,,0.05,0.00,0.00,0.00,0.00,0.00,0.00,0.00,,,0.00,,,0.00,0.00,,,,,,,,0.00,,,0.00,,,4.92,0.00,0.00,,0.00,,,,,,,,,1.62,0.83,,,,,,,,,,,,,,,,0.00,,0.00,,,0.00,,,0.00,0.00,0.00
11-26-20,,,,,,,0.13,0.30,,,0.00,,0.66,0.00,0.00,0.00,0.00,0.11,0.00,0.00,,,0.00,,,0.00,0.00,,0.00,,,,,,0.00,,,0.00,,,6.71,0.00,0.00,,0.00,,,,,,,,,2.33,0.04,,,,,,,,,,,,,,,,0.00,,0.00,,,0.00,,,0.00,0.00,0.00
11-27-20,,,,,,,0.25,0.22,,,0.00,,0.30,0.00,0.00,0.09,0.00,0.00,0.00,0.00,,,0.00,,,0.00,,,0.00,,,,,,0.00,,,0.00,,,9.56,0.00,0.00,,0.00,,,,,,,,,0.23,0.21,,,,,,,,,,,,,,,,0.00,,0.00,,,0.00,,,0.00,0.00,0.00
11-28-20,,,,,,,0.15,0.05,,,0.00,,0.35,0.00,0.00,0.26,0.05,0.00,0.00,0.00,,,0.00,,,0.00,0.00,,0.00,,,,,,0.00,,,0.00,,,4.29,0.00,0.00,,,,,,,,,,,0.29,0.38,,,,,,,,,,,,,,,,0.00,,0.00,,,0.00,,,0.00,0.00,0.00
11-29-20,,,,,,,0.35,0.04,,,0.00,,0.09,0.00,0.00,0.08,0.00,0.00,0.00,0.00,,,0.00,,,0.00,0.00,,0.00,,,,,,0.00,,,0.00,,,6.75,0.00,0.00,,,,,,,,,,,0.00,0.77,,,,,,,,,,,,,,,,0.00,,0.00,,,0.00,,,0.00,0.00,0.00
11-30-20,,,,,,,0.03,0.03,,,0.00,,0.64,0.00,0.00,0.00,0.00,0.00,0.00,0.00,,,0.00,,,0.00,,,0.00,,,,,,0.00,,,0.00,,,6.00,0.00,0.00,,,,,,,,,,,0.00,0.00,,,,,,,,,,,,,,,,,,0.00,,,0.00,,,0.00,0.00,0.00
12-01-20,,,,,,,0.13,0.15,,,0.00,,0.38,0.00,0.00,0.00,0.06,0.00,0.00,0.00,,,0.00,,,0.00,0.00,,,,,,,,0.00,,,0.00,,,5.67,0.00,,,0.00,,,,,,,,,0.00,,,,,,,,,,,,,,,,,0.00,,0.00,,,0.00,,,0.00,0.00,0.00
12-02-20,,,,,,,0.16,0.26,,,0.05,,0.49,,,0.00,0.13,0.09,0.00,0.00,,,,,,0.00,0.00,,,,,,,,0.00,,,0.00,,,5.50,0.00,,,0.00,,,,,,,,,0.21,,,,,,,,,,,,,,,,,0.00,,0.00,,,0.00,,,0.00,0.00,0.00
12-03-20,,,,,,,0.18,0.23,,,0.03,,0.00,,0.00,0.00,0.05,0.00,0.00,0.00,,,,,,0.00,,,0.00,,,,,,0.00,,,0.00,,,3.21,0.00,,,0.00,,,,,,,,,1.41,,,,,,,,,,,,,,,,,0.00,,0.00,,,0.00,,,0.00,0.00,0.00
12-04-20,,,,,,,0.31,0.20,,,0.02,,0.12,,0.00,0.00,0.08,0.00,0.00,0.00,,,,,,0.00,0.00,,0.00,,,,,,0.00,,,0.00,,,3.83,0.00,,,0.00,,,,,,,,,0.00,,,,,,,,,,,,,,,,,,,0.00,,,0.00,,,0.00,0.00,0.00
12-05-20,,,,,,,0.28,,,,0.05,,0.00,,0.00,0.00,0.08,0.30,0.00,,,,,,,0.00,0.00,,0.00,,,,,,0.00,,,0.00,,,9.16,0.00,,,0.00,,,,,,,,,0.00,,,,,,,,,,,,,,,,,0.00,,0.00,,,0.00,,,0.00,0.00,0.00
12-06-20,,,,,,,0.16,0.13,,,0.00,,0.22,,0.00,0.05,0.05,0.02,0.00,0.00,,,,,,0.00,,,0.00,,,,,,0.00,,,0.00,,,6.62,0.00,,,0.00,,,,,,,,,0.00,,,,,,,,,,,,,,,,,0.00,,0.00,,,0.00,,,0.00,0.00,0.00
12-07-20,,,,,,,0.11,0.15,,,0.00,,,,0.00,0.00,0.01,0.44,0.00,0.00,,,,,,0.00,0.00,,0.00,,,,,,0.00,,,0.00,,,6.08,0.00,,,0.00,,,,,,,,,0.00,,,,,,,,,,,,,,,,,0.00,,0.00,,,0.00,,,0.00,0.00,0.00
12-08-20,,,,,,,0.20,0.44,,,0.00,,0.14,,0.00,0.00,0.07,0.15,0.00,0.00,,,,,,0.00,0.00,,0.00,,,,,,0.00,,,0.00,,,3.21,0.00,,,0.00,,,,,,,,,0.15,,,,,,,,,,,,,,,,,0.00,,0.00,,,0.00,,,0.00,0.00,0.00
12-09-20,,,,,,,0.21,0.42,,,0.00,,0.27,,0.00,0.00,0.01,0.00,0.00,0.00,,,,,,0.00,0.00,,0.00,,,,,,0.00,,,0.00,,,5.08,0.00,,,0.00,,,,,,,,,1.29,,,,,,,,,,,,,,,,,0.00,,0.00,,,0.00,,,0.00,0.00,0.00
12-10-20,,,,,,,0.29,0.33,,,0.00,,0.14,,0.00,0.05,0.01,0.00,0.00,0.00,,,,,,0.00,0.00,,0.00,,,,,,0.00,,,0.00,,,3.71,0.00,,,0.00,,,,,,,,,0.69,,,,,,,,,,,,,,,,,0.00,,0.00,,,0.00,,,0.00,0.00,0.00
12-11-20,,,,,,,0.08,0.20,,,0.00,,0.14,,0.00,0.00,0.04,0.00,0.00,0.00,,,,,,0.00,0.00,,0.00,,,,,,0.00,,,0.00,,,7.33,0.00,,,0.00,,,,,,,,,2.19,,,,,,,,,,,,,,,,,0.00,,0.00,,,0.00,,,0.00,0.00,0.00
12-12-20,,,,,,,0.17,0.15,,,0.01,,0.28,,0.00,0.00,0.18,0.13,0.00,0.00,,,,,,0.00,0.00,,0.00,,,,,,0.00,,,0.00,,,6.54,0.00,,,0.00,,,,,,,,,1.28,,,,,,,,,,,,,,,,,0.00,,0.00,,,0.00,,,0.00,0.00,0.00
12-13-20,,,,,,,0.02,0.15,,,0.00,,0.05,,0.00,0.09,0.12,0.00,0.00,0.00,,,,,,0.00,0.00,,0.00,,,,,,0.00,,,0.00,,,6.12,0.00,,,0.00,,,,,,,,,0.76,,,,,,,,,,,,,,,,,0.00,,0.00,,,0.00,,,0.00,0.00,0.00
12-14-20,,,,,,,0.21,0.22,,,0.00,,0.40,,0.00,0.25,0.11,0.00,0.00,,,,,,,0.00,0.00,,0.00,,,,,,0.00,,,0.00,,,9.74,0.00,,,0.00,,,,,,,,,2.08,,,,,,,,,,,,,,,,,0.00,,0.00,,,2.34,,,0.00,0.00,0.00
12-15-20,,,,,,,0.26,0.27,,,0.02,,0.64,,0.00,0.21,0.07,0.00,0.00,0.00,,,,,,0.00,,,,,,,,,0.00,,,0.00,,,4.46,0.00,,,0.00,,,,,,,,,1.71,,,,,,,,,,,,,,,,,0.00,,0.00,,,0.00,,,0.00,0.00,0.00
12-16-20,,,,,,,0.16,0.00,,,0.05,,,,0.00,0.00,0.01,0.15,0.00,0.00,,,,,,0.00,0.00,,0.00,,,,,,0.00,,,0.00,,,,0.00,,,0.00,,,,,,,,,0.22,,,,,,,,,,,,,,,,,0.00,,0.00,,,0.00,,,0.00,0.00,0.00
12-17-20,,,,,,,0.23,0.06,,,0.04,,,,0.00,0.09,0.05,0.00,0.00,0.00,,,,,,0.00,0.00,,0.00,,,,,,0.00,,,0.00,,,4.79,0.00,,,0.00,,,,,,,,,0.00,,,,,,,,,,,,,,,,,0.00,,0.00,,,0.00,,,0.00,0.00,0.00
12-18-20,,,,,,,0.19,0.11,,,0.00,,,,0.00,0.25,0.08,,0.00,0.00,,,,,,0.00,,,,,,,,,0.00,,,0.00,,,3.57,0.00,,,0.00,,,,,,,,,0.46,,,,,,,,,,,,,,,,,0.00,,0.00,,,0.00,,,0.00,0.00,0.00
12-19-20,,,,,,,0.25,0.18,,,0.01,,,,0.00,0.25,0.07,0.04,0.00,0.00,,,,,,0.00,0.00,,,,,,,,0.00,,,0.00,,,0.00,,,,0.00,,,,,,,,,0.75,,,,,,,,,,,,,,,,,0.00,,0.00,,,0.00,,,0.00,0.00,0.00
12-20-20,,,,,,,0.20,0.47,,,0.02,,,,0.00,0.09,0.03,0.00,0.00,0.00,,,,,,0.00,0.00,,0.00,,,,,,0.00,,,0.00,,,0.00,0.00,,,0.00,,,,,,,,,0.00,,,,,,,,,,,,,,,,,0.00,,0.00,,,0.00,,,0.00,0.00,0.00
12-21-20,,,,,,,0.31,0.24,,,0.00,,,,0.00,0.00,0.00,0.00,0.00,0.00,,,,,,0.00,,,0.00,,,,,,0.00,,,0.00,,,0.00,0.00,,,0.00,,,,,,,,,0.00,,,,,,,,,,,,,,,,,0.00,,0.00,,,0.00,,,0.00,0.00,0.00
12-22-20,,,,,,,0.12,0.00,,,0.00,,,,0.00,0.00,0.00,0.00,0.00,0.00,,,,,,0.00,0.00,,0.00,,,,,,0.00,,,0.00,,,0.00,0.00,,,0.00,,,,,,,,,0.00,,,,,,,,,,,,,,,,,0.00,,0.00,,,0.00,,,0.00,0.00,0.00
12-23-20,,,,,,0.00,0.01,0.10,,,0.00,,,,0.00,0.00,0.00,0.00,0.00,0.00,,,,,,0.00,0.00,,0.00,,,,,,0.00,,,0.00,,,0.00,0.00,,,0.00,,,,,,,,,0.00,,,,,,,,,,,,,,,,,0.00,,0.00,,,0.00,,,0.00,0.00,0.00
12-24-20,,,,,,0.00,0.16,0.18,,,0.02,,,,0.00,0.13,0.06,0.13,0.00,0.00,,,,,,0.00,,,0.00,,,,,,0.00,,,0.00,,,0.00,,,,0.00,,,,,,,,,0.32,,,,,,,,,,,,,,,,,0.00,,0.00,,,0.00,,,0.00,0.00,0.00
12-25-20,,,,,,0.00,0.16,0.18,,,0.00,,,,0.00,0.00,0.10,0.00,0.00,0.00,,,,,,0.00,0.00,,0.00,,,,,,0.00,,,0.00,,,0.00,0.00,,,0.00,,,,,,,,,0.00,,,,,,,,,,,,,,,,,0.00,,0.00,,,0.00,,,0.00,0.00,0.00
12-26-20,,,,,,0.00,0.04,0.37,,,0.03,,,,0.00,0.00,0.12,0.00,0.00,0.00,,,,,,0.00,0.00,,,,,,,,0.00,,,0.00,,,0.00,0.00,,,0.00,,,,,,,,,0.00,,,,,,,,,,,,,,,,,0.00,,0.00,,,2.69,,,0.00,0.00,0.00
12-27-20,,,,,,0.00,0.23,0.52,,,0.08,,,,0.00,0.00,0.13,0.10,0.00,0.00,,,,,,0.00,,,0.00,,,,,,0.00,,,0.00,,,0.00,0.00,,,0.00,,,,,,,,,0.00,,,,,,,,,,,,,,,,,0.00,,0.00,,,2.65,,,0.00,0.00,0.00
12-28-20,,,,,,0.00,0.25,0.46,,,,,,,0.00,0.08,0.05,0.02,0.00,0.00,,,,,,0.00,0.00,,0.00,,,,,,0.00,,,0.00,,,0.00,0.00,,,0.00,,,,,,,,,0.00,,,,,,,,,,,,,,,,,0.00,,0.00,,,0.00,,,0.00,0.00,0.00
12-29-20,,,,,,0.00,0.20,0.13,,,0.02,,,,0.00,0.00,0.10,0.01,0.00,0.00,,,,,,0.00,0.00,,0.00,,,,,,0.00,,,0.00,,,0.00,0.00,,,0.00,,,,,,,,,0.00,,,,,,,,,,,,,,,,,0.00,,0.00,,,0.00,,,0.00,0.00,0.00
12-30-20,,,,,,0.00,0.23,0.35,,,0.03,,,,0.00,0.00,0.00,0.12,0.00,0.00,,,,,,0.00,,,,,,,,,0.00,,,0.00,,,0.00,0.00,,,0.00,,,,,,,,,0.80,,,,,,,,,,,,,,,,,0.00,,0.00,,,0.00,,,0.00,0.00,0.00
12-31-20,,,,,,0.00,0.20,0.08,,,0.00,,,,0.00,0.00,0.00,0.00,0.00,0.00,,,,,,0.00,0.00,,0.00,,,,,,0.00,,,0.00,,,0.00,0.00,,,0.00,,,,,,,,,0.00,,,,,,,,,,,,,,,,,0.00,,0.00,,,0.00,,,0.00,0.00,0.00
01-01-21,,,,,,0.00,0.13,0.27,,0.01,0.00,,,,0.00,0.00,0.01,0.00,,0.00,,,,,,0.00,0.00,,,,,,,,0.00,,,0.00,,,,0.00,,,,,,,,,,,,0.00,,,,,,,,,,,,,,,,,0.00,,0.00,,,2.07,,,0.00,0.00,0.00
01-02-21,,,,,,0.00,0.15,0.15,,0.01,0.04,,,,0.00,0.00,0.12,0.00,,,,,,,,0.00,,,,0.00,2.83,,,,0.00,,,0.00,,,,0.00,,,,,,,,,,,,0.00,,,,,,,,,,,,,,,,,0.00,,0.00,,,0.00,,,0.00,0.00,0.00
01-03-21,,,,,,0.00,0.24,0.00,,0.01,0.03,,,,0.00,0.00,0.02,0.00,,0.00,,,,,,0.00,0.00,,,0.00,0.00,,,,0.00,,,0.00,,,,0.00,,,,,,,,,,,,0.00,,,,,,,,,,,,,,,,,0.00,,0.00,,,0.00,,,0.00,0.00,0.00
01-04-21,,,,,,0.00,0.20,0.18,,0.01,0.03,,,,,0.00,0.07,0.00,,0.00,,,,,,0.00,0.00,,,0.00,0.00,,,,0.00,,,0.00,,,,0.00,,,,,,,,,,,,0.00,,,,,,,,,,,,,,,,,0.00,,0.00,,,0.00,,,0.00,0.00,0.00
01-05-21,,,,,,0.00,0.01,0.37,,0.01,0.08,,,,0.00,0.00,0.06,0.00,,0.00,,,,,,0.00,,,,0.00,0.00,,,,0.00,,,0.00,,,,0.00,,,,,,,,,,,,0.02,,,,,,,,,,,,,,,,,0.00,,0.00,,,0.00,,,0.00,0.00,0.00
01-06-21,,,,,,0.00,0.18,0.32,,0.01,0.00,,,,0.00,0.00,0.16,,,0.00,,,,,,0.00,0.00,,,0.00,0.00,,,,0.00,,,0.00,,,,0.00,,,,,,,,,,,,0.00,,,,,,,,,,,,,,,,,0.00,,0.00,,,0.00,,,0.00,0.00,0.00
01-07-21,,,,,,0.00,0.11,0.55,,0.01,0.00,,,,0.00,0.00,0.17,0.00,,0.00,,,,,,0.00,0.00,,,0.00,0.00,,,,0.00,,,0.00,,,,0.00,,,,,,,,,,,,0.00,,,,,,,,,,,,,,,,,0.00,,0.00,,,0.00,,,0.00,0.00,0.00
01-08-21,,,,,,0.00,0.08,0.00,,0.01,0.00,,,,0.00,0.00,0.11,0.00,,0.00,,,,,,0.00,,,,0.00,0.00,,,,0.00,,,0.00,,,,0.00,,,,,,,,,,,,1.15,,,,,,,,,,,,,,,,,0.00,,0.00,,,0.00,,,0.00,0.00,0.00
01-09-21,,,,,,0.00,0.03,0.00,,0.01,0.00,,,,0.00,0.00,0.02,0.06,,0.00,,,,,,0.00,0.00,,,0.00,0.00,,,,0.00,,,0.00,,,,0.00,,,,,,,,,,,,1.46,,,,,,,,,,,,,,,,,0.00,,0.00,,,0.00,,,0.00,0.00,0.00
01-10-21,,,,,,0.00,0.04,0.00,,0.01,0.00,,,,0.00,0.00,0.02,,,0.00,,,,,,0.00,0.00,,,0.00,0.00,,,,0.00,,,,,,,0.00,,,,,,,,,,,,2.00,,,,,,,,,,,,,,,,,0.00,,0.00,,,0.00,,,0.00,0.00,0.00
01-11-21,,,,,,0.00,0.18,0.00,,0.01,0.00,,,,0.00,0.00,0.06,0.02,,0.00,,,,,,0.00,,,,0.00,0.00,,,,0.00,,,0.00,,,,0.00,,,,,,,,,,,,1.10,,,,,,,,,,,,,,,,,0.00,,0.00,,,0.00,,,0.00,0.00,0.00
01-12-21,,,,,,0.00,0.10,0.00,0.44,0.01,0.00,,,,0.00,0.00,0.02,0.10,,0.00,,,,,,0.00,0.00,,,0.00,0.00,,,,0.00,,,0.00,,,,0.00,,,,,,,,,,,,1.36,,,,,,,,,,,,,,,,,0.00,,0.00,,,0.00,,,0.00,0.00,0.00
01-13-21,,,,,,0.00,0.04,0.00,0.53,0.01,0.00,,,,0.00,0.00,0.00,0.00,,0.00,,,,,,0.00,0.00,,,0.00,0.00,,,,0.00,,,0.00,,,,0.00,,,,,,,,,,,,0.00,,,,,,,,,,,,,,,,,0.00,,0.00,,,2.34,,,0.00,0.00,0.00
01-14-21,,,,,,0.00,0.02,0.00,0.56,0.01,0.00,,,,0.00,0.00,0.05,0.00,,0.00,,,,,,0.00,,,,0.00,0.00,,,,0.00,,,0.00,,,,0.00,,,,,,,,,,,,0.00,,,,,,,,,,,,,,,,,0.00,,0.00,,,3.02,,,0.00,0.00,0.00
01-15-21,,,,,,0.00,0.13,0.00,0.54,0.01,0.00,,,,0.00,0.00,0.00,0.00,,0.00,,,,,,0.00,0.00,,,0.00,0.00,,,,0.00,,,0.00,,,,0.00,,,,,,,,,,,,0.58,,,,,,,,,,,,,,,,,0.00,,0.00,,,0.00,,,0.00,0.00,0.00
01-16-21,,,,,,0.00,0.31,0.00,0.11,0.01,2.10,,,,0.00,,0.15,0.12,,,,,,,,0.00,0.00,,,0.00,0.00,,,,0.00,,,0.00,,,,0.00,,,,,,,,,,,,1.96,,,,,,,,,,,,,,,,,0.00,,0.00,,,2.74,,,0.00,0.00,0.00
01-17-21,,,,,,0.00,0.42,0.00,0.10,0.01,0.00,,,,0.00,0.00,0.13,0.06,,0.00,,,,,,0.00,,,,0.00,0.00,,,,0.00,,,0.00,,,,0.00,,,,,,,,,,,,0.00,,,,,,,,,,,,,,,,,0.00,,0.00,,,2.50,,,0.00,0.00,0.00
01-18-21,,,,,,0.00,0.13,0.00,0.01,0.01,2.09,,,,0.07,0.00,0.14,0.07,,0.00,,,,,,0.00,0.00,,,0.00,0.00,,,,0.00,,,0.00,,,,0.00,,,,,,,,,,,,0.00,,,,,,,,,,,,,,,,,0.00,,0.00,,,2.96,,,0.00,0.00,0.00
01-19-21,,,,,,0.00,0.13,0.00,0.03,0.01,2.23,,,,0.21,0.35,0.00,0.02,,0.00,,,,,,0.00,0.00,,,0.00,0.00,,,,0.00,,,0.00,,,,0.00,,,,,,,,,,,,0.00,,,,,,,,,,,,,,,,,0.00,,0.00,,,2.32,,,0.00,0.00,
01-20-21,,,,,,0.00,0.07,0.00,0.04,0.01,2.13,,,,0.03,0.78,0.00,0.06,,0.00,,,,,,0.00,,,,,0.00,,,,0.00,,,0.00,,,,0.00,,,,,,,,,,,,0.00,,,,,,,,,,,,,,,,,0.00,,0.00,,,0.00,,,0.00,0.00,0.00
01-21-21,,,,,,0.00,0.16,0.00,0.02,0.01,0.00,,,,0.00,0.05,0.00,,,0.00,,,,,,0.00,0.00,,,0.00,0.00,,,,0.00,,,0.00,,,,0.00,,,,,,,,,,,,0.00,,,,,,,,,,,,,,,,,0.00,,0.00,,,0.00,,,0.00,0.00,0.00
01-22-21,,,,,,0.00,0.28,0.00,0.00,0.01,1.60,,,,0.00,0.00,0.00,0.03,,0.00,,,,,,0.00,0.00,,,0.00,0.00,,,,0.00,,,0.00,,,,0.00,,,,,,,,,,,,0.00,,,,,,,,,,,,,,,,,0.00,,0.00,,,2.38,,,0.00,0.00,0.00
01-23-21,,,,,,0.00,0.09,0.00,0.00,0.02,0.00,,,,0.00,0.03,0.00,0.01,,0.00,,,,,,0.00,,,,0.00,0.00,,,,0.00,,,0.00,,,,0.00,,,,,,,,,,,,0.00,,,,,,,,,,,,,,,,,0.00,,0.00,,,0.00,,,0.00,0.00,
01-24-21,,,,,,0.00,0.21,0.00,0.00,0.01,1.61,,,,,0.00,0.00,0.00,,0.00,,,,,,0.00,0.00,,,0.00,0.00,,,,0.00,,,0.00,,,,0.00,,,,,,,,,,,,0.00,,,,,,,,,,,,,,,,,0.00,,0.00,,,4.04,,,0.00,0.00,0.00
01-25-21,,,,,,0.00,0.21,0.00,0.16,0.02,1.65,,,,0.07,0.26,0.00,0.00,,0.00,,,,,,0.00,0.00,,,0.00,0.00,,,,0.00,,,0.00,,,,0.00,,,,,,,,,,,,1.21,,,,,,,,,,,,,,,,,0.00,,0.00,,,0.00,,,0.00,0.00,0.00
01-26-21,,,,,,0.00,0.16,0.00,0.25,0.01,1.50,,,,0.33,0.00,0.00,0.05,,0.00,,,,,,0.00,,,,0.00,0.00,,,,0.00,,,0.00,,,,0.00,,,,,,,,,,,,1.29,,,,,,,,,,,,,,,,,0.00,,0.00,,,0.00,,,0.00,0.00,0.00
01-27-21,,,,,,0.00,0.20,0.00,0.05,0.01,1.50,,,,0.43,0.00,0.00,0.19,,0.00,,,,,,0.00,0.00,,,0.00,0.00,,,,0.00,,,0.00,,,,0.00,,,,,,,,,,,,0.40,,,,,,,,,,,,,,,,,0.00,,0.00,,,0.00,,,0.00,0.00,0.00
01-28-21,,,,,,0.00,0.17,0.00,0.08,0.01,1.45,,,,0.42,0.12,0.00,0.15,,0.00,,,,,,0.00,0.00,,,0.00,0.00,,,,0.00,,,0.00,,,,0.00,,,,,,,,,,,,1.75,,,,,,,,,,,,,,,,,0.00,,0.00,,,0.00,,,0.00,0.00,0.00
01-29-21,,,,,,0.00,0.30,0.00,0.10,0.01,1.48,,,,0.50,0.35,0.00,0.06,,0.00,,,,,,0.00,0.00,,,0.00,1.20,,,,,,,0.00,,,,0.00,,,,,,,,,,,,0.93,,,,,,,,,,,,,,,,,0.00,,0.00,,,0.00,,,0.00,0.00,0.00
01-30-21,,,,,,0.00,0.27,0.00,0.11,0.01,,,,,0.50,0.17,0.00,0.18,,5.94,,,,,,7.50,16.92,,,25.70,20.79,,,,,,,7.85,,,,0.00,,,,,,,,,,,,0.88,,,,,,,,,,,,,,,,,0.00,,0.00,,,0.00,,,27.32,0.00,0.00
01-31-21,,,,,,0.00,0.37,0.03,0.15,0.01,,,,,1.21,0.13,0.00,0.00,,5.17,,,,,,,35.58,,,54.60,16.83,,,,,,,0.00,,,,0.00,,,,,,,,,,,,1.45,,,,,,,,,,,,,,,,,0.00,,0.00,,,0.00,,,28.50,0.00,0.00
02-01-21,,,,,,0.00,0.18,0.00,0.10,0.01,,,,,0.92,0.69,0.10,0.08,,2.29,,,,,,22.50,29.35,,,42.96,4.03,,,,,,,0.00,,,,0.00,,,,,,,,,,,,0.72,,,,,,,,,,,,,,,,,0.00,,0.00,,,0.00,,,17.20,0.00,0.00
02-02-21,,,,,,0.00,0.28,0.00,0.00,0.01,,,,,0.50,0.35,0.19,0.00,,0.00,,,,,,,28.87,,,52.06,2.04,,,,35.53,,,0.00,,,,0.00,,,,,,,,,,,,1.33,0.79,,,,,,,,,,,,,,,,0.00,,0.00,,,0.00,,,10.09,0.00,
02-03-21,,,,,,0.00,0.23,0.07,0.00,0.01,,,,,0.83,0.00,0.10,0.00,,0.00,,,,,,7.08,25.87,,,37.38,0.00,,,,29.45,,,0.00,,,,0.00,,,,,,,,,,,,0.29,0.12,,,,,,,,,,,,,,,,0.00,,0.00,,,0.00,,,4.55,0.00,0.00
02-04-21,,,,,,0.00,0.28,0.03,0.00,0.01,,,,,0.08,0.00,0.04,0.00,,0.00,,,,,,0.00,16.52,,,26.90,0.00,,,,19.49,,,0.00,,,,0.00,,,,,,,,,,,,0.00,0.00,,,,,,,,,,,,,,,,0.00,,0.00,,,0.00,,,0.00,0.00,0.00
02-05-21,,,,,,0.00,0.19,0.00,0.00,0.01,,,,,0.08,0.00,0.00,,,0.00,,,,,,0.00,13.96,,,18.99,0.00,,,,7.09,,,0.00,,,,0.00,,,,,,,,,,,,0.00,0.00,,,,,,,,,,,,,,,,0.00,,0.00,,,0.00,,,0.00,0.00,0.00
02-06-21,,,,,,0.00,0.10,0.00,0.00,0.01,,,,,0.51,0.00,0.00,0.00,,0.00,,,,,,0.00,8.92,,,12.56,0.00,,,,0.00,,,0.00,,,,0.00,,,,,,,,,,,,0.00,0.00,,,,,,,,,,,,,,,,0.00,,0.00,,,0.00,,,0.00,0.00,0.00
02-07-21,,,,,,0.00,0.26,0.00,0.00,0.01,,,,,0.21,0.08,0.00,,,0.00,,,,,,0.00,2.54,,,7.38,0.00,,,,0.00,,,0.00,,,,0.00,,,,,,,,,,,,0.00,0.00,,,,,,,,,,,,,,,,0.00,,0.00,,,0.00,,,0.00,0.00,0.00
02-08-21,,,,,,0.00,0.35,0.00,0.00,0.01,,,,,0.38,0.08,0.10,0.00,,0.00,,,,,,0.00,1.74,,,3.52,0.00,,,,0.00,,,0.00,,,,0.00,,,,,,,,,,,,0.00,0.00,,,,,,,,,,,,,,,,0.00,,0.00,,,0.00,,,0.00,0.00,0.00
02-09-21,,,,,,0.00,0.27,0.00,0.00,0.01,,,,,0.51,0.17,0.13,0.00,,0.00,,,,,,0.00,0.00,,,1.01,0.00,,,,0.00,,,0.00,,,,0.00,,,,,,,,,,,,0.00,0.00,,,,,,,,,,,,,,,,0.00,,0.00,,,0.00,,,0.00,0.00,0.00
02-10-21,,,,,,0.00,0.30,0.00,0.58,0.02,,,,,0.29,0.17,0.12,0.00,,0.00,,,,,,0.00,,,,0.00,0.00,,,0.00,0.00,,,0.00,,,,0.00,,,,,,,,,,,,0.00,0.00,,,,,,,,,,,,,,,,0.00,,0.00,,,0.00,,,0.00,0.00,0.00
02-11-21,,,,,,0.00,0.21,0.00,0.38,0.01,,,,,0.08,0.00,0.13,0.00,,0.00,,,,,,0.00,0.00,,,,,,,0.00,0.00,,,0.00,,,,,,,,,,,,,,,,0.00,0.00,,,,,,,,,,,,,,,,2.76,,0.00,,,0.00,,,0.00,0.00,0.00
02-12-21,,,,,,0.00,0.30,0.00,0.00,0.01,,,,,0.64,0.57,0.01,0.00,,0.00,,,,,,0.00,0.00,,,1.35,0.00,,,0.00,0.00,,,0.00,,,,0.00,,,,,,,,,,,,0.00,0.17,,,,,,,,,,,,,,,,0.00,,0.00,,,0.00,,,0.00,0.00,0.00
02-13-21,,,,,,0.00,0.35,0.00,0.11,0.01,,,,,0.88,0.00,0.00,0.23,,0.00,,,,,,0.00,,,,1.65,0.00,,,0.00,0.00,,,0.00,,,,0.00,,,,,,,,,,,,0.00,0.38,,,,,,,,,,,,,,,,0.00,,0.00,,,0.00,,,0.00,0.00,0.00
02-14-21,,,,,,0.00,0.38,0.00,0.00,0.01,,,,,0.13,0.85,0.02,0.00,,0.00,,,,,,0.00,0.00,,,1.01,0.00,,,0.00,0.00,,,0.00,,,,0.00,,,,,,,,,,,,0.00,0.35,,,,,,,,,,,,,,,,0.00,,0.00,,,0.00,,,0.00,0.00,0.00
02-15-21,,,,,,0.00,0.39,0.15,0.00,0.01,,,,,0.78,0.13,0.00,0.00,,0.00,,,,,,0.00,0.00,,,0.00,0.00,,,0.00,0.00,,,0.00,,,,0.00,,,,,,,,,,,,0.00,0.62,,,,,,,,,,,,,,,,,,0.00,,,0.00,,,0.00,0.00,0.00
02-16-21,,,,,,0.00,0.43,0.10,0.00,0.01,,,,,0.71,0.00,0.00,0.00,,0.00,,,,,,0.00,,,,0.00,0.00,,,0.00,0.00,,,0.00,,,,0.00,,,,,,,,,,,,0.33,0.52,,,,,,,,,,,,,,,,0.00,,0.00,,,0.00,,,0.00,0.00,0.00
02-17-21,,,,,,0.00,0.47,0.00,0.00,0.01,,,,,0.50,0.04,0.01,0.00,,0.00,,,,,,0.00,0.00,,,0.00,0.00,,,0.00,0.00,,,0.00,,,,0.00,,,,,,,,,,,,0.33,0.33,,,,,,,,,,,,,,,,0.00,,0.00,,,0.00,,,0.00,0.00,0.00
02-18-21,,,,,,0.00,0.36,0.15,0.00,0.01,,,,,1.08,0.00,0.00,0.00,,0.00,,,,,,0.00,0.00,,,0.00,0.00,,,0.00,0.00,,,0.00,,,,0.00,,,,,,,,,,,,3.08,0.58,,,,,,,,,,,,,,,,0.00,,0.00,,,0.00,,,0.00,0.00,0.00
02-19-21,,,,,,0.00,0.27,0.00,0.03,0.01,,,,,0.79,0.00,0.00,0.00,,0.00,,,,,,0.00,,,,0.00,0.00,,,0.00,0.00,,,0.00,,,,0.00,,,,,,,,,,,,0.88,0.29,,,,,,,,,,,,,,,,0.00,,0.00,,,0.00,,,0.00,0.00,0.00
02-20-21,,,,,,0.00,0.31,0.15,0.00,0.01,,,,,0.71,0.00,0.00,0.00,,0.00,,,,,,0.00,0.00,,,0.00,0.00,,,0.00,0.00,,,0.00,,,,0.00,,,,,,,,,,,,1.45,0.61,,,,,,,,,,,,,,,,0.00,,0.00,,,0.00,,,0.00,0.00,0.00
02-21-21,,,,,,,0.21,0.00,0.00,0.01,,,,,1.13,0.00,0.00,0.00,,0.00,,,,,,0.00,44.76,,,0.00,0.00,,,,0.00,,,0.00,,,,0.00,,,,,,,,,,,,1.46,0.29,,,,,,,,,,,,,,,,0.00,,0.00,,,0.00,,,0.00,0.00,0.00
02-22-21,,,,,,,0.21,0.00,0.00,0.01,,,,,1.08,0.00,0.00,0.00,,0.00,,,,,,0.00,45.14,,,0.00,0.00,,,0.00,0.00,,,0.00,,,,0.00,,,,,,,,,,,,1.33,0.58,,,,,,,,,,,,,,,,0.00,,0.00,,,0.00,,,0.00,0.00,0.00
02-23-21,,,,,,0.00,0.25,0.00,0.00,0.01,,,,,0.75,0.00,0.00,0.00,,0.00,,,,,,0.00,,,,0.00,0.00,,,0.00,0.00,,,0.00,,,,0.00,,,,,,,,,,,,2.08,0.00,,,,,,,,,,,,,,,,0.00,,0.00,,,0.00,,,0.00,0.00,0.00
02-24-21,,,,,,0.00,0.31,0.00,0.00,0.01,,,,,0.00,0.00,0.00,,,0.00,,,,,,0.00,,,,0.00,0.00,,,0.00,0.00,,,0.00,,,,0.00,,,,,,,,,,,,0.00,0.00,,,,,,,,,,,,,,,,0.00,,0.00,,,2.99,,,0.00,0.00,0.00
02-25-21,,,,,,0.00,0.34,0.02,0.00,0.01,,,,,0.13,0.00,0.00,0.00,,0.00,,,,,,0.00,,,,0.00,0.00,,,0.00,0.00,,,0.00,,,,0.00,,,,,,,,,,,,0.00,0.00,,,,,,,,,,,,,,,,0.00,,0.00,,,0.00,,,0.00,0.00,0.00
02-26-21,,,,,,0.00,0.20,0.10,0.00,0.01,,,,,1.21,0.37,0.00,0.00,,0.00,,,,,,0.00,,,,0.00,0.00,,,0.00,0.00,,,0.00,,,,0.00,,,,,,,,,,,,0.00,0.06,,,,,,,,,,,,,,,,0.00,,0.00,,,0.00,,,0.00,0.00,0.00
02-27-21,,,,,,0.00,0.26,0.00,0.00,0.01,,,,,0.63,0.00,0.00,0.00,,0.00,,,,,,0.00,,,,0.00,0.00,,,0.00,0.00,,,0.00,,,,0.00,,,,,,,,,,,,0.08,0.00,,,,,,,,,,,,,,,,0.00,,0.00,,,2.91,,,0.00,0.00,0.00
02-28-21,,,,,,0.00,0.25,0.00,0.00,0.01,,,,,0.75,0.00,0.00,0.00,,0.00,,,,,,0.00,,,,0.00,0.00,,,0.00,0.00,,,0.00,,,,0.00,,,,,,,,,,,,1.04,0.00,,,,,,,,,,,,,,,,0.00,,0.00,,,2.65,,,0.00,0.00,0.00
03-01-21,,,,,,0.00,0.43,0.06,0.00,0.00,,,,,0.00,0.26,0.06,0.00,,0.00,,,,,,0.00,,,,0.00,0.00,,,0.00,0.00,,,0.00,,,,0.00,,,,,,,,,,,,0.29,0.00,,,,,,,,,,,,,,,,0.00,,0.00,,,0.00,,,0.00,0.00,0.00
03-02-21,,,,,,0.00,0.41,0.27,0.03,0.00,,,,,0.00,1.17,0.04,0.00,,0.00,,,,,,0.00,,,,0.00,0.00,,,0.00,0.00,,,0.00,,,,0.00,,,,,,,,,,,,0.00,0.00,,,,,,,,,,,,,,,,0.00,,0.00,,,0.00,,,0.00,0.00,0.00
03-03-21,,,,,,0.00,0.29,0.10,0.00,0.00,,,,,0.00,0.76,0.00,0.00,,0.00,,,,,,0.00,,,,0.00,0.00,,,0.00,0.00,,,0.00,,,,0.00,,,,,,,,,,,,0.00,0.00,,,,,,,,,,,,,,,,0.00,,0.00,,,0.00,,,0.00,0.00,0.00
03-04-21,,,,,,0.00,0.21,0.00,0.00,0.00,,,,,0.00,0.34,0.00,0.00,,0.00,,,,,,0.00,,,,0.00,0.00,,,0.00,0.00,,,0.00,,,,0.00,,,,,,,,,,,,0.00,0.00,,,,,,,,,,,,,,,,0.00,,0.00,,,0.00,,,0.00,0.00,0.00
03-05-21,,,,,,0.00,0.20,0.06,0.00,0.00,,,,,0.00,0.39,0.00,0.00,,0.00,,,,,,0.00,,,,0.00,0.00,,,0.00,0.00,,,0.00,,,,0.00,,,,,,,,,,,,0.00,0.00,,,,,,,,,,,,,,,,0.00,,0.00,,,0.00,,,0.00,0.00,0.00
03-06-21,,,,,,0.00,0.14,0.00,0.00,0.00,,,,,0.00,0.74,0.00,0.00,,0.00,,,,,,0.00,,,,0.00,0.00,,,0.00,0.00,,,0.00,,,,0.00,,,,,,,,,,,,0.00,0.04,,,,,,,,,,,,,,,,0.00,,0.00,,,0.00,,,0.00,0.00,0.00
03-07-21,,,,,,0.00,0.14,0.00,0.00,0.00,,,,,0.00,0.58,0.00,0.00,,0.00,,,,,,0.00,,,,0.00,0.00,,,0.00,0.00,,,0.00,,,,0.00,,,,,,,,,,,,0.07,0.21,,,,,,,,,,,,,,,,0.00,,0.00,,,0.00,,,0.00,0.00,0.00
03-08-21,,,,,,0.00,0.25,0.00,0.00,0.00,,,,,0.00,0.47,0.00,0.00,,0.00,,,,,,0.00,,,,0.00,0.00,,,0.00,0.00,,,0.00,,,,0.00,,,,,,,,,,,,2.33,0.00,,,,,,,,,,,,,,,,0.00,,0.00,,,0.00,,,0.00,0.00,
03-09-21,,,,,,0.00,0.26,0.00,0.00,0.00,,,,,0.00,0.30,0.00,0.00,,0.00,,,,,,0.00,0.00,,,0.00,0.00,,,0.00,0.00,,,0.00,,,,0.00,,,,,,,,,,,,1.25,0.00,,,,,,,,,,,,,,,,0.00,,0.00,,,0.00,,,0.00,0.00,0.00
03-10-21,,,,,,0.00,0.14,0.15,0.00,0.00,,,,,0.00,0.69,0.00,0.00,,0.00,,,,,,0.00,0.00,,,0.00,0.00,,,0.00,0.00,,,0.00,,,,0.00,,,,,,,,,,,,0.46,0.50,,,,,,,,,,,,,,,,0.00,,0.00,,,0.00,,,0.00,0.00,0.00
03-11-21,,,,,,0.00,0.09,0.00,0.00,0.00,,,,,0.00,0.97,0.00,0.00,,0.00,,,,,,0.00,0.00,,,0.00,0.00,,,0.00,0.00,,,0.00,,,,0.00,,,,,,,,,,,,0.32,0.50,,,,,,,,,,,,,,,,0.00,,0.00,,,0.00,,,0.00,0.00,0.00
03-12-21,,,,,,0.00,0.03,0.27,0.00,0.00,,,,,0.00,0.34,0.00,0.00,,0.00,,,,,,0.00,0.00,,,0.00,0.00,,,0.00,0.00,,,0.00,,,,0.00,,,,,,,,,,,,0.00,0.00,,,,,,,,,,,,,,,,0.00,,0.00,,,0.00,,,0.00,0.00,0.00
03-13-21,,,,,,0.00,0.29,0.00,0.00,0.00,,,,,0.00,0.88,0.00,0.00,,0.00,,,,,,0.00,0.00,,,0.00,3.00,,,0.00,0.00,,,0.00,,,,0.00,,,,,,,,,,,,0.00,0.00,,,,,,,0.00,,,,,,,,,0.00,,0.00,,,0.00,,,0.00,0.00,0.00
03-14-21,,,,,,0.00,0.03,0.02,0.00,0.00,,,,,0.00,0.61,0.00,0.00,,0.00,,,,,,0.00,5.56,,,0.00,0.00,,,0.00,0.00,,,,,,,0.00,,,,,,,,,,,,0.00,0.00,,,,,,,0.00,,,,,,,,,0.00,,0.00,,,0.00,,,0.00,0.00,0.00
03-15-21,,,,,,0.00,0.09,0.10,0.00,0.00,,,,,0.00,0.74,0.00,0.00,,0.00,,,,,,0.00,0.00,,,10.88,,,,0.00,0.00,,,0.00,,,,0.00,,,,,,,,,,,,0.08,0.00,,,,,,,0.00,,,,,,,,,0.00,,0.00,,,0.00,,,0.00,0.00,0.00
03-16-21,,,,,,0.00,0.00,0.02,0.02,0.00,,,,,,0.90,0.00,0.00,,0.00,,,,,,0.00,,,,10.24,0.00,,,0.00,0.00,,,0.00,,,,0.00,,,,,,,,,,,,1.99,0.46,,,,,,,0.00,,,,,,,,,0.00,,0.00,,,0.00,,,13.79,0.00,0.00
03-17-21,,,,,,0.00,0.00,0.00,0.00,0.00,,,,,0.00,1.17,0.00,0.00,,0.00,,,,,,0.00,3.29,,,1.23,0.00,,,0.00,0.00,,,0.00,,,,0.00,,,,,,,,,,,,1.62,1.00,,,,,,,0.00,,,,,,,,,0.00,,0.00,,,0.00,,,7.79,0.00,0.00
03-18-21,,,,,,0.00,0.00,0.15,0.02,0.00,,,,,0.00,0.90,0.00,0.00,,0.00,,,,,,0.00,0.00,,,1.91,0.00,,,0.00,0.00,,,0.00,,,,0.00,,,,,,,,,,,,1.53,0.96,,,,,,,0.00,,,,,,,,,0.00,,0.00,,,0.00,,,5.01,0.00,0.00
03-19-21,,,,,,0.96,12.17,,22.68,0.00,,,,,0.00,0.87,0.00,0.00,,0.00,,,,,,0.00,0.00,,,4.30,2.28,,,0.00,0.00,,,0.00,,,,0.00,,,,,,,,,,,,1.79,0.70,,,,,,,0.00,,,,,,,,,6.17,,0.00,,,0.00,,,0.00,0.00,0.00
03-20-21,,,,,,0.00,12.49,0.44,27.62,0.00,,,,,0.50,,0.00,0.00,,0.00,,,,,,0.00,0.00,,,2.03,1.22,,,0.00,,,,0.00,,,,0.00,,,,,,,,,,,,3.75,0.96,,,,,,,0.00,,,,,,,,,2.22,,0.00,,,0.00,,,0.00,0.00,0.00
03-21-21,,,,,,0.00,7.42,0.65,21.20,0.00,,,,,0.29,0.84,0.00,0.00,,0.00,,,,,,0.00,,,,1.18,0.00,,,0.00,0.00,,,0.00,,,,0.00,,,,,,,,,,,,1.96,0.33,,,,,,,0.00,,,,,,,,,0.00,,0.00,,,0.00,,,0.00,0.00,0.00
03-22-21,,,,,,0.00,3.08,0.35,16.25,0.00,,,,,0.00,0.47,0.00,0.00,,0.00,,,,,,0.00,0.00,,,0.00,0.00,,,0.00,0.00,,,0.00,,,,0.00,,,,,,,,,,,,0.33,0.62,,,,,,,0.00,,,,,,,,,0.00,,0.00,,,0.00,,,3.26,0.00,0.00
03-23-21,,,,,,0.00,0.35,0.35,12.00,0.00,,,,,0.00,0.05,0.00,0.00,,0.00,,,,,,0.00,0.00,,,0.00,0.00,,,0.00,0.00,,,0.00,,,,0.00,,,,,,,,,,,,1.88,0.39,,,,,,,0.00,,,,,,,,,0.00,,0.00,,,0.00,,,0.00,0.00,
03-24-21,,,,,,0.03,0.04,0.00,8.20,0.00,,,,,0.08,0.67,0.00,0.00,,0.00,,,,,,0.00,0.00,,,0.00,0.00,,,0.00,0.00,,,0.00,,,,0.00,,,,,,,,,,,,1.58,0.83,,,,,,,0.00,,,,,,,,,0.00,,0.00,,,0.00,,,0.00,0.00,0.00
03-25-21,,,,,,0.33,0.00,0.04,6.59,0.00,0.00,,,,0.58,0.72,0.00,0.00,,0.00,,,,,,0.00,0.00,,,0.00,0.00,,,0.00,0.00,,,0.00,,,,0.00,,,,,,,,,,,,2.96,1.57,,,,,,,0.00,,,,,,,,,0.00,,0.00,,,0.00,,,0.00,0.00,0.00
03-26-21,,,,,,0.03,0.00,0.00,5.27,0.00,0.00,,,,0.71,0.53,0.00,0.00,,0.00,,,,,,0.00,0.00,,,0.00,0.00,,,0.00,0.00,,,0.00,,,,0.00,,,,,,,,,,,,3.75,1.08,,,,,,,0.00,,,,,,,,,0.00,,0.00,,,0.00,,,0.00,0.00,0.00
03-27-21,,,,,,0.00,0.00,0.21,4.31,0.00,0.00,,,,0.16,0.87,0.00,0.00,,0.00,,,,,,0.00,0.00,,,0.00,0.00,,,0.00,0.00,,,0.00,,,,0.00,,,,,,,,,,,,3.75,0.13,,,,,,,0.00,,,,,,,,,0.00,,0.00,,,0.00,,,0.00,0.00,0.00
03-28-21,,,,,,0.00,0.00,0.00,2.13,0.00,0.00,,,,0.00,0.05,0.00,0.00,,0.00,,,,,,0.00,5.56,,,0.00,0.00,,,0.00,0.00,,,0.00,,,,0.00,,,,,,,,,,,,3.12,0.00,,,,,,,0.00,,,,,,,,,0.00,,0.00,,,0.00,,,0.00,0.00,0.00
03-29-21,,,,,,0.04,0.06,0.00,0.25,0.00,0.00,,,,0.00,0.25,0.00,0.00,,0.00,,,,,,0.00,0.00,,,0.00,0.00,,,0.00,0.00,,,0.00,,,,0.00,,,,,,,,,,,,1.00,0.00,,,,,,,0.00,,,,,,,,,0.00,,0.00,,,0.00,,,0.00,0.00,0.00
03-30-21,,,,,,0.00,0.00,0.08,0.20,0.00,0.00,,,,0.00,0.49,0.00,0.00,,0.00,,,,,,0.00,0.00,,,0.00,0.00,,,0.00,0.00,,,0.00,,,,0.00,,,,,,,,,,,,0.62,0.00,,,,,,,0.00,,,,,,,,,0.00,,0.00,,,0.00,,,0.00,0.00,0.00
03-31-21,,,,,,0.00,0.00,0.00,0.10,0.00,0.00,,,,0.25,0.65,0.00,0.00,,0.00,,,,,,0.00,0.00,,,0.00,0.00,,,0.00,0.00,,,0.00,,,,0.00,,,,,,,,,,,,1.08,0.12,,,,,,,0.00,,,,,,,,,0.00,,0.00,,,0.00,,,0.00,0.00,0.00
04-01-21,,,,,,0.00,0.01,0.21,0.13,0.00,0.00,,,,0.00,0.39,0.00,0.00,,0.00,,,,,,0.00,0.00,,,0.00,0.00,,,0.00,0.00,,,0.00,,,,0.00,,,,,,,,,,,,0.00,0.58,,,,,,,0.00,,,,,,,,,0.00,,0.00,,,0.00,,,0.00,0.00,0.00
04-02-21,,,,,,0.04,0.00,0.17,0.03,0.00,0.00,,,,0.33,0.00,0.00,0.00,,0.00,,,,,,0.00,0.00,,,0.00,0.00,,,0.00,0.00,,,0.00,,,,0.00,,,,,,,,,,,,2.71,0.42,,,,,,,0.00,,,,,,,,,0.00,,0.00,,,0.00,,,0.00,0.00,0.00
04-03-21,,,,,,0.00,0.00,0.00,0.00,0.00,0.00,,,,0.33,0.00,0.00,0.00,,0.00,,,,,,0.00,0.00,,,0.00,0.00,,,0.00,0.00,,,0.00,,,,0.00,,,,,,,,,,,,2.50,0.00,,,,,,,0.00,,,,,,,,,0.00,,0.00,,,,,,0.00,0.00,0.00
04-04-21,,,,,,0.00,0.03,0.00,0.00,0.00,0.00,,,,0.04,0.00,0.00,0.00,,0.00,,,,,,0.00,,,,0.00,0.00,,,0.00,0.00,,,0.00,,,,0.00,,,,,,,,,,,,1.33,0.21,,,,,,,0.00,,,,,,,,,0.00,,0.00,,,0.00,,,0.00,0.00,4.29
04-05-21,,,,,,0.04,0.00,0.08,0.00,0.00,0.00,,,,0.25,0.00,0.00,0.00,,0.00,,,,,,0.00,0.00,,,0.00,0.00,,,0.00,0.00,,,0.00,,,,0.00,,,,,,,,,,,,0.26,0.62,,,,,,,0.00,,,,,,,,,0.00,,0.00,,,2.48,,,0.00,0.00,0.00
04-06-21,,,,,,0.00,0.01,0.00,0.00,0.00,0.00,,,,0.00,0.14,0.00,0.00,,0.00,,,,,,0.00,0.00,,,0.00,0.00,,,0.00,0.00,,,0.00,,,,0.00,,,,,,,,,,,,0.00,0.58,,,,,,,0.00,,,,,,,,,0.00,,0.00,,,0.00,,,0.00,0.00,0.00
04-07-21,,,,,,,0.09,0.04,0.00,0.00,7.82,,,,0.00,0.05,0.00,0.00,,0.00,,,,,,0.00,0.00,,,0.00,0.00,,,0.00,0.00,,,0.00,,,,0.00,,,,,,,,,,,,0.75,0.79,,,,,,,0.00,,,,,,,,,0.00,,0.00,,,0.00,,,0.00,0.00,0.00
04-08-21,,,,,,0.04,0.00,0.00,0.00,0.00,2.77,,,,0.30,0.00,0.00,0.00,,0.00,,,,,,0.00,0.00,,,0.00,0.00,,,0.00,0.00,,,0.00,,,,0.00,,,,,,,,,,,,3.21,0.73,,,,,,,0.00,,,,,,,,,,,0.00,,,0.00,,,0.00,0.00,0.00
04-09-21,,,,,,0.00,0.00,0.00,0.00,0.00,2.93,,,,0.04,0.32,0.00,0.00,,0.00,,,,,,0.00,0.00,,,0.00,0.00,,,0.00,0.00,,,0.00,,,,0.00,,,,,,,,,,,,2.00,1.43,,,,,,,0.00,,,,,,,,,0.00,,0.00,,,0.00,,,0.00,0.00,0.00
04-10-21,,,,,,0.08,0.00,0.00,,0.00,2.74,,,,0.50,0.29,0.00,0.00,,0.00,,,,,,0.00,0.00,,,0.00,0.00,,,0.00,0.00,,,0.00,,,,0.00,,,,,,,,,,,,2.04,1.57,,,,,,,0.00,,,,,,,,,0.00,,0.00,,,0.00,,,0.00,0.00,0.00
04-11-21,,,,,,0.00,0.00,0.00,0.00,0.00,,,,,0.73,0.00,0.00,0.00,,0.00,,,,,,0.00,,,,0.00,0.00,,,0.00,0.00,,,0.00,,,,0.00,,,,,,,,,,,,2.92,0.08,,,,,,,0.00,,,,,,,,,0.00,,0.00,,,0.00,,,0.00,0.00,0.00
04-12-21,,,,,,0.00,0.00,0.00,0.00,0.00,2.97,,,,0.38,0.00,0.00,0.00,,0.00,,,,,,0.00,0.00,,,0.00,0.00,,,0.00,0.00,,,0.00,,,,0.00,,,,,,,,,,,,0.00,0.00,,,,,,,0.00,,,,,,,,,0.00,,0.00,,,0.00,,,0.00,0.00,0.00
04-13-21,,,,,,0.00,0.00,0.00,0.00,0.00,2.75,,,,0.44,0.00,0.00,0.00,,0.00,,,,,,0.00,0.00,,,0.00,0.00,,,0.00,0.00,,,0.00,,,,0.00,,,,,,,,,,,,0.00,0.00,,,,,,,0.00,,,,,,,,,0.00,,0.00,,,0.00,,,0.00,0.00,0.00
04-14-21,,,,,,0.00,0.00,0.00,0.00,0.00,2.89,,,,0.67,0.02,0.00,0.00,,0.00,,,,,,0.00,0.00,,,0.00,0.00,,,0.00,0.00,,,0.00,,,,0.00,,,,,,,,,,,,2.58,0.29,,,,,,,,,,,,,,,,0.00,,0.00,,,0.00,,,0.00,0.00,0.00
04-15-21,,,,,,0.00,0.03,0.00,,0.00,2.85,,,,0.73,0.08,0.00,0.00,,0.00,,,,,,0.00,0.00,,,0.00,0.00,,,0.00,0.00,,,0.00,,,,0.00,,,,,,,,,,,,3.50,0.38,,,,,,,0.00,,,,,,,,,0.00,,0.00,,,0.00,,,0.00,0.00,0.00
04-16-21,,,,,,0.00,0.00,0.00,0.00,0.00,0.31,,,,0.37,0.00,0.00,0.00,,0.00,,,,,,0.00,0.00,,,0.00,0.00,,,0.00,0.00,,,0.00,,,,0.00,,,,,,,,,,,,1.79,0.46,,,,,,,0.00,,,,,,,,,0.00,,0.00,,,2.18,,,0.00,0.00,0.00
04-17-21,,,,,,0.00,0.00,0.00,0.00,0.00,0.01,,,,0.00,0.00,0.00,0.00,,0.00,,,,,,0.00,0.00,,,0.00,0.00,,,0.00,0.00,,,0.00,,,,0.00,,,,,,,,,,,,1.96,0.52,,,,,,,0.00,,,,,,,,,0.00,,0.00,,,2.46,,,0.00,0.00,0.00
04-18-21,,,,,,0.00,,0.00,0.00,0.00,0.15,,,,0.86,0.00,0.00,,,0.00,,,,,,0.00,,,,0.00,0.00,,,0.00,0.00,,,0.00,,,,0.00,,,,,,,,,,,,3.46,0.33,,,,,,,0.00,,,,,,,,,0.00,,0.00,,,2.76,,,0.00,0.00,0.00
04-19-21,,,,,,0.00,0.00,0.08,0.00,0.00,0.29,,,,,0.00,0.00,0.00,,0.00,,,,,,0.00,0.00,,,0.00,0.00,,,0.00,0.00,,,0.00,,,,0.00,,,,,,,,,,,,4.17,0.38,,,,,,,0.00,,,,,,,,,0.00,,0.00,,,2.52,,,0.00,0.00,0.00
04-20-21,,,,,,0.00,0.00,0.00,0.00,0.00,0.15,,,,0.00,0.00,0.00,0.00,,0.00,,,,,,0.00,0.00,,,0.00,0.00,,,0.00,0.00,,,0.00,,,,0.00,,,,,,,,,,,,2.54,0.50,,,,,,,5.77,,,,,,,,,0.00,,0.00,,,0.00,,,0.00,0.00,0.00
04-21-21,,,,,,0.04,0.03,0.04,0.00,0.00,0.00,,,,0.46,0.00,0.00,0.00,,0.00,,,,,,0.00,0.00,,,0.00,1.50,,,0.00,11.29,,,0.00,,,,0.00,,,,,,,,,,,,2.01,1.78,,,,,,,0.00,,,,,,,,,0.00,,0.00,,,0.00,,,0.00,0.00,0.00
04-22-21,,,,,,0.04,0.00,0.00,0.00,0.00,0.08,,,,0.00,0.10,0.00,0.00,,0.00,,,,,,0.00,0.00,,,0.00,0.00,,,0.00,8.12,,,0.00,,,,0.00,,,,,,,,,,,,0.76,1.10,,,,,,,0.00,,,,,,,,,0.00,,0.00,,,0.00,,,0.00,0.00,0.00
04-23-21,,,,,,0.00,0.00,0.08,0.00,0.00,0.26,,,,1.00,0.08,0.00,0.00,,0.00,,,,,,0.00,0.00,,,0.00,0.00,,,0.00,6.29,,,0.00,,,,0.00,,,,,,,,,,,,3.75,0.79,,,,,,,0.00,,,,,,,,,0.00,,0.00,,,0.00,,,0.00,0.00,0.00
04-24-21,,,,,,0.00,0.00,0.00,0.00,0.00,0.00,,,,1.21,0.00,0.00,0.00,,0.00,,,,,,0.00,0.00,,,0.00,0.00,,,0.00,3.67,,,0.00,,,,0.00,,,,,,,,,,,,5.42,0.29,,,,,,,0.00,,,,,,,,,0.00,,0.00,,,0.00,,,0.00,0.00,0.00
04-25-21,,,,,,0.00,0.00,0.00,0.00,0.00,0.05,,,,0.83,0.00,0.00,0.00,,0.00,,,,,,0.00,,,,0.00,,,,0.00,0.00,,,0.00,,,,0.00,,,,,,,,,,,,3.25,0.12,,,,,,,0.00,,,,,,,,,0.00,,0.00,,,0.00,,,0.00,0.00,0.00
04-26-21,,,,,,0.00,0.00,0.12,0.00,0.00,0.07,,,,0.58,0.13,0.00,0.00,,0.00,,,,,,0.00,0.00,,,0.00,0.00,,,0.00,0.00,,,0.00,,,,0.00,,,,,,,,,,,,3.54,0.17,,,,,,,0.00,,,,,,,,,0.00,,0.00,,,0.00,,,0.00,0.00,0.00
04-27-21,,,,,,0.00,0.00,0.04,0.79,0.00,0.00,,,,0.76,0.00,0.00,0.00,,0.00,,,,,,0.00,0.00,,,0.00,0.00,,,0.00,0.00,,,0.00,,,,0.00,,,,,,,,,,,,2.96,0.21,,,,,,,0.00,,,,,,,,,0.00,,0.00,,,0.00,,,0.00,0.00,0.00
04-28-21,,,,,,0.00,0.00,0.04,2.20,0.00,0.00,,,,0.58,0.00,0.00,0.00,,0.00,,,,,,0.00,0.00,,,0.00,0.00,,,0.00,0.00,,,0.00,,,,0.00,,,,,,,,,,,,4.12,0.38,,,,,,,0.00,,,,,,,,,0.00,,0.00,,,0.00,,,0.00,0.00,0.00
04-29-21,,,,,,0.10,0.00,0.12,2.20,0.00,0.00,,,,0.46,0.00,0.00,0.00,,0.00,,,,,,0.00,0.00,,,0.00,,,,0.00,0.00,,,0.00,,,,0.00,,,,,,,,,,,,4.17,0.48,,,,,,,0.00,,,,,,,,,0.00,,0.00,,,0.00,,,0.00,0.00,3.65
04-30-21,,,,,,0.00,0.00,0.00,2.21,0.00,0.00,,,,0.63,0.07,0.00,0.00,,0.00,,,,,,0.00,0.00,,,0.00,0.00,,,,0.00,,,0.00,,,,0.00,,,,,,,,,,,,3.46,1.17,,,,,,,0.00,,,,,,,,,0.00,,0.00,,,0.00,,,0.00,0.00,0.00
05-01-21,,,,,,0.00,0.00,0.00,2.15,0.00,0.00,,,,0.95,0.00,0.00,0.00,,0.00,,,,,,0.00,0.00,,,0.00,0.00,,,0.00,0.00,,,0.00,,,,0.00,,,,,,,,,,,,2.62,2.27,,,,,,,0.00,,,,,,,,,0.00,,0.00,,,0.00,,,0.00,0.00,0.00
05-02-21,,,,,,0.33,0.00,0.00,0.00,0.15,0.00,,,,0.38,0.16,,0.06,,0.00,,,,,,0.00,,,,0.00,0.00,,,0.00,0.00,,,0.00,,,,,,,,,,,,,,,,1.89,6.92,,,,,,,13.90,,,,,,,,,0.00,,0.00,,,0.00,,,3.39,0.00,0.00
05-03-21,,,,,,0.33,0.00,0.12,0.07,0.00,0.00,,,,0.63,0.18,0.00,0.00,,0.00,,,,,,0.00,0.00,,,0.00,0.00,,,0.00,0.00,,,0.00,,,,10.12,,,,,,,,,,,,3.33,,,,,,,,39.87,,,,,,,,,0.00,,0.00,,,0.00,,,2.36,0.00,0.00
05-04-21,,,,,,0.33,0.00,0.08,0.09,0.00,0.00,,,,0.63,0.32,0.00,0.03,,0.00,,,,,,0.00,0.00,,,0.00,0.00,,,0.00,10.50,,,0.00,,,,4.12,,,,,,,,,,,,3.38,8.83,,,,,,,35.58,,,,,,,,,0.00,,0.00,,,0.00,,,0.00,0.00,0.00
05-05-21,,,,,,0.00,0.00,0.04,0.08,0.00,0.00,,,,,0.13,0.00,0.16,,0.00,,,,,,0.00,1.29,,,1.05,0.00,,,0.00,8.81,,,0.00,,,,0.00,,,,,,,,,,,,3.23,3.25,,,,,,,31.52,,,,,,,,,0.00,,0.00,,,0.00,,,0.00,0.00,0.00
05-06-21,,,,,,0.00,0.00,0.00,0.00,0.09,0.00,,,,0.71,0.07,0.00,0.02,,0.00,,,,,,0.00,0.00,,,0.00,0.00,,,0.00,6.97,,,0.00,,,,0.00,,,,,,,,,,,,4.46,0.29,,,,,,,27.10,,,,,,,,,0.00,,0.00,,,0.00,,,0.00,0.00,0.00
05-07-21,,,,,,0.33,0.00,0.00,0.00,0.03,0.00,,,,0.89,0.00,0.00,0.00,,0.00,,,,,,0.00,0.00,,,0.00,0.00,,,0.00,6.10,,,0.00,,,,0.00,,,,,,,,,,,,2.76,1.00,,,,,,,23.11,,,,,,,,,0.00,,0.00,,,0.00,,,0.00,0.00,0.00
05-08-21,,,,,,0.33,0.00,0.00,0.02,0.12,0.00,,,,0.84,0.37,0.00,0.00,,0.00,,,,,,0.00,0.00,,,0.00,0.00,,,0.00,5.66,,,0.00,,,,0.00,,,,,,,,,,,,3.68,1.42,,,,,,,23.83,,,,,,,,,0.00,,0.00,,,0.00,,,0.00,0.00,0.00
05-09-21,,,,,,0.33,0.00,0.00,0.07,0.21,0.08,,,,0.83,0.20,0.00,0.00,,0.00,,,,,,0.00,,,,0.00,0.00,,,0.00,5.20,,,0.00,,,,0.00,,,,,,,,,,,,4.76,0.79,,,,,,,51.50,,,,,,,,,0.00,,0.00,,,0.00,,,0.00,0.00,0.00
05-10-21,,,,,,0.33,0.00,0.04,0.09,0.10,0.04,,,,0.92,0.22,0.00,0.00,,0.00,,,,,,0.00,0.00,,,0.00,0.00,,,0.00,4.62,,,0.00,,,,0.00,,,,,,,,,,,,5.67,0.58,,,,,,,48.90,,,,,,,,,0.00,,0.00,,,0.00,,,0.00,0.00,0.00
05-11-21,,,,,,0.00,0.00,0.00,0.03,0.00,,,,,1.01,0.31,0.00,0.00,,0.00,,,,,,0.00,0.00,,,,3.67,,,0.00,3.54,,,0.00,,,,0.00,,,,,,,,,,,,5.12,0.62,,,,,,,41.48,,,,,,,,,0.00,,0.00,,,0.00,,,0.00,0.00,0.00
05-12-21,,,,,,0.00,0.00,0.29,0.00,0.00,0.01,,,,1.33,0.37,0.00,,,0.00,,,,,,0.00,0.00,,,0.00,0.00,,,0.00,2.79,,,0.00,,,,0.00,,,,,,,,,,,,4.08,0.08,,,,,,,20.79,,,,,,,,,0.00,,0.00,,,0.00,,,0.00,0.00,0.00
05-13-21,,,,,,0.00,0.00,0.00,0.00,0.09,0.00,,,,0.31,0.00,0.00,0.00,,0.00,,,,,,0.00,0.00,,,0.00,1.27,,,0.00,,,,0.00,,,,0.00,,,,,,,,,,,,4.00,0.62,,,,,,,16.47,,,,,,,,,0.00,,0.00,,,0.00,,,0.00,0.00,0.00
05-14-21,,,,,,0.00,0.00,0.08,0.00,0.27,0.00,,,,0.00,0.00,0.00,0.00,,0.00,,,,,,,0.00,,,1.23,4.12,,,0.00,4.00,,,0.00,,,,0.00,,,,,,,,,,,,5.45,1.00,,,,,,,14.30,,,,,,,,,0.00,,0.00,,,0.00,,,0.00,0.00,0.00
05-15-21,,,,,,,0.00,0.00,0.00,0.00,0.05,,,,0.17,0.00,0.00,0.00,,0.00,,,,,,,0.00,,,1.39,2.67,,,0.00,2.07,,,0.00,,,,0.00,,,,,,,,,,,,5.33,0.83,,,,,,,11.40,,,,,,,,,0.00,,0.00,,,0.00,,,0.00,0.00,0.00
05-16-21,,,,,,0.00,0.00,0.04,0.00,0.17,0.00,,,,0.17,0.00,0.00,0.00,,0.00,,,,,,,5.35,,,1.23,2.05,,,0.00,0.00,,,0.00,,,,0.00,,,,,,,,,,,,5.12,0.77,,,,,,,9.06,,,,,,,,,0.00,,0.00,,,0.00,,,0.00,0.00,0.00
05-17-21,,,,,,0.00,0.00,0.00,0.00,0.00,0.00,,,,0.60,0.00,0.00,0.00,,0.00,,,,,,,0.00,,,,2.16,,,0.00,0.00,,,0.00,,,,0.00,,,,,,,,,,,,3.84,0.42,,,,,,,0.00,,,,,,,,,0.00,,0.00,,,0.00,,,0.00,0.00,0.00
05-18-21,,,,,,0.00,0.00,0.00,0.00,0.00,0.07,,,,,0.00,0.00,0.00,,0.00,,,,,,,0.00,,,1.23,2.27,,,0.00,0.00,,,0.00,,,,0.00,,,,,,,,,,,,3.42,1.00,,,,,,,0.00,,,,,,,,,0.00,,0.00,,,0.00,,,0.00,0.00,0.00
05-19-21,,,,,,0.33,0.00,0.00,0.14,0.24,0.00,,,,0.46,0.03,0.00,0.01,,0.00,,,,,,,0.00,,,0.00,2.23,,,0.00,15.97,,,0.00,,,,0.00,,,,,,,,,,,,4.54,2.00,,,,,,,0.00,,,,,,,,,0.00,,0.00,,,0.00,,,0.00,0.00,
05-20-21,,,,,,0.33,,0.83,0.19,0.20,0.00,,,,1.21,0.73,1.29,0.05,,0.00,,0.00,,,,,0.00,,,9.74,14.17,,,0.00,41.65,,,4.72,,,,80.88,,,,,,,,,,,,2.33,6.80,,,,,,,0.00,,,,,,,,,0.00,,0.00,,,0.00,,,0.00,0.00,0.00
05-21-21,,,,,,0.33,0.00,5.09,2.66,0.20,0.00,,,,1.78,19.18,6.75,23.34,,17.29,,1.00,,,,,1.50,,,22.80,37.15,,,0.00,113.06,,,14.40,,,,120.75,,,,,,,,,,,,4.58,9.81,,,,,,,0.00,,,,,,,,,0.00,,3.30,,,0.00,,,0.00,0.00,0.00
05-22-21,,,,,,0.00,0.00,3.25,1.19,0.00,0.00,,,,1.25,13.43,4.67,18.50,,13.62,,0.00,,,,,1.04,,,11.24,22.74,,,0.00,96.39,,,12.04,,,,0.00,,,,,,,,,,,,3.08,10.32,,,,,,,0.00,,,,,,,,,0.00,,0.00,,,4.55,,,0.00,0.00,0.00
05-23-21,,,,,,0.00,0.00,2.29,0.78,0.00,0.00,,,,0.62,7.25,2.60,14.10,,11.33,,0.00,,,,,7.09,,,10.60,14.72,,,0.00,45.82,,,9.04,,,,0.00,,,,,,,,,,,,4.83,9.38,,,,,,,0.00,,,,,,,,,0.00,,0.00,,,0.00,,,0.00,0.00,0.00
05-24-21,,,,,,0.33,,0.83,0.26,0.00,0.00,,,,0.80,5.32,1.62,10.07,,9.29,13.90,0.00,,,,,4.29,,,31.43,13.95,,,2.15,43.62,,,6.87,,,,0.00,,,,,,,,,,,,4.08,8.30,,,,,,,23.29,,,,,,,,,0.00,,0.00,,,0.00,,,0.00,0.00,
05-25-21,,,,,,0.33,0.00,0.00,0.00,,0.00,,,,1.04,5.09,0.90,8.99,,7.75,13.32,0.00,,,,,1.21,,,26.21,10.21,,,3.73,41.08,,,6.00,,,,0.00,,,,,,,,,,,,5.38,7.17,,,,,,,29.89,,,,,,,,,0.00,,0.00,,,0.00,,,0.00,,
05-26-21,,,,,,0.00,0.00,0.00,0.00,,0.00,,,,0.85,4.50,0.00,7.79,,6.75,10.98,0.00,,,,,0.00,,,21.33,3.81,,,3.73,38.87,,,4.20,,,,0.00,,,,,,,,,,,,0.96,3.92,,,,,,,27.75,,,,,,,,,0.00,,0.00,,,0.00,,,0.00,0.00,4.53
05-27-21,,,,,,0.33,0.00,0.00,0.14,,0.00,,,,0.48,3.87,0.00,7.67,,5.65,9.11,0.00,,,,,0.00,,,17.28,3.08,,,,26.50,,,3.29,,,,0.00,,,,,,,,,,,,0.75,1.44,,,,,,,21.15,,,,,,,,,0.00,,0.00,,,0.00,,,0.00,0.00,13.16
05-28-21,,,,,,0.00,0.58,8.28,8.37,,0.00,,,,1.25,2.23,0.00,5.79,,4.65,2.53,0.00,,,,,0.00,,,9.29,4.00,,,,7.29,,,2.45,,,,2.17,,,,,,,,,,,,4.29,1.14,,,,,,,,,,,,,,,,0.00,,0.00,,,0.00,,,0.00,0.00,14.43
05-29-21,,,,,,0.00,0.00,5.33,6.05,,0.00,,,,1.00,0.54,0.00,6.50,,4.29,0.00,0.00,,,,,0.00,,,6.80,4.03,,,,4.85,,,0.00,,,,0.00,,,,,,,,,,,,7.72,0.83,,,,,,,,,,,,,,,,0.00,,0.00,,,0.00,,,0.00,0.00,20.32
05-30-21,,,,,,0.00,0.00,3.50,1.77,,0.00,,,,0.78,0.33,0.00,5.31,,2.04,0.00,0.00,,,,,,,,6.66,3.12,,,,4.10,,,0.00,,,,0.00,,,,,,,,,,,,5.08,0.38,,,,,,,25.76,,,,,,,,,0.00,,0.00,,,0.00,,,0.00,0.00,24.82
05-31-21,,,,,,0.00,0.00,1.83,1.51,,0.00,,,,0.46,0.00,0.00,5.44,,0.00,0.00,0.00,,,,,0.00,,,6.06,3.42,,,,51.95,,,0.00,,,,0.00,,,,,,,,,,,,2.45,0.00,,,,,,,19.99,,,,,,,,,0.00,,0.00,,,0.00,,,0.00,0.00,22.65
06-01-21,,,,,,0.00,0.00,0.54,0.54,,0.00,,,,0.29,0.10,0.00,6.09,,0.00,4.42,0.00,,,,,2.00,,,13.93,27.66,,,,,,,0.00,,,,0.00,,,,,,,,,,,,1.50,0.00,,,,,,,21.69,,,,,,,,,0.00,,0.00,,,0.00,,,0.00,0.00,21.63
06-02-21,,,,,,0.00,0.00,0.00,0.00,,0.00,,,,0.00,0.00,0.00,5.10,,0.00,13.15,0.00,,,,,5.79,,,11.59,33.19,,,,230.67,,,0.00,,,,0.00,,,,,,,,,,,,4.50,0.00,,,,,,,55.74,,,,,,,,,0.00,,0.00,,,0.00,,,2.83,0.00,21.43
06-03-21,,,,,,0.00,0.00,0.08,0.00,,0.00,,,,0.25,0.00,0.00,3.71,,0.00,11.23,0.00,0.00,,,,4.83,,,11.74,31.24,,,,42.84,,,0.00,,,,0.00,,,,,,,,,,,,0.80,0.00,,,,,,,61.95,,,,,,,,,0.00,,0.00,,,0.00,,,0.00,0.00,25.25
06-04-21,,,,,,0.00,,0.29,0.00,,0.03,,,,0.56,0.43,0.00,2.90,,0.00,11.23,,0.00,,,,0.00,,,8.67,28.12,,,,71.55,,,0.00,,,,0.00,,,,,,,,,,,,3.96,0.25,,,,,,,86.60,,,,,,,,,0.00,,0.00,,,0.00,,,0.00,0.00,23.87
06-05-21,,,,,,0.00,0.00,0.21,0.00,,0.00,,,,0.88,0.18,0.02,1.61,,0.00,11.23,0.00,0.00,,,,0.00,,,5.33,23.75,,,,51.73,,,0.00,,,,0.00,,,,,,,,,,,,6.67,0.06,,,,,,,102.57,,,,,,,,,0.00,,0.00,,,0.00,,,0.00,0.00,21.97
06-06-21,,,,,,0.00,0.00,0.08,0.04,0.00,0.00,,,,0.66,0.00,0.04,1.11,,0.00,11.23,0.00,0.00,,,,5.09,,,4.61,23.14,,,,44.92,,,0.00,,,,0.00,,,,,,,,,,,,7.67,0.00,,,,,,,113.48,,,,,,,,,0.00,,0.00,,,0.00,,,0.00,0.00,20.50
06-07-21,,,,,,0.00,0.00,0.00,0.02,0.08,0.00,,,,1.04,0.25,0.12,0.62,,0.00,10.92,0.00,0.00,,,,0.00,,,3.94,22.54,,,,187.49,,,10.27,,,,,,,,,,,,,,,,4.12,0.00,,,,,,,98.84,,,,,,,,,0.00,,0.00,,,0.00,,,0.00,4.60,20.04
06-08-21,,,,,,0.00,0.00,0.21,0.00,0.00,0.00,,,,0.00,0.33,0.00,0.00,,0.00,10.07,0.00,0.00,,,,0.00,,,3.02,20.85,,,,59.82,,,7.20,,,,0.00,,,,,,,,,,,,0.90,0.25,,,,,,,60.10,,,,,,,,,0.00,,0.00,,,0.00,,,0.00,0.00,
06-09-21,,,,,,0.00,0.00,0.04,0.12,0.05,0.00,,,,0.00,0.23,0.09,0.17,,0.00,10.23,0.00,0.00,,,,0.00,,,1.94,18.12,,,,46.75,,,6.28,,,,0.00,,,,,,,,,,,,3.62,5.42,,,,,,,58.51,,,,,,,,,0.00,,0.00,,,0.00,,,0.00,0.00,
06-10-21,,,,,,0.00,0.00,0.08,0.07,0.00,0.00,,,,0.22,0.21,0.00,0.00,,0.00,10.23,0.00,0.00,,,,0.00,,,2.08,17.42,,,,89.65,,,6.00,,,,0.00,,,,,,,,,,,,6.79,7.19,,,,,,,61.23,,,,,,,,,0.00,,0.00,,,0.00,,,0.00,2.80,
06-11-21,,,,,,0.00,0.00,0.29,0.00,0.00,0.00,,,,0.20,0.00,0.00,0.00,,0.00,9.48,0.00,0.00,,,,0.00,,,1.92,16.75,,,,36.49,,,4.16,,,,0.00,,,,,,,,,,,,2.96,5.71,,,,,,,48.82,,,,,,,,,0.00,,0.00,,,0.00,,,0.00,0.00,
06-12-21,,,,,,0.00,0.00,0.29,0.00,0.00,0.16,,,,0.00,,0.00,0.00,,0.00,9.61,0.00,0.00,,,,0.00,,,0.00,16.75,,,,36.52,,,2.12,,,,0.00,,,,,,,,,,,,4.46,3.71,,,,,,,46.65,,,,,,,,,0.00,,0.00,,,0.00,,,0.00,0.00,24.05
06-13-21,,,,,,0.00,0.00,0.38,0.03,0.00,0.00,,,,0.24,0.02,0.00,0.00,,0.00,9.07,0.00,0.00,,,,,,,0.00,15.48,,,,36.12,,,0.00,,,,0.00,,,,,,,,,,,,1.41,1.25,,,,,,,66.39,,,,,,,,,0.00,,0.00,,,0.00,,,0.00,0.00,23.69
06-14-21,,,,,,0.00,0.00,0.25,0.09,0.00,0.00,,,,0.00,0.00,0.00,0.00,,0.00,8.23,0.00,0.00,,,,0.00,,,0.00,15.10,,,,35.36,,,0.00,,,,0.00,,,,,,,,,,,,2.67,0.00,,,,,,,64.73,,,,,,,,,0.00,,0.00,,,0.00,,,0.00,0.00,23.79
06-15-21,,,,,,4.71,3.51,9.75,6.05,6.41,4.67,,,,3.99,0.00,0.00,0.40,,0.00,8.41,0.00,0.00,,,,0.00,,,1.35,18.15,,,,35.28,,,0.00,,,,0.00,,,,,,,,,,,,6.71,0.00,,,,,,,62.67,,,,,,,,,4.07,,0.00,,,0.00,,,0.00,0.00,23.60
06-16-21,,,,,,6.58,7.54,17.42,12.21,9.88,8.47,,,,5.44,0.00,0.73,3.50,,4.55,9.23,0.00,2.12,,,,1.54,,,,17.56,,,,137.24,,,,,,,0.00,,,,,,,,,,,,7.32,0.00,,,,,,,60.04,,,,,,,,,8.46,,0.00,,,0.00,,,0.00,0.00,23.55
06-17-21,,,,,,3.62,6.16,13.92,10.99,5.22,4.64,,,,5.08,0.00,0.01,2.39,,3.12,9.23,0.00,0.00,,,,1.17,,,1.30,16.09,,,,38.07,,,0.00,,,,0.00,,,,,,,,,,,,5.54,0.00,,,,,,,58.31,,,,,,,,,8.20,,0.00,,,0.00,,,0.00,0.00,
06-18-21,,,,,,2.00,5.92,12.33,13.37,3.97,3.50,,,,4.14,0.00,4.30,2.80,,2.95,10.28,0.00,0.00,,,,0.00,,,1.45,14.78,,,,39.17,,,0.00,,,,0.00,,,,,,,,,,,,,0.00,,,,,,,57.30,,,,,,,,,8.35,,0.00,,,0.00,,,0.00,0.00,23.45
06-19-21,,,,,,1.36,5.60,11.17,12.81,2.99,3.16,,,,3.00,0.00,1.44,2.57,,2.12,10.15,0.00,0.00,,,,0.00,,,1.14,13.66,,,,38.58,,,0.00,,,,0.00,,,,,,,,,,,,5.21,0.00,,,,,,,56.96,,,,,,,,,9.11,,0.00,,,0.00,,,0.00,0.00,23.52
06-20-21,,,,,,0.52,3.80,11.54,12.16,2.06,1.57,,,,3.93,0.00,0.32,1.76,,0.00,8.98,0.00,0.00,,,,,,,1.62,14.08,,,,36.24,,,0.00,,,,0.00,,,,,,,,,,,,7.31,0.25,,,,,,,56.03,,,,,,,,,7.83,,0.00,,,0.00,,,0.00,0.00,23.63
06-21-21,,,,,,0.00,2.52,10.67,13.62,1.85,0.94,,,,2.97,0.13,0.00,0.86,,0.00,8.54,0.00,0.00,,,,0.00,,,0.00,12.77,,,,34.66,,,0.00,,,,0.00,,,,,,,,,,,,7.53,0.66,,,,,,,70.68,,,,,,,,,5.01,,0.00,,,0.00,,,0.00,0.00,22.35
06-22-21,,,,,,0.00,2.61,10.50,13.61,,0.93,,,,1.54,0.00,0.00,0.30,,0.00,8.23,0.00,0.00,,,,0.00,,,0.00,12.36,,,,33.80,,,0.00,,,,0.00,,,,,,,,,,,,7.79,1.08,,,,,,,79.04,,,,,,,,,4.79,,0.00,,,0.00,,,0.00,0.00,23.12
06-23-21,,,,,,0.00,2.64,15.00,15.60,,1.73,,,,0.72,0.77,4.66,2.08,,3.26,11.32,0.00,4.74,,,,0.00,,,2.45,14.97,,,,196.33,,,0.00,,,,3.25,,2.83,,,,,,,,,,8.43,1.78,,,,,,,73.51,,,,,,,,,4.73,,0.00,,,0.00,,,0.00,0.00,22.73
06-24-21,,,,,,0.00,2.23,19.21,19.07,,2.09,,,,3.14,4.21,0.91,5.52,,8.92,17.65,0.00,12.70,,,,0.00,,,1.67,13.47,,,,,,,8.95,,,,12.88,,3.69,,,,,,,,,,13.72,3.99,,,,,,,51.77,,,,,,,,,3.67,,3.50,,,0.00,,,0.00,0.00,22.14
06-25-21,,,,,,0.00,2.49,17.04,19.86,,0.66,,,,1.75,19.83,4.85,10.88,,25.29,26.81,7.73,29.71,,,,0.00,,,35.92,,,,,,,,30.62,,,,39.54,,33.39,,,,,,,,,,25.27,8.18,,,,,,,59.06,,,,,,,,,3.44,,3.00,,,0.00,,,19.63,35.50,34.64
06-26-21,,,,,,0.24,4.76,15.08,37.02,,9.51,,,,3.65,36.03,13.67,22.95,,40.62,34.81,12.43,44.27,,,,0.00,,,42.31,11.25,,,,223.43,,,29.55,,,,36.58,,29.10,,,,,,,,,,21.55,12.12,,,,,,,65.98,,,,,,,,,8.74,,10.90,,,0.00,,,20.57,32.20,34.42
06-27-21,,,,,,0.00,1.12,14.57,32.32,,7.48,,,,2.57,29.89,11.45,22.27,,36.73,34.40,11.55,40.19,,,,,,,30.85,10.80,,,,95.35,,,26.91,,,,33.54,,25.15,,,,,,,,,,24.62,10.71,,,,,,,63.50,,,,,,,,,6.48,,12.60,,,0.00,,,3.89,27.70,32.41
06-28-21,,,,,,0.00,1.25,14.67,31.33,,6.00,,,,2.39,22.98,9.45,21.69,,34.67,33.78,11.53,37.38,,,,0.00,,,26.93,10.02,,,,91.07,,,24.75,,,,29.54,,22.27,,,,,,,,,,22.75,8.96,,,,,,,61.70,,,,,,,,,9.13,,12.30,,,0.00,,,0.00,24.90,23.85
06-29-21,,,,,,0.00,0.90,13.33,30.74,,4.77,,,,1.10,18.68,8.57,20.65,,32.52,33.15,10.89,34.96,,,,0.00,,,23.45,10.21,,,,87.74,,,23.20,,,,25.46,,19.98,,,,,,,,,,21.88,7.08,,,,,,,57.09,,,,,,,,,9.83,,12.00,,,0.00,,,0.00,23.10,22.28
06-30-21,,,,,,0.00,0.61,13.46,30.08,,3.92,,,,0.93,17.07,7.03,19.82,,30.33,32.87,9.86,32.29,,,,0.00,,,24.10,10.18,,,,85.17,,,22.58,,,,22.25,,17.94,,,,,,,,,,20.38,3.38,,,,,,,51.90,,,,,,,,,9.31,,10.00,,,0.00,,,0.00,21.50,22.87
07-01-21,,,,,,0.00,0.25,13.04,29.05,,3.13,,,,1.31,16.97,6.17,17.52,,28.12,33.82,8.91,30.25,,,,0.00,,,16.82,8.69,,,,81.90,,,21.29,,,,20.25,,16.94,,,,,,,,,,19.43,1.25,,,,,,,51.73,,,,,,,,,7.71,,5.10,,,0.00,,,0.00,18.70,24.58
07-02-21,,,,,,0.00,0.17,13.17,27.31,,2.07,,,,0.56,16.47,5.80,16.93,,27.39,33.54,8.16,28.67,,,,0.00,,,14.93,8.27,,,,79.23,,,19.62,,,,18.79,,16.94,,,,,,,,,,23.46,6.33,,,,,,,49.96,,,,,,,,,4.25,,3.00,,,0.00,,,0.00,16.80,
07-03-21,,,,,,0.00,0.00,12.83,25.36,,1.73,,,,0.00,16.64,3.07,16.85,,27.12,33.65,7.08,27.54,,,,0.00,,,12.20,8.24,,,,77.51,,,19.25,,,,15.25,,14.60,,,,,,,,,,22.79,2.50,,,,,,,41.03,,,,,,,,,3.17,,2.30,,,0.00,,,0.00,17.00,29.77
07-04-21,,,,,,0.00,0.00,12.75,23.18,,0.85,,,,0.00,16.40,0.53,,,27.12,32.90,5.46,26.23,,,,,,,9.75,7.41,,,,75.34,,,19.45,,,,10.67,,12.94,,,,,,,,,,20.88,0.00,,,,,,,55.98,,,,,,,,,0.00,,0.00,,,0.00,,,0.00,15.80,36.52
07-05-21,,,,,,0.00,0.00,11.04,21.84,,0.00,,,,0.00,16.63,0.00,16.68,,26.42,31.28,3.30,24.67,,,,0.00,,,2.85,6.78,,,,72.82,,,18.54,,,,7.21,,12.65,,,,,,,,,,19.29,0.00,,,,,,,43.64,,,,,,,,,0.00,,0.00,,,0.00,,,0.00,13.50,29.66
07-06-21,,,,,,0.00,0.00,9.58,21.03,0.00,0.00,,,,0.00,15.00,0.00,16.33,,25.79,31.54,2.64,24.00,,,,0.00,,,1.78,6.75,,,,68.42,,,17.72,,,,5.88,,12.31,,,,,,,,,,18.58,0.00,,,,,,,67.46,,,,,,,,,0.00,,0.00,,,0.00,,,0.00,11.00,28.93
07-07-21,,,,,,0.00,0.00,8.88,19.89,0.00,0.00,,,,0.00,14.54,0.00,15.64,,25.12,31.11,2.57,23.55,,,,0.00,,,0.00,6.00,,,,67.24,,,16.76,,,,3.08,,12.52,,,,,,,,,,19.38,0.00,,,,,,,57.03,,,,,,,,,0.00,,0.00,,,0.00,,,0.00,10.10,31.74
07-08-21,,,,,,0.00,0.00,6.78,19.55,0.00,0.00,,,,0.00,14.56,0.00,15.50,,24.71,30.36,2.47,22.59,,,,0.00,,,1.00,5.12,,,,66.35,,,15.00,,,,0.00,,11.10,,,,,,,,,,17.62,0.00,,,,,,,55.72,,,,,,,,,0.00,,0.00,,,0.00,,,0.00,7.60,31.03
07-09-21,,,,,,0.00,0.00,3.58,19.33,0.00,0.00,,,,0.00,13.87,0.00,15.36,,23.47,32.23,2.53,21.57,,,,0.00,,,1.14,4.04,,,,65.95,,,14.18,,,,3.54,,11.52,,,,,,,,,,38.01,7.98,,,,,,,54.50,,,,,,,,,0.00,,0.00,,,0.00,,,0.00,5.80,36.01
07-10-21,,,,,,0.00,0.00,1.48,19.12,0.00,0.00,,,,0.00,13.63,0.00,14.17,,23.12,31.94,2.92,21.00,,,,0.00,,,1.07,2.90,,,,64.98,,,13.19,,,,4.12,,12.94,,,,,,,,,,37.27,14.16,,,,,,,53.66,,,,,,,,,0.00,,0.00,,,0.00,,,0.00,6.00,47.68
07-11-21,,,,,,0.00,0.00,0.12,18.82,0.00,0.00,,,,0.00,13.25,0.00,14.97,,22.75,31.23,3.05,21.00,,,,,,,1.05,2.80,,,,65.23,,,11.67,,,,0.00,,12.94,,,,,,,,,,,11.50,,,,,,,44.66,,,,,,,,,0.00,,0.00,,,0.00,,,0.00,3.90,58.38
07-12-21,,,,,,,0.00,0.00,18.61,0.00,0.00,,,,0.00,12.36,0.00,15.17,,21.75,29.36,2.92,19.45,,,,0.00,,,0.00,2.53,,,,65.00,,,10.98,,,,0.00,,13.23,,,,,,,,,,35.18,9.21,,,,,,,52.41,,,,,,,,,0.00,,0.00,,,0.00,,,0.00,0.00,67.95
07-13-21,,,,,,,0.00,0.00,18.37,0.00,,,,,0.00,11.44,0.00,14.90,,21.12,30.23,2.98,17.58,,,,0.00,,,1.21,2.15,,,,64.88,,,9.40,,,,0.00,,13.94,,,,,,,,,,34.67,7.75,,,,,,,73.34,,,,,,,,,0.00,,0.00,,,0.00,,,0.00,0.00,67.02
07-14-21,,,,,,,0.00,0.00,18.20,0.00,0.00,,,,0.00,9.86,0.00,13.56,,21.12,29.90,3.20,17.00,,,,0.00,,,1.87,2.05,,,,64.60,,,8.54,,,,0.00,,13.94,,,,,,,,,,34.17,7.67,,,,,,,,,,,,,,,,0.00,,0.00,,,0.00,,,0.00,0.00,64.70
07-15-21,,,,,,,0.00,0.17,17.98,0.00,0.00,,,,0.00,9.45,0.00,14.37,,20.62,30.23,3.24,16.00,,,,0.00,,,1.81,1.76,,,,64.39,,,9.09,,,,0.00,,13.94,,,,,,,,,,33.96,8.43,,,,,,,68.71,,,,,,,,,0.00,,0.00,,,0.00,,,0.00,0.00,63.56
07-16-21,,,,,,,0.00,0.25,17.87,0.00,0.00,,,,0.00,9.78,0.00,14.55,,19.82,29.89,3.02,16.00,,,,0.00,,,,2.00,,,,64.24,,,7.98,,,,0.00,,14.35,,,,,,,,,,38.33,,,,,,,,67.67,,,,,,,,,0.00,,0.00,,,0.00,,,0.00,0.00,65.53
07-17-21,,,,,,,0.00,0.21,17.67,0.00,0.00,,,,0.00,7.77,0.00,13.65,,19.54,30.05,3.28,16.00,,,,0.00,,,1.87,1.34,,,,63.52,,,7.54,,,,0.00,,14.94,,,,,,,,,,42.79,,,,,,,,71.19,,,,,,,,,0.00,,0.00,,,0.00,,,0.00,0.00,64.53
07-18-21,,,,,,,0.00,,17.50,0.00,0.12,,,,0.00,6.35,0.00,13.32,,19.12,29.57,3.42,15.67,,,,,,,0.00,0.00,,,,63.24,,,4.83,,,,0.00,,13.56,,,,,,,,,,41.46,,,,,,,,58.58,,,,,,,,,0.00,,0.00,,,0.00,,,0.00,0.00,60.03
07-19-21,,,,,,,0.00,0.12,17.33,0.00,0.02,,,,0.00,5.81,0.00,12.51,,18.82,29.84,3.40,14.70,,,,0.00,,,1.04,0.00,,,,63.03,,,2.70,,,,0.00,,10.23,,,,,,,,,,40.29,,,,,,,,59.10,,,,,,,,,0.00,,0.00,,,0.00,,,0.00,0.00,53.40
07-20-21,,,,,,,0.00,0.17,16.92,0.00,0.00,,,,0.00,4.60,0.00,13.10,,17.70,29.57,3.28,11.95,,,,0.00,,,0.00,1.03,,5.44,,62.95,,,0.00,,,,0.00,,6.81,,,,,,,,,,37.67,,,,,,,,65.98,,,,,,,,,0.00,,0.00,,,0.00,,,0.00,0.00,52.78
07-21-21,,,,,,,0.00,0.29,16.64,0.00,0.08,,,,0.00,3.31,0.00,12.96,,16.58,28.73,3.09,8.25,,,,0.00,,,0.00,1.20,,2.48,,62.58,,,0.00,,,,0.00,,4.02,,,,,,,,,,35.46,,,,,,,,61.60,,,,,,,,,0.00,,0.00,,,,,,0.00,0.00,52.71
07-22-21,,,,,,,0.00,0.25,16.05,0.00,0.15,,,,0.00,0.68,0.00,13.12,,14.71,27.73,3.08,4.48,,,,0.00,,,0.00,1.48,,0.00,,62.07,,,0.00,,,,0.00,,0.00,,,,,,,,,,34.00,,,,,,,,55.98,,,,,,,,,0.00,,0.00,,,0.00,,,0.00,0.00,
07-23-21,,,,,,,0.00,0.25,15.08,0.00,0.00,,,,0.00,0.00,0.00,13.38,,13.17,28.23,3.12,0.00,,,,0.00,,,1.22,1.54,,0.00,,61.70,,,0.00,,,,0.00,,0.00,,,,,,,,,,33.31,,,,,,,,61.21,,,,,,,,,0.00,,0.00,,,0.00,,,0.00,0.00,
07-24-21,,,,,,,0.00,0.00,15.21,0.00,0.00,,,,0.12,0.32,0.00,14.10,,11.62,28.23,3.09,0.00,,,,0.00,,,1.38,1.35,,0.00,,125.44,,,0.00,,,,0.00,,0.00,,,,,,,,,,33.12,,,,,,,,70.87,,,,,,,,,0.00,,0.00,,,0.00,,,0.00,0.00,
07-25-21,,,,,,,0.00,0.00,14.21,0.00,0.07,,,,0.31,0.58,0.00,14.20,,11.12,27.78,2.99,0.00,,,,,,,2.43,1.53,,0.00,,233.65,,,0.00,,,,181.67,,5.94,,,,,,,,,,,,,,,,,,67.87,,,,,,,,,0.00,,0.00,,,0.00,,,0.00,0.00,
07-26-21,,,,,,,0.00,0.00,13.93,0.00,0.07,,,,0.80,0.45,0.00,13.94,,11.46,27.80,3.54,0.00,,,,0.00,,,2.02,1.36,,0.00,,243.08,,,10.79,,,,147.83,,13.81,,,,,,,,,,48.29,,,,,,,,67.77,,,,,,,,,0.00,,0.00,,,0.00,,,0.00,16.10,
07-27-21,,,,,,,0.00,0.08,13.79,0.00,0.02,,,,0.49,0.31,0.00,13.80,,11.12,27.54,3.20,0.00,,,,0.00,,,1.84,1.14,,0.00,,70.05,,,5.85,,,,12.58,69.11,7.10,,,,,,,,,,48.39,,,,,,,,67.35,,,,,,,,,0.00,,0.00,,,0.00,,,0.00,11.50,70.45
07-28-21,,,,,,0.00,0.00,0.21,13.52,0.00,0.00,,,,0.06,0.18,0.00,13.40,,11.12,27.19,3.38,0.00,,,,0.00,,,1.28,1.24,,0.00,,65.29,,,4.28,,,,8.08,70.38,0.00,,,,,,,,,,49.33,,,,,,,,67.08,,,,,,,,,0.00,,0.00,,,0.00,,,0.00,9.00,69.21
07-29-21,,,,,,,0.00,0.12,13.05,0.00,0.00,,,,0.22,0.00,0.00,12.93,,10.12,26.94,3.25,0.00,,,,0.00,,,1.28,0.00,,0.00,,63.22,,,2.66,,,,2.67,70.83,0.00,,,,,,,,,,48.62,,,,,,,,69.38,,,,,,,,,0.00,,0.00,,,0.00,,,0.00,6.80,68.93
07-30-21,,,,,,,0.00,0.00,12.60,0.00,0.00,,,,0.70,0.00,0.00,12.92,,8.39,27.15,3.15,0.00,,,,0.00,,,1.30,1.29,,0.00,,62.92,,,0.00,,,,0.00,71.14,0.00,,,,,,,,,,47.41,,,,,,,,65.77,,,,,,,,,0.00,,0.00,,,0.00,,,0.00,5.40,
07-31-21,,,,,,,,0.00,12.16,0.00,0.10,,,,0.00,0.00,0.00,11.91,,6.43,26.23,2.89,0.00,,,,0.00,,,1.22,1.40,,0.00,,62.79,,,0.00,,,,0.00,70.33,0.00,,,,,,,,,,44.70,,,,,,,,67.14,,,,,,,,,0.00,,0.00,,,0.00,,,0.00,3.30,71.08
08-01-21,,,,,,,0.00,0.04,11.73,0.00,,,,,0.06,0.00,0.00,12.63,,5.38,26.11,3.26,0.00,,,,,,,0.00,0.00,,0.00,,62.54,,,0.00,,,,0.00,71.00,0.00,,,,,,,,,,43.67,,,,,,,,62.58,,,,,,,,,0.00,,0.00,,,0.00,,,0.00,0.00,
08-02-21,,,,,,,0.00,0.08,10.90,0.00,,,,,0.25,0.00,0.00,11.00,,3.76,26.33,3.33,0.00,,,,0.00,,,0.00,0.00,,0.00,0.00,62.38,,,0.00,,,,0.00,70.32,0.00,,,,,,,,,,41.08,,,,,,,,60.24,,,,,,,,,0.00,,0.00,,,0.00,,,0.00,0.00,61.60
08-03-21,,,,,,,0.00,0.00,10.20,0.00,,,,,0.00,0.00,0.00,8.87,,0.00,25.92,3.02,1.00,,,,0.00,,,0.00,0.00,,0.00,0.00,61.84,,,0.00,,,,0.00,69.91,0.00,,,,,,,,,,38.72,,,,,,,,66.74,,,,,,,,,0.00,,0.00,,,0.00,,,0.00,0.00,61.54
08-04-21,,,,,,,0.05,0.08,9.68,0.00,,,,,0.00,0.00,0.00,2.72,,0.00,25.15,3.14,1.00,,,,0.00,,,0.00,1.14,,0.00,0.00,61.45,,,0.00,,,,0.00,69.78,0.00,,,,,,,,,,36.88,,,,,,,,71.46,,,,,,,,,0.00,,0.00,,,0.00,,,0.00,0.00,56.56
08-05-21,,,,,,,0.00,0.00,8.50,0.00,,,,,0.20,0.00,0.00,0.42,,0.00,24.93,3.21,1.00,,,,0.00,,,0.00,1.10,,0.00,0.00,61.47,,,0.00,,,,0.00,69.61,0.00,,,,,,,,,,33.08,,,,,,,,63.25,,,,,,,,,0.00,,0.00,,,0.00,,,0.00,0.00,
08-06-21,,,,,,,0.00,0.04,7.58,0.00,,,,,0.00,0.00,0.00,0.04,,0.00,23.73,2.91,0.00,,,,0.00,,,0.00,1.34,,0.00,0.00,61.24,,,0.00,,,,0.00,68.88,0.00,,,,,,,,,,28.92,,,,,,,,62.02,,,,,,,,,0.00,,0.00,,,0.00,,,0.00,0.00,
08-07-21,,,,,,,0.00,0.00,7.16,0.00,,,,,0.00,0.23,0.00,0.76,,0.00,22.02,3.04,0.00,,,,0.00,,,0.00,1.53,,0.00,0.00,61.03,,,,,,,0.00,68.46,0.00,,,,,,,,,,27.42,,,,,,,,62.74,,,,,,,,,0.00,,,,,0.00,,,0.00,0.00,75.87
08-08-21,,,,,,,0.00,0.00,5.99,0.00,,,,,0.06,0.21,0.00,1.44,,0.00,22.23,2.96,0.00,,,,7.20,,,1.55,1.82,,0.00,0.00,146.83,,,0.00,,,,0.00,68.00,0.00,,,,,,,,,,28.39,,,,,,,,65.62,,,,,,,,,0.00,,0.00,,,0.00,,,0.00,0.00,73.52
08-09-21,,,,,,,0.00,0.08,5.38,0.00,,,,,0.56,0.58,0.00,0.40,,0.00,22.49,2.52,0.00,,,,0.00,,,0.00,1.70,,0.00,0.00,60.68,,,0.00,,,,0.00,67.58,0.00,,,,,,,,,,27.00,,,,,,,,65.31,,,,,,,,,0.00,,0.00,,,0.00,,,0.00,0.00,72.54
08-10-21,,,,,,0.00,0.00,0.00,4.77,0.00,,,,,0.14,0.45,0.00,0.13,,0.00,21.32,2.46,0.00,,,,0.00,,,0.00,0.00,,0.00,0.00,59.88,,,0.00,,,,0.00,67.67,0.00,,,,,,,,,,25.21,,,,,,,,65.54,,,,,,,,,0.00,,0.00,,,0.00,,,0.00,0.00,70.03
08-11-21,,,,,,0.00,0.00,0.00,4.16,0.00,,,,,0.01,0.27,0.00,0.44,,0.00,20.09,2.55,0.00,,,,0.00,,,0.00,0.00,,0.00,0.00,60.00,,,0.00,,,,0.00,67.67,0.00,,,,,,,,,,23.44,,,,,,,,65.42,,,,,,,,,0.00,,0.00,,,0.00,,,0.00,0.00,69.55
08-12-21,,,,,,0.00,0.00,0.00,3.17,0.00,,,,,0.02,0.42,0.00,0.00,,0.00,19.07,2.17,0.00,,,,0.00,,,0.00,0.00,,0.00,0.00,59.86,,,0.00,,,,0.00,67.17,0.00,,,,,,,,,,22.25,,,,,,,,63.91,,,,,,,,,,,0.00,,,0.00,,,0.00,0.00,66.61
08-13-21,,,,,,0.00,0.00,0.00,2.77,0.00,,,,,0.27,0.27,0.00,0.00,,0.00,18.40,2.22,0.00,,,,0.00,,,0.00,0.00,,0.00,0.00,59.74,,,,,,,0.00,67.48,0.00,,,,,,,,,,20.17,,,,,,,,63.10,,,,,,,,,0.00,,0.00,,,0.00,,,0.00,0.00,61.51
08-14-21,,,,,,0.00,0.00,0.00,2.58,0.00,,,,,0.09,0.00,0.00,0.63,,0.00,19.19,2.20,0.00,,,,0.00,,,0.00,0.00,,0.00,0.00,59.55,,,0.00,,,,0.00,67.12,0.00,,,,,,,,,,19.29,,,,,,,,63.13,,,,,,,,,0.00,,0.00,,,0.00,,,0.00,0.00,58.06
08-15-21,,,,,,0.00,0.00,0.00,6.72,0.00,,,,,0.00,,0.00,1.12,,0.00,15.89,2.46,0.00,,,,,,,0.00,0.00,,0.00,0.00,112.02,,,0.00,,,,0.00,67.22,0.00,,,,,,,,,,19.31,,,,,,,,63.18,,,,,,,,,0.00,,0.00,,,0.00,,,0.00,0.00,56.49
08-16-21,,,,,,0.38,0.00,0.00,6.12,0.00,,,,,0.00,0.08,0.00,0.93,,0.00,15.23,1.67,0.00,,,,0.00,,,0.00,0.00,,0.00,0.00,,,,10.76,,,,38.33,79.70,16.40,,,,,,,,,,29.96,4.25,,,,,,,,,,,,,,,,0.00,,0.00,,,0.00,,,5.99,0.00,57.15
08-17-21,,,,,,0.00,0.00,0.00,4.82,0.00,,,,,0.00,0.68,0.04,0.94,,0.00,,1.77,0.00,,,,0.00,,,0.00,0.00,,0.00,0.00,,,,41.60,,,,203.09,92.86,41.27,,,,,,,,,,34.39,5.45,,,,,,,63.23,,,,,,,,,0.00,,0.00,,,0.00,,,4.43,42.00,63.62
08-18-21,,,,,,0.71,0.00,0.00,3.83,0.00,,,,,0.00,0.14,0.01,1.01,,15.32,,1.40,20.50,,,,0.00,,,17.02,0.00,,1.65,2.10,,,,70.40,,,,191.29,111.77,47.51,,,,,,,,,,45.86,12.58,,,,,,,67.56,,,,,,,,,0.00,,0.00,,,0.00,,,29.89,83.40,63.11
08-19-21,,,,,,0.79,0.00,0.00,3.92,0.00,,,,,0.53,0.68,5.97,6.48,,38.04,87.23,2.00,45.00,,,,0.00,,,51.33,0.00,,10.15,2.90,,,,121.55,,,,177.38,133.79,101.46,,,,,,,,,,76.54,21.25,,,,,,,71.84,,,,,,,,,0.00,,0.00,,,7.02,,,42.62,104.10,72.26
08-20-21,,,,,,0.33,4.27,0.04,13.95,0.00,,,,,0.00,,1.40,,,40.38,94.79,2.33,43.08,,,45.80,0.00,,,5.53,1.41,,10.90,8.83,,,,128.27,,,,148.62,141.57,92.60,,,,,,,,,,103.72,26.38,,,,,,,74.02,,,,,,,,,5.85,,0.00,,,17.62,,,19.64,124.80,70.90
08-21-21,,,,,,0.62,2.54,0.00,13.47,0.00,,,,,0.00,0.00,0.70,6.57,,49.73,76.48,1.08,44.44,,,68.62,0.00,,,12.93,6.18,,15.98,7.73,,,,129.91,,,,118.88,146.46,92.85,,,,,,,,,,123.98,15.61,,,,,,,71.52,,,,,,,,,2.02,,0.00,,,18.79,,,14.84,112.60,70.68
08-22-21,,,,,,0.50,0.00,0.00,6.78,0.00,,,,,0.00,0.00,0.15,3.41,,51.92,60.39,1.52,40.43,,,59.69,,,,6.17,0.00,,17.01,0.00,252.41,,,128.67,,,,125.00,153.90,101.12,,,,,,,,,,140.03,16.79,,,,,,,66.22,,,,,,,,,0.00,,0.00,,,3.82,,,0.00,98.20,
08-23-21,,,,,,,0.00,0.00,,0.00,,,,,0.00,28.02,1.08,9.54,,57.75,60.23,2.80,43.27,,,47.38,0.00,,,1.01,0.00,,18.96,0.00,239.66,,,124.75,,,,176.12,149.38,96.15,,,,,,,,,,134.08,18.25,,,,,,,76.83,,,,,,,,,0.00,,0.00,,,0.00,,,4.99,96.00,72.27
08-24-21,,,,,,0.00,0.00,0.00,,0.06,,,,,0.27,32.28,25.51,154.07,,75.12,59.98,2.71,46.79,,,61.94,0.00,,,11.84,3.72,,22.54,3.71,260.23,,,122.95,,,,155.92,146.54,92.81,,,,,,,,,,128.76,17.86,,,,,,,83.89,,,,,,,,,0.00,,6.90,,,13.91,,,9.52,92.90,72.23
08-25-21,,,,,,0.00,0.00,0.25,,0.82,,,,,1.82,23.41,27.35,134.05,,70.69,59.61,1.88,43.50,,,58.45,0.00,,,13.43,4.48,,24.25,18.60,258.55,,,118.70,,,,108.30,145.25,87.60,,,,,,,,,,139.00,18.25,,,,,,,87.07,,,,,,,,,0.00,,6.00,,,12.97,,,0.00,88.90,71.61
08-26-21,,,,,,0.00,0.00,0.00,,0.04,,,,,3.74,18.90,21.70,31.31,,66.00,59.67,1.80,40.95,,,56.05,0.00,,,11.30,1.50,,42.35,18.00,138.58,,,114.37,,,,105.67,143.50,85.02,,,,,,,,,,143.62,18.25,,,,,,,74.70,,,,,,,,,0.00,,0.00,,,10.25,,,0.00,86.80,73.44
08-27-21,,,,,,0.00,0.00,0.00,,0.03,,,,,3.02,16.02,17.89,27.82,,62.62,59.23,2.00,39.23,,,53.75,0.00,,,5.16,0.00,,22.12,12.69,130.81,,,110.25,,,,102.50,141.42,82.94,,,,,,,,,,141.58,17.88,,,,,,,73.60,,,,,,,,,0.00,,0.00,,,11.67,,,0.00,84.10,76.05
08-28-21,,,,,,0.00,0.00,0.00,,,,,,,0.06,,14.05,24.26,,65.17,58.48,1.92,40.71,,,,0.00,,,2.28,7.58,,19.10,9.46,210.52,,,106.70,,,,,,82.69,,,,,,,,,,136.79,16.83,,,,,,,84.33,,,,,,,,,0.00,,0.00,,,8.36,,,0.00,78.00,77.48
08-29-21,,,,,,0.00,0.00,0.00,,0.02,,,,,0.00,,11.67,19.54,,61.25,57.44,1.75,36.86,,,53.44,,,,0.00,10.39,,15.18,4.08,124.17,,,98.70,,,,95.58,142.04,75.65,,,,,,,,,,127.29,12.00,,,,,,,82.26,,,,,,,,,0.00,,0.00,,,11.35,,,0.00,71.00,77.02
08-30-21,,,,,,0.00,0.00,0.00,,0.03,,,,,0.00,,10.87,17.23,,53.96,55.23,1.70,32.90,,,47.54,0.00,,,0.00,1.81,,12.68,0.00,121.55,,,92.95,,,,89.00,139.46,70.90,,,,,,,,,,121.58,7.73,,,,,,,72.13,,,,,,,,,0.00,,0.00,,,7.88,,,0.00,62.90,77.31
08-31-21,,,,,,0.00,0.00,0.17,,0.06,,,,,0.00,,10.28,15.81,,50.71,53.73,2.00,30.55,,,44.72,0.00,,,0.00,0.00,,11.10,0.00,120.52,,,90.41,,,,82.71,137.21,68.40,,,,,,,,,,118.08,5.64,,,,,,,72.25,,,,,,,,,0.00,,0.00,,,7.63,,,0.00,57.50,75.60
09-01-21,,,,,,4.92,6.66,11.60,,2.29,,,,,9.47,,23.20,21.13,,58.25,53.23,2.09,29.00,,,,0.00,,,3.91,0.00,,9.25,0.00,118.56,,,88.12,,,,78.08,136.00,65.94,,,,,,,,,,115.46,3.54,,,,,,,72.87,,,,,,,,,4.98,,3.30,,,5.46,,,0.00,52.30,75.32
09-02-21,,,,,,3.25,14.36,11.00,,1.16,,,,,4.02,17.18,21.96,25.40,,64.92,53.06,1.81,28.14,,,45.76,1.62,,,0.00,,,7.89,0.00,123.69,,,84.45,,,,72.17,134.92,62.19,,,,,,,,,,113.08,0.38,,,,,,,72.51,,,,,,,,,11.14,,7.80,,,4.83,,,0.00,47.50,74.91
09-03-21,,,,,,0.12,9.86,4.62,,0.00,,,,,2.27,14.02,18.24,22.11,,55.38,51.94,1.75,25.48,,,43.17,0.00,,,0.00,0.00,,6.09,0.00,117.31,,,80.93,,,,66.79,133.96,58.40,,,,,,,,,,110.46,0.00,,,,,,,71.85,,,,,,,,,3.14,,4.10,,,4.59,,,0.00,42.90,74.80
09-04-21,,,,,,0.00,0.00,2.29,,0.13,,,,,0.39,,16.54,21.46,,52.17,51.73,1.89,23.64,,,40.89,0.00,,,0.00,0.00,,2.55,0.00,116.11,,,77.98,,,,62.96,133.00,56.27,,,,,,,,,,107.88,0.00,,,,,,,70.91,,,,,,,,,0.00,,2.10,,,3.18,,,0.00,39.90,74.47
09-05-21,,,,,,0.00,0.00,0.67,,0.00,,,,,0.00,10.68,14.92,21.07,,50.62,50.54,1.87,23.00,,,38.30,,,,0.00,0.00,,0.00,0.00,115.75,,,75.50,,,,59.35,132.00,53.59,,,,,,,,,,104.89,0.00,,,,,,,69.11,,,,,,,,,0.00,,0.00,,,4.23,,,0.00,37.60,74.21
09-06-21,,,,,,0.00,0.00,0.21,,0.09,,,,,0.00,,14.37,20.54,,49.65,50.23,1.96,21.58,,,36.85,0.00,,,0.00,0.00,,0.00,0.00,114.14,,,74.33,,,,56.83,131.21,51.33,,,,,,,,,,,0.64,,,,,,,69.40,,,,,,,,,0.00,,0.00,,,0.00,,,0.00,35.20,72.94
09-07-21,,,,,,0.00,0.00,0.33,,0.11,,,,,0.00,,14.15,23.76,,51.54,50.71,2.07,24.79,,,36.44,0.00,,,0.00,0.00,,0.00,0.00,161.54,,,72.45,,,,,128.87,52.81,,,,,,,,,,104.81,9.50,,,,,,,68.55,,,,,,,,,0.00,,0.00,,,0.00,,,0.00,35.00,72.03
09-08-21,,,,,,0.00,0.00,0.29,,0.16,,,,,0.00,9.41,10.66,27.52,,53.00,49.71,2.09,27.79,,,35.33,0.00,,,0.00,0.00,,8.69,4.65,113.10,,,71.33,,,,51.67,127.96,49.98,,,,,,,,,,100.68,6.33,,,,,,,66.53,,,,,,,,,0.00,,0.00,,,18.51,,,0.00,36.20,68.48
09-09-21,,,,,,0.00,0.00,0.17,,0.04,,,,,0.00,9.27,8.43,26.83,,50.29,50.45,,21.96,,,32.15,0.00,,,0.00,0.00,,3.00,0.00,113.60,,,69.08,,,,48.58,128.67,45.52,,,,,,,,,,100.76,3.25,,,,,,,67.41,,,,,,,,,0.00,,0.00,,,14.48,,,0.00,34.00,63.87
09-10-21,,,,,,0.00,0.00,0.50,,0.08,,,,,0.00,7.31,7.30,,,47.88,49.23,2.06,18.29,,,27.09,0.00,,,0.00,0.00,,0.00,0.00,112.07,,,66.45,,,,44.08,127.46,42.27,,,,,,,,,,97.54,0.00,,,,,,,67.98,,,,,,,,,0.00,,0.00,,,11.22,,,0.00,30.90,62.30
09-11-21,,,,,,0.35,0.00,0.00,,,,,,,0.00,5.47,5.82,,,45.21,46.63,2.07,16.00,,,23.75,0.00,,,0.00,,,0.00,0.00,120.31,,,65.00,,,,95.58,126.43,39.46,,,,,,,,,,96.08,0.00,,,,,,,73.31,,,,,,,,,0.00,,0.00,,,7.27,,,0.00,28.10,61.96
09-12-21,,,,,,0.35,0.00,0.17,,0.04,,,,,0.17,5.59,5.62,,,53.84,108.09,1.69,27.09,,,25.57,5.65,,,,0.00,,7.51,2.71,,,,86.98,,,,76.67,144.27,67.42,,,,,,,,,,145.78,19.35,,,,,,,82.43,,,,,,,,,0.00,,0.00,,,10.54,,,0.00,45.10,61.98
09-13-21,,,,,,0.25,0.00,0.25,,0.20,,,,,0.00,5.89,5.20,,,51.98,131.23,2.17,24.70,,,25.17,0.00,,,0.00,0.00,,11.11,10.42,195.57,,,112.32,,,,,167.30,94.26,,,,,,,,,,159.72,31.25,,,,,,,80.55,,,,,,,,,0.00,,0.00,,,13.39,,,0.00,62.00,63.39
09-14-21,,,,,,0.00,0.00,0.00,,0.07,,,,,0.00,5.12,4.93,,,50.62,79.44,2.41,25.91,,,30.75,0.00,,,0.00,,,16.07,10.48,121.58,,,109.91,,,,85.96,163.54,87.10,,,,,,,,,,151.94,31.47,,,,,,,83.82,,,,,,,,,0.00,,0.00,,,17.04,,,0.00,52.30,61.39
09-15-21,,,,,,0.00,0.00,0.00,,0.12,,,,,0.00,4.81,4.71,,,49.21,78.19,2.39,22.36,,,29.09,0.00,,,0.00,0.00,,12.33,2.65,120.60,,,103.16,,,,78.42,160.17,80.60,,,,,,,,,,148.62,27.17,,,,,,,92.57,,,,,,,,,0.00,,0.00,,,15.40,,,0.00,46.10,59.69
09-16-21,,,,,,0.00,0.00,0.00,,0.07,,,,,0.00,2.77,3.83,,,46.86,76.69,2.17,18.65,,,26.78,0.00,,,0.00,0.00,,8.62,0.00,119.39,,,96.04,,,,67.62,156.92,72.90,,,,,,,,,,141.92,21.50,,,,,,,87.94,,,,,,,,,0.00,,0.00,,,14.99,,,0.00,37.70,63.98
09-17-21,,,,,,0.00,0.02,0.00,,0.02,,,,,0.00,0.00,1.61,,,43.83,75.58,2.13,16.00,,,24.31,0.00,,,0.00,0.00,,4.30,0.00,117.97,,,90.66,,,,56.75,153.92,63.98,,,,,,,,,,133.94,16.33,,,,,,,96.00,,,,,,,,,0.00,,0.00,,,13.31,,,0.00,32.90,68.33
09-18-21,,,,,,0.00,0.00,0.00,,0.05,,,,,0.00,0.00,0.11,,,40.52,74.65,2.04,13.29,,,21.73,0.00,,,0.00,0.00,,1.14,0.00,116.65,,,86.00,,,,48.92,151.38,54.94,,,,,,,,,,129.92,12.46,,,,,,,98.73,,,,,,,,,0.00,,0.00,,,12.76,,,0.00,29.60,67.39
09-19-21,,,,,,0.00,0.00,0.12,,0.06,,,,,0.00,0.23,0.30,,,37.50,74.03,2.11,10.32,,,19.50,,,,0.00,0.00,,0.00,0.00,130.14,,,83.66,,,,43.67,149.38,49.94,,,,,,,,,,127.06,10.09,,,,,,,97.00,,,,,,,,,0.00,,0.00,,,10.93,,,0.00,24.70,66.79
09-20-21,,,,,,0.00,0.00,0.04,,0.08,,,,,0.00,0.00,0.16,,,34.83,72.69,2.20,6.73,,,17.54,0.00,,,1.24,0.00,,0.00,0.00,114.85,,,81.76,,,,37.67,148.04,48.44,,,,,,,,,,125.71,9.42,,,,,,,93.54,,,,,,,,,0.00,,0.00,,,9.75,,,0.00,21.90,66.14
09-21-21,,,,,,0.00,0.00,0.00,,0.00,,,,,0.00,0.00,0.17,,,30.88,71.94,2.25,2.64,,,14.59,0.00,,,0.00,0.00,,0.00,0.00,113.91,,,78.41,,,,30.54,146.54,44.10,,,,,,,,,,121.83,6.70,,,,,,,90.23,,,,,,,,,0.00,,0.00,,,9.70,,,0.00,17.80,55.86
09-22-21,,,,,,0.00,0.00,0.00,,0.07,,,,,0.00,0.00,0.00,,,26.99,70.73,2.25,0.00,,,10.69,0.00,,,1.01,0.00,,0.00,0.00,111.87,,,77.87,,,,22.17,144.83,41.48,,,,,,,,,,116.09,3.44,,,,,,,87.74,,,,,,,,,0.00,,0.00,,,6.05,,,0.00,13.80,48.46
09-23-21,,,,,,0.00,0.00,,,0.02,,,,,0.00,0.00,0.00,,,22.42,69.57,2.26,0.00,,,7.93,0.00,,,0.00,0.00,,0.00,0.00,110.08,,,75.12,,,,12.50,143.26,37.56,,,,,,,,,,113.38,0.42,,,,,,,83.58,,,,,,,,,0.00,,0.00,,,6.26,,,0.00,9.10,46.31
09-24-21,,,,,,0.00,0.00,0.12,,0.00,,,,,0.00,0.16,0.00,,,14.83,68.11,2.25,0.00,,,2.15,0.00,,,0.00,,,0.00,0.00,107.03,,,72.00,,,,0.00,141.08,31.15,,,,,,,,,,109.29,0.00,,,,,,,65.77,,,,,,,,,0.00,,0.00,,,5.72,,,0.00,4.00,33.46
09-25-21,,,,,,0.00,0.00,0.17,,0.00,,,,,0.00,0.36,0.00,,,6.79,65.73,1.94,0.00,,,0.00,0.00,,,0.00,0.00,,0.00,0.00,102.98,,,68.91,,,,0.00,138.96,24.98,,,,,,,,,,106.17,0.00,,,,,,,61.23,,,,,,,,,0.00,,0.00,,,0.00,,,0.00,0.00,3.73
09-26-21,,,,,,0.00,,0.00,,0.00,,,,,0.00,0.00,0.00,,,0.00,64.23,1.99,0.00,,,0.00,,,,0.00,0.00,,0.00,0.00,101.13,,,65.91,,,,0.00,136.75,20.23,,,,,,,,,,101.67,0.33,,,,,,,61.85,,,,,,,,,0.00,,0.00,,,0.00,,,0.00,0.00,13.04
09-27-21,,,,,,0.00,0.00,0.00,,0.00,,,,,0.00,0.07,0.04,,,0.00,63.23,1.98,0.00,,,0.00,0.00,,,0.00,0.00,,0.00,0.00,99.07,,,63.33,,,,0.00,135.17,14.69,,,,,,,,,,99.96,0.08,,,,,,,63.92,,,,,,,,,0.00,,0.00,,,0.00,,,0.00,0.00,11.51
09-28-21,,,,,,0.00,0.00,,,0.00,,,,,0.00,0.23,0.00,,,0.00,61.73,2.01,0.00,,,0.00,0.00,,,0.00,0.00,,0.00,0.00,96.74,,,59.50,,,,0.00,134.25,9.85,,,,,,,,,,97.46,0.25,,,,,,,74.36,,,,,,,,,0.00,,0.00,,,0.00,,,0.00,0.00,8.12
09-29-21,,,,,,0.00,0.00,0.00,,0.02,,,,,0.00,0.02,0.00,,,0.00,60.11,1.88,0.00,,,0.00,0.00,,,0.00,0.00,,0.00,0.00,94.94,,,58.24,,,,0.00,132.67,5.40,,,,,,,,,,94.88,0.83,,,,,,,76.20,,,,,,,,,0.00,,0.00,,,0.00,,,0.00,0.00,24.67
09-30-21,,,,,,0.38,0.00,,,0.00,,,,,0.00,0.35,0.00,,,0.00,58.82,1.90,0.00,,,0.00,0.00,,,0.00,0.00,,0.00,0.00,94.04,,,57.00,,,,0.00,132.00,3.23,,,,,,,,,,95.75,1.04,,,,,,,80.18,,,,,,,,,0.00,,0.00,,,0.00,,,0.00,0.00,27.67
10-01-21,,,,,,0.00,0.00,0.00,,0.04,,,,,0.00,0.25,0.00,,,0.00,57.98,1.91,0.00,,,0.00,0.00,,,0.00,0.00,,0.00,0.00,106.36,,,53.37,,,,0.00,131.54,0.00,,,,,,,,,,,1.40,,,,,,,87.00,,,,,,,,,0.00,,0.00,,,0.00,,,0.00,0.00,28.53
10-02-21,,,,,,0.00,0.00,0.00,,0.26,,,,,0.00,0.33,0.08,,,0.00,57.82,1.89,0.00,,,,0.00,,,1.13,0.00,,,,140.68,,,50.23,,,,0.00,130.50,0.00,,,,,,,,,,,6.50,,,,,,,87.96,,,,,,,,94.05,0.00,,0.00,,,0.00,,,0.00,0.00,30.47
10-03-21,,,,,,0.00,0.00,0.04,,0.31,,,,,0.00,0.31,0.12,,,0.00,57.11,2.03,0.00,,,0.00,,,,0.00,6.18,,0.00,0.00,91.31,,,46.83,,,,0.00,129.38,0.00,,,,,,,,,,,3.71,,,,,,,91.51,,,,,,,,88.75,0.00,,0.00,,,0.00,,,0.00,0.00,28.19
10-04-21,,,,,,0.00,0.00,0.00,,0.00,,,,,0.00,0.36,0.00,,,0.00,56.78,1.98,0.00,,,0.00,0.00,,,0.00,0.00,,0.00,0.00,90.18,,,43.87,,,,0.00,127.46,0.00,,,,,,,,,,,0.54,,,,,,,92.56,,,,,,,,84.25,0.00,,0.00,,,0.00,,,0.00,0.00,24.64
10-05-21,,,,,,0.00,0.00,0.12,,0.20,,,,,0.04,0.20,0.00,,,0.00,55.65,2.15,0.00,,,0.00,0.00,,,0.00,0.00,,0.00,,88.51,,,41.04,,,,0.00,126.00,0.00,,,,,,,,,,,0.58,,,,,,,94.25,,,,,,,,83.35,0.00,,0.00,,,0.00,,,0.00,0.00,24.07
10-06-21,,,,,,0.00,0.00,0.00,,0.12,,,,,,0.00,0.00,,,0.00,54.03,2.09,0.00,,,0.00,0.00,,,0.00,0.00,,0.00,0.00,86.38,,,36.70,,,,0.00,124.67,0.00,,,,,,,,,,,0.48,,,,,,,95.16,,,,,,,,80.85,0.00,,0.00,,,0.00,,,0.00,0.00,22.74
10-07-21,,,,,,0.00,0.00,0.00,,0.01,,,,,0.00,0.18,0.00,,,0.00,51.58,2.20,0.00,,,0.00,0.00,,,0.00,0.00,,0.00,0.00,84.01,,,31.66,,,,0.00,121.88,0.00,,,,,,,,,,,0.48,,,,,,,94.98,,,,,,,,77.85,0.00,,0.00,,,0.00,,,0.00,0.00,19.20
10-08-21,,,,,,0.00,0.03,0.00,,0.03,,,,,0.00,0.18,0.00,,,0.00,50.40,2.17,0.00,,,0.00,0.00,,,1.14,0.00,,0.00,0.00,81.60,,,24.50,,,,0.00,120.27,0.00,,,,,,,,,,,1.00,,,,,,,90.13,,,,,,,,74.65,0.00,,0.00,,,0.00,,,0.00,0.00,9.60
10-09-21,,,,,,0.00,0.00,0.00,,0.11,,,,,0.00,0.30,0.00,,,0.00,47.11,2.22,0.00,,,0.00,0.00,,,0.00,0.00,,0.00,0.00,77.08,,,22.45,,,,0.00,118.08,0.00,,,,,,,,,,,0.09,,,,,,,83.95,,,,,,,,69.35,,,0.00,,,0.00,,,3.95,0.00,2.17
10-10-21,,,,,,0.00,0.00,0.00,,0.05,,,,,,0.05,0.00,,,0.00,43.15,2.18,0.00,,,0.00,,,,0.00,0.00,,0.00,0.00,71.12,,,16.29,,,,0.00,114.62,0.00,,,,,,,,,,,0.00,,,,,,,76.68,,,,,,,,65.95,0.00,,0.00,,,0.00,,,3.38,0.00,0.00
10-11-21,,,,,,0.00,0.03,0.00,,0.11,,,,,,0.00,0.00,,,0.00,40.78,,0.00,,,0.00,0.00,,,0.00,0.00,,0.00,,66.57,,,11.91,,,,0.00,111.42,0.00,,,,,,,,,,,0.00,,,,,,,74.85,,,,,,,,62.85,0.00,,0.00,,,0.00,,,0.00,0.00,0.00
10-12-21,,,,,,0.00,0.00,0.00,,0.00,,,,,,0.00,0.00,,,0.00,35.65,,0.00,,,0.00,0.00,,,0.00,0.00,,0.00,0.00,63.02,,,7.20,,,,0.00,108.79,0.00,,,,,,,,,,,0.38,,,,,,,73.68,,,,,,,,61.65,0.00,,0.00,,,0.00,,,0.00,0.00,0.00
10-13-21,,,,,,0.00,0.00,0.00,,0.04,,,,,0.04,0.23,0.00,,,0.00,33.69,2.07,0.00,,,0.00,0.00,,,0.00,0.00,,0.00,0.00,60.97,,,0.00,,,,0.00,106.67,0.00,,,,,,,,,,,1.30,,,,,,,72.08,,,,,,,,59.55,0.00,,0.00,,,0.00,,,0.00,0.00,
10-14-21,,,,,,0.00,0.00,0.00,,0.27,,,,,0.00,0.33,0.21,,,0.00,38.62,1.95,0.00,,,0.00,0.00,,,2.45,0.00,,0.00,3.95,,,,4.90,,,,51.80,112.20,4.22,,,,,,,,,,,6.20,,,,,,,74.45,,,,,,,,,0.00,,0.00,,,0.00,,,,,0.00
10-15-21,,,,,,0.00,0.00,0.00,,0.16,,,,,0.00,0.05,0.06,,,0.00,41.36,1.59,0.00,,,0.00,0.00,,,1.83,0.00,,,2.10,68.07,,,3.12,,,,4.23,110.12,2.58,,,,,,,,,,,5.29,,,,,,,71.94,,,,,,,,59.75,0.00,,0.00,,,0.00,,,0.00,0.00,0.00
10-16-21,,,,,,0.00,0.00,0.00,,0.08,,,,,0.00,0.00,0.00,,,0.00,39.07,1.43,0.00,,,0.00,0.00,,,1.32,0.00,,0.00,0.00,64.67,,,0.00,,,,0.00,108.25,0.00,,,,,,,,,,,1.09,,,,,,,71.66,,,,,,,,60.95,0.00,,0.00,,,0.00,,,0.00,0.00,0.00
10-17-21,,,,,,0.00,0.06,0.00,,0.21,,,,,0.00,0.00,0.01,,,0.00,36.98,1.35,0.00,,,0.00,,,,0.00,0.00,,0.00,0.00,62.18,,,0.00,,,,0.00,106.42,0.00,,,,,,,,,,,0.33,,,,,,,71.68,,,,,,,,58.25,0.00,,0.00,,,0.00,,,0.00,0.00,0.00
10-18-21,,,,,,0.00,0.00,0.00,,0.16,,,,,0.00,0.00,0.00,,,0.00,33.90,1.46,0.00,,,0.00,0.00,,,0.00,0.00,,0.00,0.00,58.78,,,0.00,,,,0.00,104.50,0.00,,,,,,,,,,,0.00,,,,,,,65.01,,,,,,,,49.35,0.00,,0.00,,,0.00,,,0.00,0.00,0.00
10-19-21,,,,,,0.00,0.00,0.00,,0.00,,,,,0.00,0.09,0.00,,,0.00,28.94,1.45,0.00,,,0.00,0.00,,,0.00,,,0.00,0.00,52.53,,,0.00,,,,0.00,101.62,0.00,,,,,,,,,,,0.00,,,,,,,55.90,,,,,,,,40.95,0.00,,0.00,,,0.00,,,0.00,0.00,0.00
10-20-21,,,,,,0.00,0.00,0.00,,0.00,,,,,0.00,0.00,0.04,,,0.00,23.48,1.39,0.00,,,0.00,0.00,,,0.00,0.00,,0.00,0.00,46.12,,,0.00,,,,0.00,98.79,0.00,,,,,,,,,,,0.25,,,,,,,46.07,,,,,,,,32.25,0.00,,0.00,,,0.00,,,0.00,0.00,0.00
10-21-21,,,,,,0.00,0.06,0.00,,0.23,,,,,0.00,0.06,0.00,,,0.00,18.78,1.40,0.00,,,0.00,0.00,,,0.00,0.00,,0.00,0.00,41.17,,,0.00,,,,0.00,96.08,0.00,,,,,,,,,,,0.55,,,,,,,47.01,,,,,,,,,0.00,,0.00,,,0.00,,,0.00,0.00,0.00
10-22-21,,,,,,0.26,0.00,0.00,,0.15,,,,,,0.29,0.00,,,0.00,15.15,1.45,0.00,,,0.00,0.00,,,0.00,0.00,,,0.00,72.34,,,0.00,,,,0.00,94.00,0.00,,,,,,,,,,,0.96,,,,,,,46.65,,,,,,,,24.85,0.00,,0.00,,,0.00,,,0.00,0.00,0.00
10-23-21,,,,,,0.00,0.08,0.00,,0.20,,,,,0.08,0.16,0.08,,,0.00,12.51,1.57,0.00,,,0.00,0.00,,,0.00,0.00,,0.00,0.00,91.48,,,0.00,,,,0.00,92.00,0.00,,,,,,,,,,,1.05,,,,,,,47.34,,,,,,,,,0.00,,0.00,,,0.00,,,0.00,0.00,0.00
10-24-21,,,,,,0.00,0.00,0.00,,0.02,,,,,0.00,0.00,0.00,,,0.00,6.03,1.95,0.00,,,0.00,,,,1.06,0.00,,0.00,0.00,22.12,,,0.00,,,,0.00,88.50,0.00,,,,,,,,,,,0.09,,,,,,,52.25,,,,,,,,,0.00,,0.00,,,0.00,,,0.00,0.00,0.00
10-25-21,,,,,,0.00,0.05,0.04,,0.02,,,,,0.00,0.00,0.08,,,0.00,0.00,2.15,0.00,,,0.00,0.00,,,0.00,0.00,,0.00,0.00,8.30,,,0.00,,,,0.00,85.00,0.00,,,,,,,,,,,0.29,,,,,,,53.45,,,,,,,,,,,0.00,,,0.00,,,0.00,0.00,0.00
10-26-21,,,,,,0.00,0.07,0.00,,0.00,,,,,,0.00,0.02,,,0.00,,2.30,0.00,,,0.00,0.00,,,0.00,0.00,,0.00,0.00,0.00,,,0.00,,,,0.00,81.29,0.00,,,,,,,,,,,0.00,,,,,,,54.70,,,,,,,,62.85,0.00,,0.00,,,0.00,,,0.00,0.00,0.00
10-27-21,,,,,,0.00,0.08,0.00,,0.07,,,,,0.00,0.00,0.05,,,0.00,0.00,1.56,0.00,,,0.00,0.00,,,0.00,0.00,,0.00,0.00,0.00,,,0.00,,,,0.00,77.25,0.00,,,,,,,,,,,0.00,,,,,,,40.98,,,,,,,,55.75,0.00,,0.00,,,0.00,,,0.00,0.00,0.00
10-28-21,,,,,,0.00,0.00,0.21,,0.05,,,,,0.00,0.13,0.01,,,0.00,0.00,1.55,0.00,,,,0.00,,,0.00,0.00,,0.00,0.00,0.00,,,0.00,,,,0.00,73.00,0.00,,,,,,,,,,,0.00,,,,,,,19.48,,,,,,,,40.85,0.00,,0.00,,,0.00,,,0.00,0.00,0.00
10-29-21,,,,,,0.00,0.00,0.04,,0.00,,,,,0.00,0.00,0.00,,,0.00,0.00,1.47,0.00,,,0.00,0.00,,,,0.00,,0.00,0.00,0.00,,,0.00,,,,0.00,68.67,0.00,,,,,,,,,,,0.00,,,,,,,0.00,,,,,,,,29.65,0.00,,0.00,,,0.00,,,0.00,0.00,0.00
10-30-21,,,,,,0.00,0.15,0.00,,0.00,,,,,0.00,0.00,0.00,,,0.00,0.00,1.49,0.00,,,0.00,0.00,,,0.00,0.00,,0.00,0.00,0.00,,,0.00,,,,0.00,64.50,0.00,,,,,,,,,,,0.00,,,,,,,0.00,,,,,,,,26.95,0.00,,0.00,,,0.00,,,0.00,0.00,0.00
10-31-21,,,,,,0.00,0.08,0.00,,0.00,,,,,0.00,0.00,0.08,,,0.00,0.00,1.33,0.00,,,0.00,,,,0.00,0.00,,0.00,0.00,0.00,,,0.00,,,,0.00,59.08,0.00,,,,,,,,,,,0.00,,,,,,,0.00,,,,,,,,22.35,0.00,,0.00,,,0.00,,,0.00,0.00,0.00
11-01-21,,,,,,0.00,0.00,,,0.21,,,,,0.00,0.00,0.01,,,0.00,0.00,1.38,0.00,,,0.00,0.00,,,0.00,0.00,,0.00,0.00,0.00,,,0.00,,,,0.00,53.00,0.00,,,,,,,,,,,0.00,,,,,,,0.00,,,,,,,,15.75,0.00,,0.00,,,0.00,,,0.00,0.00,0.00
11-02-21,,,,,,0.00,0.09,0.00,,0.10,,,,,0.00,0.00,0.12,,,0.00,0.00,1.34,0.00,,,0.00,0.00,,,0.00,0.00,,0.00,0.00,0.00,,,0.00,,,,0.00,47.48,0.00,,,,,,,,,,,0.09,,,,,,,0.00,,,,,,,,8.65,0.00,,0.00,,,0.00,,,0.00,0.00,0.00
11-03-21,,,,,,0.00,0.04,0.00,,0.00,,,,,0.00,0.00,0.01,,,0.00,,1.34,0.00,,,0.00,0.00,,,0.00,0.00,,0.00,0.00,0.00,,,0.00,,,,0.00,0.00,0.00,,,,,,,,,,,1.00,,,,,,,11.76,,,,,,,,6.15,0.00,,0.00,,,0.00,,,0.00,0.00,0.00
11-04-21,,,,,,0.00,0.00,0.00,,0.16,,,,,0.00,0.05,0.12,,,0.00,0.00,1.32,0.00,,,0.00,0.00,,,0.00,0.00,,,0.00,,,,0.00,,,,0.00,0.00,0.00,,,,,,,,,,,1.75,,,,,,,36.20,,,,,,,,5.95,0.00,,0.00,,,0.00,,,0.00,0.00,0.00
11-05-21,,,,,,0.00,0.06,0.00,,0.29,,,,,0.00,0.12,0.04,,,0.00,0.00,,0.00,,,0.00,0.00,,,0.00,0.00,,0.00,0.00,0.00,,,0.00,,,,0.00,0.00,0.00,,,,,,,,,,,0.65,,,,,,,28.08,,,,,,,,5.75,0.00,,0.00,,,0.00,,,3.09,0.00,0.00
11-06-21,,,,,,0.00,0.01,0.00,,0.22,,,,,0.00,0.00,0.04,,,0.00,0.00,1.33,0.00,,,0.00,0.00,,,0.00,0.00,,0.00,0.00,0.00,,,0.00,,,,0.00,0.00,0.00,,,,,,,,,,,0.29,,,,,,,13.94,,,,,,,,5.85,0.00,,0.00,,,0.00,,,0.00,0.00,0.00
11-07-21,,,,,,0.00,0.13,0.00,,0.25,,,,,0.00,0.00,0.02,,,0.00,0.00,1.39,0.00,,,0.00,,,,0.00,0.00,,0.00,0.00,0.00,,,0.00,,,,0.00,0.00,0.00,,,,,,,,,,,0.58,,,,,,,0.00,,,,,,,,0.00,0.00,,0.00,,,0.00,,,0.00,0.00,0.00
11-08-21,,,,,,0.00,0.02,0.00,,0.02,,,,,0.00,0.00,0.06,,,0.00,0.00,1.47,0.00,,,,0.00,,,0.00,0.00,,0.00,0.00,0.00,,,0.00,,,,0.00,0.00,0.00,,,,,,,,,,,0.38,,,,,,,0.00,,,,,,,,0.00,0.00,,0.00,,,0.00,,,0.00,0.00,0.00
11-09-21,,,,,,0.00,0.00,0.00,,0.00,,,,,0.00,0.00,0.02,,,0.00,0.00,1.37,0.00,,,0.00,0.00,,,0.00,0.00,,0.00,0.00,0.00,,,0.00,,,,0.00,0.00,0.00,,,,,,,,,,,0.17,,,,,,,0.00,,,,,,,,0.00,0.00,,0.00,,,0.00,,,0.00,0.00,0.00
11-10-21,,,,,,0.00,0.00,0.00,,0.32,,,,,0.00,0.00,0.07,,,0.00,0.00,1.43,0.00,,,0.00,0.00,,,0.00,0.00,,0.00,0.00,0.00,,,0.00,,,,0.00,0.00,0.00,,,,,,,,,,,0.65,,,,,,,,,,,,,,,0.00,0.00,,0.00,,,0.00,,,0.00,0.00,0.00
11-11-21,,,,,,0.00,0.00,0.00,,0.19,,,,,0.00,0.00,0.00,,,0.00,0.00,1.54,0.00,,,0.00,0.00,,,0.00,0.00,,0.00,0.00,0.00,,,0.00,,,,0.00,0.00,0.00,,,,,,,,,,,0.42,,,,,,,0.00,,,,,,,,0.00,0.00,,0.00,,,0.00,,,0.00,0.00,0.00
11-12-21,,,,,,0.00,0.12,0.00,,0.09,,,,,0.00,0.00,0.02,,,0.00,0.00,1.49,0.00,,,0.00,0.00,,,0.00,0.00,,0.00,0.00,0.00,,,0.00,,,,0.00,0.00,0.00,,,,,,,,,,,0.75,,,,,,,0.00,,,,,,,,0.00,0.00,,0.00,,,0.00,,,0.00,0.00,0.00
11-13-21,,,,,,0.00,0.02,0.00,,0.05,,,,,0.00,0.22,0.02,,,0.00,0.00,1.38,0.00,,,0.00,0.00,,,0.00,0.00,,0.00,0.00,,,,0.00,,,,0.00,0.00,0.00,,,,,,,,,,,1.00,,,,,,,0.00,,,,,,,,0.00,0.00,,0.00,,,0.00,,,0.00,0.00,0.00
11-14-21,,,,,,0.00,0.00,0.00,,0.21,,,,,0.00,0.09,0.00,,,0.00,0.00,1.57,0.00,,,0.00,,,,0.00,0.00,,0.00,0.00,0.00,,,0.00,,,,,0.00,0.00,,,,,,,,,,,0.58,,,,,,,11.12,,,,,,,,0.00,0.00,,0.00,,,0.00,,,0.00,0.00,0.00
11-15-21,,,,,,0.00,0.00,0.00,,0.26,,,,,0.00,0.04,0.14,,,0.00,0.00,1.39,0.00,,,0.00,0.00,,,0.00,0.00,,0.00,0.00,0.00,,,0.00,,,,0.00,0.00,0.00,,,,,,,,,,,1.12,,,,,,,21.92,,,,,,,,0.00,0.00,,0.00,,,0.00,,,0.00,0.00,0.00
11-16-21,,,,,,0.00,0.00,0.00,,0.21,,,,,0.00,,0.10,,,,0.00,1.99,0.00,,,0.00,0.00,,,0.00,0.00,,0.00,0.00,0.00,,,0.00,,,,0.00,0.00,0.00,,,,,,,,,,,0.50,,,,,,,9.57,,,,,,,,0.00,0.00,,0.00,,,0.00,,,0.00,0.00,0.00
11-17-21,,,,,,0.00,0.00,0.00,,0.41,,,,,0.00,0.00,0.10,,,0.00,0.00,2.12,0.00,,,0.00,0.00,,,0.00,0.00,,0.00,0.00,0.00,,,0.00,,,,0.00,0.00,0.00,,,,,,,,,,,0.08,,,,,,,0.00,,,,,,,,0.00,0.00,,0.00,,,0.00,,,0.00,0.00,0.00
11-18-21,,,,,,0.00,0.00,0.00,,0.32,,,,,0.00,0.00,0.01,,,0.00,0.00,1.50,0.00,,,0.00,0.00,,,0.00,0.00,,0.00,0.00,0.00,,,0.00,,,,0.00,0.00,0.00,,,,,,,,,,,0.08,,,,,,,0.00,,,,,,,,0.00,0.00,,0.00,,,0.00,,,0.00,0.00,0.00
11-19-21,,,,,,0.00,0.06,0.00,,0.02,,,,,0.06,0.00,0.06,,,0.00,0.00,1.45,0.00,,,0.00,0.00,,,0.00,0.00,,0.00,0.00,0.00,,,0.00,,,,0.00,0.00,0.00,,,,,,,,,,,0.61,,,,,,,0.00,,,,,,,,0.00,0.00,,0.00,,,0.00,,,,0.00,0.00
11-20-21,,,,,,0.00,0.09,0.00,,0.01,,,,,0.00,0.00,0.11,,,0.00,0.00,1.46,0.00,,,0.00,0.00,,,0.00,0.00,,0.00,0.00,0.00,,,0.00,,,,0.00,0.00,0.00,,,,,,,,,,,0.25,,,,,,,0.00,,,,,,,,0.00,0.00,,0.00,,,0.00,,,0.00,0.00,0.00
11-21-21,,,,,,0.00,0.08,0.08,,0.12,,,,,0.11,0.20,0.13,,,0.00,0.00,1.50,0.00,,,0.00,5.56,,,0.00,0.00,,0.00,0.00,0.00,,,0.00,,,,0.00,0.00,0.00,,,,,,,,,,,0.21,,,,,,,0.00,,,,,,,,0.00,0.00,,0.00,,,0.00,,,0.00,0.00,0.00
11-22-21,,,,,,0.00,0.00,0.00,,0.04,,,,,0.00,0.09,0.03,,,0.00,0.00,1.49,0.00,,,0.00,0.00,,,0.00,0.00,,0.00,,0.00,,,0.00,,,,0.00,0.00,0.00,,,,,,,,,,,0.00,,,,,,,0.00,,,,,,,,0.00,0.00,,0.00,,,0.00,,,0.00,0.00,0.00
11-23-21,,,,,,0.00,0.13,0.00,,0.12,,,,,0.00,0.00,0.03,,,0.00,0.00,1.54,0.00,,,0.00,0.00,,,0.00,0.00,,0.00,0.00,0.00,,,0.00,,,,0.00,,0.00,,,,,,,,,,,0.00,,,,,,,0.00,,,,,,,,0.00,0.00,,0.00,,,0.00,,,0.00,0.00,0.00
11-24-21,,,,,,0.00,0.00,0.00,,0.43,,,,,0.08,0.12,0.04,,,0.00,0.00,1.42,0.00,,,0.00,0.00,,,0.00,0.00,,0.00,0.00,0.00,,,0.00,,,,0.00,0.00,0.00,,,,,,,,,,,0.30,,,,,,,0.00,,,,,,,,0.00,0.00,,0.00,,,0.00,,,0.00,0.00,0.00
11-25-21,,,,,,0.00,0.00,0.08,,0.25,,,,,0.00,0.00,0.01,,,0.00,0.00,1.44,0.00,,,0.00,0.00,,,0.00,0.00,,0.00,0.00,0.00,,,0.00,,,,0.00,0.00,0.00,,,,,,,,,,,0.33,,,,,,,0.00,,,,,,,,0.00,0.00,,0.00,,,0.00,,,0.00,0.00,0.00
11-26-21,,,,,,0.00,0.00,0.21,,0.06,,,,,0.00,0.04,0.00,,,0.00,0.00,1.45,0.00,,,0.00,0.00,,,0.00,0.00,,0.00,0.00,0.00,,,0.00,,,,0.00,0.00,0.00,,,,,,,,,,,0.00,,,,,,,0.00,,,,,,,,0.00,0.00,,0.00,,,0.00,,,0.00,0.00,0.00
11-27-21,,,,,,0.00,0.16,0.04,,0.41,,,,,0.21,0.26,0.14,,,0.00,0.00,1.39,0.00,,,0.00,0.00,,,0.00,0.00,,0.00,0.00,,,,0.00,,,,0.00,0.00,0.00,,,,,,,,,,,0.79,,,,,,,0.00,,,,,,,,0.00,0.00,,0.00,,,0.00,,,0.00,0.00,0.00
11-28-21,,,,,,0.00,0.10,0.00,,0.30,,,,,0.00,0.00,0.07,,,0.00,0.00,1.51,0.00,,,0.00,,,,0.00,0.00,,0.00,0.00,0.00,,,0.00,,,,2.08,0.00,0.00,,,,,,,,,,,0.33,,,,,,,0.00,,,,,,,,0.00,0.00,,0.00,,,0.00,,,0.00,0.00,0.00
11-29-21,,,,,,0.00,0.01,0.08,,0.28,,,,,0.13,0.00,0.02,,,0.00,0.00,1.37,0.00,,,0.00,0.00,,,0.00,0.00,,0.00,0.00,0.00,,,0.00,,,,0.00,0.00,0.00,,,,,,,,,,,0.08,,,,,,,0.00,,,,,,,,0.00,0.00,,0.00,,,0.00,,,0.00,0.00,0.00
11-30-21,,,,,,0.00,0.10,0.08,,0.24,,,,,0.00,0.05,0.06,,,0.00,0.00,1.50,0.00,,,0.00,0.00,,,0.00,0.00,,0.00,0.00,0.00,,,0.00,,,,0.00,0.00,0.00,,,,,,,,,,,0.90,,,,,,,0.00,,,,,,,,0.00,0.00,,0.00,,,0.00,,,0.00,0.00,0.00
12-01-21,0.00,,,,,0.00,0.12,0.00,0.00,0.27,,,,,0.22,0.00,0.02,0.71,,0.00,,1.46,0.00,,,0.00,0.00,,,0.00,0.00,,0.00,0.00,0.00,,,0.00,,,,0.00,0.00,0.00,,,,,,,,,,,0.58,,,,,,,0.00,,,,,,,,0.00,0.00,,0.00,,,0.00,,,0.00,0.00,0.00
12-02-21,0.00,,,,,0.00,0.00,0.12,0.00,0.18,,,,,0.00,0.00,0.00,1.20,,0.00,0.00,1.47,0.00,,,0.00,0.00,,,0.00,0.00,,0.00,0.00,0.00,,,0.00,,,,0.00,0.00,0.00,,,,,,,,,,,0.71,,,,,,,5.53,,,,,,,,0.00,0.00,,0.00,,,0.00,,,0.00,0.00,0.00
12-03-21,0.00,,,,,0.00,0.29,0.00,0.00,0.23,,,,,0.00,0.00,0.00,0.79,,0.00,0.00,,1.00,,,0.00,0.00,,,0.00,0.00,,0.00,0.00,0.00,,,0.00,,,,0.00,0.00,0.00,,,,,,,,,,,1.22,,,,,,,0.00,,,,,,,,0.00,0.00,,0.00,,,0.00,,,0.00,0.00,0.00
12-04-21,,,,,,0.00,0.00,0.00,0.00,0.25,,,,,0.00,0.00,0.00,0.84,,0.00,0.00,1.55,2.00,,,0.00,0.00,,,0.00,0.00,,0.00,0.00,0.00,,,0.00,,,,0.00,0.00,0.00,,,,,,,,,,,0.08,,,,,,,0.00,,,,,,,,0.00,0.00,,0.00,,,0.00,,,0.00,0.00,0.00
12-05-21,,,,,,0.00,0.00,0.00,0.00,0.16,,,,,0.00,0.00,0.00,0.64,,,0.00,1.53,2.00,,,0.00,,,,0.00,0.00,,0.00,0.00,0.00,,,0.00,,,,0.00,0.00,0.00,,,,,,,,,,,0.00,,,,,,,0.00,,,,,,,,0.00,0.00,,0.00,,,3.84,,,0.00,0.00,0.00
12-06-21,,,,,,0.00,0.04,0.00,0.00,0.17,,,,,0.00,0.00,0.00,0.72,,0.00,0.00,1.57,2.00,,,0.00,0.00,,,0.00,0.00,,0.00,0.00,0.00,,,0.00,,,,,0.00,0.00,,,,,,,,,,,0.00,,,,,,,0.00,,,,,,,,0.00,0.00,,0.00,,,3.04,,,0.00,0.00,0.00
12-07-21,,,,,,0.00,0.00,0.04,0.00,0.17,,,,,0.00,0.00,0.00,0.00,,0.00,0.00,1.51,,,,0.00,0.00,,,0.00,0.00,,0.00,0.00,0.00,,,0.00,,,,0.00,0.00,0.00,,,,,,,,,,,0.04,,,,,,,0.00,,,,,,,,0.00,0.00,,0.00,,,2.02,,,0.00,0.00,0.00
12-08-21,,,,,,0.00,0.00,0.00,0.00,0.00,,,,,0.00,0.00,,0.04,,0.00,0.00,1.54,,,,0.00,0.00,,,0.00,0.00,,0.00,0.00,0.00,,,0.00,,,,0.00,0.00,0.00,,,,,,,,,,,0.00,,,,,,,0.00,,,,,,,,0.00,0.00,,0.00,,,0.00,,,0.00,0.00,0.00
12-09-21,,,,,,0.00,0.01,0.00,0.00,0.03,,,,,0.00,0.00,0.00,0.00,,0.00,0.00,1.62,,,,0.00,0.00,,,0.00,0.00,,0.00,0.00,0.00,,,0.00,,,,0.00,0.00,0.00,,,,,,,,,,,0.00,,,,,,,0.00,,,,,,,,0.00,0.00,,0.00,,,0.00,,,0.00,0.00,0.00
12-10-21,,,,,,0.00,0.07,0.17,0.00,0.00,,,,,0.00,0.00,0.00,0.25,,0.00,0.00,1.48,,,,0.00,0.00,,,0.00,0.00,,0.00,0.00,0.00,,,0.00,,,,0.00,,0.00,,,,,,,,,,,0.00,,,,,,,0.00,,,,,,,,0.00,0.00,,0.00,,,0.00,,,0.00,0.00,0.00
12-11-21,,,,,,0.00,0.21,0.00,0.00,0.37,,,,,0.00,0.00,0.02,0.00,,,0.00,1.39,,,,0.00,0.00,,,0.00,0.00,,0.00,0.00,0.00,,,0.00,,,,0.00,0.00,0.00,,,,,,,,,,,0.35,,,,,,,0.00,,,,,,,,0.00,0.00,,0.00,,,0.00,,,0.00,0.00,0.00
12-12-21,,,,,,0.00,0.07,0.00,0.00,0.18,,,,,0.00,0.30,0.02,0.79,,0.00,0.00,1.34,,,,0.00,,,,0.00,0.00,,0.00,0.00,0.00,,,0.00,,,,0.00,0.00,0.00,,,,,,,,,,,0.17,,,,,,,0.00,,,,,,,,0.00,0.00,,0.00,,,0.00,,,0.00,0.00,0.00
12-13-21,,,,,,0.00,0.00,0.00,0.00,0.28,,,,,0.00,0.00,0.00,0.41,,0.00,0.00,1.56,,,,0.00,0.00,,,0.00,0.00,,0.00,0.00,0.00,,,0.00,,,,0.00,0.00,0.00,,,,,,,,,,,0.79,7.05,,,,,,0.00,,,,,,,,0.00,0.00,,0.00,,,0.00,,,0.00,0.00,0.00
12-14-21,,,,,,0.00,0.12,0.00,0.00,0.40,,,,,0.00,0.00,0.02,0.38,,0.00,0.00,1.67,,,,0.00,0.00,,,0.00,0.00,,0.00,0.00,0.00,,,0.00,,,,0.00,0.00,0.00,,,,,,,,,,,0.96,6.48,,,,,,0.00,,,,,,,,0.00,0.00,,0.00,,,0.00,,,0.00,0.00,0.00
12-15-21,,,,,,0.00,0.04,,0.00,0.11,,,,,0.00,0.33,0.00,0.49,,,0.00,1.87,,,,0.00,0.00,,,0.00,0.00,,0.00,0.00,0.00,,,0.00,,,,0.00,0.00,0.00,,,,,,,,,,,0.33,6.49,,,,,,0.00,,,,,,,,0.00,0.00,,0.00,,,0.00,,,0.00,0.00,0.00
12-16-21,,,,,,0.00,0.14,0.00,0.00,0.15,,,,,0.00,0.00,0.00,0.24,,0.00,0.00,1.77,,,,0.00,0.00,,,0.00,0.00,,0.00,0.00,0.00,,,0.00,,,,0.00,0.00,0.00,,,,,,,,,,,0.22,6.53,,,,,,0.00,,,,,,,,0.00,0.00,,0.00,,,0.00,,,0.00,0.00,0.00
12-17-21,,,,,,0.00,0.00,0.00,0.00,0.00,,,,,0.00,0.00,0.02,0.00,,0.00,0.00,1.80,,,,0.00,,,,0.00,0.00,,0.00,0.00,0.00,,,0.00,,,,0.00,0.00,0.00,,,,,,,,,,,0.12,6.53,,,,,,0.00,,,,,,,,0.00,0.00,,0.00,,,0.00,,,0.00,0.00,0.00
12-18-21,,,,,,0.00,0.05,0.00,0.00,0.05,,,,,0.00,0.00,0.05,0.00,,0.00,0.00,1.85,,,,0.00,0.00,,,0.00,0.00,,0.00,0.00,0.00,,,0.00,,,,0.00,0.00,0.00,,,,,,,,,,,0.08,6.52,,,,,,0.00,,,,,,,,0.00,0.00,,0.00,,,0.00,,,0.00,0.00,0.00
12-19-21,,,,,,0.00,0.00,0.00,0.00,0.00,,,,,0.00,0.00,0.14,0.00,,0.00,0.00,1.82,,,,0.00,5.74,,,0.00,0.00,,0.00,0.00,0.00,,,0.00,,,,0.00,0.00,0.00,,,,,,,,,,,0.00,6.49,,,,,,0.00,,,,,,,,0.00,0.00,,0.00,,,0.00,,,0.00,0.00,0.00
12-20-21,,,,,,0.00,0.08,0.00,0.00,0.00,,,,,0.00,0.00,0.19,0.13,,0.00,0.00,1.81,,,,0.00,0.00,,,0.00,0.00,,0.00,0.00,0.00,,,0.00,,,,0.00,0.00,0.00,,,,,,,,,,,0.00,6.31,,,,,,0.00,,,,,,,,0.00,0.00,,0.00,,,0.00,,,0.00,0.00,0.00
12-21-21,,,,,,0.00,0.16,0.00,0.00,0.00,,,,,0.00,0.00,0.20,0.00,,0.00,0.00,1.76,,,,0.00,0.00,,,0.00,0.00,,0.00,0.00,0.00,,,0.00,,,,6.12,0.00,0.00,,,,,,,,,,,0.00,6.32,,,,,,0.00,,,,,,,,0.00,0.00,,0.00,,,0.00,,,0.00,0.00,0.00
12-22-21,,,,,,0.00,0.16,0.00,0.00,0.00,,,,,0.00,0.00,0.00,,,0.00,0.00,1.82,,,,0.00,0.00,,,0.00,0.00,,0.00,0.00,0.00,,,0.00,,,,0.00,0.00,0.00,,,,,,,,,,0.00,0.00,6.42,,,,,,0.00,,,,,,,,0.00,0.00,,0.00,,,3.58,,,0.00,0.00,0.00
12-23-21,,,,,,0.00,0.26,0.00,0.00,0.00,,,,,0.00,0.00,0.13,0.37,,0.00,0.00,1.71,,,,0.00,0.00,,,0.00,0.00,,0.00,0.00,0.00,,,0.00,,,,0.00,0.00,0.00,,,,,,,,,,0.00,0.21,6.17,,,,,,0.00,,,,,,,,0.00,0.00,,0.00,,,3.59,,,0.00,0.00,0.00
12-24-21,,,,,,0.00,0.27,0.00,0.00,0.15,,,,,0.00,0.00,0.16,0.50,,0.00,0.00,1.77,,,,0.00,0.00,,,0.00,0.00,,0.00,0.00,0.00,,,0.00,,,,0.00,0.00,0.00,,,,,,,,,,1.25,0.00,6.21,,,,,,0.00,,,,,,,,0.00,0.00,,0.00,,,3.38,,,0.00,0.00,0.00
12-25-21,,,,,,0.00,0.13,0.00,0.00,0.03,,,,,0.00,0.00,0.11,0.12,,0.00,0.00,1.77,,,,0.00,0.00,,,0.00,0.00,,0.00,,0.00,,,0.00,,,,0.00,0.00,0.00,,,,,,,,,,1.62,0.08,6.15,,,,,,0.00,,,,,,,,0.00,0.00,,0.00,,,0.00,,,0.00,0.00,0.00
12-26-21,,,,,,0.00,0.32,0.25,0.00,0.07,,,,,0.00,0.00,0.07,0.04,,0.00,0.00,1.77,,,,0.00,,,,0.00,0.00,,0.00,0.00,0.00,,,0.00,,,,0.00,0.00,0.00,,,,,,,,,,0.00,0.00,6.36,,,,,,0.00,,,,,,,,0.00,0.00,,0.00,,,0.00,,,0.00,0.00,0.00
12-27-21,,,,,,0.00,0.37,0.34,0.05,0.19,,,,,0.00,0.00,0.09,0.46,,0.00,0.00,1.90,,,,0.00,0.00,,,,3.16,,0.00,0.00,0.00,,,0.00,,,,4.54,0.00,0.00,,,,,,,,,,0.00,0.00,6.82,,,,,,0.00,,,,,,,,0.00,0.00,,0.00,,,2.47,,,0.00,0.00,0.00
12-28-21,,,,,,0.00,0.18,0.04,0.00,0.00,,,,,0.00,0.00,,0.13,,0.00,0.00,1.73,,,,0.00,,,,0.00,0.00,,0.00,0.00,0.00,,,0.00,,,,0.00,0.00,0.00,,,,,,,,,,0.00,0.00,7.59,,,,,,0.00,,,,,,,,0.00,0.00,,0.00,,,0.00,,,0.00,0.00,0.00
12-29-21,,,,,,0.00,0.00,0.00,0.10,0.00,,,,,0.00,0.00,0.02,0.00,,0.00,0.00,1.58,,,,0.00,0.00,,,0.00,,,0.00,0.00,0.00,,,0.00,,,,0.00,0.00,0.00,,,,,,,,,,0.00,0.00,7.97,,,,,,0.00,,,,,,,,0.00,0.00,,0.00,,,2.19,,,0.00,0.00,0.00
12-30-21,,,,,,0.00,0.10,0.00,0.10,0.19,,,,,0.00,0.00,0.04,0.00,,0.00,0.00,1.46,,,,0.00,0.00,,,0.00,0.00,,0.00,0.00,0.00,,,0.00,,,,0.00,0.00,0.00,,,,,,,,,,1.29,0.00,7.89,,,,,,0.00,,,,,,,,0.00,0.00,,0.00,,,0.00,,,0.00,0.00,0.00
12-31-21,,,,,,0.00,0.16,0.00,0.10,0.12,,,,,0.00,0.00,,0.00,,0.00,0.00,1.51,,,,0.00,0.00,,,0.00,0.00,,0.00,0.00,0.00,,,0.00,,,,0.00,0.00,0.00,,,,,,,,,,2.46,0.17,7.77,,,,,,0.00,,,,,,,,0.00,0.00,,0.00,,,0.00,,,0.00,0.00,0.00
01-01-22,,,,,,0.00,0.00,0.08,0.17,0.22,,,,,0.00,0.00,0.05,0.09,,0.00,0.00,0.00,,,,0.00,0.00,,,0.00,0.00,,0.00,0.00,0.00,,,0.00,,,,0.00,0.00,0.00,,,,,,,,,,1.12,0.85,7.84,,,,,,0.00,0.00,,,,,,,0.00,0.00,0.00,0.00,,,0.00,,,0.00,0.00,0.00
01-02-22,,,,,,0.00,0.00,0.08,0.13,0.37,,,,,0.04,0.00,0.12,0.20,0.00,0.00,0.00,0.00,,,,0.00,5.82,,,0.00,,,0.00,0.00,0.00,,,0.00,,,,0.00,0.00,0.00,0.00,,,,,,0.00,,,0.00,1.43,7.84,,,,,,29.67,0.00,,,,,,,0.00,0.00,0.00,0.00,,,0.00,,,0.00,0.00,0.00
01-03-22,,,,,,0.00,0.00,0.00,0.12,0.31,,,,,0.00,0.00,0.08,0.00,14.38,0.00,0.00,0.00,,,,0.00,0.00,,,0.00,0.00,,0.00,0.00,,,,0.00,,,,0.00,0.00,0.00,0.00,,,,,,0.00,,,0.00,0.00,7.88,,,,,,21.18,0.00,,,,,,,0.00,0.00,0.00,0.00,,,0.00,,,0.00,0.00,0.00
01-04-22,,,,,,0.00,0.00,0.00,0.14,0.21,,,,,0.25,0.00,0.00,0.00,0.00,0.00,0.00,0.00,,,,0.00,0.00,,,0.00,0.00,,0.00,0.00,,,,0.00,,,,0.00,0.00,0.00,0.00,,,,,,0.00,,,0.00,0.13,7.91,,,,,,13.97,0.00,,,,,,,0.00,0.00,0.00,0.00,,,0.00,,,0.00,0.00,0.00
01-05-22,0.00,,,,,0.00,0.00,0.00,0.13,0.09,,,,,0.04,0.00,0.12,0.22,0.00,0.00,0.00,0.00,,,,0.00,0.00,,,0.00,0.00,,0.00,,0.00,,,0.00,,,,0.00,0.00,0.00,0.00,,,,,,0.00,,,0.00,0.00,7.95,,,,,,0.00,0.00,,,,,,,0.00,0.00,0.00,0.00,,,0.00,,,0.00,0.00,0.00
01-06-22,0.00,,,,,0.00,0.00,0.08,0.09,0.13,,,,,0.00,0.00,0.08,0.04,14.50,0.00,0.00,0.00,,,,0.00,0.00,,0.00,0.00,0.00,,0.00,0.00,0.00,,,0.00,,,,0.00,0.00,0.00,0.00,,,,,,0.00,,,0.00,0.42,7.95,,,,,,0.00,0.00,,,,,,,0.00,0.00,0.00,0.00,,,0.00,,,0.00,0.00,0.00
01-07-22,0.00,,,,,0.00,,0.08,0.07,0.15,,,,,0.00,0.00,0.00,0.06,0.00,0.00,0.00,0.00,,,,0.00,0.00,,0.00,0.00,0.00,,0.00,0.00,0.00,,,0.00,,,,0.00,0.00,0.00,0.00,,,,,,0.00,,,0.00,0.00,7.96,,,,,,0.00,0.00,,,,,,,0.00,0.00,0.00,0.00,,,0.00,,,0.00,0.00,0.00
01-08-22,0.00,,,,,0.00,0.00,0.08,0.06,0.12,,,,,,0.00,0.04,0.00,0.00,0.00,0.00,0.00,,,,0.00,0.00,,,0.00,0.00,,0.00,0.00,0.00,,,0.00,,,,0.00,0.00,0.00,0.00,,,,,,0.00,,,0.00,0.00,7.95,,,,,,0.00,0.00,,,,,,,0.00,0.00,0.00,0.00,,,0.00,,,0.00,0.00,0.00
01-09-22,0.00,,,,,0.00,0.00,0.00,0.11,0.36,,,,,0.00,0.00,0.03,0.00,14.25,0.00,0.00,0.00,,,,0.00,,,0.00,0.00,0.00,,0.00,0.00,0.00,,,0.00,,,,0.00,0.00,0.00,0.00,,,,,,0.00,,,0.00,0.17,7.90,,,,,,0.00,0.00,,,,,,,0.00,0.00,0.00,0.00,,,0.00,,,0.00,0.00,0.00
01-10-22,0.00,,,,,0.00,0.00,0.12,0.13,0.33,,,,,0.00,0.00,0.07,0.30,0.00,0.00,0.00,0.00,,,,0.00,0.00,,,0.00,0.00,,0.00,0.00,0.00,,,0.00,,,,0.00,0.00,0.00,0.00,,,,,,0.00,,,0.00,0.00,7.91,,,,,,0.00,0.00,,,,,,,0.00,0.00,0.00,0.00,,,0.00,,,0.00,0.00,0.00
01-11-22,0.13,,,,,0.00,0.00,0.04,0.13,0.35,,,,,0.00,0.00,0.17,0.20,0.00,0.00,0.00,0.00,,,,0.00,0.00,,,0.00,0.00,,0.00,0.00,0.00,,,0.00,,,,0.00,0.00,0.00,0.00,,,,,,0.00,,,0.00,0.00,7.87,,,,,,0.00,0.00,,,,,,,0.00,0.00,0.00,0.00,,,3.51,,,0.00,0.00,0.00
01-12-22,0.01,,,,,0.00,0.00,0.04,0.15,0.35,,,,,0.00,0.00,0.12,0.00,14.29,0.00,0.00,0.00,,0.00,,0.00,0.00,,0.00,0.00,0.00,,0.00,0.00,0.00,,,0.00,,,,0.00,0.00,0.00,0.00,,,,,,0.00,,,0.00,0.00,7.86,,,,,,0.00,0.00,,,,,,,0.00,0.00,0.00,0.00,,,0.00,,,0.00,0.00,0.00
01-13-22,0.00,,,,,0.00,0.00,0.08,0.08,0.10,,,,,0.00,0.00,0.05,0.10,0.00,0.00,0.00,0.00,,0.00,,0.00,0.00,,0.00,0.00,0.00,,0.00,0.00,0.00,,,0.00,,,,0.00,0.00,0.00,0.00,,,,,,0.00,,,0.00,0.00,7.85,,,,,,0.00,0.00,,,,,,,0.00,2.14,0.00,0.00,,,2.84,,,0.00,0.00,0.00
01-14-22,0.00,,,,,0.00,0.00,0.08,0.19,0.40,,,,,0.00,0.00,0.04,0.10,0.00,0.00,0.00,0.00,,0.00,,0.00,0.00,,0.00,0.00,0.00,,0.00,0.00,0.00,,,0.00,,,,0.00,0.00,0.00,0.00,,,,,,0.00,,,0.00,0.21,7.73,,,,,,0.00,0.00,,,,,,,0.00,0.00,0.00,0.00,,,0.00,,,0.00,0.00,0.00
01-15-22,0.18,,,,,0.00,,0.00,,0.72,,,,,0.00,0.00,0.07,0.44,14.50,,0.00,0.00,,0.00,,0.00,0.00,,0.00,0.00,0.00,,0.00,0.00,,,,0.00,,,,0.00,0.00,0.00,0.00,,,,,,0.00,,,0.00,0.00,7.57,,,,,,5.60,0.00,,,,,,,3.80,,0.00,0.00,,,3.44,,,0.00,0.00,0.00
01-16-22,0.15,,,,,0.00,0.00,0.00,0.34,0.32,,,,,0.00,0.00,0.00,0.22,0.00,0.00,0.00,0.00,,0.00,,0.00,5.95,,0.00,0.00,0.00,,0.00,0.00,,,,0.00,,,,0.00,0.00,0.00,,,,,,,0.00,,,0.00,0.25,,,,,,,33.63,0.00,,,,,,,0.00,5.32,0.00,0.00,,,0.00,,,0.00,0.00,0.00
01-17-22,0.17,,,,,0.00,0.00,0.00,0.44,0.17,,,,,0.08,0.36,0.15,0.67,26.46,0.00,0.00,0.00,,0.00,,0.00,0.00,,0.00,0.00,0.00,,0.00,0.00,,,,0.00,,,,0.00,0.00,0.00,0.00,,,,,,0.00,,,2.42,1.00,7.59,,,,,,9.52,0.00,,,,,,,0.00,2.90,0.00,0.00,,,0.00,,,0.00,0.00,0.00
01-18-22,0.00,,,,,0.00,0.00,0.00,0.48,0.33,,,,,0.12,0.00,0.00,0.42,14.38,0.00,0.00,0.00,,0.00,,0.00,0.00,,0.00,0.00,0.00,,0.00,0.00,0.00,,,0.00,,,,0.00,0.00,0.00,0.00,,,,,,0.00,,,0.99,1.00,7.59,,,,,,0.00,0.00,,,,,,,0.00,0.00,0.00,0.00,,,0.00,,,0.00,0.00,0.00
01-19-22,0.00,,,,,0.00,0.00,0.00,0.16,0.23,,,,,0.33,0.00,0.00,0.69,0.00,0.00,0.00,0.00,,0.00,,0.00,0.00,,0.00,0.00,0.00,,0.00,0.00,0.00,,,0.00,,,,0.00,0.00,0.00,0.00,,,,,,0.00,,,2.52,0.62,7.48,,,,,,0.00,0.00,,,,,,,0.00,0.00,0.00,0.00,,,0.00,,,0.00,0.00,0.00
01-20-22,0.00,,,,,0.00,0.00,0.00,0.00,0.15,,,,,0.29,0.00,0.00,0.35,,0.00,0.00,0.00,,0.00,,0.00,0.00,,,0.00,,,0.00,0.00,0.00,,,0.00,,,,,0.00,0.00,0.00,,,,,,0.00,,,3.50,0.29,7.38,,,,,,0.00,0.00,,,,,,,0.00,0.00,0.00,0.00,,,0.00,,,0.00,0.00,0.00
01-21-22,0.33,,,,,0.00,0.00,0.12,0.00,0.25,,,,,0.00,0.08,0.02,0.37,14.63,0.00,0.00,0.00,,0.00,,0.00,0.00,,,0.00,0.00,,,0.00,0.00,,,0.00,,,,0.00,0.00,0.00,0.00,,,,,,0.00,,,4.33,0.38,7.45,,,,,,0.00,0.00,,,,,,,0.00,0.00,0.00,0.00,,,0.00,,,0.00,0.00,0.00
01-22-22,0.26,,,,,0.00,0.00,0.04,0.00,0.26,,,,,0.62,0.00,0.11,0.00,0.00,,0.00,0.00,,0.00,,0.00,0.00,,,0.00,0.00,,0.00,0.00,0.00,,,,,,,0.00,0.00,0.00,0.00,,,,,,0.00,,,2.92,0.22,7.37,,,,,,0.00,0.00,,,,,,,0.00,0.00,0.00,0.00,,,0.00,,,,0.00,0.00
01-23-22,0.44,,,,,0.00,0.00,0.12,0.00,0.14,,,,,0.17,0.00,0.01,0.00,0.00,0.00,0.00,0.00,,0.00,,0.00,6.00,,,0.00,0.00,,0.00,0.00,0.00,,,0.00,,,,0.00,0.00,0.00,0.00,,,,,,0.00,,,0.00,0.65,7.36,,,,,,0.00,0.00,,,,,,,0.00,0.00,0.00,0.00,,,0.00,,,0.00,0.00,0.00
01-24-22,1.04,,,,,0.00,0.00,0.00,0.00,0.34,,,,,0.12,0.00,0.00,0.25,,0.00,0.00,0.00,,0.00,,0.00,0.00,,,0.00,0.00,,0.00,0.00,0.00,,,0.00,,,,0.00,0.00,0.00,0.00,,,,,,0.00,,,1.38,0.08,7.60,,,,,,0.00,0.00,,,,,,,0.00,0.00,0.00,0.00,,,0.00,,,0.00,0.00,0.00
01-25-22,0.00,,,,,0.00,0.00,0.00,0.00,0.30,,,,,0.00,0.00,0.00,0.20,0.00,0.00,0.00,0.00,,0.00,,0.00,,,,0.00,0.00,,0.00,0.00,0.00,,,0.00,,,,0.00,0.00,0.00,0.00,,,,,,0.00,,,0.00,0.00,7.72,,,,,,0.00,0.00,,,,,,,0.00,0.00,0.00,0.00,,,0.00,,,0.00,0.00,0.00
01-26-22,0.00,,,,,0.00,0.00,0.00,0.00,0.26,,,,,0.12,0.00,0.00,0.00,0.00,0.00,0.00,0.00,,0.00,,0.00,0.00,,,0.00,0.00,,0.00,0.00,0.00,,,0.00,,,,0.00,0.00,0.00,0.00,,,,,,0.00,,,0.00,0.00,7.78,,,,,,0.00,0.00,,,,,,,0.00,0.00,0.00,0.00,,,0.00,,,0.00,0.00,0.00
01-27-22,0.19,,,,,0.00,0.00,0.00,0.00,0.43,,,,,0.00,0.00,0.02,0.06,,0.00,0.00,0.00,,0.00,,0.00,0.00,,,0.00,0.00,,0.00,0.00,0.00,,,0.00,,,,0.00,0.00,0.00,0.00,,,,,,0.00,,,0.00,0.00,7.73,,,,,,0.00,0.00,,,,,,,0.00,0.00,0.00,0.00,,,0.00,,,0.00,0.00,0.00
01-28-22,0.26,,,,,0.00,0.00,0.00,0.00,0.32,,,,,0.00,0.00,0.00,0.27,0.00,0.00,0.00,0.00,,0.00,,0.00,0.00,,,0.00,0.00,,0.00,0.00,0.00,,,0.00,,,,0.00,0.00,0.00,,,,,,,0.00,,,0.00,0.00,7.57,,,,,,0.00,0.00,,,,,,,0.00,0.00,0.00,0.00,,,0.00,,,0.00,0.00,0.00
01-29-22,0.38,,,,,0.00,0.00,0.00,0.00,0.22,,,,,0.16,0.00,0.02,0.58,0.00,0.00,0.00,0.00,,0.00,,0.00,0.00,,,0.00,0.00,,0.00,0.00,0.00,,,0.00,,,,0.00,0.00,0.00,0.00,,,,,,0.00,,,0.70,0.00,7.53,,,,,,0.00,0.00,,,,,,,0.00,0.00,0.00,0.00,,,,,,0.00,0.00,0.00
01-30-22,0.45,,,,,0.00,0.00,0.00,0.00,0.24,,,,,0.38,0.43,0.00,0.01,,0.00,0.00,0.00,,0.00,,0.00,,,,0.00,0.00,,0.00,0.00,0.00,,,0.00,,,,0.00,,0.00,0.00,,,,,,0.00,,,0.00,0.04,,,,,,,,0.00,,,,,,,0.00,0.00,0.00,0.00,,,0.00,,,0.00,0.00,0.00
01-31-22,0.40,,,,,0.00,0.00,0.00,0.00,0.61,,,,,0.00,0.00,0.00,0.76,0.00,0.00,0.00,0.00,,0.00,,0.00,0.00,,,0.00,0.00,,0.00,0.00,0.00,,,0.00,,,,0.00,0.00,0.00,0.00,,,,,,0.00,,,0.00,0.00,7.53,,,,,,0.00,0.00,,,,,,,0.00,0.00,0.00,0.00,,,0.00,,,0.00,0.00,0.00
02-01-22,0.38,,,,,0.00,0.00,0.04,0.00,0.45,,,,,0.00,0.05,0.00,0.46,0.00,0.00,0.00,0.00,,0.00,,0.00,0.00,,,0.00,0.00,,0.00,0.00,,,,0.00,,,,0.00,0.00,0.00,0.00,,,,,,0.00,,,0.25,0.08,7.48,,,,,,0.00,0.00,,,,,,,0.00,0.00,0.00,0.00,,,0.00,,,0.00,0.00,0.00
02-02-22,0.31,,,,,0.00,,0.00,0.00,0.31,,,,,0.04,0.22,0.00,0.00,,0.00,0.00,0.00,,0.00,,0.00,0.00,,,0.00,0.00,,0.00,0.00,,,,0.00,,,,0.00,0.00,0.00,0.00,,,,,,0.00,,,0.00,0.04,7.53,,,,,,0.00,0.00,,,,,,,0.00,0.00,0.00,0.00,,,0.00,,,0.00,0.00,0.00
02-03-22,0.24,,,,,0.00,0.00,0.12,0.00,0.35,,,,,0.06,0.00,0.00,0.20,0.00,0.00,0.00,0.00,,0.00,,0.00,0.00,,,0.00,0.00,,0.00,,0.00,,,0.00,,,,0.00,0.00,0.00,0.00,,,,,,0.00,,,0.00,0.17,7.49,,,,,,0.00,0.00,,,,,,,0.00,0.00,0.00,0.00,,,0.00,,,0.00,0.00,0.00
02-04-22,0.18,,,,,0.00,0.00,0.00,0.03,0.60,,,,,0.12,0.32,0.00,0.54,0.00,0.00,0.00,0.00,,0.00,,0.00,0.00,,,0.00,,,0.00,0.00,0.00,,,0.00,,,,0.00,0.00,0.00,0.00,,,,,,0.00,,,0.00,0.42,7.49,,,,,,0.00,0.00,,,,,,,0.00,0.00,0.00,0.00,,,0.00,,,0.00,0.00,0.00
02-05-22,0.18,,,,,0.00,0.00,0.00,0.04,0.44,,,,,0.21,0.00,0.00,0.50,,0.00,0.00,0.00,,0.00,,0.00,0.00,,,0.00,0.00,,0.00,0.00,,,,0.00,,,,0.00,0.00,0.00,0.00,,,,,,0.00,,,0.00,0.12,7.53,,,,,,0.00,0.00,,,,,,,0.00,0.00,0.00,0.00,,,0.00,,,0.00,0.00,0.00
02-06-22,0.17,,,,,0.00,0.00,0.00,0.00,0.22,,,,,0.62,0.00,0.00,0.21,0.00,0.00,0.00,0.00,,0.00,,0.00,,,,0.00,0.00,,0.00,0.00,0.00,,,0.00,,,,0.00,0.00,0.00,0.00,,,,,,0.00,,,1.29,0.00,7.58,,,,,,0.00,0.00,,,,,,,0.00,0.00,0.00,0.00,,,0.00,,,0.00,0.00,0.00
02-07-22,0.08,,,,,0.00,0.00,0.00,0.00,0.30,,,,,0.01,0.00,0.00,,0.00,0.00,0.00,0.00,,0.00,,0.00,0.00,,,0.00,0.00,,0.00,0.00,0.00,,,0.00,,,,0.00,0.00,0.00,0.00,,,,,,0.00,,,0.33,0.00,7.57,,,,,,0.00,0.00,,,,,,,0.00,0.00,0.00,0.00,,,0.00,,,0.00,0.00,0.00
02-08-22,0.06,,,,,0.00,0.00,0.17,0.00,0.33,,,,,0.15,0.00,0.00,0.19,,0.00,0.00,0.00,,0.00,,0.00,0.00,,,0.00,0.00,,0.00,0.00,0.00,,,0.00,,,,0.00,0.00,0.00,0.00,,,,,,0.00,,,1.17,0.00,7.53,,,,,,0.00,0.00,,,,,,,0.00,0.00,0.00,0.00,,,0.00,,,0.00,0.00,0.00
02-09-22,0.03,,,,,0.00,0.00,0.00,0.00,0.27,,,,,0.00,0.00,,0.24,0.00,0.00,0.00,0.00,,0.00,,0.00,0.00,,,0.00,0.00,,0.00,0.00,0.00,,,0.00,,,,0.00,0.00,0.00,0.00,,,,,,0.00,,,0.42,0.00,7.51,,,,,,0.00,0.00,,,,,,,0.00,0.00,0.00,0.00,,,0.00,,,0.00,0.00,0.00
02-10-22,0.03,,,,,0.00,0.00,0.04,0.01,0.38,,,,,0.69,0.00,0.00,0.28,37.09,0.00,0.00,0.00,,0.00,,0.00,0.00,,,0.00,0.00,,0.00,0.00,,,,0.00,,,,0.00,0.00,0.00,0.00,,,,,,0.00,,,1.19,0.29,7.54,,,,,,0.00,0.00,,,,,,,0.00,0.00,0.00,0.00,,,2.45,,,0.00,0.00,0.00
02-11-22,0.00,,,,,0.00,0.00,0.00,0.00,0.37,,,,,0.83,0.00,0.00,0.24,14.42,0.00,0.00,0.00,,0.00,,0.00,0.00,,,0.00,0.00,,0.00,0.00,,,,0.00,,,,0.00,0.00,0.00,0.00,,,,,,0.00,,,2.96,0.00,7.57,,,,,,0.00,0.00,,,,,,,0.00,0.00,0.00,0.00,,,0.00,,,0.00,0.00,0.00
02-12-22,0.01,,,,,0.00,0.00,0.17,0.00,0.47,,,,,0.04,0.00,0.00,0.27,0.00,0.00,0.00,0.00,,0.00,,0.00,0.00,,,0.00,0.00,,0.00,0.00,0.00,,,0.00,,,,0.00,0.00,0.00,0.00,,,,,,0.00,,,2.12,0.00,7.59,,,,,,0.00,0.00,,,,,,,0.00,0.00,0.00,0.00,,,2.34,,,,0.00,0.00
02-13-22,0.00,,,,,0.00,0.00,0.00,0.00,0.35,,,,,0.52,0.35,0.00,0.54,0.00,0.00,0.00,0.00,,0.00,,0.00,,,,,0.00,,0.00,0.00,0.00,,,0.00,,,,0.00,0.00,0.00,0.00,,,,,,0.00,,,1.50,0.00,7.50,,,,,,0.00,0.00,,,,,,,0.00,0.00,0.00,0.00,,,0.00,,,0.00,0.00,0.00
02-14-22,0.00,,,,,0.00,0.00,0.00,0.00,0.44,,,,,0.42,0.00,0.00,0.40,,0.00,0.00,0.00,,0.00,,0.00,0.00,,,0.00,0.00,,0.00,0.00,0.00,,,0.00,,,,0.00,0.00,0.00,0.00,,,,,,0.00,,,2.96,0.00,7.48,,,,,,0.00,0.00,,,,,,,0.00,0.00,0.00,0.00,,,0.00,,,0.00,0.00,0.00
02-15-22,0.00,,,,,0.00,0.00,0.00,0.00,0.35,,,,,0.93,0.00,0.00,0.00,0.00,0.00,0.00,0.00,,0.00,,0.00,0.00,,,0.00,0.00,,0.00,0.00,0.00,,,0.00,,,,0.00,0.00,0.00,0.00,,,,,,0.00,,,0.62,0.00,7.42,,,,,,0.00,0.00,,,,,,,0.00,0.00,0.00,0.00,,,0.00,,,0.00,0.00,0.00
02-16-22,0.00,,,,,0.00,0.00,0.00,0.00,0.38,,0.00,,,0.29,0.00,0.00,0.01,0.00,0.00,0.00,0.00,,0.00,,0.00,0.00,,,0.00,0.00,,,0.00,0.00,,,0.00,,,,0.00,0.00,0.00,0.00,,,,,,0.00,,,1.62,0.00,7.50,,,,,,0.00,0.00,,,,,,,0.00,0.00,0.00,0.00,,,3.40,,,0.00,0.00,0.00
02-17-22,0.16,,,,,0.00,0.00,0.12,0.00,0.25,,0.00,,,0.00,0.00,0.00,0.21,,0.00,0.00,0.00,,0.00,,0.00,0.00,,,0.00,0.00,,0.00,0.00,0.00,,,0.00,,,,0.00,0.00,0.00,0.00,,,,,,0.00,,,1.38,0.00,7.55,,,,,,0.00,0.00,,,,,,,0.00,0.00,0.00,0.00,,,0.00,,,0.00,0.00,0.00
02-18-22,,,,,,0.00,0.00,0.00,0.00,0.23,,0.00,,,0.21,0.00,0.00,0.03,0.00,0.00,0.00,0.00,,,,0.00,0.00,,,0.00,0.00,,0.00,0.00,0.00,,,0.00,,,,0.00,0.00,0.00,0.00,,,,,,0.00,,,3.42,0.00,,,,,,,0.00,0.00,,,,,,,0.00,0.00,0.00,0.00,,,0.00,,,0.00,0.00,0.00
02-19-22,,,,,,0.00,0.00,0.00,0.03,0.31,,0.00,,,0.12,0.00,0.00,0.01,0.00,0.00,0.00,0.00,,,,0.00,0.00,,,0.00,0.00,,0.00,0.00,,,,0.00,,,,0.00,0.00,0.00,0.00,,,,,,0.00,,,1.54,0.25,,,,,,,0.00,0.00,,,,,,,0.00,0.00,0.00,0.00,,,0.00,,,0.00,0.00,0.00
02-20-22,,,,,,0.00,0.00,,0.03,0.38,,0.00,,,0.56,0.50,0.00,0.00,,0.00,0.00,,,,,0.00,,,,0.00,0.00,,,0.00,0.00,,,0.00,,,,0.00,0.00,0.00,0.00,,,,,,0.00,,,1.45,0.38,,,,,,,0.00,0.00,,,,,,,,0.00,0.00,0.00,,,0.00,,,0.00,0.00,0.00
02-21-22,,,,,,0.00,0.00,0.00,0.00,0.43,,0.00,,,0.25,0.48,0.00,0.50,0.00,0.00,0.00,0.00,,,,0.00,0.00,,,0.00,0.00,,0.00,2.60,0.00,,,0.00,,,,0.00,0.00,,0.00,,,,,,0.00,,,0.00,0.52,,,,,,,0.00,0.00,,,,,,,0.00,0.00,0.00,0.00,,,0.00,,,0.00,0.00,0.00
02-22-22,,,,,,0.00,0.00,0.00,0.00,0.33,,0.00,,,0.47,0.00,0.00,0.65,0.00,0.00,0.00,0.00,,,,0.00,0.00,,,0.00,0.00,,0.00,2.16,0.00,,,0.00,,,,0.00,0.00,0.00,0.00,,,,,,0.00,,,0.00,0.67,,,,,,,0.00,0.00,,,,,,,0.00,0.00,0.00,0.00,,,0.00,,,0.00,0.00,0.00
02-23-22,,,,,,0.00,0.00,0.00,0.04,0.39,,0.00,,,0.63,0.46,0.00,0.77,,0.00,0.00,0.00,,,,0.00,0.00,,,0.00,0.00,,0.00,0.00,,,,0.00,,,,0.00,0.00,0.00,,,,,,,0.00,,,0.00,0.58,,,,,,,0.00,0.00,,,,,,,0.00,0.00,0.00,0.00,,,0.00,,,0.00,0.00,0.00
02-24-22,,,,,,0.00,0.00,0.00,0.06,0.36,,0.00,,,0.64,0.21,0.00,0.57,0.00,0.00,0.00,0.00,,,,0.00,0.00,,,0.00,,,0.00,0.00,,,,0.00,,,,0.00,0.00,0.00,0.00,,,,,,0.00,,,0.00,0.00,,,,,,,0.00,0.00,,,,,,,0.00,0.00,0.00,0.00,,,0.00,,,0.00,0.00,0.00
02-25-22,,,,,,0.00,0.00,0.00,0.00,0.42,,0.00,,,0.46,0.00,0.00,0.00,0.00,0.00,0.00,0.00,,,,0.00,0.00,,,0.00,0.00,,0.00,0.00,0.00,,,,,,,0.00,0.00,0.00,0.00,,,,,,0.00,,,1.12,0.38,,,,,,,0.00,0.00,,,,,,,0.00,0.00,0.00,0.00,,,2.66,,,0.00,0.00,0.00
02-26-22,,,,,,0.00,0.00,0.00,0.00,0.26,,0.00,,,0.00,0.00,0.00,0.00,,0.00,0.00,0.00,,,,,0.00,,,0.00,0.00,,0.00,0.00,0.00,,,0.00,,,,0.00,0.00,0.00,0.00,,,,,,0.00,,,1.92,0.29,,,,,,,0.00,0.00,,,,,,,0.00,0.00,0.00,0.00,,,0.00,,,0.00,0.00,0.00
02-27-22,,,,,,0.00,0.00,0.00,0.00,0.28,,0.00,,,0.00,0.04,0.00,0.00,0.00,0.00,0.00,0.00,,,,0.00,,,,0.00,0.00,,0.00,0.00,,,,0.00,,,,0.00,0.00,0.00,0.00,,,,,,0.00,,,0.15,0.29,,,,,,,0.00,0.00,,,,,,,0.00,0.00,0.00,0.00,,,0.00,,,0.00,0.00,0.00
02-28-22,0.00,,,,,0.00,0.00,0.00,0.00,0.33,,0.00,,,,0.00,0.00,0.00,0.00,0.00,0.00,0.00,,0.00,,0.00,0.00,,,0.00,0.00,,0.00,0.00,0.00,,,0.00,,,,0.00,0.00,0.00,0.00,,,,,,0.00,,,3.91,0.33,7.76,,,,,,20.96,0.00,,,,,,,2.20,0.00,0.00,0.00,,,0.00,,,0.00,0.00,0.00
03-01-22,0.00,0.00,,,,0.00,0.00,0.00,0.00,0.23,,0.00,,,0.21,0.00,0.00,0.00,,0.00,0.00,0.00,,0.00,,0.00,0.00,,,0.00,0.00,,0.00,0.00,0.00,,,0.00,,,,0.00,0.00,0.00,0.00,,,,,,0.00,,,2.46,0.00,7.81,,,,,,5.82,0.00,,,,,,,0.00,0.00,0.00,0.00,,,0.00,,,0.00,0.00,0.00
03-02-22,0.06,0.00,,,,0.00,0.00,0.42,0.00,0.32,,0.00,,,0.20,0.09,0.00,0.00,0.00,0.00,0.00,0.00,,0.00,,0.00,0.00,,,0.00,0.00,,0.00,,0.00,,,0.00,,,,0.00,0.00,0.00,0.00,,,,,,0.00,,,0.00,0.00,7.71,,,,,,0.00,0.00,,,,,,,0.00,0.00,,0.00,,,0.00,,,0.00,0.00,0.00
03-03-22,2.58,0.03,,,,0.00,0.00,0.42,0.00,0.43,,0.58,,,0.29,0.00,0.00,0.07,0.00,0.00,0.00,0.00,,0.00,,0.00,0.00,,,0.00,0.00,,0.00,0.00,0.00,,,0.00,,,,0.00,0.00,0.00,0.00,,,,,,0.01,,,0.00,0.00,7.72,,,,,,0.00,0.00,,,,,,,0.00,0.00,0.00,0.00,,,0.00,,,0.00,0.00,0.00
03-04-22,0.00,0.12,,,,0.00,0.00,0.54,0.00,0.41,,1.07,,,0.17,0.45,0.00,0.04,,0.00,0.00,0.00,,0.00,,0.00,0.00,,,0.00,0.00,,0.00,0.00,0.00,,,0.00,,,,0.00,0.00,0.00,0.00,,,,,,0.01,,,0.76,0.21,7.79,,,,,,11.76,0.00,,,,,,,0.00,0.00,0.00,0.00,,,0.00,,,0.00,0.00,0.00
03-05-22,0.00,0.01,,,,0.00,0.00,0.21,0.00,0.45,,0.88,,,0.00,0.00,0.00,0.76,0.00,0.00,0.00,0.00,,0.00,,0.00,0.00,,,0.00,0.00,,0.00,0.00,26.09,,,,,,,0.00,0.00,0.00,0.00,,,,,,0.01,,,4.21,0.38,7.75,,,,,,17.24,0.00,,,,,,,0.00,0.00,0.00,0.00,,,0.00,,,0.00,0.00,0.00
03-06-22,0.00,0.00,,,,0.00,0.00,0.38,0.01,0.39,,0.51,,,0.00,0.42,0.00,0.67,0.00,0.00,0.00,0.00,,0.00,,0.00,,,,0.00,0.00,,0.00,0.00,0.00,,,0.00,,,,0.00,0.00,0.00,0.00,,,,,,0.01,,,6.73,0.62,7.86,,,,,,0.00,0.00,,,,,,,0.00,0.00,0.00,,,,0.00,,,0.00,0.00,0.00
03-07-22,0.00,0.00,,,,0.00,0.00,0.00,0.01,,,0.22,,,0.37,0.55,0.00,0.00,,0.00,0.00,0.00,,0.00,,0.00,0.00,,,0.00,0.00,,0.00,0.00,0.00,,,0.00,,,,0.00,0.00,0.00,0.00,,,,,,0.01,,,3.27,0.32,7.81,,,,,,0.00,0.00,,,,,,,0.00,0.00,0.00,0.00,,,0.00,,,0.00,0.00,0.00
03-08-22,0.00,0.00,,,,0.00,0.00,0.00,0.03,0.39,,0.05,,,0.90,0.25,0.00,0.00,0.00,0.00,0.00,0.00,,0.00,,0.00,0.00,,,0.00,,,,0.00,0.00,,,0.00,,,,0.00,0.00,0.00,0.00,,,,,,0.01,,,2.54,0.75,8.00,,,,,,8.19,0.00,,,,,,,0.00,0.00,0.00,0.00,,,0.00,,,0.00,0.00,0.00
03-09-22,0.09,0.00,,,,0.00,0.00,0.17,0.00,0.36,,0.00,,,0.42,0.36,0.00,0.08,0.00,0.00,0.00,0.00,,0.00,,0.00,0.00,,,0.00,0.00,,0.00,,0.00,,,0.00,,,,0.00,0.00,0.00,0.00,,,,,,0.01,,,,0.08,8.16,,,,,,31.72,0.00,,,,,,,0.00,0.00,0.00,0.00,,,0.00,,,0.00,0.00,0.00
03-10-22,0.04,0.03,,,,0.00,0.00,0.50,0.01,,,0.05,,,0.96,0.00,0.00,0.00,,0.00,0.00,0.00,,0.00,,0.00,0.00,,,0.00,0.00,,0.00,0.00,0.00,,,0.00,,,,0.00,0.00,0.00,0.00,,,,,,0.01,,,0.00,0.21,7.69,,,,,,8.28,0.00,,,,,,,0.00,0.00,0.00,0.00,,,0.00,,,0.00,0.00,0.00
03-11-22,0.04,0.19,,,,0.00,0.00,0.46,0.01,0.33,,0.11,,,0.17,0.00,0.14,0.45,0.00,0.00,0.00,0.00,,0.00,,0.00,0.00,,,0.00,0.00,,0.00,,0.00,,,0.00,,,,0.00,0.00,0.00,0.00,,,,,,0.01,,,0.00,0.00,7.60,,,,,,0.00,0.00,,,,,,,0.00,0.00,0.00,0.00,,,,,,0.00,0.00,0.00
03-12-22,0.00,0.70,,,,0.00,0.00,0.38,0.04,0.32,,0.01,,,0.46,0.00,0.11,0.00,33.50,0.00,0.00,0.00,,0.00,,0.00,0.00,,,0.00,0.00,,0.00,0.00,0.00,,,0.00,,,,0.00,0.00,0.00,0.00,,,,,,0.01,,,0.00,0.00,7.58,,,,,,0.00,0.00,,,,,,,0.00,0.00,0.00,0.00,,,0.00,,,0.00,0.00,0.00
03-13-22,0.00,0.94,,,,0.00,0.00,0.21,0.03,0.43,,0.00,,,0.72,0.17,0.18,0.24,14.25,0.00,0.00,0.00,,0.00,,0.00,,,,0.00,0.00,,,0.00,0.00,,,0.00,,,,0.00,0.00,0.00,0.00,,,,,,0.00,,,0.00,0.00,7.58,,,,,,0.00,0.00,,,,,,,0.00,0.00,0.00,0.00,,,0.00,,,0.00,0.00,0.00
03-14-22,0.00,11.26,,,,0.00,0.00,0.38,0.00,0.30,,0.08,,,0.00,0.11,0.15,0.21,0.00,0.00,0.00,0.00,,0.00,,0.00,0.00,,,0.00,0.00,,0.00,0.00,0.00,,,0.00,,,,0.00,0.00,0.00,0.00,,,,,,0.00,,,0.00,0.00,,,,,,,0.00,0.00,,,,,,,0.00,0.00,0.00,0.00,,,0.00,,,0.00,0.00,0.00
03-15-22,2.55,8.47,,,,0.00,0.00,0.00,0.00,0.33,,0.06,1.61,,0.00,0.00,0.26,0.01,0.00,0.00,0.00,0.00,,0.00,,0.00,0.00,,,0.00,0.00,,0.00,0.00,0.00,,,0.00,,,,0.00,0.00,0.00,0.00,,,,,,0.00,,,0.00,0.00,,,,,,,0.00,0.00,,,,,,,0.00,0.00,0.00,0.00,,,0.00,,,0.00,0.00,0.00
03-16-22,5.60,10.41,,,,0.00,0.00,0.29,0.00,0.30,,0.00,1.60,,0.04,0.00,0.21,0.00,,0.00,0.00,0.00,,0.00,,0.00,0.00,,,0.00,0.00,,0.00,0.00,0.00,,,0.00,,,,0.00,0.00,0.00,0.00,,,,,,0.01,,,0.00,0.39,7.77,,,,,,0.00,0.00,,,,,,,0.00,0.00,2.90,0.00,,,0.00,,,0.00,0.00,0.00
03-17-22,2.90,27.17,,,,0.00,0.00,0.04,0.06,0.41,,0.00,0.82,,0.08,0.00,0.00,0.01,0.00,0.00,0.00,0.00,2.00,0.00,,0.00,0.00,,,0.00,0.00,,0.00,0.00,0.00,,,0.00,,,,0.00,0.00,0.00,0.00,,,,,,0.01,,,0.00,0.74,7.77,,,,,,0.00,0.00,,,,,,,0.00,0.00,0.00,0.00,,,0.00,,,0.00,0.00,0.00
03-18-22,1.10,,,,,0.00,0.00,0.12,0.16,0.40,,0.00,0.97,,0.46,0.00,0.00,0.26,0.00,0.00,0.00,0.00,2.00,0.00,,0.00,0.00,,,0.00,,,0.00,0.00,0.00,,,0.00,,,,0.00,0.00,0.00,0.00,,,,,,0.01,,,0.00,0.38,7.74,,,,,,0.00,0.00,,,,,,,0.00,0.00,0.00,0.00,,,0.00,,,0.00,0.00,0.00
03-19-22,0.94,9.15,,,,0.00,0.00,0.00,0.12,0.18,,0.00,1.36,,0.46,0.13,0.20,0.16,,0.00,1.23,0.00,2.00,0.00,,0.00,0.00,,,0.00,0.00,,0.00,0.00,0.00,,,0.00,,,,0.00,0.00,0.00,0.00,,,,,,0.01,,,0.00,0.29,7.78,,,,,,0.00,0.00,,,,,,,0.00,0.00,0.00,0.00,,,0.00,,,0.00,0.00,0.00
03-20-22,0.76,4.99,,,,0.00,0.00,0.00,0.04,0.29,,0.08,1.51,,0.08,0.00,0.22,0.29,0.00,0.00,1.23,0.00,2.00,0.00,,0.00,6.30,,,0.00,0.00,,0.00,0.00,0.00,,,0.00,,,,0.00,0.00,0.00,0.00,,,,,,0.01,,,0.00,0.62,7.76,,,,,,0.00,0.00,,,,,,,0.00,0.00,0.00,0.00,,,0.00,,,0.00,0.00,0.00
03-21-22,0.72,0.06,,,,0.00,0.00,0.00,0.09,0.30,,0.00,1.27,,0.08,0.00,0.12,0.00,0.00,0.00,1.23,,0.00,0.00,,0.00,0.00,,,0.00,0.00,,0.00,0.00,0.00,,,0.00,,,,0.00,0.00,0.00,0.00,,,,,,0.01,,,0.00,0.79,7.84,,,,,,0.00,0.00,,,,,,,0.00,0.00,0.00,0.00,,,0.00,,,0.00,0.00,0.00
03-22-22,0.17,0.07,,,,0.00,0.00,0.21,0.06,0.40,,0.15,0.99,,0.29,0.00,0.17,0.22,,0.00,1.23,0.00,0.00,0.00,,0.00,0.00,,0.00,0.00,0.00,,0.00,0.00,0.00,,,0.00,,,,0.00,0.00,0.00,0.00,,,,,,0.01,,,0.00,0.08,7.74,,,,,,0.00,0.00,,,,,,,0.00,0.00,0.00,0.00,,,2.32,,,0.00,0.00,0.00
03-23-22,0.12,0.07,,,,0.00,0.00,0.00,0.19,0.42,,0.00,0.71,,0.12,0.00,0.17,0.07,0.00,0.00,0.00,0.00,0.00,0.00,,0.00,0.00,,0.00,0.00,0.00,,0.00,,0.00,,,0.00,,,366.75,0.00,,0.00,0.00,,,,,,0.01,,,0.00,2.90,20.80,,,,,,0.00,0.00,,,,,,,3.10,0.00,0.00,0.00,,,0.00,,,0.00,0.00,0.00
03-24-22,0.09,0.05,,,,0.00,0.00,0.00,0.13,0.25,,0.00,1.26,,1.28,0.00,0.27,0.06,0.00,0.00,0.00,0.00,0.00,0.00,,0.00,0.00,,,0.00,0.00,,0.00,0.00,0.00,,,0.00,,,,0.00,0.00,0.00,0.00,,,,,,0.01,,,0.00,1.96,17.90,,,,,,0.00,0.00,,,,,,,,0.00,0.00,0.00,,,0.00,,,0.00,0.00,0.00
03-25-22,0.09,0.06,,,,0.00,0.00,0.00,0.11,0.23,,0.00,1.40,,0.66,0.00,0.17,0.00,,0.00,0.00,0.00,0.00,0.00,,,0.00,,,0.00,0.00,,0.00,0.00,0.00,,,0.00,,,367.71,0.00,0.00,0.00,0.00,,,,,,0.01,,,0.00,0.00,10.35,,,,,,0.00,0.00,,,,,,,,0.00,0.00,0.00,0.00,,0.00,,,0.00,0.00,0.00
03-26-22,0.06,0.04,,,,0.00,0.00,0.00,0.10,0.22,,0.00,1.40,,0.17,0.01,0.29,0.02,0.00,0.00,0.00,0.00,,0.00,,0.00,0.00,,,0.00,0.00,,0.00,0.00,0.00,,,,,,,0.00,0.00,0.00,0.00,,,,,,0.01,,,0.00,0.24,7.77,,,,,,0.00,0.00,,,,,,,0.00,0.00,0.00,0.00,0.00,,0.00,,,0.00,0.00,0.00
03-27-22,0.05,0.03,,,,0.00,0.00,0.00,0.05,0.13,,0.17,1.30,,,0.00,0.30,0.00,0.00,0.00,0.00,,0.00,0.00,,0.00,,,,0.00,0.00,,0.00,0.00,0.00,,,0.00,,,,0.00,0.00,0.00,0.00,,,,,,0.01,,,0.00,0.22,7.77,,,,,,0.00,0.00,,,,,,,4.80,0.00,0.00,0.00,6.50,,0.00,,,0.00,0.00,0.00
03-28-22,0.02,0.05,,,,0.00,0.00,0.00,0.01,0.20,,0.03,1.54,,0.04,0.27,0.31,0.00,,0.00,0.00,0.00,0.00,0.00,,0.00,0.00,,,0.00,0.00,,0.00,0.00,0.00,,,0.00,,,,0.00,0.00,0.00,0.00,,,,,,0.01,,,0.00,0.42,7.83,,,,,,7.06,0.00,,,,,,,20.10,0.00,,0.00,21.80,,0.00,,,0.00,0.00,3.66
03-29-22,0.01,0.00,,,,0.00,0.00,0.00,0.10,0.10,,0.00,0.94,,0.42,0.16,0.30,0.08,0.00,0.00,0.00,0.00,0.00,0.00,,0.00,0.00,,,0.00,0.00,,0.00,0.00,0.00,,,0.00,,,369.00,0.00,0.00,0.00,0.00,,,,,,0.01,,,0.00,0.71,28.60,,,,,,17.47,0.00,,,,,,,15.30,0.00,0.00,0.00,17.00,,0.00,,,0.00,0.00,8.35
03-30-22,0.01,0.00,,,,0.00,0.00,0.00,0.19,0.19,,0.00,0.80,,0.50,0.00,0.25,0.00,0.00,0.00,0.00,0.00,0.00,0.00,,0.00,0.00,,0.00,0.00,0.00,,0.00,0.00,0.00,,,0.00,,,,5.04,0.00,0.00,0.00,,,,,,0.01,,,0.00,0.42,30.17,,,,,,10.50,,,,,,,,8.90,0.00,0.00,0.00,10.60,,0.00,,,0.00,0.00,6.75
03-31-22,0.01,0.00,,,,0.00,0.00,0.00,0.18,0.18,,0.00,0.86,,0.50,0.23,0.27,0.00,,0.00,0.00,0.00,0.00,0.00,,0.00,0.00,,0.00,0.00,0.00,,0.00,0.00,0.00,,,0.00,,,0.00,4.29,0.00,0.00,,,,,,,0.01,,,0.00,0.17,25.06,,,,,,0.00,,,,,,,,3.20,0.00,0.00,0.00,4.90,,0.00,,,0.00,0.00,2.38
04-01-22,0.01,0.00,,,,0.00,0.00,0.00,0.17,0.18,,0.00,0.84,,1.09,0.00,0.20,0.00,0.00,0.00,0.00,0.00,1.00,0.00,,0.00,0.00,,0.00,0.00,0.00,,0.00,0.00,0.00,,,0.00,,,0.00,4.00,0.00,0.00,0.00,,,,,,0.50,,,0.00,0.12,20.15,,,,,,0.00,,,,,,,,0.00,0.00,0.00,0.00,0.00,,0.00,,,0.00,0.00,0.00
04-02-22,0.01,0.00,,,,0.00,0.00,0.00,0.18,0.18,,0.15,0.03,,0.53,0.00,0.17,0.00,0.00,0.00,0.00,0.00,1.00,0.00,,0.00,0.00,,0.00,0.00,0.00,,0.00,0.00,0.00,,,0.00,,,0.00,2.38,0.00,0.00,0.00,,,,,,1.00,,,,0.27,13.31,,,,,,0.00,,,,,,,,0.00,0.00,0.00,0.00,0.00,,0.00,,,0.00,0.00,0.00
04-03-22,0.00,,,,,0.00,0.00,0.00,0.15,0.26,,0.12,0.00,,0.29,0.18,0.15,0.18,,0.00,0.00,0.00,1.00,0.00,,0.00,,,0.00,0.00,0.00,,0.00,0.00,0.00,,,0.00,,,0.00,0.00,0.00,0.00,0.00,,,,,,1.00,,,0.00,0.80,12.63,,,,,,9.47,,,,,,,,0.00,0.00,0.00,0.00,0.00,,0.00,,,0.00,0.00,0.00
04-04-22,0.00,0.00,,,,0.00,0.00,0.00,0.12,0.14,,0.11,0.03,,0.67,0.14,0.12,0.21,0.00,0.00,0.00,0.00,0.00,0.00,,0.00,0.00,,0.00,0.00,0.00,,0.00,0.00,0.00,,,0.00,,,0.00,2.71,0.00,0.00,0.00,,,,,,1.00,,,0.00,0.00,9.25,,,,,,0.00,,,,,,,,0.00,0.00,0.00,0.00,2.00,,0.00,,,0.00,0.00,0.00
04-05-22,0.01,0.00,,,,0.00,0.00,0.00,0.12,0.24,,0.00,0.24,,0.00,0.00,0.09,0.00,0.00,0.00,0.00,0.00,0.00,0.00,,0.00,0.00,,,0.00,0.00,,0.00,0.00,0.00,,,0.00,,,0.00,3.33,0.00,0.00,0.00,,,,,,1.00,,,0.00,0.21,7.75,,,,,,0.00,,,,,,,,0.00,0.00,0.00,0.00,3.00,,0.00,,,0.00,0.00,0.00
04-06-22,0.02,0.00,,,,0.00,0.00,0.00,0.17,0.14,,0.00,0.00,,0.64,0.00,0.08,0.00,,0.00,0.00,0.00,0.00,0.00,,0.00,0.00,,,0.00,0.00,,0.00,0.00,0.00,,,0.00,,,0.00,3.54,0.00,0.00,0.00,,,,,,1.00,,,0.00,0.21,7.77,,,,,,0.00,,,,,,,,7.90,0.00,0.00,0.00,9.60,,2.75,,,0.00,0.00,0.00
04-07-22,0.00,0.00,,,,0.00,0.00,0.00,0.13,0.14,,1.04,0.00,,0.29,0.18,0.07,0.06,0.00,0.00,0.00,0.00,0.00,0.00,,0.00,0.00,,0.00,0.00,0.00,,0.00,0.00,0.00,,,0.00,,,0.00,2.42,0.00,0.00,0.00,,,,,,1.00,,,0.00,0.50,7.83,,,,,,0.00,,,,,,,,2.60,0.00,0.00,0.00,4.30,,0.00,,,0.00,0.00,0.00
04-08-22,0.00,0.00,,,,0.00,0.00,0.00,0.09,0.14,,13.90,0.11,,0.38,0.00,0.02,0.05,0.00,0.00,0.00,0.00,0.00,0.00,,0.00,0.00,,,0.00,0.00,,0.00,0.00,0.00,,,0.00,,,0.00,2.58,0.00,0.00,0.00,,,,,,1.00,,,0.00,0.62,7.74,,,,,,0.00,,,,,,,,0.00,0.00,0.00,0.00,0.00,,0.00,,,0.00,0.00,0.00
04-09-22,0.00,0.00,,,,0.00,0.00,0.00,0.09,0.13,,43.48,0.00,,0.37,0.00,0.02,0.00,,0.00,0.00,0.00,0.00,0.00,,0.00,0.00,,,0.00,0.00,,0.00,0.00,0.00,,,0.00,,,0.00,0.00,0.00,0.00,0.00,,,,,,1.00,,,0.00,0.67,7.90,,,,,,0.00,,,,,,,,0.00,0.00,0.00,0.00,0.00,,0.00,,,0.00,0.00,0.00
04-10-22,0.00,0.00,,,,0.00,0.00,0.00,0.10,0.13,,22.21,0.00,,1.20,0.00,0.00,0.40,0.00,0.00,0.00,0.00,0.00,0.00,,0.00,,,,0.00,0.00,,0.00,0.00,0.00,,,0.00,,,0.00,0.00,0.00,0.00,0.00,,,,,,1.00,,,0.00,1.00,14.48,,,,,,0.00,,,,,,,,0.00,0.00,0.00,0.00,0.00,,0.00,,,0.00,0.00,0.00
04-11-22,0.00,0.00,,,,0.00,0.00,0.00,0.15,0.20,,8.19,0.00,,1.16,0.00,0.03,0.16,0.00,0.00,0.00,0.00,0.00,0.00,,0.00,0.00,,0.00,0.00,0.00,,0.00,0.00,0.00,,,0.00,,,0.00,2.42,0.00,0.00,0.00,,,,,,0.71,,,0.00,1.00,19.30,,,,,,,,,,,,,,0.00,0.00,0.00,0.00,0.00,,0.00,,,0.00,0.00,
04-12-22,0.00,0.00,,,,0.00,0.00,0.00,,0.22,,6.69,0.00,,1.08,0.00,0.01,0.39,,0.00,0.00,0.00,0.00,0.00,,0.00,0.00,,0.00,0.00,0.00,,0.00,0.00,0.00,,,0.00,,,0.00,,0.00,0.00,0.00,,,,,,1.00,,,0.00,0.67,18.42,,,,,,0.00,,,,,,,,0.00,0.00,0.00,0.00,0.00,,0.00,,,0.00,0.00,0.00
04-13-22,0.00,,,,,0.00,0.00,0.00,0.14,0.24,,8.36,0.02,,1.00,0.00,0.14,0.27,0.00,0.00,0.00,0.00,0.00,0.00,,0.00,0.00,,0.00,0.00,0.00,,0.00,0.00,0.00,,,0.00,,,0.00,2.67,0.00,0.00,0.00,,,,,,1.00,,,0.00,0.67,14.55,,,,,,0.00,,,,,,,,0.00,0.00,0.00,0.00,0.00,,0.00,,,0.00,0.00,0.00
04-14-22,0.01,0.00,,,,0.00,0.00,0.00,0.15,0.12,,7.79,0.00,,0.09,0.00,0.07,0.44,0.00,0.00,0.00,0.00,0.00,0.00,,,0.00,,0.00,0.00,0.00,,0.00,0.00,0.00,,,0.00,,,0.00,2.75,0.00,0.00,0.00,,,,,,1.00,,,0.00,0.61,9.01,,,,,,0.00,,,,,,,,0.00,0.00,0.00,0.00,0.00,,0.00,,,0.00,0.00,0.00
04-15-22,0.00,0.00,,,,0.00,0.00,0.00,0.15,0.07,,22.14,0.00,,0.00,0.07,,0.43,,0.00,0.00,0.00,0.00,0.00,,0.00,0.00,,0.00,0.00,0.00,,0.00,0.00,0.00,,,0.00,,,0.00,2.92,0.00,0.00,0.00,,,,,,1.00,,,0.00,0.61,7.72,,,,,,0.00,,,,,,,,0.00,0.00,0.00,0.00,0.00,,0.00,,,0.00,0.00,0.00
04-16-22,0.00,0.00,,,,0.00,0.00,0.12,0.15,0.15,,0.20,0.00,,0.00,0.00,0.05,0.00,0.00,0.00,0.00,0.00,0.00,0.00,,,0.00,,0.00,0.00,0.00,,0.00,0.00,0.00,,,0.00,,,0.00,3.96,0.00,0.00,0.00,,,,,,1.00,,,0.00,0.62,7.70,,,,,,0.00,,,,,,,,0.00,0.00,0.00,0.00,0.00,,0.00,,,0.00,0.00,0.00
04-17-22,0.01,0.00,,,,0.00,0.00,0.08,0.14,0.09,,1.80,0.00,,0.00,0.00,0.04,0.30,0.00,0.00,0.00,0.00,0.00,0.00,,0.00,,,0.00,0.00,0.00,,0.00,0.00,0.00,,,0.00,,,0.00,5.54,0.00,0.00,0.00,,,,,,1.00,,,0.00,0.58,7.70,,,,,,0.00,,,,,,,,0.00,0.00,0.00,0.00,0.00,,0.00,,,0.00,0.00,0.00
04-18-22,0.02,0.00,,,,0.00,0.00,0.00,0.12,0.06,,0.82,0.00,,0.00,0.00,0.00,0.12,,0.00,0.00,0.00,0.00,0.00,,0.00,0.00,,0.00,0.00,0.00,,0.00,0.00,0.00,,,0.00,,,0.00,5.79,0.00,0.00,0.00,,,,,,1.00,,,0.00,0.71,7.78,,,,,,0.00,,,,,,,,0.00,0.00,0.00,0.00,0.00,,0.00,,,0.00,0.00,0.00
04-19-22,0.01,0.00,,,0.00,0.00,0.00,0.00,0.10,0.26,,5.17,0.00,,,0.00,0.01,0.39,0.00,0.00,0.00,0.00,0.00,0.00,,0.00,0.00,,0.00,0.00,0.00,,0.00,0.00,0.00,,,0.00,,,0.00,6.08,0.00,0.00,0.00,,,,,,1.00,,,0.00,1.00,7.90,,,,,,5.38,,,,,,,,,0.00,0.00,0.00,,,0.00,,,0.00,0.00,0.00
04-20-22,0.01,0.00,,,0.03,0.00,0.00,0.00,0.12,0.25,,0.00,0.00,,0.00,0.23,0.12,0.17,0.00,0.00,0.00,0.00,0.00,0.00,,0.00,0.00,,,0.00,0.00,,0.00,0.00,0.00,,,0.00,,,0.00,5.88,0.00,0.00,0.00,,,,,,1.00,,,0.00,1.00,9.37,,,,,,15.64,,,,,,,,0.00,0.00,0.00,0.00,0.00,,0.00,,,0.00,0.00,0.00
04-21-22,0.00,0.00,,,0.04,0.00,0.00,0.00,0.25,0.12,,42.57,0.00,,,0.00,0.08,0.12,,0.00,0.00,0.00,0.00,0.00,,0.00,0.00,,,0.00,0.00,,0.00,0.00,0.00,,,0.00,,,0.00,87.50,3.57,0.00,0.00,,,,,,1.00,,,0.00,1.00,27.86,,,,,,0.00,,,,,,,,0.00,0.00,0.00,0.00,0.00,,0.00,,,0.00,0.00,0.00
04-22-22,0.00,0.00,,,0.05,0.00,0.00,0.00,0.27,0.20,,2.30,0.00,,0.00,0.00,0.06,0.44,0.00,7.96,13.58,0.00,,0.00,,9.75,0.00,,,0.00,21.86,,,17.53,0.00,,,0.00,,,34.35,141.42,35.00,24.21,3.10,,,,,,1.00,,,,16.13,33.31,,,,,,0.00,,,,,,,,0.00,0.00,0.00,0.00,0.00,,0.00,,,0.00,10.70,0.00
04-23-22,0.02,0.00,,,0.05,0.00,0.00,0.00,0.26,0.11,,,0.00,,0.00,0.00,0.12,0.11,0.00,6.08,15.83,0.00,4.00,0.00,,12.05,0.00,,,0.00,20.30,,0.00,9.69,0.00,,,0.00,,,28.92,11.83,30.54,5.25,0.00,,,,,,1.00,,,0.00,9.67,27.32,,,,,,38.05,,,,,,,,9.60,0.00,0.00,0.00,9.70,,0.00,,,0.00,4.90,2.65
04-24-22,0.01,0.00,,,0.04,0.00,0.00,0.00,0.18,0.14,,0.34,0.00,,0.22,0.00,0.00,0.03,,2.79,8.92,0.00,0.00,0.00,,7.02,5.78,,0.00,0.00,16.74,,0.00,0.00,0.00,,,0.00,,,24.68,3.00,30.50,0.00,0.00,,,,,,0.62,,,0.05,4.04,25.99,,,,,,63.54,,,,,,,,12.00,0.00,0.00,0.00,12.00,,0.00,,,0.00,4.30,0.00
04-25-22,0.00,0.00,,,0.05,0.00,0.00,0.00,0.11,0.24,,0.00,0.00,,0.09,0.00,0.00,0.27,0.00,0.00,8.00,0.00,0.00,0.00,,4.89,0.00,,0.00,0.00,11.58,,0.00,0.00,0.00,,,0.00,,,30.16,2.29,36.00,0.00,3.77,,,,,,0.42,,,0.67,5.32,29.50,,,,,,53.76,,,,,,,,9.40,0.00,0.00,0.00,9.40,,0.00,,,0.00,7.80,0.00
04-26-22,0.01,0.00,,,0.05,0.00,0.00,0.00,0.30,0.05,,0.00,0.00,,0.05,0.00,0.00,0.30,0.00,0.00,11.68,0.00,1.72,0.00,,,0.00,,0.00,0.00,6.06,,0.00,0.00,0.00,,,0.00,,,31.27,10.78,45.54,2.46,17.85,,,,,,5.00,,,11.21,15.78,53.77,,,,,,67.90,,,,,,,,17.40,,2.90,0.00,17.40,,0.00,,,0.00,7.40,4.27
04-27-22,0.03,0.00,,,0.07,0.00,0.00,0.00,0.53,0.19,,,0.00,,0.00,0.16,0.00,,,11.71,28.72,0.00,30.05,0.00,,33.11,0.00,,17.70,,4.81,,2.85,11.75,0.00,,,0.00,,,40.17,21.88,61.12,8.57,36.39,,,,,,10.25,,,39.38,40.81,75.65,,,,,,69.27,,,,,,,,19.00,0.00,2.20,,19.00,,,,,0.00,7.70,10.49
04-28-22,0.01,0.00,,,0.07,0.00,0.00,0.00,0.39,0.15,,,0.50,,0.00,0.00,0.00,1.01,0.00,7.38,31.38,0.00,22.55,0.00,,26.99,,,0.00,0.00,4.04,,0.00,5.94,0.00,,,0.00,,,37.46,14.96,56.58,5.12,37.85,,,,,,8.33,,,46.83,44.83,91.29,,,,,,65.43,,,,,,,,15.90,0.00,0.00,0.00,15.90,,0.00,,,0.00,7.60,8.78
04-29-22,0.01,0.00,,,0.07,0.00,0.00,,0.35,0.02,,,0.52,,0.08,0.00,0.00,0.00,0.00,3.92,30.17,0.00,15.41,0.00,,21.84,0.00,,0.00,0.00,3.28,,0.00,0.00,0.00,,,0.00,,,34.50,7.75,54.29,0.00,34.77,,,,,,7.00,,,43.21,41.96,88.12,,,,,,64.71,,,,,,,,13.50,0.00,0.00,0.00,13.50,,0.00,,,0.00,5.70,7.98
04-30-22,0.01,0.00,,,0.07,0.00,0.00,0.00,0.41,0.18,,,0.06,,0.00,0.00,0.00,0.00,,0.00,28.46,0.00,9.96,0.00,,16.76,0.00,,0.00,0.00,2.85,,0.00,0.00,0.00,,,0.00,,,32.00,3.54,52.33,0.00,31.35,,,,,,4.75,,,39.38,39.62,85.60,,,,,,64.40,,,,,,,,13.80,0.00,0.00,0.00,13.80,,0.00,,,0.00,2.80,8.58
05-01-22,0.00,0.00,,,0.06,0.00,0.00,0.00,0.51,0.22,,,0.00,,0.74,0.00,0.00,0.00,0.00,0.00,28.00,0.00,5.90,0.00,,14.17,,,0.00,0.00,2.15,,0.00,0.00,0.00,,,0.00,,,31.29,0.00,51.00,0.00,29.77,,,,,,4.00,,,37.04,37.50,86.42,,,,,,54.80,,,,,,,,12.80,0.00,0.00,0.00,12.80,,0.00,,,0.00,0.00,6.56
05-02-22,0.00,0.43,,,0.07,0.00,0.00,0.00,0.44,0.30,,,0.00,,0.05,0.00,0.00,0.00,0.00,0.00,28.00,0.00,4.09,0.00,,12.47,0.00,,0.00,0.00,1.93,,0.00,0.00,,,,0.00,,,31.00,0.00,50.38,0.00,28.77,,,,,76.28,3.54,,,35.21,36.42,85.83,,,,,,56.72,,,,,,,,6.90,0.00,0.00,0.00,6.90,,0.00,,,0.00,0.00,3.37
05-03-22,,,,,0.08,0.00,0.00,0.00,0.38,0.10,,13.71,0.22,,0.00,0.00,0.00,0.00,,0.00,26.29,0.00,1.48,0.00,,10.77,0.00,,0.00,0.00,1.28,,0.00,0.00,,,,0.00,,,29.83,0.00,49.17,0.00,26.39,,,,,75.64,2.29,,,33.21,34.00,81.13,,,,,,46.14,,,,,,,,0.00,0.00,0.00,0.00,0.00,,0.00,,,0.00,0.00,0.00
05-04-22,0.00,0.00,,,0.09,0.00,0.00,0.00,0.39,0.05,,0.00,,,,0.00,0.00,0.00,0.00,0.00,21.92,0.00,0.00,0.00,,8.31,,,0.00,0.00,0.00,,0.00,0.00,,,,0.00,,,28.38,0.00,47.58,0.00,23.43,,,,,74.51,0.62,,,30.00,30.62,76.01,,,,,,44.30,,,,,,,,12.40,0.00,0.00,0.00,12.40,,0.00,,,0.00,0.00,0.00
05-05-22,0.00,0.00,,,0.08,0.00,0.00,0.00,0.45,0.00,,0.00,0.00,,0.00,0.06,0.00,0.00,0.00,0.00,19.71,0.00,0.00,0.00,,5.09,0.00,,0.00,0.00,0.00,,0.00,0.00,,,,0.00,,,26.25,0.00,46.04,0.00,21.35,,,,,73.25,0.00,,,27.04,28.08,73.84,,,,,,48.86,,,,,,,,20.20,0.00,0.00,0.00,20.10,,,,,0.00,0.00,0.00
05-06-22,0.00,0.00,,,0.08,0.00,0.00,0.00,0.39,0.15,,0.00,0.00,,0.00,0.00,0.00,0.00,,0.00,19.42,0.00,0.00,0.00,,1.26,0.00,,0.00,0.00,0.00,,0.00,0.00,,,,0.00,,,24.75,0.00,44.50,0.00,20.27,,,,,72.51,0.00,,,24.67,26.04,71.92,,,,,,43.91,,,,,,,,15.30,0.00,0.00,0.00,15.30,,0.00,,,0.00,0.00,0.00
05-07-22,0.00,0.00,,,0.08,0.00,0.00,0.00,0.37,0.15,,0.00,0.04,,0.04,0.00,0.00,0.00,0.00,0.00,17.13,0.00,0.00,0.00,,0.00,0.00,,0.00,0.00,0.00,,0.00,0.00,,,,0.00,,,23.67,0.00,44.38,0.00,19.18,,,,,71.62,0.00,,,23.25,24.46,68.36,,,,,,26.73,,,,,,,,0.00,0.00,0.00,0.00,0.00,,0.00,,,0.00,0.00,0.00
05-08-22,0.00,5.73,,,,0.00,0.00,0.00,0.43,0.33,,0.00,0.00,,0.37,0.11,0.00,0.00,0.00,0.00,15.79,0.00,0.00,0.00,,0.00,,,0.00,0.00,0.00,,0.00,0.00,,,,0.00,,,22.12,0.00,44.00,0.00,17.85,,,,,71.41,0.00,,,21.46,24.00,62.89,,,,,,25.43,,,,,,,,0.00,0.00,0.00,0.00,0.00,,0.00,,,0.00,0.00,0.00
05-09-22,0.00,,,,0.09,0.00,0.00,0.00,0.35,0.31,,0.00,0.00,,0.00,0.18,0.00,0.00,13.96,0.00,14.00,0.00,0.00,0.00,,0.00,0.00,,0.00,0.00,0.00,,0.00,0.00,,,,0.00,,,21.04,0.00,43.38,0.00,16.77,,,,,70.44,0.00,,,18.50,22.38,58.90,,,,,,31.09,0.00,,,,,,,2.90,0.00,0.00,0.00,2.90,,0.00,,,0.00,0.00,0.00
05-10-22,0.00,0.00,,,0.08,0.00,0.00,0.00,0.39,0.02,,0.00,0.09,,0.04,0.00,0.00,0.00,32.08,0.00,10.79,0.00,0.00,0.00,,0.00,0.00,,0.00,0.00,0.00,,0.00,0.00,,,,0.00,,,19.17,0.00,42.50,0.00,15.77,,,,,69.42,0.00,,,16.96,21.30,56.71,,,,,,27.72,0.00,,,,,,,3.60,0.00,0.00,0.00,3.60,,0.00,,,0.00,0.00,0.00
05-11-22,0.00,0.00,,,0.08,0.00,0.00,,0.39,0.06,,0.00,0.26,,0.00,0.00,0.00,0.00,0.00,0.00,7.00,0.00,0.00,0.00,,0.00,0.00,,0.00,0.00,0.00,,0.00,0.00,,,,0.00,,,17.33,2.00,41.42,0.00,14.39,,,,,66.25,0.00,,,14.62,16.38,55.72,,,,,,25.47,0.00,,,,,,,3.80,0.00,0.00,0.00,3.80,,0.00,,,0.00,0.00,0.00
05-12-22,0.00,0.00,,,0.08,0.00,0.00,0.00,0.33,0.17,,0.00,0.00,,1.29,0.02,0.00,0.00,14.17,0.00,5.42,0.00,0.00,0.00,,0.00,0.00,,0.00,0.00,0.00,,0.00,0.00,,,,0.00,,,16.24,0.00,43.04,0.00,13.77,,,,,67.79,0.00,,,11.33,13.00,54.24,,,,,,26.48,126.01,,,,,,,3.90,0.00,0.00,0.00,3.90,,0.00,,,0.00,0.00,0.00
05-13-22,0.00,0.00,,,0.13,0.00,0.00,0.00,0.34,0.26,,0.00,0.00,,0.32,0.00,0.00,0.00,0.00,0.00,5.00,0.00,0.00,0.00,,0.00,0.00,,0.00,0.00,0.00,,0.00,0.00,,,,0.00,,,18.79,2.25,50.46,0.00,13.77,,,,,73.06,0.00,,,10.38,13.00,54.07,,,,,,41.15,0.00,,,,,,,3.80,0.00,0.00,0.00,3.80,,0.00,,,0.00,6.20,0.00
05-14-22,0.00,0.00,,,0.20,0.00,0.00,0.00,0.34,0.11,,0.00,0.00,,0.00,0.27,0.00,,0.00,0.00,5.00,0.00,0.00,0.00,,0.00,0.00,,0.00,0.00,1.12,,0.00,0.00,,,,0.00,,,18.00,0.00,49.00,0.00,13.27,,,,,67.08,0.00,,,10.08,13.00,53.54,,,,,,47.91,0.00,,,,,,,3.90,0.00,0.00,0.00,3.90,,0.00,,,0.00,4.90,0.00
05-15-22,0.00,,,,0.16,0.00,0.00,0.00,0.34,0.22,,0.00,0.00,,0.39,0.11,0.00,0.00,14.17,0.00,4.17,0.00,0.00,0.00,,0.00,,,,0.00,0.00,,0.00,0.00,,,,0.00,,,17.71,0.00,48.42,0.00,12.31,,,,,61.98,0.00,,,8.79,12.17,52.26,,,,,,46.30,0.00,,,,,,,3.90,0.00,0.00,0.00,3.90,,0.00,,,0.00,2.50,0.00
05-16-22,0.00,0.00,,,0.15,0.00,0.00,0.00,0.35,0.14,,0.00,0.00,,0.02,0.23,0.00,0.00,0.00,0.00,2.62,0.00,0.00,0.00,,0.00,0.00,,,0.00,0.00,,0.00,0.00,,,,0.00,,,17.67,0.00,47.38,0.00,11.23,,,,,61.03,0.00,,,7.17,11.00,50.61,,,,,,44.26,47.16,,,,,,,2.70,0.00,0.00,0.00,2.70,,0.00,,,0.00,0.00,0.00
05-17-22,0.00,0.00,,,0.14,0.00,0.00,0.00,0.31,0.00,,0.00,0.00,,0.17,0.00,0.00,0.00,0.00,0.00,2.71,0.00,0.00,0.00,,0.00,0.00,,0.00,0.00,0.00,,0.00,0.00,,,,0.00,,39.48,18.00,0.00,47.00,,9.89,,,,,59.92,0.00,,,5.88,9.46,47.93,,,,,,41.10,80.67,,,,,,,2.50,0.00,0.00,0.00,2.50,,0.00,,,0.00,5.80,0.00
05-18-22,0.00,0.00,,,0.14,0.00,0.00,0.00,0.35,0.24,,0.00,0.00,,0.72,0.00,0.00,0.00,14.08,0.00,2.54,0.00,0.00,0.00,,0.00,0.00,,0.00,0.00,0.00,,0.00,0.00,,,,0.00,,3.14,17.83,0.00,47.00,0.00,8.39,,,,,59.20,0.00,,,4.33,5.54,44.01,,,,,,39.22,155.92,,,,,,,2.40,0.00,0.00,0.00,2.40,,0.00,,,0.00,9.10,0.00
05-19-22,0.00,0.00,,,,0.00,0.00,0.11,2.54,0.37,,0.00,0.00,,0.00,0.00,0.00,0.00,0.00,0.00,2.29,0.00,0.00,0.00,,0.00,0.00,,,0.00,0.00,,0.00,0.00,,,,0.00,,0.00,17.00,0.00,45.92,0.00,7.14,,,,,58.36,0.00,,,2.38,1.42,39.44,,,,,,36.33,165.82,,,,,,,2.50,0.00,2.40,0.00,2.50,,0.00,,,0.00,11.40,0.00
05-20-22,0.01,0.00,,,0.07,0.00,0.00,0.00,1.03,0.53,,0.00,0.00,,0.38,0.00,,0.00,11.42,2.17,3.00,0.00,0.00,0.00,,2.69,0.00,,,0.00,0.00,,0.00,0.00,,,,0.00,,5.79,22.79,47.17,60.71,5.67,12.64,,,,,63.71,0.00,,,0.29,2.74,39.70,,,,,,21.30,148.00,,,,,,,0.00,0.00,0.00,0.00,,,0.00,,,0.00,13.80,0.00
05-21-22,0.00,0.00,,,0.10,0.00,0.00,0.00,0.89,0.37,,0.00,0.00,,0.45,0.00,0.00,0.00,18.67,0.00,3.00,0.00,0.00,0.00,,1.85,0.00,,,0.00,0.00,,0.00,0.00,,,,0.00,,5.70,27.00,8.88,65.62,6.58,15.77,,,,,63.88,0.00,,,0.25,3.67,45.59,,,,,,40.05,109.52,,,,,,,0.00,0.00,0.00,0.00,2.30,,0.00,,,0.00,12.30,0.00
05-22-22,0.00,,,,0.12,0.00,0.00,0.00,0.59,0.07,,0.00,0.00,,0.13,0.00,0.00,0.00,0.00,0.00,3.00,0.00,0.00,0.00,,0.00,5.95,,,0.00,0.00,,0.00,0.00,,,,0.00,,4.76,20.92,125.17,66.83,7.85,23.52,,,,,64.67,0.50,,,7.38,5.83,50.66,,,,,,50.45,0.00,,,,,,,22.30,0.00,0.00,0.00,23.40,,0.00,,,0.00,10.20,0.00
05-23-22,0.00,0.00,,,0.12,0.00,0.00,0.00,0.50,0.00,,0.00,0.00,,0.08,0.00,0.00,0.14,8.96,0.00,10.12,0.00,0.00,0.00,,,11.58,,0.00,0.00,1.23,,0.00,3.08,156.61,,,20.32,,32.09,23.92,,114.65,55.14,37.85,,,,,62.86,2.00,,,11.71,12.45,51.46,,,,,,44.30,22.62,,,,,,,40.50,0.00,4.00,0.00,39.90,,0.00,,,0.00,19.20,11.66
05-24-22,0.00,0.00,,,0.12,0.00,0.00,0.00,0.41,0.00,,0.00,0.00,,0.00,0.00,0.00,0.04,50.04,0.00,16.83,0.00,0.00,0.00,,19.40,29.75,,0.00,0.00,0.00,,0.00,0.00,223.73,,,34.21,,35.91,52.43,131.29,142.54,61.42,41.31,,,,,74.84,0.83,,,,21.58,74.51,,,,,,57.98,7.41,,,,,,,43.20,0.00,5.60,0.00,43.20,,0.00,,,0.00,25.40,14.66
05-25-22,0.01,0.00,,,0.13,0.00,0.00,0.00,0.39,0.00,,0.00,0.00,,0.09,0.00,0.00,0.00,32.67,0.00,13.71,0.00,0.00,0.00,,13.26,23.21,,0.00,0.00,0.00,,0.00,0.00,182.18,,,32.06,,34.59,47.25,44.96,132.12,45.88,35.35,,,,,73.99,0.00,,,10.54,19.00,82.22,,,,,,56.01,8.06,,,,,,,36.40,0.00,4.40,0.00,36.40,,0.00,,,0.00,25.10,14.44
05-26-22,0.03,,,,0.13,0.00,0.00,0.00,0.38,0.07,,0.00,0.00,,0.35,0.00,0.00,0.00,28.71,0.00,10.38,0.00,0.00,0.00,,8.95,14.04,,0.00,0.00,0.00,,0.00,0.00,115.28,,,28.85,,30.61,44.33,38.75,125.33,40.08,34.77,,,,,73.80,0.00,,,11.00,19.00,81.07,,,,,,53.98,6.90,,,,,,,32.40,0.00,3.30,0.00,32.40,,0.00,,,0.00,23.30,13.35
05-27-22,0.02,,,,0.13,0.00,0.00,,0.36,0.00,,0.00,0.00,,1.09,0.00,0.00,0.40,26.29,0.00,9.00,0.00,0.00,0.00,,8.26,6.00,,0.00,0.00,0.00,,0.00,0.00,115.20,,,28.85,,32.68,42.62,36.58,121.67,36.46,34.77,,,,,73.48,0.00,,,11.00,19.00,79.67,,,,,,52.69,7.56,,,,,,,34.60,0.00,2.90,0.00,34.60,,0.00,,,0.00,21.40,15.76
05-28-22,0.00,,,,0.09,0.00,0.00,,0.36,0.06,,0.00,0.00,,0.71,0.00,0.00,0.48,30.21,0.00,8.00,0.00,1.39,0.00,,9.19,1.67,,,0.00,0.00,,0.00,0.00,119.12,,,33.69,,37.05,42.00,35.04,119.17,35.33,34.77,,,,,73.30,0.00,,,11.00,18.62,78.81,,,,,,51.87,7.68,,,,,,,32.00,0.00,0.00,0.00,32.00,,0.00,,,4.71,21.00,14.87
05-29-22,0.00,,,,0.10,0.38,0.00,,2.57,0.26,,0.00,1.60,,1.09,0.49,0.09,0.40,67.17,2.92,9.70,0.00,2.14,0.00,,11.19,8.91,,0.00,1.63,,,0.00,2.75,118.95,,,33.69,,34.86,41.00,33.25,117.00,34.29,34.77,,,,,73.26,0.00,,,11.67,19.00,78.11,,,,,,50.96,7.62,,,,,,,30.60,2.28,0.00,0.00,30.60,,0.00,,,4.62,21.00,14.98
05-30-22,0.00,,,,0.07,0.00,0.00,6.25,16.99,2.30,,0.00,0.68,,0.67,0.00,0.88,0.48,24.62,2.83,9.33,0.00,0.00,0.00,,10.60,2.46,,0.00,0.00,0.00,,0.00,2.67,115.88,,,33.35,,33.50,41.00,33.25,116.00,34.00,34.77,,,,,72.53,0.00,,,12.42,19.00,77.78,,,,,,50.63,7.64,,,,,,,29.80,10.31,0.00,0.00,29.80,,0.00,,,0.00,20.70,14.90
05-31-22,0.00,,,,0.43,4.46,18.99,23.18,39.07,16.74,,3.82,20.44,,4.74,11.98,12.75,0.00,12.67,2.12,9.00,0.00,0.00,0.00,,10.38,2.35,,0.00,1.08,0.00,,0.00,2.38,112.83,,,32.98,,33.15,39.46,32.92,115.00,34.00,34.77,,,,,71.42,0.00,,,12.54,19.46,77.62,,,,,,49.76,7.36,,,,,,,29.20,20.00,0.00,0.00,29.20,,0.00,,,0.00,20.40,14.88
06-01-22,0.00,,,,14.88,17.64,30.14,51.62,73.31,31.48,,7.97,53.00,,31.23,16.81,27.69,0.00,12.54,2.86,9.00,0.00,0.00,0.00,,10.06,1.67,,0.00,0.00,0.00,,0.00,0.00,112.51,,,32.69,,33.09,36.54,32.46,114.00,34.00,34.77,,,,,71.43,0.00,,,12.54,19.38,77.43,,,,,,49.21,84.53,,,,,,,28.80,30.83,0.00,0.00,28.80,,0.00,,,0.00,19.90,14.64
06-02-22,0.00,,,,8.17,22.61,26.13,52.33,69.72,28.60,,9.40,43.65,,25.81,12.97,31.09,0.03,38.87,9.52,17.21,6.97,19.61,0.00,,15.98,3.04,,,0.00,34.80,,7.44,26.88,124.68,,,40.00,,47.51,37.33,160.83,116.04,37.71,37.72,,,,,71.59,0.00,,,13.00,19.54,70.62,,,,,,48.86,55.75,,,,,,,28.80,28.03,0.00,0.00,28.80,,0.00,,,0.00,21.60,14.10
06-03-22,0.00,,,,2.87,28.79,41.96,63.68,,30.84,,22.93,50.28,,41.36,28.44,37.17,3.06,40.50,21.12,33.50,12.52,27.96,0.00,,14.36,8.96,,,10.35,14.22,,8.70,38.15,153.62,,,47.98,,62.59,38.10,,124.04,49.71,66.06,,,,,79.50,0.00,,,28.79,23.38,72.46,,,,,,50.68,21.14,,,,,,,28.70,44.32,0.00,2.90,28.70,,0.00,,,2.17,19.90,14.08
06-04-22,0.00,,,,2.59,33.08,57.03,61.46,,31.27,,36.55,66.34,,57.83,53.80,,14.19,119.29,51.17,75.46,20.50,60.24,0.00,,,35.29,,,43.96,16.15,,23.75,83.36,215.89,,,71.74,,121.87,48.88,,150.32,76.00,98.92,,,,,103.56,0.00,,,31.25,44.46,85.51,,,,,,52.29,19.46,,,,,,,28.40,70.46,0.00,18.80,28.40,,0.00,,,19.30,35.30,14.43
06-05-22,0.30,,,,1.97,26.17,50.84,53.70,,26.56,,38.61,62.84,,53.13,35.64,39.36,16.98,127.75,51.96,95.95,19.04,58.27,0.00,,50.38,37.00,,52.25,5.35,,,18.91,84.06,230.77,,,72.15,,113.66,35.76,66.21,146.88,69.50,91.06,,,,,93.83,0.00,,,27.50,,93.72,,,,,,56.15,0.00,,,,,,,27.30,64.36,0.00,5.70,27.30,,,,,11.92,50.80,14.20
06-06-22,2.86,,,,1.14,27.55,49.08,50.75,108.18,25.22,,46.15,54.49,,50.63,30.94,41.24,16.98,113.58,46.75,92.21,15.98,50.68,0.00,,99.67,28.83,,33.96,6.43,17.74,,15.66,71.19,225.35,,,65.90,,104.42,34.46,59.46,142.38,64.00,83.60,,,,,77.02,0.00,,,23.54,43.25,114.99,,,,,,58.95,22.69,,,,,,,31.60,58.44,0.00,0.00,31.60,,0.00,,,0.00,46.90,21.61
06-07-22,1.38,62.29,,,0.44,26.29,46.59,46.04,103.33,23.24,,37.50,50.52,,43.88,27.40,36.84,15.98,,41.50,86.42,14.04,44.95,0.00,,90.79,22.25,,27.96,4.96,13.45,,12.14,60.85,220.68,,,61.44,,98.06,34.00,52.58,138.96,60.08,78.39,,,,,69.84,0.00,,,20.33,39.54,117.15,,,,,,86.02,60.92,,,,,,,35.30,54.89,0.00,0.00,35.30,,0.00,,,0.00,43.10,23.07
06-08-22,0.01,,,,0.44,25.38,44.43,42.42,100.08,20.87,,34.79,47.01,,39.96,24.02,34.89,15.65,98.58,37.38,80.83,12.22,39.95,0.00,,83.55,15.75,,22.00,0.00,13.29,,10.44,53.69,217.73,,,56.21,,92.70,33.42,48.12,136.54,57.00,76.27,,,,,69.23,0.00,,,18.33,37.54,119.49,,,,,,75.50,0.00,,,,,,,48.00,52.33,2.00,0.00,47.70,,0.00,,,0.00,40.50,33.79
06-09-22,0.00,,,,0.43,24.58,43.30,39.71,96.07,18.89,,33.97,44.39,,37.25,22.27,33.30,14.98,82.88,35.29,78.29,11.67,36.30,0.00,,78.20,15.04,,19.62,0.00,9.07,,9.36,49.71,214.74,,,54.15,,88.84,33.42,46.21,134.46,56.00,75.77,,,,,69.05,0.00,,,18.00,37.00,130.54,,,,,,72.41,0.00,,,,,,,42.40,50.19,10.60,0.00,42.40,,0.00,,,0.00,39.50,41.54
06-10-22,0.00,,,,0.43,24.00,42.03,37.54,93.30,18.40,,34.22,40.57,,35.55,21.27,32.14,14.98,79.29,33.50,76.58,10.53,33.79,0.00,,74.02,14.67,,18.33,0.00,12.48,,8.63,44.87,209.70,,,53.10,,84.76,33.43,44.13,132.75,54.79,75.06,,,,,68.51,0.00,,,18.12,37.00,128.95,,,,,,71.68,0.00,,,,,,,34.70,48.37,0.00,0.00,34.70,,0.00,,,0.00,38.30,39.82
06-11-22,0.00,,,,0.00,24.00,41.67,36.46,90.62,17.82,,34.73,35.21,,35.30,21.27,31.48,14.98,84.33,31.62,75.38,8.82,31.05,0.00,,70.51,14.04,,16.50,0.00,7.45,,7.30,40.35,198.15,,,52.10,,81.24,33.00,41.12,131.21,51.96,74.77,,,,,67.08,0.42,,,18.00,35.00,127.36,,,,,,70.76,0.00,,,,,,,23.90,46.94,0.00,0.00,23.90,,0.00,,,0.00,37.80,34.22
06-12-22,0.00,0.79,,,0.00,23.00,40.96,35.58,88.46,17.42,,34.53,26.57,,33.73,19.98,31.14,14.98,71.79,29.83,74.42,7.39,28.78,0.00,,67.51,,,15.00,0.00,6.90,,5.79,35.79,190.20,,,51.06,,78.21,33.00,39.46,130.00,50.00,73.48,,,,,64.13,0.33,,,17.29,33.25,126.48,,,,,,63.56,0.00,,,,,,,20.60,45.75,0.00,0.00,20.60,,0.00,,,0.00,36.80,28.07
06-13-22,0.00,0.74,,,0.00,23.00,40.73,34.54,85.59,17.12,,33.60,22.43,,31.77,19.27,28.57,14.98,65.54,29.12,72.58,6.08,27.26,0.00,,64.91,13.12,,13.83,0.00,5.86,,5.09,31.90,185.68,,,49.56,,75.05,32.26,37.79,128.50,48.71,71.27,,,,,61.43,0.46,,,16.00,31.67,125.88,,,,,,55.13,0.00,,,,,,,19.10,44.63,0.00,0.00,19.10,,0.00,,,0.00,33.70,24.30
06-14-22,0.00,0.70,,,0.00,23.00,40.33,34.25,83.29,17.33,,33.33,21.97,,30.71,19.27,25.32,14.31,59.08,28.12,65.67,4.30,26.43,0.00,,62.71,12.25,,12.88,0.00,3.62,,4.59,29.71,180.95,,,47.44,,71.99,31.00,36.08,127.00,47.71,70.77,,,,,64.31,0.29,,,18.50,35.67,134.08,,,,,,51.82,0.00,,,,,,,19.20,43.88,0.00,0.00,19.20,,0.00,,,0.00,31.50,23.91
06-15-22,0.00,0.75,,,0.00,23.00,38.50,34.00,81.84,16.94,,31.96,22.80,,30.42,18.77,24.80,13.98,35.54,28.12,55.45,2.67,26.00,0.00,,60.92,10.79,,12.96,0.00,2.12,,4.16,28.69,177.47,,,46.69,,70.38,30.46,35.42,126.00,48.00,71.77,,,,,81.98,0.00,,,33.95,52.79,138.86,,,,,,51.12,0.00,,,,,,,19.30,42.08,0.00,0.00,19.30,,0.00,,,0.00,31.30,23.84
06-16-22,0.00,,,,0.03,22.38,37.79,33.54,81.13,16.47,,28.82,22.46,,30.42,18.27,24.37,13.69,31.12,28.12,55.00,1.27,26.00,0.00,,59.57,10.12,,12.79,0.00,2.17,,4.41,28.27,175.25,,,46.69,,69.24,30.50,35.83,125.71,47.54,71.77,,,,,82.29,0.00,,,30.00,51.00,140.06,,,,,,51.54,5.45,,,,,,,19.20,41.32,,0.00,19.20,,0.00,,,0.00,31.30,23.52
06-17-22,0.00,,,,0.07,21.54,37.44,33.21,81.85,15.42,,26.49,22.88,,29.75,18.27,24.30,13.69,41.96,28.12,54.67,1.55,25.65,0.00,,58.52,10.21,,12.75,0.00,1.84,,4.10,28.27,173.40,,,46.69,,68.46,30.67,35.58,125.00,47.42,71.77,,,,,79.87,0.00,,,26.17,51.67,151.39,,,,,,56.26,0.00,,,,,,,19.00,39.26,0.00,0.00,19.00,,0.00,,,0.00,31.50,23.36
06-18-22,0.00,,,,0.01,22.00,37.55,33.25,81.24,14.87,,28.83,23.62,,28.84,18.27,24.20,13.98,30.75,27.67,53.17,1.48,25.00,0.00,,57.67,9.25,,12.71,0.00,2.20,,3.23,27.27,169.92,,,45.69,,67.60,30.00,35.00,124.00,46.58,70.77,,,,,78.85,0.00,,,25.00,50.42,151.47,,,,,,64.68,51.60,,,,,,,19.00,38.96,0.00,0.00,19.00,,0.00,,,0.00,30.70,22.81
06-19-22,0.00,,,,0.00,21.00,37.48,32.54,80.61,14.50,,29.80,24.05,,28.30,17.86,23.89,12.98,29.83,27.12,50.00,1.35,24.00,0.00,,56.27,11.17,,11.29,0.00,1.78,,2.94,26.52,166.63,,,44.65,,66.61,30.33,35.50,123.36,46.00,70.77,,,,,65.86,0.00,,,24.54,49.00,163.34,,,,,,63.76,45.51,,,,,,,18.90,38.14,0.00,0.00,18.90,,0.00,,,0.00,29.50,22.85
06-20-22,0.00,,,,0.00,21.21,37.41,32.58,80.16,13.80,,28.39,24.80,,28.84,16.90,23.52,12.98,55.12,26.83,49.64,1.23,24.00,0.00,,54.82,4.04,,10.62,0.00,0.00,,1.86,25.50,162.67,,,42.77,,65.32,30.00,,123.00,46.00,70.77,,,,,61.34,0.00,,,25.00,48.00,181.27,,,,,,64.67,36.74,,,,,,,18.90,37.83,0.00,0.00,18.90,,0.00,,,0.00,29.30,22.70
06-21-22,0.00,,,,0.01,21.00,37.25,32.90,79.89,13.60,,25.68,25.80,,28.61,16.69,23.55,12.48,28.08,26.12,51.00,1.52,23.00,0.00,,53.75,4.00,,10.96,0.00,0.00,,1.03,24.58,158.83,,,41.69,,63.88,29.21,,122.00,45.50,70.10,,,,,61.05,0.00,,,24.62,47.00,182.65,,,,,,64.30,19.74,,,,,,,19.00,38.42,0.00,0.00,19.00,,0.00,,,0.00,28.20,22.70
06-22-22,0.00,,,,6.73,25.32,39.14,39.64,87.04,,,34.32,37.29,,33.39,16.27,23.95,12.60,29.29,26.97,51.88,1.38,23.39,0.00,,53.41,4.71,,,1.42,3.69,,0.00,24.48,160.00,,,42.19,,65.23,28.91,,122.25,44.92,71.14,,,,,61.37,0.62,,,24.54,47.00,176.08,,,,,,63.84,15.26,,,,,,,18.90,38.44,2.00,0.00,18.90,,0.00,,,0.00,28.50,22.43
06-23-22,0.00,,,,3.22,25.43,37.62,40.75,91.18,14.32,,22.24,38.08,,37.71,18.98,23.60,18.85,47.54,34.25,66.06,12.70,30.27,0.00,,,4.71,,,1.90,,,2.60,41.19,181.62,,,,,84.90,29.67,,129.62,51.50,89.60,,,,,64.35,0.67,,,35.67,48.55,180.40,,,,,,62.57,15.36,,,,,,,18.80,38.02,0.00,0.00,18.80,,0.00,,,0.00,31.40,22.75
06-24-22,0.00,1.00,,,0.53,27.52,38.12,40.42,93.48,12.70,,23.35,34.20,,36.55,20.47,23.37,20.90,37.87,38.58,69.92,16.20,31.71,0.00,,,4.00,,33.21,0.00,2.74,,4.69,45.90,201.71,,,42.31,,99.76,29.42,,147.43,64.79,120.98,,,,,81.95,6.92,,,52.62,71.05,189.01,,,,,,59.26,0.00,,,,,,,18.80,38.11,0.00,0.00,18.80,,0.00,,,3.40,39.50,22.86
06-25-22,0.00,1.00,,,11.30,31.00,41.03,39.08,,12.41,,26.18,31.73,,35.00,17.23,22.52,18.65,30.54,36.96,71.71,11.97,29.52,0.00,,53.12,3.54,,10.04,0.00,0.00,,5.21,41.12,196.30,,,42.06,,92.07,28.71,,144.88,59.25,115.73,,,,,65.48,6.79,,,50.42,63.71,181.08,,,,,,58.98,0.00,,,,,,,18.90,38.03,0.00,0.00,18.90,,0.00,,,9.49,35.00,23.14
06-26-22,0.00,,,,26.40,30.79,46.40,36.43,120.01,10.85,,35.87,29.71,,31.71,16.27,19.00,17.98,38.67,35.12,63.46,8.89,28.71,0.00,,61.35,8.26,,9.58,0.00,0.00,,4.81,38.27,189.31,,,42.19,,88.12,29.00,,142.42,56.41,112.60,,,,,62.53,4.67,,,47.79,55.33,178.72,,,,,,58.05,22.96,,,,,,,16.60,38.59,0.00,0.00,16.60,,0.00,,,4.94,34.90,21.67
06-27-22,0.00,,,,16.66,28.08,41.47,,,8.95,,29.30,33.78,,31.81,17.48,18.92,18.27,25.17,35.00,53.36,7.55,28.00,0.00,,58.96,1.21,,32.08,1.53,7.87,,7.09,37.07,185.01,,,42.98,,85.88,28.68,,140.46,55.33,110.77,,,,,61.87,2.50,,,44.12,55.00,179.57,,,,,,53.10,26.78,,,,,,,12.70,37.06,0.00,0.00,12.70,,0.00,,,0.00,33.80,19.43
06-28-22,0.00,,,,5.62,26.58,36.80,36.75,115.42,8.78,,27.78,40.47,,33.74,17.61,28.77,19.98,25.38,36.12,59.43,7.06,29.67,0.00,,57.48,1.58,,13.67,2.25,13.85,,13.05,35.94,184.52,,,43.27,,84.08,28.46,,142.29,54.26,110.68,,,,,61.87,0.00,,,43.11,53.75,,,,,,,55.04,,,,,,,,,37.09,0.00,0.00,18.70,,0.00,,,0.00,30.80,20.61
06-29-22,0.00,,,,5.42,26.00,36.59,36.62,111.13,8.02,,27.42,38.76,,33.13,16.27,21.89,19.98,,34.71,50.92,3.86,26.04,0.00,,50.87,0.00,,11.42,0.00,4.71,,11.44,34.10,181.28,,,44.10,,79.22,33.71,,158.00,66.79,111.10,,,,,228.91,0.00,,,50.92,67.18,255.39,,,,,,70.10,,,,,,,,18.30,36.93,0.00,0.00,18.30,,0.00,,,0.00,29.40,23.33
06-30-22,0.00,0.58,,,5.22,26.00,36.62,36.04,108.32,6.70,,22.20,38.11,,31.00,16.27,19.12,19.60,,35.67,49.46,0.00,23.00,0.00,,46.49,0.00,,9.96,0.00,1.63,,10.38,32.67,173.78,,,43.81,,76.70,31.67,,163.77,73.21,109.29,,,,,230.80,0.00,,,47.89,67.87,256.79,,,,,,79.13,0.00,,,,,,,18.30,36.37,0.00,0.00,18.30,,0.00,,,0.00,35.80,18.50
07-01-22,0.00,0.58,,,6.65,27.96,34.48,33.25,110.60,5.78,,12.69,31.94,,31.09,16.44,20.79,23.23,,46.67,61.05,9.85,38.17,0.00,,66.71,0.00,,8.33,,4.05,,25.38,26.20,177.90,,,71.52,,63.28,52.96,,218.32,106.95,142.10,,,,,140.97,,,,78.17,88.61,271.39,,,,,,79.67,0.00,,,,,,,20.40,24.01,,0.00,20.40,,0.00,,,4.70,32.90,17.79
07-02-22,0.00,0.57,,,7.62,24.08,19.98,31.46,,5.06,,2.00,27.40,,30.26,17.27,27.76,32.52,20.08,69.33,78.39,16.56,46.26,0.00,,67.37,0.00,,7.75,0.00,0.00,,32.75,26.27,182.74,,,86.23,,58.83,,,222.29,111.29,151.02,,,,,162.15,,,,87.12,94.65,278.33,,,,,,71.95,0.00,,,,,,,28.90,6.75,0.00,0.00,28.90,,0.00,,,3.03,48.80,21.93
07-03-22,0.00,0.57,,,7.16,21.65,12.29,31.21,,4.25,,1.19,24.86,,29.38,17.27,25.75,,6.92,65.88,75.79,13.94,43.09,0.00,,65.27,,,7.71,0.00,0.00,,31.65,26.27,183.20,,,78.02,,58.63,54.65,,218.50,111.88,153.93,,,,,157.76,,,,95.46,92.42,295.53,,,,,,73.49,0.00,,,,,,,31.30,3.57,0.00,0.00,31.30,,0.00,,,0.00,46.50,26.14
07-04-22,0.00,0.00,,,6.46,16.12,12.52,30.75,,4.14,,0.00,23.16,,29.13,16.27,22.68,33.44,6.96,66.12,62.45,8.35,40.48,0.00,,63.07,0.00,,7.62,0.00,0.00,,31.12,25.27,175.37,,,73.77,,58.52,50.30,,229.54,115.62,170.29,,,,,167.24,,,,99.17,101.83,321.87,,,,,,71.15,23.27,,,,,,,36.50,0.00,0.00,0.00,36.50,,0.00,,,0.00,44.80,29.89
07-05-22,0.00,0.00,,,6.01,14.00,12.38,30.29,109.48,3.35,,1.78,21.25,,28.30,16.27,23.53,32.98,19.75,64.00,60.79,7.97,38.92,0.00,,61.66,0.00,,6.79,0.00,0.00,,30.39,25.27,169.84,,,71.44,,58.26,49.54,,227.33,113.92,166.89,,,,,152.47,,,,102.35,107.75,367.31,,,,,,76.26,53.37,,,,,,,42.90,0.00,0.00,0.00,42.90,,0.00,,,0.00,33.30,33.42
07-06-22,0.00,0.23,,,5.68,13.38,12.09,30.08,108.65,1.84,,0.00,18.68,,27.84,15.77,22.89,32.48,6.46,60.62,63.67,6.46,37.00,0.00,,58.32,0.00,,5.58,0.00,0.00,,29.84,23.60,156.41,,,88.23,,59.11,49.92,,258.42,131.12,190.48,,,,,191.61,,,,136.65,195.37,389.09,,,,,,73.45,0.00,,,,,,,42.10,0.00,0.00,0.00,42.10,,0.00,,,0.00,31.90,33.37
07-07-22,0.00,0.00,,,5.37,13.00,12.02,29.82,108.58,1.63,,0.00,16.98,,25.88,15.27,21.14,31.98,6.25,58.75,71.46,5.93,36.00,0.00,,56.91,0.00,,4.75,0.00,0.00,,29.35,23.35,149.06,,,99.60,,66.37,44.08,,,135.42,201.56,,,,,198.74,31.09,,,131.50,191.24,397.41,,,,,,70.33,17.47,69.88,,,,,,40.20,0.00,6.90,0.00,40.70,,0.00,,,0.00,33.30,32.93
07-08-22,0.00,0.00,,,5.79,23.33,,45.25,134.12,,,2.01,27.38,,38.64,27.02,28.30,42.23,27.17,72.00,79.79,3.92,43.55,0.00,,,0.00,,,,0.00,,34.63,21.75,151.26,,,96.15,,67.07,33.21,,262.54,129.17,193.68,,,,,175.06,29.08,,,124.54,162.12,392.65,,,,,,69.65,54.04,65.83,,,,,,57.10,3.15,12.40,6.60,57.10,,0.00,,,0.00,32.70,41.27
07-09-22,0.00,0.28,,,4.25,17.25,11.71,39.46,138.41,1.43,,1.11,26.64,,36.21,31.05,31.39,44.69,,78.88,79.60,3.44,50.38,0.00,,,0.00,,,1.27,0.00,,39.71,20.27,157.64,,,94.89,,69.09,28.95,,264.96,134.50,201.89,,,,,173.36,25.88,,,135.54,142.35,391.84,,,,,,73.61,0.00,61.23,,,,,,54.70,0.00,15.30,2.90,54.70,,0.00,,,3.76,33.00,41.60
07-10-22,0.00,0.09,,,1.72,14.38,11.85,42.10,,1.06,,6.84,62.70,,39.54,95.87,93.00,95.27,21.83,120.91,122.74,32.86,74.38,0.00,,99.62,7.82,,,26.67,5.17,,57.31,34.75,206.12,,,147.69,,104.77,78.21,,322.20,188.67,233.85,,,,,198.65,25.67,,,165.29,182.62,402.05,,,,,,73.47,8.96,64.35,,,,,,57.70,4.13,25.20,13.10,57.70,,23.05,,,17.53,64.90,48.87
07-11-22,0.00,,,,18.28,18.71,20.09,53.86,124.44,6.05,,5.64,84.84,,59.38,95.65,116.28,122.65,,122.04,124.23,38.35,79.48,0.00,,103.75,1.08,,33.46,38.57,20.89,,70.74,48.98,208.72,,,160.15,,120.66,94.75,,314.67,182.96,233.23,,,,,201.78,24.33,,,159.70,185.48,,,,,,,73.12,0.00,63.04,,,,,,57.70,9.14,23.50,20.00,58.70,,55.03,,,5.58,96.80,47.86
07-12-22,,,,,18.84,18.62,20.65,53.17,124.90,3.57,,7.21,78.06,,56.30,86.56,107.55,112.10,30.29,113.00,115.75,33.73,73.50,0.00,,97.35,0.00,,32.00,33.99,8.70,,67.30,44.85,207.48,,,152.60,,112.68,79.08,,317.04,176.67,230.72,,,,,176.39,31.58,,,152.46,163.59,,,,,,,73.71,58.07,70.31,,,,,,61.30,5.99,22.70,20.10,61.30,,51.72,,,0.00,88.40,49.11
07-13-22,0.00,,,,16.58,16.79,17.30,51.29,124.67,3.27,,5.94,70.38,,55.05,77.56,102.84,103.98,6.62,107.46,112.36,30.76,66.10,0.00,,93.65,0.00,,38.50,33.35,5.32,,62.53,42.60,200.39,,,146.52,,107.04,74.46,,333.58,195.04,245.46,,,,,206.48,36.71,,,177.55,208.17,,,,,,,72.66,80.29,69.75,,,,,,59.00,4.09,20.80,20.00,59.00,,42.28,,,3.27,77.20,47.30
07-14-22,0.00,,,,10.06,15.43,14.01,53.54,,2.86,,1.85,77.05,,64.77,90.36,130.56,114.19,54.04,121.04,129.25,49.74,90.88,0.00,,85.27,0.00,,,40.35,4.36,,81.85,38.08,229.23,,,164.15,,148.74,72.08,,356.21,218.92,268.73,,,,,243.31,44.04,,,200.67,247.82,,,,,,,72.28,120.90,71.82,,,,,,57.40,0.00,19.40,19.20,57.40,,54.65,,,8.59,102.60,45.05
07-15-22,0.00,,,,12.66,21.58,19.85,77.14,,4.26,,1.37,,,89.35,102.86,178.19,143.72,75.46,129.91,148.25,51.25,93.87,0.00,,110.64,1.17,,47.04,44.09,26.50,,85.35,37.04,236.11,,,170.40,,154.27,86.38,,346.17,207.83,261.98,,,,,224.36,41.79,,,191.00,231.22,,,,,,,72.06,148.89,71.86,,,,,,55.10,7.41,18.50,23.80,55.10,,63.02,,,11.32,108.10,45.05
07-16-22,0.00,,,,20.96,23.83,25.58,75.78,157.06,7.12,,3.83,,,87.04,95.66,171.72,133.94,60.62,125.25,156.12,48.32,88.26,0.00,,108.38,2.25,,32.71,41.26,22.11,,82.74,41.87,238.98,,,164.15,,147.48,82.12,,339.92,198.86,261.89,,,,,221.85,39.88,,,183.62,229.26,,,,,,,71.96,189.59,70.44,,,,,,54.40,7.45,17.60,23.70,54.40,,57.42,,,0.00,103.40,45.45
07-17-22,0.00,,,,19.69,23.50,24.71,73.83,154.92,6.50,,4.25,,,87.45,89.65,162.44,126.44,37.42,119.54,143.46,46.85,83.35,0.00,,82.05,,,33.12,34.25,7.33,,78.29,40.08,235.48,,,166.40,,154.23,79.67,,350.79,210.79,267.39,,,,,217.93,54.00,,,190.75,272.08,,,,,,,72.17,208.35,69.62,,,,,,54.80,5.65,15.50,23.70,54.80,,54.34,,,5.68,95.00,47.17
07-18-22,0.00,,,,18.08,23.00,21.78,71.00,153.76,5.82,,5.15,,,84.71,84.90,154.47,120.52,10.58,114.52,135.67,45.53,79.35,0.00,,108.42,0.00,,33.00,21.18,4.54,,74.64,41.23,235.89,,,166.60,,,81.62,,357.67,221.75,,,,,,212.79,51.33,,,191.21,303.88,,,,,,,72.48,170.56,67.64,,,,,,84.50,5.01,14.00,28.70,83.70,,51.31,,,0.00,77.70,57.29
07-19-22,0.00,0.03,,,16.89,22.54,19.83,68.88,153.15,3.48,,4.36,,,81.21,81.40,148.72,115.98,,110.43,133.42,42.65,76.08,0.00,,103.91,0.00,,31.96,12.67,1.72,,71.53,37.94,229.36,,,159.48,,153.57,76.17,,347.75,212.83,266.39,,,,,207.48,50.71,,,186.96,295.27,,,,,,,71.05,101.09,73.52,,,,,,71.20,5.10,4.90,26.70,71.60,,46.48,,,0.00,69.50,89.34
07-20-22,0.00,0.04,,,15.46,22.42,18.47,68.00,152.76,2.79,,4.30,,,78.71,78.44,143.72,112.27,22.12,107.38,131.50,40.39,73.00,0.00,,83.67,0.00,,31.12,7.46,1.06,,69.16,35.00,224.51,,,154.19,,148.89,73.17,,340.71,206.46,262.39,,,,,206.15,47.38,,,183.25,290.25,,,,,,,71.29,195.48,73.88,,,,,,69.80,4.39,3.40,25.90,70.10,,44.13,,,0.00,66.30,111.52
07-21-22,0.00,0.05,,,25.52,22.00,18.23,66.46,151.58,2.31,,3.26,,,76.59,75.44,138.81,109.19,7.92,104.67,129.62,38.38,69.91,0.00,,97.86,0.00,,30.54,6.52,1.28,,67.11,32.88,221.88,,,149.81,,145.43,71.62,,334.46,201.21,259.12,,,,,203.89,38.00,,,175.33,285.38,,,,,,,72.60,207.32,72.79,,,,,,77.50,4.37,3.10,25.00,77.40,,40.40,,,0.00,64.70,115.93
07-22-22,0.00,0.11,,,24.47,21.67,18.10,64.75,150.78,1.00,,3.18,102.19,,75.34,72.15,134.83,106.69,8.83,101.34,128.50,36.07,67.29,0.00,,95.42,0.00,,29.42,6.76,0.00,,65.89,31.04,220.72,,,146.44,,142.50,69.71,,328.71,195.58,252.10,,,,,201.94,31.58,,,161.25,274.25,,,,,,,73.98,191.93,73.00,,,,,,74.30,5.33,3.30,24.40,74.40,,38.08,,,0.00,62.00,113.69
07-23-22,0.00,0.03,,,22.59,22.00,18.17,64.08,150.00,0.65,,4.09,100.08,,73.42,69.36,131.11,104.44,20.75,98.96,127.04,32.03,65.26,0.00,,93.93,0.00,,28.42,4.25,0.00,,64.05,28.38,218.51,,,143.19,,139.60,67.67,,323.88,190.33,246.56,,,,,198.16,26.79,,,148.83,258.79,,,,,,,73.31,255.73,73.00,,,,,,71.90,5.08,3.10,23.90,71.90,,36.54,,,0.00,57.90,109.66
07-24-22,0.00,,,,17.96,21.54,18.11,62.83,149.12,0.16,,2.01,97.28,,72.42,67.27,123.89,102.44,8.29,97.25,124.79,28.04,63.05,0.00,,92.39,,,27.38,0.00,0.00,,63.05,26.38,212.14,,,139.56,,136.12,66.75,,319.58,186.58,242.81,,,,,195.58,24.50,,,141.67,246.17,,,,,,,71.58,199.36,73.15,,,,,,,5.15,3.40,23.20,69.60,,36.66,,,0.00,55.60,107.23
07-25-22,0.00,0.05,,,15.08,22.00,19.03,62.12,148.01,0.00,,2.04,93.98,,70.92,65.90,117.41,99.98,6.62,95.54,120.12,25.11,61.26,0.00,,90.36,0.00,,26.46,0.00,0.00,,61.70,24.77,194.60,,,137.02,,126.84,65.43,,315.71,182.38,239.77,,,,,194.04,23.71,,,138.21,237.79,,,,,,,70.05,185.35,74.48,,,,,,69.40,4.60,3.40,22.20,69.30,,33.65,,,0.00,55.10,105.65
07-26-22,0.00,0.03,,,15.68,21.17,19.16,61.77,145.85,0.00,,3.21,92.49,,69.42,64.56,120.41,97.27,17.75,94.17,108.33,21.10,60.32,0.00,,89.11,0.00,,25.58,0.00,0.00,,60.83,23.79,187.67,,,134.81,,122.77,54.30,,312.58,179.54,237.93,,,,,207.49,22.00,,,137.42,242.79,,,,,,,68.94,182.34,74.29,,,,,,68.80,3.97,3.30,21.20,68.80,,31.85,,,0.00,54.70,102.78
07-27-22,0.00,0.02,,,15.46,20.12,18.49,60.60,146.77,0.00,,3.27,89.86,,68.46,63.94,117.45,90.98,3.71,92.12,102.75,18.25,59.36,0.00,,88.42,0.00,,24.79,0.00,0.00,,60.37,22.79,184.48,,,132.69,,120.92,52.00,,310.46,178.46,239.93,,,,,209.01,20.42,,,138.38,246.62,,,,,,,68.72,199.29,74.54,,,,,,68.30,0.00,3.10,20.40,68.50,,30.56,,,0.00,54.10,102.92
07-28-22,0.00,0.00,,,14.78,16.05,16.42,60.08,140.71,0.00,,1.92,88.74,,66.42,62.81,118.70,83.48,3.42,92.12,106.00,17.56,59.00,0.00,,87.08,0.00,,,0.00,0.00,,59.30,21.73,182.38,,,131.27,,119.76,51.88,,307.92,175.92,237.52,,,,,204.70,19.00,,,136.25,243.83,,,,,,,69.15,173.42,73.25,,,,,,,0.00,0.00,19.20,69.50,,31.15,,,0.00,54.10,102.86
07-29-22,0.00,0.05,,,14.10,15.58,12.42,59.04,137.58,0.00,,0.00,87.85,,65.21,62.27,116.43,81.73,16.12,89.58,106.00,16.32,57.64,0.00,,85.77,0.00,,24.00,0.00,0.00,,58.11,20.40,180.85,,,128.90,,118.81,51.00,,305.67,171.79,233.98,,,,,203.16,18.58,,,134.21,241.12,,,,,,,71.43,181.31,71.27,,,,,,81.40,0.00,0.00,19.00,81.40,,31.34,,,0.00,52.70,103.17
07-30-22,0.00,0.05,,,13.72,15.75,11.08,58.17,136.33,0.00,,0.00,85.42,,64.75,61.36,114.66,80.65,2.79,88.17,106.25,15.00,57.00,0.00,,,0.00,,23.38,0.00,0.00,,56.81,18.33,179.73,,,125.44,,116.90,50.00,,303.46,167.88,231.02,,,,,201.87,18.00,,,131.96,237.88,,,,,,,73.45,226.63,71.15,,,,,,78.00,0.00,0.00,19.00,78.00,,30.60,,,0.00,50.80,100.86
07-31-22,0.00,0.07,,,13.11,15.00,10.45,57.25,134.74,0.00,,0.00,84.46,,64.13,60.27,112.90,79.98,2.88,87.96,105.75,13.12,57.00,0.00,,86.73,,,22.67,0.00,0.00,,55.93,17.27,178.95,,,124.10,,115.55,49.00,,301.33,165.29,227.77,,,,,200.65,17.00,,,130.38,236.00,,,,,,,73.52,176.34,71.02,,,,,,77.30,0.00,0.00,18.60,77.30,,28.10,,,0.00,47.50,100.15
08-01-22,0.00,0.08,,,11.99,15.00,10.63,56.83,134.21,0.00,,0.00,82.86,,63.96,60.27,111.48,79.98,15.79,85.75,104.67,11.96,56.00,0.00,,84.42,0.00,,22.04,0.00,0.00,,54.95,16.29,178.09,,,123.15,,114.72,49.00,,299.46,163.17,222.77,,,,,198.96,17.00,,,129.33,235.00,,,,,,,73.43,78.12,71.15,,,,,,77.40,0.00,0.00,18.00,77.40,,27.96,,,0.00,46.30,99.60
08-02-22,,0.09,,,8.32,14.42,10.46,56.54,133.66,0.00,,0.00,81.84,,62.84,59.73,109.36,78.98,,85.12,104.00,10.59,56.00,0.00,,83.34,0.00,,21.50,0.00,0.00,,54.01,15.67,177.06,,,122.10,,114.22,49.00,,297.67,162.00,221.77,,,,,197.33,17.00,,,129.00,234.00,,,,,,,73.84,151.64,71.00,,,,,,77.20,0.00,0.00,17.50,77.20,,26.04,,,0.00,46.50,99.10
08-03-22,0.00,,,,19.51,20.54,13.06,57.66,139.76,0.47,,9.12,85.69,,71.14,59.77,106.50,80.56,10.71,83.67,104.00,9.14,55.32,0.00,,82.37,0.00,,21.38,0.00,4.00,,53.41,15.27,176.35,,,121.31,,113.60,48.00,,296.29,160.42,219.98,,,,,196.59,17.00,,,128.67,233.42,,,,,,,73.94,129.37,72.77,,,,,,78.00,2.85,0.00,17.30,78.30,,23.43,,,0.00,45.00,99.10
08-04-22,0.00,,,,22.99,21.42,14.13,58.04,138.34,0.04,,0.00,80.73,,72.80,59.27,106.77,80.98,23.04,83.12,104.00,8.05,55.00,0.00,,81.33,0.00,,20.71,0.00,1.08,,52.64,15.27,175.90,,,120.69,,113.07,48.46,,294.71,159.46,218.10,,,,,194.91,16.08,,,128.39,232.00,,,,,,,73.90,136.15,76.10,,,,,,85.10,6.58,0.00,16.60,85.10,,19.00,,,0.00,44.50,103.39
08-05-22,0.00,,,,20.39,20.58,13.71,57.42,136.58,0.00,,2.64,79.04,,71.05,58.73,105.20,80.27,0.00,82.12,103.42,7.48,54.57,0.00,,80.77,0.00,,20.17,0.00,0.00,,52.01,14.44,174.22,,,119.69,,112.41,48.00,,293.60,159.00,221.64,,,,,195.78,13.62,,,126.88,233.38,,,,,,,74.82,237.51,74.65,,,,,,84.50,6.40,0.00,16.20,84.50,,24.12,,,0.00,43.00,104.98
08-06-22,0.00,,,,18.76,21.00,18.77,62.90,146.78,2.00,,0.00,84.22,,73.38,61.48,111.04,86.24,3.00,88.58,107.36,8.77,56.82,0.00,,81.74,0.00,,,1.12,6.78,,54.45,18.25,179.60,,,119.69,,115.26,48.50,,304.21,165.05,246.10,,,,,198.96,14.57,,,133.42,240.04,,,,,,,74.38,198.31,75.38,,,,,,83.60,6.89,0.00,16.50,83.60,,22.96,,,0.00,41.60,103.75
08-07-22,0.00,,,,14.02,26.29,18.98,76.92,160.03,4.54,,2.79,,,97.75,72.68,143.50,113.06,,105.54,126.52,24.54,70.05,0.00,,88.21,9.61,,,5.66,34.91,,65.02,40.58,192.77,,,130.29,,140.23,50.91,,309.00,167.00,259.54,,,,,200.23,14.62,,,143.00,240.42,,,,,,,74.24,185.70,79.83,,,,,,82.80,7.32,0.00,16.20,82.70,,37.57,,,0.00,41.10,102.99
08-08-22,0.00,,,,14.28,22.58,15.64,74.46,151.74,0.16,,4.75,101.51,,92.05,70.62,137.50,112.66,13.08,102.58,122.88,19.25,66.10,0.00,,86.42,2.37,,28.42,7.28,27.18,,64.50,35.83,191.07,,,128.23,,137.20,50.29,,308.29,166.35,256.98,,,,,197.66,13.33,,,140.58,236.00,,,,,,,73.21,226.58,79.71,,,,,,82.00,5.30,0.00,15.50,82.00,,34.56,,,0.00,41.30,102.29
08-09-22,0.00,,,,14.11,22.46,15.12,71.88,150.41,0.82,,4.64,93.62,,88.13,67.27,132.53,109.90,11.54,99.29,120.08,13.42,63.14,0.00,,82.43,1.71,,26.79,7.26,23.23,,63.26,31.60,188.38,,,125.73,,133.19,49.75,,304.79,164.25,251.31,,,,,199.36,12.00,,,136.29,235.33,,,,,,,71.65,72.74,78.15,,,,,,83.30,4.82,0.00,15.40,83.30,,36.71,,,0.00,41.30,102.34
08-10-22,0.00,0.06,,,13.94,22.00,15.37,70.54,149.51,0.56,,1.17,91.82,,86.35,66.65,127.01,106.19,,96.21,117.58,9.49,59.73,0.00,,81.00,0.00,,24.67,2.21,15.59,,62.07,24.19,186.43,,,124.23,,129.48,47.88,,301.62,162.46,246.35,,,,,195.45,11.29,,,132.04,233.00,,,,,,,70.89,154.40,75.71,,,,,,79.10,3.69,0.00,14.90,79.10,,36.49,,,0.00,40.30,99.52
08-11-22,0.00,0.02,,,13.65,21.42,14.29,69.50,148.41,0.11,,1.66,90.35,,84.88,66.27,120.04,103.35,0.00,94.73,116.62,6.87,57.45,0.00,,79.51,0.00,,22.67,0.00,7.07,,61.47,18.73,184.53,,,123.19,,126.58,47.00,,299.08,160.58,242.77,,,,,193.95,10.42,,,130.29,232.00,,,,,,,71.37,234.31,74.56,,,,,,78.60,0.00,0.00,13.40,78.90,,36.16,,,0.00,38.50,97.76
08-12-22,0.00,0.09,,,12.56,20.64,13.14,68.71,147.02,0.00,,0.64,88.90,,83.75,65.27,119.12,99.65,0.00,93.79,113.62,4.96,56.33,0.00,,78.80,0.00,,22.12,0.00,0.00,,60.94,15.88,183.33,,,121.77,,124.48,45.50,,297.00,159.00,240.48,,,,,187.15,8.67,,,129.42,229.00,,,,,,,71.22,200.56,78.20,,,,,,81.60,0.00,0.00,11.30,81.40,,33.43,,,0.00,36.60,100.03
08-13-22,0.00,0.15,,,11.97,20.50,12.69,67.08,146.13,0.00,,0.00,88.34,,82.13,65.27,118.66,96.98,,92.12,106.79,2.30,55.52,0.00,,78.51,0.00,,21.38,0.00,0.00,,60.31,14.56,174.88,,,119.65,,123.21,39.75,,295.58,158.17,238.77,,,,,259.94,3.62,,,130.43,228.74,,,,,,,71.01,197.41,92.86,,,,,,86.30,0.00,0.00,9.80,87.40,,34.82,,,0.00,36.00,105.09
08-14-22,0.00,0.07,,,11.86,21.00,11.38,66.12,141.41,0.00,,0.00,84.94,,82.43,65.27,116.04,95.68,0.00,90.79,102.00,,55.00,0.00,,78.29,,,20.21,1.33,0.00,,59.87,13.54,167.93,,,121.08,,122.04,37.00,,305.71,159.00,252.93,,,,,,4.48,,,149.04,246.29,,,,,,,71.42,195.76,120.91,,,,,,101.20,0.00,0.00,8.50,101.50,,35.89,,,0.00,34.80,111.13
08-15-22,0.00,0.10,,,11.80,20.29,9.72,65.29,125.24,0.00,,0.00,80.26,,82.42,65.27,115.70,98.94,0.00,90.47,102.00,1.61,86.60,0.00,,92.90,0.00,,19.46,7.91,1.05,,74.37,19.75,164.58,,,132.65,,122.53,52.00,,329.09,164.50,282.07,,,,,,23.12,,,159.26,266.31,,,,,,,75.59,186.12,119.68,,,,,,102.80,0.00,0.00,7.80,104.30,,55.08,,,0.00,35.30,116.21
08-16-22,0.00,0.11,,,11.66,20.00,9.42,64.96,124.55,0.00,,0.00,79.49,,82.50,65.27,113.70,98.98,,93.25,102.71,2.09,81.24,0.00,,97.83,4.54,,20.58,17.42,3.70,,72.72,31.67,184.59,,,142.52,,131.35,76.38,175.17,350.17,181.00,307.23,,,,,,33.83,,,170.50,254.58,,,,,,,73.08,121.69,105.67,,,,,,,0.00,0.00,6.40,123.60,,54.41,,,2.11,47.50,119.67
08-17-22,0.00,,,,12.63,23.50,17.70,66.16,135.07,4.44,,0.92,84.67,,84.87,80.32,117.51,106.76,0.00,113.12,101.75,22.01,104.76,0.00,,131.11,2.92,,,44.85,1.44,,77.08,14.52,199.21,,,164.73,,125.65,101.54,170.96,363.46,193.71,320.10,,,,,,32.21,,,176.48,267.71,,,,,,,79.55,167.01,102.71,,,,,,122.50,2.23,0.00,9.30,122.40,,74.32,,,4.37,59.80,119.54
08-18-22,0.00,,,,13.61,23.42,19.22,66.71,138.44,1.38,,3.11,82.14,,84.71,67.31,116.75,105.56,0.00,110.54,101.00,22.19,98.90,0.00,,121.43,1.62,,30.29,38.04,0.00,,75.19,13.23,195.63,,,161.60,,124.65,95.50,166.92,355.62,191.62,313.27,,,,,295.75,29.79,,,175.25,266.42,,,,,,,85.10,220.27,97.77,,,,,,123.00,0.00,0.00,6.50,122.80,,72.66,,,0.00,55.30,118.02
08-19-22,0.00,0.12,,,13.15,21.61,17.92,65.96,136.70,0.00,,1.19,78.04,,83.09,63.27,115.14,104.65,,105.50,101.00,19.31,93.55,0.00,,114.80,0.00,,26.83,35.46,0.00,,71.80,9.15,193.05,,,158.35,,122.68,92.46,160.58,350.04,188.58,306.23,,,,,208.66,26.62,,,173.04,264.04,,,,,,,113.12,154.70,82.13,,,,,,119.20,0.00,0.00,5.90,119.40,,72.19,,,0.00,52.50,114.65
08-20-22,0.00,1.39,,,12.96,19.17,16.98,64.46,135.49,0.00,,0.00,76.71,,82.21,61.98,113.73,103.98,0.00,101.88,101.00,16.54,88.09,0.00,,109.59,0.00,,24.28,23.26,0.00,,68.17,3.67,190.90,,,154.31,,120.39,89.04,154.13,345.96,183.22,299.56,,,,,208.36,25.30,,,171.08,262.42,,,,,,,150.06,201.95,76.00,,,,,,117.50,0.00,0.00,2.90,117.50,,68.04,,,0.00,49.10,111.98
08-21-22,0.00,0.38,,,12.49,17.08,15.72,63.54,134.64,0.00,,0.00,74.79,,81.61,59.40,113.39,102.98,0.00,98.54,100.62,3.47,83.32,0.00,,104.49,,,21.83,19.96,0.00,,64.94,0.00,189.72,,,150.31,,118.50,85.42,148.71,342.00,178.00,291.81,,,,,207.28,22.75,,,167.67,261.00,,,,,,,140.17,255.17,74.45,,,,,,111.80,0.00,0.00,0.00,111.80,,66.37,,,0.00,46.80,107.89
08-22-22,0.00,0.08,,,11.49,16.00,15.38,61.42,133.97,0.00,,2.21,74.73,,79.59,58.27,111.08,101.98,,96.08,100.33,0.00,80.05,0.00,,101.77,0.00,,21.17,18.07,0.00,,61.54,0.00,188.03,,,147.69,,117.14,83.21,141.71,338.58,172.75,282.85,,,,,206.87,20.25,,,162.71,259.42,,,,,,,115.20,199.00,72.96,,,,,,,0.00,0.00,0.00,109.50,,66.12,,,0.00,44.00,108.42
08-23-22,0.00,0.09,,,11.32,15.50,15.04,60.71,133.53,0.00,,0.00,72.50,,79.38,58.27,108.48,101.98,0.00,94.12,100.00,0.00,76.85,0.00,,99.15,0.00,,19.46,18.05,0.00,,59.05,0.00,186.49,,,144.69,,115.19,80.50,137.42,335.21,169.62,276.98,,,,,206.65,18.38,,,159.88,257.71,,,,,,,112.35,107.73,70.75,,,,,,112.60,0.00,0.00,0.00,112.50,,63.01,,,0.00,40.80,112.27
08-24-22,0.00,0.06,,,11.17,14.58,14.62,59.17,134.44,0.00,,0.00,71.37,,79.30,57.02,108.62,100.98,0.00,92.54,100.00,0.00,74.05,0.00,,96.50,0.00,,17.38,16.92,0.00,,57.27,0.00,185.78,,,141.23,,113.02,77.67,134.75,331.04,166.46,273.10,,,,,206.42,16.21,,,157.83,256.50,,,,,,,112.39,105.61,71.27,,,,,,111.60,0.00,0.00,0.00,111.50,,63.00,,,0.00,38.80,121.71
08-25-22,0.00,0.06,,,10.73,12.96,13.91,58.38,135.74,0.00,,,70.62,,77.88,53.73,107.18,99.98,,89.96,99.33,0.00,71.22,0.00,,93.77,0.00,,15.00,14.82,0.00,,55.51,0.00,184.86,,,138.56,,111.89,76.42,130.00,327.46,163.54,270.89,,,,,205.75,15.00,,,156.33,255.00,,,,,,,111.45,121.83,76.94,,,,,,101.60,0.00,0.00,0.00,101.60,,61.07,,,0.00,35.90,123.34
08-26-22,0.00,0.08,,,10.22,11.48,10.37,56.88,134.59,0.00,,1.35,70.51,,77.50,52.94,104.06,98.60,0.00,88.29,99.00,0.00,68.76,0.00,,91.87,0.00,,12.12,13.50,0.00,,53.69,0.00,184.15,,,135.31,,110.71,73.92,125.33,324.12,160.33,268.31,,,,,205.02,14.17,,,155.50,254.46,,,,,,,110.67,152.06,87.96,,,,,,103.00,0.00,0.00,0.00,103.60,,61.17,,,0.00,31.90,120.60
08-27-22,0.00,0.10,,,9.82,5.62,8.28,54.12,132.38,0.00,,2.18,70.56,,77.09,51.27,101.15,97.48,0.00,86.42,98.71,0.00,67.55,0.00,,,0.00,,10.88,12.70,0.00,,52.06,0.00,183.83,,,133.69,,109.41,72.83,122.00,321.67,156.88,266.39,,,,,204.24,12.62,,,154.25,253.67,,,,,,,110.39,96.69,83.54,,,,,,107.70,0.00,0.00,0.00,107.90,,58.68,,,0.00,28.40,126.06
08-28-22,0.00,0.13,,,9.85,3.21,7.61,53.08,131.49,0.00,,0.00,69.57,,75.67,50.65,98.06,96.98,,85.42,98.42,0.00,65.70,0.00,,88.27,,,8.83,11.57,0.00,,49.28,0.00,182.78,,,132.04,,107.24,71.92,119.88,320.21,153.92,263.56,,,,,202.91,11.21,,,154.00,252.33,,,,,,,110.13,87.15,83.04,,,,,,105.10,0.00,0.00,0.00,105.10,,57.72,,,0.00,25.70,123.51
08-29-22,0.00,0.07,,,9.53,1.08,7.10,52.62,130.96,0.00,,0.00,70.19,,74.80,49.77,96.81,95.98,0.00,82.83,98.00,0.00,64.09,0.00,,86.24,0.00,,6.21,7.67,0.00,,45.87,0.00,180.91,,,128.98,,104.07,70.61,115.58,318.50,151.08,260.48,,,,,200.93,9.29,,,152.96,249.96,,,,,,,109.03,202.86,81.50,,,,,,103.50,0.00,0.00,0.00,103.50,,56.88,,,,21.00,117.79
08-30-22,0.00,,,,8.54,0.00,6.82,50.83,130.26,0.00,,0.38,69.99,,74.59,49.27,94.28,94.98,0.00,79.38,97.50,0.00,60.29,0.00,,84.20,0.00,,3.25,7.18,0.00,,41.97,0.00,177.29,,,125.81,,101.47,68.29,111.88,317.00,148.17,257.23,,,,,199.73,6.96,,,150.54,247.38,,,,,,,107.60,254.67,80.06,,,,,,101.20,0.00,0.00,0.00,101.20,,55.96,,,0.00,14.40,113.26
08-31-22,0.00,0.07,,,6.62,0.00,6.63,48.62,129.26,0.00,,0.00,69.33,,73.84,47.02,92.87,93.98,14.42,76.65,97.00,0.00,57.32,0.00,,82.85,0.00,,0.00,4.28,0.00,,38.57,0.00,176.10,,,123.06,,97.24,65.62,107.79,315.00,145.38,254.35,,,,,198.86,3.96,,,149.00,245.54,,,,,,,110.20,191.14,77.81,,,,,,101.10,0.00,0.00,0.00,101.10,,54.09,,,0.00,7.30,111.51
09-01-22,0.00,0.07,,,5.55,0.00,6.34,47.21,128.60,0.04,,0.00,68.51,,73.88,44.27,92.33,93.98,,74.92,97.00,0.00,55.00,0.00,,81.92,0.00,,0.00,2.72,0.00,,36.06,0.00,175.40,,,122.19,,94.18,65.00,103.50,313.67,143.58,252.10,,,,,199.85,1.21,,,148.71,245.00,,,,,,,114.50,183.01,76.58,,,,,,104.30,0.00,0.00,0.00,104.30,,52.89,,,0.00,2.40,110.17
09-02-22,0.00,0.10,,,5.38,0.00,6.38,45.21,128.31,0.00,,0.00,67.64,,73.75,44.27,92.40,93.98,0.00,73.92,97.00,0.00,53.50,0.00,,80.00,0.00,,0.00,1.98,0.00,,34.71,0.00,174.80,,,119.69,,91.63,65.00,98.88,312.50,141.46,249.42,,,,,201.20,0.42,,,148.17,243.88,,,,,,,113.62,98.45,74.69,,,,,,118.10,0.00,0.00,0.00,118.10,,52.46,,,0.00,0.00,106.99
09-03-22,0.00,0.10,,,5.08,0.00,5.97,44.47,127.73,0.00,,0.00,67.28,,73.17,44.27,91.81,92.98,,69.71,96.42,0.00,52.46,0.00,,78.32,0.00,,0.00,1.50,0.00,,31.96,0.00,173.84,,,118.69,,89.65,64.54,93.21,311.46,138.71,246.27,,,,,200.39,2.29,,,146.50,242.04,,,,,,,108.16,166.94,62.79,,,,,,114.20,0.00,0.00,0.00,114.40,,51.68,,,0.00,0.00,99.88
09-04-22,0.00,,,,5.09,0.00,5.47,41.25,127.11,0.00,,0.00,64.83,,71.84,42.87,91.55,92.98,0.00,66.33,96.00,0.00,50.59,0.00,,76.84,,,0.00,0.00,0.00,,29.81,0.00,173.06,,,116.60,,86.17,63.25,87.50,309.54,134.04,242.73,,,,,198.95,2.00,,,144.00,239.96,,,,,,,97.69,187.24,49.06,,,,,,118.50,0.00,0.00,0.00,118.40,,51.32,,,0.00,0.00,99.45
09-05-22,0.00,,,,4.81,0.00,5.04,40.68,126.67,0.00,,0.00,65.36,,72.54,38.31,91.50,92.56,0.00,63.75,94.92,0.00,46.75,0.00,,74.83,0.00,,0.00,0.00,0.00,,26.72,0.00,172.47,,,114.10,,82.20,60.88,81.46,308.12,127.33,239.48,,,,,198.64,2.00,,,141.21,237.96,,,,,,,97.25,200.57,43.94,,,,,,121.90,0.00,5.10,0.00,122.00,,51.13,,,0.00,0.00,93.97
09-06-22,0.00,0.13,,,4.47,0.00,0.00,40.25,125.94,0.00,,1.52,,,71.17,35.81,90.55,91.56,,60.62,93.38,0.00,43.75,0.00,,70.51,0.00,,0.00,0.00,0.00,,23.48,0.00,170.99,,,111.15,,78.72,57.54,74.75,305.17,121.21,236.43,,,,,198.67,2.00,,,138.79,234.83,,,,,,,105.28,90.18,58.90,,,,,,139.50,0.00,0.00,0.00,139.70,,50.34,,,0.00,0.00,103.45
09-07-22,0.00,0.08,,,3.37,0.36,0.00,38.08,124.25,0.00,,0.00,64.94,,69.38,33.90,90.36,89.98,0.00,58.12,91.12,0.00,42.00,0.00,,67.17,0.00,,1.12,0.00,0.00,,22.02,0.00,169.25,,,108.27,,76.23,55.39,155.33,302.21,117.47,251.10,,,,,214.13,2.00,,,153.88,254.17,,,,,,,93.70,92.23,72.54,,,,,,137.30,0.00,0.00,0.00,137.30,,47.38,,,0.00,0.00,102.63
09-08-22,0.00,0.09,,,0.20,0.92,0.00,35.00,121.97,0.00,,0.00,63.88,,65.09,33.77,90.36,89.98,0.00,57.46,91.00,0.00,42.00,0.00,,65.45,0.00,,,0.00,0.00,,21.19,5.42,173.98,,,114.10,,90.96,61.82,,319.58,133.79,282.27,,,,,242.05,2.38,,,171.33,285.21,,,,,,,93.55,155.35,73.00,,,,,,134.60,0.00,0.00,0.00,134.60,,43.23,,,0.00,0.00,102.61
09-09-22,0.00,0.08,,,0.04,0.00,0.00,33.75,121.56,0.00,,0.00,64.54,,63.84,34.27,90.31,90.31,,56.92,91.46,0.00,41.26,0.00,,65.10,,,0.00,0.00,0.00,,23.74,4.12,176.02,,,113.52,,91.29,59.08,77.42,314.57,126.50,270.64,,,,,234.42,2.00,,,162.04,275.42,,,,,,,92.86,163.18,60.33,,,,,,128.30,0.00,0.00,0.00,128.30,,44.47,,,0.00,0.00,99.98
09-10-22,0.00,0.11,,,0.04,0.00,0.00,34.96,121.49,0.00,,0.14,63.60,,63.75,33.27,90.19,89.98,0.00,55.54,90.38,0.00,37.00,0.00,,62.78,0.00,,0.00,0.00,0.00,,22.81,0.00,173.47,,,109.77,,83.16,56.79,70.96,310.21,121.75,259.64,,,,,227.49,2.00,,,155.42,266.79,,,,,,,90.03,150.02,49.98,,,,,,121.50,0.00,0.00,0.00,121.50,,45.45,,,0.00,0.00,96.18
09-11-22,0.00,0.04,,,0.09,0.00,0.00,34.62,121.26,0.00,,0.00,62.85,,63.42,33.27,89.94,89.98,0.00,53.12,89.54,0.00,36.05,0.00,,59.39,5.91,,0.00,1.07,0.00,,21.32,0.00,171.68,,,108.27,,79.46,55.58,66.71,306.58,118.88,252.27,,,,,223.58,2.92,,,149.75,260.67,,,,,,,88.84,104.61,45.92,,,,,,115.90,0.00,0.00,0.00,115.90,,43.88,,,0.00,0.00,94.34
09-12-22,,0.20,,,0.08,0.00,0.00,32.96,121.06,0.00,,0.00,62.66,,64.36,31.58,89.93,89.98,8.58,51.76,88.17,0.00,33.35,0.00,,56.59,0.00,,0.00,0.00,0.00,,20.54,0.00,171.46,,,106.95,,77.86,55.00,61.68,305.00,117.09,247.46,,,,,305.51,3.54,,,146.36,256.77,,,,,,,88.29,236.71,44.68,,,,,,111.60,0.00,0.00,0.00,111.60,,45.02,,,0.00,0.00,92.51
09-13-22,,,,,0.11,0.00,0.00,32.25,121.07,0.04,,1.25,62.46,,64.13,28.65,89.64,89.98,8.92,50.12,85.96,0.00,31.62,0.00,,55.54,0.00,,0.00,1.20,0.00,,19.80,0.00,171.03,,,105.02,,76.99,54.62,57.58,304.00,114.04,243.18,,,,,247.95,3.00,,,143.75,253.00,,,,,,,84.80,238.39,41.90,,,,,,112.60,0.00,0.00,0.00,112.60,,42.60,,,0.00,0.00,91.41
09-14-22,,,,,0.10,0.00,0.00,31.92,120.80,0.00,,0.00,62.93,,61.65,28.27,89.23,90.98,0.00,48.96,85.00,0.00,28.18,0.00,,54.47,0.00,,0.00,0.00,0.00,,18.15,0.00,169.63,,,102.10,,76.40,53.17,52.12,302.58,108.88,239.39,,,,,203.10,3.00,,,140.42,249.48,,,,,,,95.35,215.57,44.36,,,,,,113.60,0.00,0.00,0.00,113.60,,43.48,,,2.65,0.00,89.57
09-15-22,,0.09,,,0.07,0.00,0.00,32.77,120.39,0.00,,0.00,62.41,,61.30,28.27,89.05,90.48,14.50,44.21,83.17,0.00,24.23,0.00,,50.87,0.00,,0.00,0.00,0.00,,14.12,0.00,167.55,,,97.77,,74.64,50.92,47.71,300.21,101.96,236.60,,,,,258.43,2.58,,,137.75,245.71,,,,,,,98.68,233.37,51.35,,,,,,127.60,0.00,0.00,0.00,126.90,,44.62,,,0.00,0.00,93.85
09-16-22,,0.09,,,0.04,0.00,0.00,30.99,120.09,0.00,,0.00,60.83,,59.84,28.27,88.83,88.06,0.00,40.29,82.00,0.00,21.59,0.00,,47.48,0.00,,0.00,0.00,0.00,,11.63,0.00,165.96,,,94.15,,70.54,49.29,43.79,297.62,99.21,233.23,,,,,305.95,2.00,,,133.88,241.29,,,,,,,111.67,196.57,51.79,,,,,,133.90,0.00,0.00,0.00,133.60,,42.99,,,0.00,0.00,105.45
09-17-22,,0.06,,,0.05,0.00,0.00,29.47,119.74,0.00,,0.00,60.02,,60.21,25.52,88.23,86.69,0.00,37.47,82.00,0.00,19.19,0.00,,45.41,0.00,,0.00,0.00,0.00,,9.16,0.00,165.58,,,90.85,,68.47,48.00,38.25,295.46,97.21,230.16,,,,,275.36,2.00,,,132.00,239.00,,,,,,,106.38,95.44,50.73,,,,,,127.10,0.00,0.00,0.00,127.40,,38.48,,,0.00,0.00,103.09
09-18-22,,0.05,,,0.06,0.00,0.00,28.34,119.46,0.00,,0.00,58.92,,59.81,19.92,86.79,85.98,16.26,36.19,82.00,0.00,18.24,0.00,,43.90,0.00,,,0.00,0.00,,,0.00,164.98,,,88.41,,67.12,47.37,35.11,294.47,97.00,236.32,,,,,282.31,2.00,,,136.32,246.53,,,,,,,101.65,103.98,50.06,,,,,,124.20,0.00,0.00,0.00,124.20,,37.31,,,0.00,0.00,101.87
09-19-22,,0.16,,,0.07,0.00,0.00,27.38,119.30,0.08,,0.00,58.82,,59.42,19.27,86.69,84.98,0.00,34.48,80.81,0.00,16.36,0.00,,42.53,0.00,,0.00,0.00,0.00,,5.95,0.00,164.60,,,85.19,,65.33,47.38,28.56,293.56,96.44,231.39,,,,,,2.00,,,132.00,240.69,,,,,,,99.99,97.10,55.38,,,,,,122.70,0.00,0.00,0.00,122.70,,38.74,,,0.00,0.00,101.73
09-20-22,,,,,0.05,,0.00,27.39,119.30,0.06,,0.00,57.23,,59.55,19.27,86.98,84.98,0.00,34.52,79.81,0.00,16.00,0.00,,42.24,0.00,,0.00,0.00,0.00,,45.91,0.00,169.26,,,85.85,,66.01,48.10,46.58,293.00,96.18,233.01,,,,,256.45,1.46,,,132.00,240.62,,,,,,,98.69,146.12,57.46,,,,,,121.20,0.00,0.00,0.00,121.20,,34.63,,,0.00,0.00,100.42
09-21-22,,,,,0.09,0.00,0.00,28.20,119.19,0.00,,0.00,57.09,,58.71,19.27,87.06,84.98,14.17,35.32,82.00,0.00,20.00,0.00,,44.18,,,0.00,0.00,0.00,,31.48,,172.40,,,107.60,,68.09,56.74,46.78,294.55,97.00,252.73,,,,,312.14,1.00,,,133.57,254.79,,,,,,,97.63,178.07,54.71,,,,,,120.10,0.00,0.00,0.00,120.10,,39.36,,,0.00,0.00,99.42
09-22-22,,0.06,,,0.08,0.00,0.00,27.09,118.88,0.07,,,56.92,,58.81,19.27,86.56,84.72,0.00,33.69,81.09,0.00,16.67,0.00,,42.58,0.00,,0.00,0.00,0.00,,25.05,0.00,169.71,,,96.32,,64.95,51.83,23.74,292.00,95.35,242.64,,,,,211.48,0.00,,,130.22,248.09,,,,,,,98.17,216.05,50.00,,,,,,116.70,0.00,0.00,0.00,116.70,,41.20,,,0.00,0.00,95.72
09-23-22,0.00,0.06,,,0.07,0.00,0.00,26.07,118.69,0.00,,0.00,55.27,,58.62,19.27,85.93,84.21,0.00,30.78,80.00,0.00,14.45,0.00,,40.43,0.00,,0.00,0.00,0.00,,0.00,0.00,168.56,,,90.69,,63.34,50.18,18.00,289.65,92.18,234.27,,,,,209.08,0.00,,,126.55,240.50,,,,,,,97.90,160.63,47.80,,,,,,117.10,0.00,0.00,0.00,117.10,,40.02,,,0.00,0.00,94.59
09-24-22,0.00,,,,0.06,0.00,0.00,24.48,118.75,0.00,,0.00,53.73,,58.69,19.27,85.45,82.98,18.38,34.65,81.79,0.00,15.48,2.05,,43.42,1.58,,0.00,0.00,12.88,,12.73,0.00,175.78,,,92.85,,68.30,52.71,15.54,297.38,92.92,231.93,,,,,209.28,0.00,,,124.12,239.75,,,,,,,98.33,259.99,44.85,,,,,,119.30,0.00,0.00,3.00,118.60,,37.78,,,0.00,0.00,99.78
09-25-22,0.00,,,,0.06,0.00,0.00,22.62,119.05,0.10,,3.87,54.21,,56.96,19.27,85.05,83.40,17.96,,82.50,0.00,16.27,,,,,,0.00,1.26,4.92,,0.00,0.00,178.03,,,93.27,,70.59,53.58,11.21,297.29,91.67,241.40,,,,,212.35,0.62,,,122.46,241.88,,,,,,,97.87,202.04,44.56,,,,,,119.10,0.00,0.00,3.30,119.10,,36.14,,,0.00,0.00,98.46
09-26-22,0.00,,,,0.06,0.00,0.00,24.52,118.41,0.01,,0.00,54.49,,57.09,19.27,85.89,83.40,4.04,36.12,82.00,0.00,13.40,1.31,,42.56,0.00,,0.00,0.00,0.00,,0.00,0.00,175.42,,,88.85,,65.22,50.62,2.50,293.88,87.50,234.64,,,,,206.46,1.00,,,119.83,238.62,,,,,,,98.15,256.76,42.85,,,,,,135.50,0.00,0.00,0.00,136.00,,38.81,,,0.00,0.00,108.03
09-27-22,0.00,,,,0.08,0.00,0.00,22.96,118.84,0.08,,3.19,53.79,,55.97,19.27,85.68,82.98,23.58,34.29,80.50,0.00,9.81,0.00,,40.29,0.00,,0.00,0.00,0.00,,15.77,0.00,171.54,,,85.35,,62.44,48.83,0.00,290.79,83.25,231.39,,,,,204.69,0.46,,,117.67,236.83,,,,,,,101.21,261.97,41.25,,,,,,134.10,0.00,0.00,0.00,134.10,,39.00,,,0.00,0.00,112.82
09-28-22,0.00,,,,0.22,0.61,0.00,23.20,118.79,0.17,,0.00,52.54,,63.39,20.56,85.12,81.46,,31.52,77.91,0.00,5.57,0.00,,37.50,0.00,,0.00,0.00,0.00,,0.00,0.00,167.96,,,79.77,,58.14,45.71,0.00,287.13,78.62,226.20,,,,,202.45,0.57,,,114.42,232.46,,,,,,,97.93,260.01,36.27,,,,,,123.60,19.03,0.00,0.00,123.60,,37.99,,,0.00,0.00,108.00
09-29-22,0.00,,,,0.09,0.00,0.00,21.92,118.70,0.41,,0.00,52.45,,59.88,19.27,84.64,77.56,30.08,27.38,76.54,0.00,1.00,0.00,,33.55,0.00,,0.00,0.00,0.00,,0.00,0.00,165.73,,,73.77,,54.29,42.33,0.00,282.96,73.92,221.27,,,,,200.28,0.00,,,110.46,228.92,,,,,,,91.22,262.62,29.62,,,,,,118.30,17.81,0.00,0.00,118.30,,36.19,,,0.00,0.00,100.25
09-30-22,0.00,0.10,,,0.08,0.00,0.00,17.30,117.94,0.11,,0.00,51.97,,58.17,19.22,83.05,75.69,37.46,24.12,74.71,0.00,0.00,0.00,,30.40,0.00,,0.00,0.00,0.00,,0.00,0.00,161.22,,,68.65,,50.79,39.12,0.00,278.08,69.38,217.31,,,,,198.41,0.00,,,106.62,224.29,,,,,,,86.51,262.10,24.65,,,,,,116.40,13.13,0.00,0.00,116.40,,34.26,,,0.00,0.00,97.23
10-01-22,0.00,0.10,,,0.06,0.00,0.00,14.62,,0.00,,0.09,51.12,,57.46,11.44,81.25,74.02,7.92,19.12,72.71,0.00,0.00,0.00,,26.15,0.00,,0.00,0.00,0.00,,0.00,0.00,158.83,,,63.60,,47.94,36.42,0.00,273.67,65.25,213.68,,,,,195.51,0.29,,,103.25,220.33,,,,,,,85.46,257.24,22.90,,,,,,113.90,11.41,0.00,0.00,113.90,,33.59,,,0.00,0.00,95.71
10-02-22,0.00,0.09,,,0.07,0.00,0.00,5.75,117.01,0.00,,0.84,49.12,,54.71,8.02,79.56,65.77,8.12,13.71,70.71,0.00,0.00,0.00,,20.49,,,0.00,0.00,0.00,,0.00,0.00,156.50,,,57.69,,44.89,33.71,0.00,269.33,60.58,209.48,,,,,192.86,0.00,,,100.42,215.00,,,,,,,82.69,260.61,20.81,,,,,,112.30,9.42,0.00,0.00,112.30,,30.08,,,,0.00,93.30
10-03-22,0.00,0.08,,,0.05,0.00,0.00,0.58,116.53,0.00,,0.81,44.54,,51.13,1.27,77.44,62.48,20.12,7.92,67.21,0.00,0.00,0.00,,15.57,0.00,,0.00,0.00,0.00,,0.00,0.00,154.22,,,52.77,,41.45,31.00,0.00,264.12,54.88,205.14,,,,,190.38,0.00,,,96.83,208.96,,,,,,,75.00,262.87,15.46,,,,,,109.00,8.00,0.00,0.00,109.00,,26.80,,,0.00,0.00,90.82
10-04-22,0.00,0.09,,,0.03,0.42,0.00,0.50,116.18,0.00,,0.65,40.30,,46.92,0.00,76.83,60.98,7.54,2.79,66.00,0.00,0.00,0.00,,12.35,0.00,,0.00,0.00,0.00,,33.22,0.00,153.65,,,50.40,,39.86,30.33,0.00,263.33,53.04,202.73,,,,,190.11,0.00,,,96.46,208.21,,,,,,,73.28,262.87,6.81,,,,,,106.70,2.99,0.00,0.00,106.70,,24.09,,,0.00,0.00,86.67
10-05-22,0.00,,,,0.06,0.00,0.00,,119.10,0.28,,0.00,41.02,,51.36,0.00,75.94,62.65,17.08,2.46,70.08,0.00,0.00,0.00,,11.22,10.96,,,9.82,,,,0.00,158.87,,,53.98,,44.46,30.58,0.00,262.67,52.04,201.93,,,,,189.86,0.67,,,96.17,207.12,,,,,,,75.62,260.98,0.00,,,,,,106.40,0.00,0.00,0.00,106.40,,25.26,,,7.14,0.00,83.55
10-06-22,0.00,,,,0.07,0.00,0.00,0.38,121.75,0.12,,,40.83,,53.63,0.00,76.87,62.81,21.96,2.08,70.12,0.00,0.00,0.00,,7.15,3.50,,0.00,3.32,0.00,,9.35,0.00,160.05,,,48.31,,40.27,28.50,0.00,259.92,47.58,198.73,,,,,187.08,1.62,,,91.71,201.62,,,,,,,76.55,254.10,0.00,,,,,,114.70,5.05,0.00,0.00,114.70,,30.80,,,0.00,0.00,84.87
10-07-22,0.00,0.10,,,0.05,0.00,0.00,0.25,118.48,0.02,,0.00,35.49,,46.88,0.00,75.06,60.15,6.75,0.00,66.62,0.00,0.00,0.00,,0.00,0.00,,0.00,0.00,0.00,,0.00,0.00,156.50,,,43.90,,37.30,26.00,0.00,258.48,45.21,196.35,,,,,188.24,1.00,,,86.58,200.54,,,,,,,82.88,200.12,0.00,,,,,,109.40,4.55,0.00,0.00,109.40,,24.95,,,0.00,2.00,83.62
10-08-22,0.00,0.09,,,0.05,0.21,0.00,0.50,117.68,0.00,,0.00,33.79,,44.84,0.00,73.70,58.52,6.12,0.00,66.00,0.00,0.00,0.00,,,0.00,,0.00,0.00,0.00,,0.00,,168.16,,,46.90,,34.93,34.25,0.00,264.92,44.96,204.98,,,,,196.17,1.54,,,87.08,208.71,,,,,,,82.93,233.39,0.00,,,,,,106.70,0.00,0.00,0.00,106.70,,23.12,,,0.00,4.20,82.17
10-09-22,0.00,0.10,,,0.05,0.00,0.00,0.48,117.56,0.00,,0.00,33.18,,43.71,0.00,72.09,57.06,,0.00,65.42,0.00,0.00,0.00,,0.00,5.95,,0.00,0.00,0.00,,0.00,0.00,165.23,,,42.85,,33.15,31.21,0.00,262.62,41.50,200.60,,,,,196.50,2.00,,,84.96,205.42,,,,,,,86.92,262.96,0.00,,,,,,103.90,0.00,0.00,0.00,103.90,,23.00,,,0.00,0.00,80.37
10-10-22,0.00,,,,0.06,0.00,,0.00,117.34,0.12,,0.00,32.21,,43.75,0.00,71.54,55.23,4.50,0.00,64.67,0.00,0.00,0.00,,0.00,0.00,,0.00,0.00,0.00,,0.00,0.00,160.81,,,36.81,,30.21,28.46,0.00,260.50,36.71,196.85,,,,,192.23,1.00,,,81.29,201.79,,,,,,,88.64,,0.00,,,,,,102.10,0.00,,0.00,102.10,,20.88,,,0.00,0.00,74.59
10-11-22,0.00,,,,0.07,0.00,0.00,0.00,117.14,0.00,,0.00,32.07,,42.63,0.00,70.95,53.10,4.79,0.00,63.83,0.00,0.00,0.00,,0.00,0.00,,0.00,0.00,0.00,,0.00,0.00,157.80,,,30.10,,27.10,25.92,0.00,258.17,30.75,193.77,,,,,185.63,1.00,,,76.38,198.58,,,,,,,88.19,,0.00,,,,,,100.50,0.00,0.00,0.00,100.80,,19.04,,,0.00,0.00,72.02
10-12-22,0.00,,,,0.05,0.00,0.00,0.03,117.07,0.00,,0.00,31.25,,40.67,0.00,70.52,50.31,,0.00,60.71,0.00,0.00,0.00,,0.00,0.00,,0.00,0.00,0.00,,0.00,0.00,156.08,,,23.98,,23.96,22.58,0.00,254.92,25.04,190.64,,,,,182.79,1.00,,,72.54,195.88,,,,,,,89.48,,0.00,,,,,,105.80,0.00,0.00,0.00,106.10,,16.37,,,0.00,0.00,81.47
10-13-22,0.00,,,,0.06,0.00,0.00,0.00,116.46,0.00,,1.90,29.19,,36.38,0.00,69.61,47.52,3.54,0.00,58.62,0.00,0.00,0.00,,0.00,0.00,,0.00,0.00,0.00,,0.00,0.00,153.67,,,16.52,,21.05,18.79,0.00,251.83,19.04,187.10,,,,,177.62,1.00,,,69.08,191.58,,,,,,,91.09,,0.00,,,,,,104.60,0.00,0.00,0.00,104.60,,12.76,,,0.00,0.00,82.22
10-14-22,0.00,0.21,,,0.06,,0.00,0.00,115.01,0.00,,0.65,27.91,,32.96,0.00,68.62,44.35,2.42,0.00,53.83,0.00,0.00,0.00,,0.00,0.00,,0.00,0.00,0.00,,0.00,0.00,149.34,,,8.15,,17.48,12.92,0.00,247.96,10.96,183.43,,,,,171.01,1.00,,,65.67,187.50,,,,,,,87.65,,0.00,,,,,,102.10,0.00,0.00,0.00,102.10,,7.55,,,0.00,0.00,80.19
10-15-22,0.00,0.19,,,0.04,0.00,0.00,0.11,114.50,0.04,,0.00,24.94,,28.92,0.00,66.34,40.85,,0.00,50.04,0.00,0.00,0.00,,0.00,0.00,,0.00,0.00,0.00,,0.00,0.00,144.54,,,0.00,,12.10,6.71,0.00,243.96,2.38,179.39,,,,,163.69,1.00,,,61.92,182.54,,,,,,,83.95,,0.00,,,,,,99.00,0.00,0.00,0.00,99.00,,3.00,,,0.00,0.00,74.71
10-16-22,0.00,0.22,,,0.04,0.00,0.00,0.23,114.35,0.00,,1.25,17.53,,26.84,0.00,63.52,37.52,0.00,0.00,46.62,0.00,0.00,0.00,,0.00,,,0.00,0.00,0.00,,0.00,0.00,141.22,,,0.00,,4.83,0.00,0.00,239.38,0.00,174.93,,,,,155.65,1.00,,,57.25,177.12,,,,,,,78.05,,0.00,,,,,,95.20,0.00,0.00,0.00,95.20,,0.00,,,0.00,0.00,69.73
10-17-22,,,,,0.05,0.00,0.00,0.00,113.79,0.00,,0.42,10.68,,23.75,0.00,59.74,35.98,0.00,0.00,45.80,0.00,0.00,0.00,,0.00,0.00,,0.00,0.00,0.00,,0.00,0.00,137.17,,,0.00,,0.00,0.00,0.00,234.88,0.00,170.06,,,,,149.18,1.00,,,52.08,171.21,,,,,,,70.92,,0.00,,,,,,91.20,0.00,0.00,0.00,91.20,,0.00,,,0.00,0.00,63.67
10-18-22,0.00,0.23,,,0.04,0.00,0.00,0.00,112.09,0.00,,0.38,9.06,,21.56,0.00,56.20,35.23,,0.00,42.79,0.00,0.00,0.00,,1.00,0.00,,0.00,0.00,0.00,,0.00,0.00,132.87,,,0.00,,0.00,0.00,0.00,230.00,0.00,162.68,,,,,141.86,1.00,,,46.04,163.08,,,,,,,65.17,,0.00,,,,,,85.00,0.00,0.00,0.00,85.00,,0.00,,,7.61,0.00,53.97
10-19-22,0.00,0.20,,,0.03,0.00,0.00,0.00,111.58,0.00,,0.00,8.33,,20.17,0.00,54.64,33.48,0.00,0.00,40.25,,0.00,0.00,,1.09,2.00,,,0.00,0.00,,0.00,0.00,130.35,,,0.00,,0.00,0.00,0.00,225.62,0.00,157.18,,,,,133.88,1.00,,,39.58,155.42,,,,,,,53.64,,0.00,,,,,,77.30,0.00,0.00,0.00,77.30,,0.00,,,6.85,0.00,41.41
10-20-22,0.00,,,,0.04,0.00,0.00,0.00,111.39,0.03,,0.00,8.51,,18.09,0.00,54.12,32.94,0.00,0.00,40.67,0.00,0.00,0.00,,1.47,3.83,,6.71,0.00,2.32,,0.00,0.00,127.20,,,0.00,,0.00,0.00,0.00,220.96,0.00,153.06,,,,,126.75,1.00,,,30.71,147.46,,,,,,,55.71,,0.00,,,,,,74.40,0.00,0.00,0.00,74.40,,0.00,,,5.11,0.00,37.20
10-21-22,0.00,0.19,,,0.05,0.00,0.00,0.00,109.93,0.00,,4.04,6.48,,16.17,0.00,51.75,29.60,,0.00,38.08,0.00,0.00,0.00,,1.48,0.00,,0.00,0.00,0.00,,0.00,0.00,123.07,,,0.00,,0.00,0.00,0.00,215.88,0.00,148.52,,,,,125.80,1.00,,,22.79,138.50,,,,,,,54.23,,0.00,,,,,,72.90,0.00,0.00,0.00,72.90,,0.00,,,3.39,0.00,34.77
10-22-22,0.00,0.19,,,0.04,0.00,0.00,0.00,108.90,0.02,,0.59,4.73,,14.09,0.00,50.23,27.90,0.00,0.00,34.38,0.00,0.00,0.00,,1.33,0.00,,0.00,0.00,0.00,,0.00,0.00,119.32,,,0.00,,0.00,0.00,0.00,210.67,0.00,144.64,,,,,120.82,1.00,,,14.79,128.58,,,,,,,51.62,,0.00,,,,,,68.60,0.00,0.00,0.00,68.60,,0.00,,,0.00,0.00,29.92
10-23-22,0.00,0.20,,,0.04,0.00,0.00,0.00,107.07,0.00,,0.41,1.51,,9.57,0.00,47.23,23.40,0.00,0.00,30.29,0.00,0.00,0.00,,1.67,5.74,,0.00,0.00,0.00,,0.00,0.00,114.90,,,0.00,,0.00,0.00,0.00,204.38,0.00,139.39,,,,,113.02,1.00,,,8.96,118.58,,,,,,,47.43,,0.00,,,,,,62.60,0.00,0.00,0.00,62.60,,0.00,,,0.00,0.00,20.92
10-24-22,0.00,0.16,,,0.03,0.00,0.00,0.00,106.38,0.00,,1.16,0.36,,2.50,0.00,44.86,17.56,,0.00,26.58,0.00,0.00,0.00,,1.71,0.00,,0.00,0.00,0.00,,0.00,0.00,110.85,,,0.00,,0.00,0.00,0.00,198.58,0.00,135.60,,,,,105.92,1.00,,,3.00,109.25,,,,,,,44.80,,0.00,,,,,,60.30,0.00,0.00,0.00,60.30,,0.00,,,0.00,0.00,4.66
10-25-22,0.00,0.16,,,0.03,0.00,0.00,0.00,105.72,0.00,,0.25,0.00,,0.00,0.00,42.03,15.77,0.00,0.00,23.21,0.00,0.00,0.00,,2.31,0.00,,0.00,0.00,0.00,,0.00,0.00,107.35,,,0.00,,0.00,0.00,0.00,192.00,0.00,131.68,,,,,98.30,1.00,,,0.00,99.92,,,,,,,33.15,,0.00,,,,,,58.40,0.00,0.00,0.00,58.40,,0.00,,,0.00,0.00,0.00
10-26-22,0.00,0.16,,,0.04,0.00,0.00,0.13,103.65,0.00,,0.70,0.00,,0.00,0.00,40.84,13.44,0.00,0.00,20.62,0.00,0.00,0.00,,2.04,0.00,,,0.00,0.00,,0.00,0.00,105.72,,,0.00,,0.00,0.00,0.00,186.00,0.00,127.60,,,,,93.94,1.00,,,0.00,93.58,,,,,,,22.18,,0.00,,,,,,56.00,0.00,0.00,0.00,56.00,,0.00,,,0.00,0.00,0.00
10-27-22,0.00,0.16,,,0.04,0.00,0.00,0.00,102.72,0.00,,0.70,0.17,,0.00,0.00,38.95,8.90,,0.00,15.71,0.00,0.00,0.00,,2.14,0.00,,0.00,0.00,0.00,,0.00,0.00,103.15,,,0.00,,0.00,0.00,0.00,180.38,0.00,124.39,,,,,87.73,1.00,,,0.00,87.29,,,,,,,30.16,,0.00,,,,,,,0.00,0.00,0.00,68.30,,0.00,,,0.00,0.00,8.95
10-28-22,0.00,0.16,,,0.03,0.00,0.00,0.00,101.90,0.11,,0.51,0.26,,0.00,0.00,36.68,2.69,0.00,0.00,10.04,0.00,0.00,0.00,,2.28,0.00,,0.00,0.00,0.00,,0.00,0.00,100.08,,,0.00,,0.00,0.00,0.00,176.00,0.00,120.43,,,,,81.74,1.00,,,0.00,79.54,,,,,,,34.30,,0.00,,,,,,74.00,0.00,0.00,0.00,74.20,,0.00,,,0.00,0.00,24.93
10-29-22,0.00,,,,0.03,0.00,0.00,0.25,98.14,0.06,,0.48,0.77,,0.00,0.00,32.45,0.00,0.00,0.00,4.83,0.00,0.00,0.00,,2.05,0.00,,0.00,0.00,0.00,,0.00,0.00,96.44,,,0.00,,0.00,0.00,0.00,171.62,0.00,116.64,,,,,109.06,1.00,,,0.00,74.46,,,,,,,40.75,,0.00,,,,,,71.50,0.00,0.00,0.00,71.40,,0.00,,,0.00,0.00,24.88
10-30-22,0.00,0.15,,,0.03,0.00,0.00,0.00,93.83,0.02,,0.00,0.17,,0.00,0.00,30.80,0.00,,0.00,1.00,0.00,0.00,0.00,,1.95,,,,0.00,0.00,,0.00,0.00,94.53,,,0.00,,0.00,0.00,0.00,168.79,0.00,116.23,,,,,,1.00,,,0.48,75.92,,,,,,,37.18,,0.00,,,,,,68.30,0.00,0.00,0.00,68.30,,0.00,,,0.00,0.00,20.64
10-31-22,0.00,0.15,,,0.03,0.00,0.00,0.30,96.21,0.02,,0.00,0.00,,0.00,0.00,24.05,0.00,0.00,0.00,1.39,0.00,0.00,0.00,,2.02,0.00,,,0.00,0.00,,0.00,0.00,93.11,,,0.00,,,0.00,0.00,163.75,2.00,112.93,,,,,97.05,1.54,,,0.33,71.25,,,,,,,35.10,,0.00,,,,,,62.50,0.00,0.00,0.00,62.50,,0.00,,,,0.00,18.92
11-01-22,0.00,0.16,,,0.02,0.00,0.00,0.02,95.48,0.04,,0.39,0.18,,0.00,0.00,26.21,0.00,0.00,0.00,1.00,0.00,0.00,0.00,,2.49,0.00,,0.00,0.00,0.00,,0.00,0.00,86.91,,,0.00,,0.00,0.00,0.00,155.42,0.00,105.35,,,,,94.17,1.62,,,0.00,61.21,,,,,,,31.70,,0.00,,,,,,59.20,0.00,0.00,0.00,59.20,,0.00,,,0.00,0.00,8.69
11-02-22,0.00,0.13,,,0.02,0.00,0.00,0.25,87.03,0.00,,0.60,0.85,,0.00,0.00,22.89,0.00,,0.00,1.00,0.00,0.00,0.00,,2.52,0.00,,0.00,0.00,0.00,,0.00,0.00,79.23,,,0.00,,0.00,0.00,0.00,144.77,0.00,98.10,,,,,89.75,1.00,,,0.00,50.14,,,,,,,25.36,,0.00,,,,,,52.10,0.00,0.00,0.00,52.10,,0.00,,,0.00,0.00,0.00
11-03-22,0.00,0.13,,,0.02,0.00,0.00,0.06,81.14,0.00,,0.25,1.09,,0.00,0.00,18.28,0.00,0.00,0.00,0.00,0.00,0.00,0.00,,2.40,0.00,,0.00,0.00,0.00,,0.00,0.00,72.23,,,0.00,,0.00,0.00,0.00,133.00,0.00,91.89,,,,,85.43,1.00,,,0.00,38.46,,,,,,,19.00,,0.00,,,,,,44.00,0.00,2.70,0.00,44.00,,0.00,,,0.00,0.00,
11-04-22,0.00,0.12,,,0.01,0.00,0.00,0.00,80.37,0.00,,0.11,0.86,,0.00,0.00,14.02,0.00,0.00,0.00,0.00,0.00,0.00,0.00,,2.42,0.00,,0.00,0.00,0.00,,0.00,0.00,66.39,,,0.00,,0.00,,0.00,122.58,0.00,84.60,,,,,78.91,1.00,,,0.00,27.71,,,,,,,6.35,,0.00,,,,,,36.00,0.00,3.90,0.00,36.00,,0.00,,,0.00,0.00,0.00
11-05-22,0.00,0.13,,,0.01,0.00,0.00,0.00,73.56,0.00,,0.93,0.97,,0.00,0.00,10.59,0.00,,0.00,0.00,0.00,0.00,0.00,,2.49,0.00,,0.00,0.00,0.00,,0.00,0.00,60.05,,,0.00,,0.00,0.00,0.00,113.21,0.00,75.77,,,,,69.99,2.00,,,0.00,16.08,,,,,,,0.00,,0.00,,,,,,27.50,0.00,5.90,0.00,27.50,,0.00,,,0.00,0.00,0.00
11-06-22,0.00,0.15,,,0.01,0.00,0.00,0.51,69.57,0.00,,0.42,1.11,,0.00,0.00,2.10,0.00,0.00,0.00,0.00,0.00,0.00,0.00,,2.68,0.00,,0.00,0.00,,,0.00,0.00,52.00,,,0.00,,0.00,0.00,0.00,102.96,0.00,68.18,,,,,62.11,2.00,,,0.00,4.75,,,,,,,0.00,,0.00,,,,,,20.20,0.00,4.40,0.00,20.20,,0.00,,,0.00,0.00,0.00
11-07-22,0.00,0.13,,,0.00,0.00,0.00,0.39,57.90,0.09,,0.17,1.03,,0.00,0.00,0.00,0.00,0.00,0.00,0.00,0.00,0.00,0.00,,3.77,0.00,,0.00,0.00,0.00,,0.00,0.00,44.36,,,0.00,,0.00,0.00,0.00,92.54,0.00,61.93,,,,,52.73,1.67,,,0.00,0.00,,,,,,,0.00,,0.00,,,,,,13.50,0.00,,0.00,13.50,,0.00,,,0.00,0.00,0.00
11-08-22,0.00,0.14,,,0.00,0.00,0.00,0.34,40.24,0.05,,0.33,1.45,,0.00,0.00,0.60,0.00,,0.00,0.00,0.00,0.00,0.00,,3.36,0.00,,0.00,0.00,0.00,,0.00,0.00,37.27,,,0.00,,0.00,0.00,0.00,82.21,0.00,53.18,,,,,41.81,2.00,,,0.00,0.00,,,,,,,0.00,,0.00,,,,,,7.30,0.00,,0.00,7.30,,0.00,,,0.00,0.00,0.00
11-09-22,0.00,0.21,,,0.02,0.00,0.00,0.27,38.02,0.00,,0.00,0.00,,0.00,0.00,0.68,0.00,0.00,0.00,0.00,,0.00,0.00,,3.25,0.00,,0.00,0.00,0.00,,0.00,0.00,31.59,,,0.00,,0.00,0.00,0.00,71.79,0.00,46.71,,,,,33.94,1.00,,,0.00,0.00,,,,,,,0.00,,0.00,,,,,,3.60,0.00,13.40,0.00,3.60,,0.00,,,0.00,0.00,0.00
11-10-22,0.00,0.27,,,0.03,0.00,0.00,0.41,36.16,0.00,,0.00,0.16,,0.00,0.00,0.65,0.00,0.00,0.00,0.00,0.00,0.00,0.00,,3.14,0.00,,0.00,0.00,0.00,,0.00,0.00,27.61,,,0.00,,0.00,0.00,0.00,63.88,0.00,50.14,,,,,30.97,1.00,,,0.00,0.00,,,,,,,0.00,,0.00,,,,,,0.00,0.00,11.20,0.00,0.00,,0.00,,,0.00,0.00,0.00
11-11-22,0.00,,,,0.01,0.00,0.00,0.00,34.79,0.06,,2.13,0.00,,0.00,0.00,0.65,0.00,0.00,0.00,0.00,0.00,0.00,0.00,,3.23,0.00,,0.00,0.00,0.00,,0.00,0.00,25.33,,,0.00,,0.00,0.00,0.00,54.71,0.00,42.55,,,,,24.92,1.00,,,0.00,0.00,,,,,,,0.00,,0.00,,,,,,0.00,0.00,2.00,0.00,0.00,,0.00,,,0.00,,0.00
11-12-22,0.00,,,,0.02,0.17,0.00,0.00,34.73,0.00,,2.54,0.00,,0.00,0.00,0.00,0.00,,0.00,,0.00,2.33,0.00,,2.82,0.00,,,0.00,0.00,,17.61,0.00,26.68,,,0.00,,0.00,,43.18,45.75,0.00,41.84,,,,,43.61,1.00,,,0.00,,,,,,,,0.00,,0.00,,,,,,0.00,0.00,4.00,0.00,0.00,,0.00,,,0.00,,0.00
11-13-22,0.00,,,,0.02,0.00,0.00,0.27,35.30,0.00,,1.58,0.00,,0.00,0.00,0.00,0.00,0.00,0.00,0.00,0.00,3.41,0.00,,2.36,,,,0.00,0.00,,2.08,,,,,5.58,,,0.00,75.11,51.50,,42.31,,,,,49.50,1.00,,,0.00,1.54,,,,,,,0.00,,0.00,,,,,,0.00,0.00,7.50,0.00,0.00,,0.00,,,0.00,3.70,0.00
11-14-22,0.00,0.07,,,0.02,0.00,0.00,0.25,29.72,0.00,,1.96,0.72,,0.00,0.00,0.00,0.00,,0.00,0.00,0.00,0.00,0.00,,2.96,0.00,,0.00,0.00,0.00,,0.00,0.00,31.85,,,0.00,,0.00,0.00,0.00,40.33,0.00,35.64,,,,,41.81,1.00,,,0.00,0.00,,,,,,,0.00,,0.00,,,,,,0.00,0.00,6.60,0.00,0.00,,0.00,,,0.00,0.00,0.00
11-15-22,0.00,0.02,,,0.01,0.00,0.00,0.23,23.81,0.03,,2.18,1.53,,0.00,0.00,0.00,0.00,0.00,0.00,0.00,0.00,0.00,0.00,,2.76,0.00,,0.00,0.00,0.00,,0.00,0.00,21.90,,,0.00,,0.00,0.00,0.00,24.54,0.00,26.06,,,,,31.31,1.29,,,0.00,0.00,,,,,,,0.00,,0.00,,,,,,0.00,0.00,7.90,0.00,0.00,,2.20,,,0.00,0.00,0.00
11-16-22,0.00,0.02,,,0.01,0.00,0.00,0.00,19.49,0.00,,1.33,1.29,,0.00,0.00,0.00,0.00,0.00,0.00,0.00,0.00,0.00,0.00,,1.80,0.00,,0.00,0.00,0.00,,0.00,0.00,11.53,,,0.00,,0.00,0.00,0.00,4.96,0.00,15.18,,,,,20.44,1.00,,,0.00,0.00,,,,,,,0.00,,0.00,,,,,,0.00,0.00,8.40,0.00,0.00,,0.00,,,0.00,0.00,0.00
11-17-22,0.00,0.02,,,0.01,0.00,0.00,0.13,15.74,0.00,,1.50,1.41,,0.00,0.00,0.00,0.00,,0.00,0.00,0.00,0.00,0.00,,1.57,0.00,,0.00,0.00,0.00,,0.00,0.00,2.15,,,0.00,,0.00,0.00,0.00,0.00,0.00,4.14,,,,,8.16,1.00,,,0.00,0.00,,,,,,,0.00,,0.00,,,,,,0.00,0.00,8.60,0.00,0.00,,0.00,,,0.00,0.00,0.00
11-18-22,0.00,0.04,,,0.01,0.00,0.00,0.14,13.44,0.10,,0.73,1.32,,0.00,0.00,0.00,0.00,0.00,0.00,0.00,0.00,0.00,0.00,,1.52,0.00,,0.00,0.00,0.00,,0.00,0.00,0.00,,,0.00,,0.00,0.00,0.00,0.00,0.00,0.00,,,,,0.00,1.00,,,0.00,0.00,,,,,,,0.00,,0.00,,,,,,0.00,0.00,,0.00,0.00,,0.00,,,0.00,0.00,0.00
11-19-22,0.00,0.04,,,0.01,0.00,0.00,0.08,6.38,0.06,,0.00,0.17,,0.00,0.00,0.00,0.00,0.00,0.00,0.00,0.00,0.00,0.00,,1.73,0.00,,0.00,0.00,0.00,,0.00,0.00,0.00,,,0.00,,0.00,0.00,0.00,0.00,0.00,0.00,,,,,0.00,1.00,,,0.00,0.00,,,,,,,6.00,,0.00,,,,,,0.00,0.00,8.30,0.00,0.00,,0.00,,,0.00,0.00,0.00
11-20-22,0.00,0.08,,,0.00,0.00,0.00,0.00,0.00,0.00,,1.11,0.00,,0.00,0.00,0.00,0.00,,0.00,0.00,0.00,0.00,0.00,,1.27,,,,0.00,0.00,,0.00,0.00,0.00,,,0.00,,0.00,0.00,0.00,0.00,0.00,0.00,,,,,0.00,1.00,,,0.00,0.00,,,,,,,0.00,,0.00,,,,,,0.00,,10.40,0.00,0.00,,0.00,,,0.00,0.00,0.00
11-21-22,0.00,0.08,,,0.00,0.00,0.00,0.19,0.00,,,1.62,0.00,,0.00,0.00,0.00,0.00,0.00,0.00,0.00,0.00,0.00,0.00,,1.09,0.00,,0.00,0.00,0.00,,0.00,,0.00,,,0.00,,0.00,0.00,0.00,0.00,0.00,0.00,,,,,0.00,1.00,,,0.00,0.00,,,,,,,0.00,,0.00,,,,,,0.00,0.00,,0.00,0.00,,0.00,,,0.00,0.00,0.00
11-22-22,0.00,0.11,,,0.00,0.00,0.00,0.27,0.00,0.00,,8.06,0.00,,0.00,0.00,0.00,0.00,0.00,0.00,0.00,0.00,0.00,0.00,,0.00,0.00,,0.00,0.00,0.00,,0.00,0.00,0.00,,,0.00,,0.00,0.00,0.00,0.00,0.00,0.00,,,,,0.00,1.00,,,0.00,0.00,,,,,,,0.00,,0.00,,,,,,0.00,0.00,3.40,0.00,0.00,,0.00,,,0.00,0.00,0.00
11-23-22,0.00,0.10,,,0.00,0.00,0.00,0.34,0.00,0.00,,1.49,0.23,,0.00,0.00,0.00,0.00,,0.00,0.00,0.00,0.00,0.00,,0.00,0.00,,0.00,0.00,0.00,,0.00,0.00,0.00,,,0.00,,0.00,0.00,0.00,0.00,0.00,0.00,,,,,0.00,1.25,,,0.00,0.00,,,,,,,0.00,,0.00,,,,,,,0.00,3.70,0.00,,,0.00,,,0.00,0.00,0.00
11-24-22,0.00,0.10,,,0.00,0.00,0.00,0.19,,0.00,,5.96,0.92,,0.00,0.00,0.00,0.00,0.00,0.00,,0.00,0.00,0.00,,0.00,0.00,,0.00,0.00,0.00,,0.00,0.00,0.00,,,0.00,,0.00,0.00,0.00,0.00,0.00,0.00,,,,,0.00,1.00,,,0.00,0.00,,,,,,,0.00,,0.00,,,,,,0.00,0.00,,0.00,0.00,,0.00,,,0.00,0.00,0.00
11-25-22,0.00,0.11,,,0.00,0.00,0.00,0.27,0.00,0.00,,1.82,0.81,,0.00,0.00,0.00,0.00,0.00,0.00,0.00,0.00,0.00,0.00,,0.00,0.00,,0.00,0.00,0.00,,0.00,0.00,0.00,,,0.00,,0.00,0.00,0.00,0.00,0.00,0.00,,,,,0.00,1.00,,,0.00,0.00,,,,,,,0.00,,0.00,,,,,,0.00,0.00,5.30,0.00,0.00,,0.00,,,0.00,0.00,0.00
11-26-22,0.00,0.15,,,0.00,0.00,0.00,0.11,0.00,0.05,,1.85,0.64,,0.00,0.00,0.10,0.00,,0.00,0.00,0.00,0.00,0.00,,0.00,0.00,,0.00,0.00,0.00,,0.00,0.00,0.00,,,0.00,,0.00,0.00,0.00,0.00,0.00,0.00,,,,,0.00,,,,0.00,0.00,,,,,,,0.00,,0.00,,,,,,0.00,0.00,7.30,0.00,0.00,,0.00,,,0.00,0.00,0.00
11-27-22,0.00,0.15,,,0.00,0.00,0.00,0.55,0.00,0.22,,2.07,0.56,,0.00,0.00,0.02,0.00,0.00,0.00,0.00,0.00,0.00,0.00,,0.00,,,0.00,0.00,,,0.00,0.00,0.00,,,0.00,,0.00,0.00,0.00,0.00,0.00,0.00,,,,,0.00,1.19,,,0.00,0.00,,,,,,,0.00,,0.00,,,,,,0.00,0.00,5.70,0.00,0.00,,0.00,,,0.00,0.00,0.00
11-28-22,0.00,0.16,,,0.00,0.00,0.00,0.01,0.00,0.01,,4.00,0.33,,0.00,0.00,0.04,0.00,0.00,0.00,0.00,0.00,0.00,0.00,,0.00,0.00,,0.00,0.00,0.00,,0.00,0.00,0.00,,,0.00,,0.00,0.00,0.00,0.00,0.00,0.00,,,,,0.00,1.20,,,0.00,0.00,,,,,,,0.00,,0.00,,,,,,0.00,0.00,3.70,0.00,0.00,,0.00,,,0.00,0.00,0.00
11-29-22,0.00,0.18,,,0.00,0.00,0.00,0.21,0.00,0.00,,1.09,0.21,,0.00,0.00,0.00,0.00,,0.00,0.00,0.00,0.00,0.00,,0.00,0.00,,0.00,0.00,0.00,,0.00,0.00,0.00,,,0.00,,0.00,0.00,0.00,0.00,0.00,0.00,,,,,0.00,1.00,,,0.00,0.00,,,,,,,0.00,,0.00,,,,,,0.00,0.00,4.50,0.00,0.00,,0.00,,,0.00,0.00,0.00
11-30-22,0.00,0.22,,,0.01,0.00,0.00,0.11,0.00,0.09,,0.97,0.00,,0.00,0.00,0.08,0.00,0.00,0.00,,0.00,0.00,0.00,,0.00,0.00,,0.00,0.00,0.00,,0.00,0.00,0.00,,,0.00,,0.00,0.00,2.25,0.00,0.00,0.00,,,,,0.00,2.67,,,0.00,0.00,,,,,,,0.00,,0.00,,,,,,0.00,0.00,3.90,0.00,0.00,,0.00,,,0.00,0.00,0.00
12-01-22,0.00,0.18,,,0.02,0.00,0.00,0.01,0.00,0.07,,1.78,0.00,,0.00,0.00,0.07,0.00,0.00,0.00,0.00,0.00,0.00,0.00,,0.00,0.00,,0.00,0.00,0.00,,0.00,0.00,0.00,,,0.00,,0.00,0.00,0.00,0.00,0.00,0.00,,,,,0.00,3.21,,,0.00,0.00,,,,,,,0.00,,0.00,,,,,,0.00,0.00,2.70,0.00,0.00,,0.00,,,0.00,0.00,0.00
12-02-22,0.00,0.27,,,0.00,0.00,0.00,0.00,0.00,0.12,,,0.00,,0.00,0.00,0.07,0.00,,0.00,0.00,0.00,0.00,0.00,,0.00,0.00,,0.00,0.00,0.00,,0.00,0.00,0.00,,,0.00,,0.00,0.00,0.00,0.00,0.00,0.00,,,,,0.00,4.38,,,0.00,0.00,,,,,,,0.00,,0.00,,,,,,0.00,0.00,2.40,0.00,0.00,,0.00,,,0.00,0.00,0.00
12-03-22,0.00,0.20,,,0.00,0.00,0.00,0.00,0.00,0.00,,8.63,0.00,,0.00,0.00,0.01,0.00,0.00,0.00,0.00,0.00,0.00,0.00,,0.00,0.00,,0.00,0.00,0.00,,0.00,0.00,0.00,,,0.00,,0.00,0.00,0.00,0.00,0.00,0.00,,,,,0.00,4.62,,,0.00,0.00,,,,,,,0.00,,0.00,,,,,,0.00,0.00,2.30,0.00,0.00,,0.00,,,0.00,0.00,0.00
12-04-22,0.00,0.22,,,0.00,0.00,0.00,0.43,0.00,0.00,,1.54,0.19,,0.00,0.00,0.05,0.00,0.00,0.00,0.00,0.00,0.00,0.00,,0.00,,,0.00,0.00,0.00,,0.00,0.00,0.00,,,0.00,,0.00,0.00,0.00,0.00,0.00,0.00,,,,,0.00,4.12,,,0.00,0.00,,,,,,,0.00,,0.00,,,,,,0.00,0.00,0.00,0.00,0.00,,0.00,,,0.00,0.00,0.00
12-05-22,0.00,0.19,,,0.00,0.00,0.00,0.37,0.00,0.00,,,0.23,,0.00,0.00,0.05,0.00,,0.00,0.00,0.00,0.00,0.00,,0.00,0.00,,,0.00,0.00,,0.00,0.00,0.00,,,0.00,,0.00,0.00,0.00,0.00,0.00,0.00,,,,,0.00,1.67,,,0.00,0.00,,,,,,,0.00,,0.00,,,,,,0.00,0.00,3.00,0.00,0.00,,0.00,,,0.00,0.00,0.00
12-06-22,0.00,0.18,,,0.00,0.00,0.00,0.00,0.00,0.00,,2.69,0.40,,0.00,0.00,0.00,0.00,0.00,0.00,,0.00,0.00,0.00,,0.00,0.00,,0.00,0.00,0.00,,0.00,0.00,0.00,,,0.00,,0.00,0.00,0.00,0.00,0.00,0.00,,,,,0.00,3.82,,,0.00,0.00,,,,,,,0.00,,0.00,,,,,,0.00,0.00,2.90,0.00,0.00,,0.00,,,0.00,0.00,0.00
12-07-22,0.12,0.36,,,0.00,0.00,0.00,0.00,0.00,0.00,,1.63,0.29,,0.00,0.00,0.04,0.00,0.00,0.00,0.00,0.00,0.00,0.00,,0.00,0.00,,,0.00,0.00,,0.00,0.00,0.00,,,0.00,,0.00,0.00,0.00,0.00,0.00,0.00,,,,,0.00,1.00,,,0.00,0.00,,,,,,,0.00,,0.00,,,,,,0.00,0.00,3.40,0.00,0.00,,0.00,,,0.00,0.00,0.00
12-08-22,0.04,0.24,,,0.08,0.00,0.00,0.00,0.00,0.10,,1.12,0.19,,0.00,0.00,0.00,0.00,,0.00,0.00,0.00,0.00,0.00,,0.00,0.00,,0.00,0.00,0.00,,0.00,0.00,0.00,,,0.00,,0.00,0.00,0.00,0.00,0.00,0.00,,,,,0.00,1.00,,,0.00,0.00,,,,,,,0.00,,0.00,,,,,,0.00,0.00,2.00,0.00,0.00,,0.00,,,0.00,0.00,0.00
12-09-22,1.94,6.71,,,0.10,0.00,0.00,0.11,0.00,0.00,,1.26,0.35,,0.00,0.00,0.00,0.00,0.00,0.00,0.00,0.00,0.00,0.00,,0.00,0.00,,,,0.00,,0.00,0.00,0.00,,,0.00,,0.00,0.00,0.00,0.00,0.00,0.00,,,,,0.00,1.00,,,0.00,0.00,,,,,,,0.00,,0.00,,,,,,0.00,0.00,2.10,0.00,0.00,,0.00,,,0.00,0.00,0.00
12-10-22,0.87,16.60,,,0.11,0.00,0.00,0.00,0.00,0.10,,0.78,0.55,,0.00,0.00,0.08,0.00,0.00,0.00,0.00,0.00,0.00,0.00,,0.00,0.00,,,0.00,0.00,,0.00,0.00,0.00,,,0.00,,0.00,0.00,0.00,0.00,0.00,0.00,,,,,0.00,1.00,,,0.00,0.00,,,,,,,0.00,,0.00,,,,,,0.00,0.00,3.00,0.00,0.00,,0.00,,,,0.00,0.00
12-11-22,0.00,8.49,,,0.08,0.00,0.00,0.00,0.00,0.04,,0.11,0.97,,0.00,0.00,0.37,0.00,,0.00,,0.00,0.00,0.00,,0.00,,,0.00,0.00,0.00,,0.00,0.00,0.00,,,0.00,,0.00,0.00,0.00,0.00,0.00,0.00,,,,,0.00,1.00,,,0.00,0.00,,,,,,,0.00,,0.00,,,,,,0.00,0.00,3.10,0.00,0.00,,0.00,,,0.00,0.00,0.00
12-12-22,0.26,5.18,,,0.11,0.00,0.00,0.16,0.00,0.05,,1.07,0.37,,0.00,0.00,0.19,0.00,0.00,0.00,0.00,0.00,0.00,,,0.00,0.00,,0.00,0.00,0.00,,0.00,0.00,0.00,,,0.00,,0.00,0.00,0.00,0.00,0.00,0.00,,,,,0.00,1.00,,,0.00,0.00,,,,,,,0.00,,0.00,,,,,,0.00,0.00,2.90,0.00,0.00,,0.00,,,0.00,0.00,
12-13-22,1.53,0.74,,,0.09,0.00,0.00,0.07,0.00,0.11,,1.74,,,0.00,0.00,0.12,0.00,0.00,,0.00,0.00,0.00,0.00,,0.00,0.00,,0.00,0.00,0.00,,0.00,0.00,0.00,,,0.00,,0.00,0.00,0.00,0.00,0.00,0.00,,,,,0.00,1.00,,,0.00,0.00,,,,,,,0.00,,0.00,,,,,,0.00,0.00,3.00,0.00,0.00,,0.00,,,0.00,0.00,0.00
12-14-22,0.29,0.50,,,0.09,0.00,0.00,0.35,0.00,0.00,,2.25,0.33,,0.00,0.00,0.08,0.00,,0.00,0.00,0.00,0.00,0.00,,0.00,0.00,,0.00,0.00,0.00,,0.00,0.00,0.00,,,0.00,,0.00,0.00,0.00,0.00,0.00,0.00,,,,,0.00,1.00,,,,0.00,,,,,,,0.00,,0.00,,,,,,0.00,0.00,2.80,0.00,0.00,,0.00,,,0.00,0.00,0.00
12-15-22,0.20,0.41,,,0.08,0.00,0.00,0.00,0.00,0.01,,2.94,0.31,,0.00,0.00,0.08,0.00,0.00,0.00,0.00,0.00,0.00,0.00,,0.00,0.00,,0.00,0.00,0.00,,0.00,0.00,0.00,,,0.00,,0.00,0.00,0.00,0.00,0.00,0.00,,,,,0.00,1.00,,,0.00,0.00,,,,,,,0.00,,0.00,,,,,,0.00,0.00,2.20,0.00,0.00,,0.00,,,0.00,0.00,0.00
12-16-22,0.24,0.43,,,0.09,0.00,0.00,0.27,0.00,0.03,,9.73,0.26,,0.00,0.00,0.00,0.00,0.00,0.00,0.00,0.00,0.00,,,0.00,0.00,,0.00,0.00,0.00,,0.00,0.00,0.00,,,0.00,,0.00,0.00,0.00,0.00,0.00,0.00,,,,,0.00,1.00,,,0.00,0.00,,,,,,,0.00,,0.00,,,,,,0.00,0.00,2.60,0.00,0.00,,0.00,,,0.00,0.00,0.00
12-17-22,0.03,0.05,,,0.11,0.00,0.00,0.00,0.00,0.02,,4.63,0.00,,0.00,0.00,0.10,0.00,,0.00,0.00,0.00,0.00,0.00,,0.00,0.00,,0.00,0.00,0.00,,0.00,0.00,0.00,,,0.00,,0.00,0.00,0.00,0.00,0.00,0.00,,,,,0.00,1.00,,,0.00,0.00,,,,,,,0.00,,0.00,,,,,,0.00,0.00,3.00,0.00,0.00,,0.00,,,0.00,0.00,0.00
12-18-22,0.00,0.09,,,0.11,0.00,,0.00,0.02,0.00,,1.90,0.00,,0.00,0.00,0.03,0.00,0.00,0.00,0.00,0.00,0.00,0.00,,0.00,,,0.00,0.00,0.00,,0.00,0.00,0.00,,,0.00,,0.00,0.00,0.00,0.00,0.00,0.00,,,,,0.00,1.00,,,0.00,0.00,,,,,,,0.00,,0.00,,,,,,0.00,0.00,3.60,0.00,0.00,,0.00,,,0.00,0.00,0.00
12-19-22,0.00,0.10,,,0.12,0.00,0.00,0.45,0.00,0.12,,0.98,0.24,,0.00,0.00,0.00,0.00,0.00,0.00,0.00,0.00,0.00,0.00,,0.00,0.00,,0.00,0.00,0.00,,0.00,0.00,0.00,,,0.00,,0.00,0.00,0.00,0.00,0.00,0.00,,,,,0.00,1.00,,,0.00,0.00,,,,,,,0.00,,0.00,,,,,,0.00,0.00,4.30,0.00,0.00,,0.00,,,0.00,0.00,
12-20-22,0.00,0.04,,,0.11,0.00,0.00,0.00,0.00,0.02,,3.18,0.22,,0.00,0.00,0.85,0.00,,0.00,0.00,0.00,0.00,0.00,,0.00,0.00,,,0.00,,,0.00,0.00,0.00,,,0.00,,0.00,0.00,0.00,0.00,0.00,0.00,,,,,0.00,1.00,,,0.00,0.00,,,,,,,0.00,,0.00,,,,,,0.00,0.00,2.90,0.00,0.00,,0.00,,,0.00,0.00,0.00
12-21-22,0.00,0.00,,,0.11,0.00,0.00,0.11,0.00,0.10,,2.66,0.34,,0.00,0.00,0.85,0.00,0.00,0.00,0.00,0.00,0.00,0.00,,0.00,0.00,,0.00,0.00,0.00,,0.00,0.00,0.00,,,0.00,,0.00,0.00,0.00,0.00,0.00,0.00,,,,,0.00,1.00,,,0.00,0.00,,,,,,,0.00,,0.00,,,,,,0.00,0.00,4.00,0.00,0.00,,0.00,,,0.00,0.00,0.00
12-22-22,0.00,0.00,,,0.10,0.00,0.00,0.13,0.00,0.08,,2.19,0.14,,0.00,0.00,0.83,0.00,0.00,0.00,0.00,0.00,0.00,0.00,,0.00,0.00,,0.00,0.00,0.00,,,0.00,0.00,,,0.00,,0.00,0.00,0.00,0.00,0.00,0.00,,,,,0.00,1.00,,,0.00,0.00,,,,,,,0.00,,0.00,,,,,,0.00,0.00,3.80,0.00,0.00,,0.00,,,0.00,0.00,
12-23-22,0.00,0.00,,,0.11,0.00,0.00,0.02,0.00,0.09,,2.48,0.04,,0.00,0.00,0.85,0.00,,0.00,0.00,0.00,0.00,0.00,,0.00,0.00,,0.00,0.00,0.00,,0.00,0.00,0.00,,,0.00,,0.00,0.00,0.00,0.00,0.00,0.00,,,,,0.00,1.00,,,0.00,0.00,,,,,,,20.19,,0.00,,,,,,0.00,0.00,3.60,0.00,0.00,,0.00,,,0.00,0.00,0.00
12-24-22,0.00,0.00,,,0.14,0.00,0.00,0.30,0.04,0.12,,2.25,0.16,,0.00,0.00,0.22,0.00,0.00,0.00,0.00,0.00,0.00,0.00,,0.00,0.00,,0.00,0.00,0.00,,0.00,0.00,0.00,,,0.00,,0.00,0.00,0.00,0.00,0.00,0.00,,,,,0.00,1.00,,,0.00,0.00,,,,,,,0.00,,0.00,,,,,,0.00,0.00,2.10,0.00,0.00,,0.00,,,0.00,0.00,0.00
12-25-22,0.00,0.00,,,0.12,0.00,0.00,0.34,0.18,0.00,,3.07,0.00,,0.00,0.00,0.19,0.00,0.00,0.00,0.00,0.00,0.00,0.00,,0.00,0.00,,0.00,,14.17,,0.00,,0.00,,,0.00,,0.00,0.00,0.00,0.00,0.00,0.00,,,,,0.00,1.00,,,0.00,0.00,,,,,,,0.00,,0.00,,,,,,0.00,0.00,4.10,0.00,0.00,,0.00,,,0.00,0.00,0.00
12-26-22,0.00,0.01,,,0.13,0.00,0.00,1.70,0.40,0.16,,1.23,,,0.00,0.00,0.00,0.00,,0.00,0.00,0.00,0.00,0.00,,0.00,0.00,,0.00,1.91,0.00,,,0.00,0.00,,,0.00,,0.00,0.00,0.00,0.00,0.00,0.00,,,,,0.00,1.00,,,0.00,0.00,,,,,,,0.00,,0.00,,,,,,0.00,0.00,3.60,0.00,0.00,,0.00,,,0.00,0.00,0.00
12-27-22,0.00,0.04,,,0.12,0.00,0.00,0.64,0.19,0.07,,1.98,0.00,,0.00,0.00,0.13,0.31,0.00,0.00,0.00,0.00,0.00,0.00,,0.00,0.00,,,7.07,,,0.00,0.00,0.00,,,0.00,,0.00,0.00,0.00,0.00,0.00,0.00,,,,,0.00,1.00,,,0.00,0.00,,,,,,,0.00,,0.00,,,,,,0.00,0.00,4.30,0.00,0.00,,0.00,,,0.00,0.00,0.00
12-28-22,0.00,0.00,,,0.11,0.00,0.00,0.00,0.04,0.14,,5.29,0.00,,0.00,0.00,0.00,0.00,0.00,0.00,0.00,0.00,0.00,0.00,,0.00,0.00,,,0.00,0.00,,0.00,0.00,0.00,,,0.00,,0.00,0.00,0.00,0.00,0.00,0.00,,,,,0.00,1.00,,,0.00,0.00,,,,,,,0.00,,0.00,,,,,,0.00,0.00,2.80,0.00,0.00,,0.00,,,0.00,0.00,0.00
12-29-22,0.00,0.00,,,0.12,0.00,0.00,0.00,0.00,0.23,,0.00,0.00,,0.00,0.00,0.00,0.00,,0.00,0.00,0.00,0.00,0.00,,0.00,0.00,,0.00,0.00,0.00,,0.00,0.00,0.00,,,0.00,,0.00,0.00,0.00,0.00,0.00,0.00,,,,,0.00,1.00,,,0.00,0.00,,,,,,,0.00,,0.00,,,,,,0.00,0.00,3.20,0.00,0.00,,0.00,,,0.00,0.00,0.00
12-30-22,0.00,0.00,,,0.12,0.00,0.00,0.00,0.00,0.16,,0.00,0.00,,0.00,0.00,0.00,0.00,0.00,0.00,0.00,0.00,0.00,0.00,,0.00,0.00,,0.00,8.79,0.00,,0.00,0.00,0.00,,,0.00,,0.00,0.00,0.00,0.00,0.00,0.00,,,,,0.00,1.00,,,0.00,0.00,,,,,,,0.00,,0.00,,,,,,0.00,0.00,3.00,0.00,0.00,,0.00,,,0.00,0.00,0.00
12-31-22,0.00,0.00,,,0.10,0.00,0.00,0.00,0.05,0.08,,0.00,0.00,,0.00,0.00,0.00,0.00,0.00,0.00,0.00,0.00,0.00,0.00,,0.00,0.00,,,4.36,0.00,,0.00,0.00,0.00,,,0.00,,0.00,0.00,0.00,0.00,0.00,0.00,,,,,0.00,1.00,,,0.00,0.00,,,,,,,0.00,,0.00,,,,,,0.00,0.00,0.00,0.00,0.00,,0.00,,,7.56,0.00,0.00
01-01-23,0.00,0.02,,,0.10,,0.00,0.00,0.00,0.00,,0.00,0.20,,0.00,0.00,0.00,0.00,,0.00,0.00,0.00,0.00,0.00,,,,,,0.00,0.00,,0.00,0.00,0.00,,,0.00,,0.00,0.00,0.00,5.00,0.00,0.00,,,,,,,,,0.00,0.00,,,,,,0.00,0.00,,0.00,,,,,,0.00,0.00,2.10,0.00,0.00,,0.00,,,,0.00,
01-02-23,0.00,0.00,,,0.10,,0.00,0.00,0.00,0.02,,6.47,0.01,,0.00,0.00,0.00,0.00,0.00,0.00,0.00,0.00,0.00,0.00,,,0.00,,,0.00,0.00,,0.00,0.00,0.00,,,0.00,,0.00,0.00,0.00,5.00,0.00,0.00,,,,,,,,,0.00,0.00,,,,,,0.00,0.00,,0.00,,,,,,0.00,0.00,2.10,0.00,0.00,,0.00,,,,0.00,
01-03-23,0.00,0.00,0.13,1.74,0.10,,0.00,0.00,0.03,0.17,,1.36,0.12,,0.00,0.00,0.00,0.00,0.00,0.00,0.00,0.00,0.00,0.00,,,0.00,,,0.00,0.00,,0.00,0.00,0.00,,,0.00,,0.00,0.00,0.00,0.00,0.00,0.00,,,,,,,,,0.00,0.00,,,,,,0.00,0.00,,0.00,,,,,,0.00,0.00,0.00,0.00,0.00,,0.00,,,,0.00,
01-04-23,0.00,1.18,0.65,24.33,0.07,,0.00,0.00,0.10,0.27,,0.00,0.19,,0.00,0.00,0.00,0.00,,0.00,0.00,0.00,0.00,0.00,,,0.00,,,0.00,0.00,,0.00,0.00,0.00,,,0.00,,0.00,0.00,0.00,0.00,0.00,0.00,,,,,,,,,0.00,0.00,,,,,,0.00,0.00,,0.00,,,,,,0.00,0.00,0.00,0.00,0.00,,0.00,,,,0.00,
01-05-23,0.00,0.21,0.57,26.41,0.11,,0.00,0.00,0.12,0.38,,0.00,0.00,,0.00,0.00,0.00,0.00,0.00,0.00,0.00,0.00,0.00,0.00,,,0.00,,,,0.00,,0.00,0.00,0.00,,,0.00,,0.00,0.00,0.00,0.00,0.00,0.00,,,,,,,,,0.00,0.00,,,,,,0.00,0.00,,0.00,,,,,,0.00,0.00,0.00,0.00,0.00,,0.00,,,,0.00,
01-06-23,0.00,3.80,6.59,35.22,0.19,,0.02,0.00,1.84,0.09,,7.67,0.00,,0.00,0.00,0.00,0.00,0.00,0.00,0.00,0.00,0.00,0.00,,,0.00,,,0.00,,,0.00,0.00,0.00,,,0.00,,0.00,0.00,0.00,0.00,0.00,0.00,,,,,,,,,0.00,0.00,,,,,,0.00,0.00,,0.00,,,,,,0.00,2.43,0.00,0.00,0.00,,0.00,,,,0.00,
01-07-23,0.00,0.39,0.26,26.84,0.17,,,0.00,2.74,0.44,,0.28,0.00,,0.00,0.00,0.00,0.00,,0.00,0.00,,0.00,0.00,,,0.00,,,0.00,0.00,,0.00,0.00,0.00,,,0.00,,0.00,0.00,0.00,0.00,0.00,0.00,,,,,,,,,0.00,0.00,,,,,,0.00,0.00,,0.00,,,,,,0.00,11.90,2.10,0.00,0.00,,0.00,,,,0.00,
01-08-23,,0.26,0.00,24.26,0.15,,0.05,0.00,1.27,0.14,,0.00,0.00,,0.00,0.00,0.00,0.00,0.00,0.00,0.00,0.00,0.00,0.00,,,0.00,,,0.00,0.00,,0.00,0.00,0.00,,,0.00,,0.00,0.00,0.00,0.00,0.00,0.00,,,,,,,,,0.00,0.00,,,,,,0.00,0.00,,0.00,,,,,,0.00,3.88,0.00,0.00,0.00,,0.00,,,,,
01-09-23,0.00,0.30,0.00,21.90,0.18,,0.13,0.00,1.41,0.07,,1.64,0.00,,0.00,0.00,0.00,0.00,0.00,0.00,0.00,0.00,0.00,0.00,,,0.00,,,5.32,0.00,,0.00,0.00,0.00,,,0.00,,0.00,0.00,0.00,0.00,0.00,0.00,,,,,,,,,0.00,0.00,,,,,,0.00,0.00,,0.00,,,,,,0.00,6.70,3.90,0.00,0.00,,0.00,,,,0.00,
01-10-23,0.00,0.27,0.00,20.19,0.18,,0.00,0.00,0.16,0.08,,0.33,0.00,,0.00,0.00,0.00,0.00,,0.00,0.00,0.00,0.00,0.00,,,0.00,,,0.00,0.00,,0.00,0.00,0.00,,,0.00,,0.00,0.00,0.00,0.00,0.00,0.00,,,,,,,,,0.00,0.00,,,,,,0.00,0.00,,0.00,,,,,,0.00,0.00,3.20,0.00,0.00,,0.00,,,,0.00,
01-11-23,0.00,0.18,0.11,18.47,0.17,,0.08,0.00,0.12,0.00,,0.31,0.00,,0.00,0.00,0.00,0.00,0.00,0.00,0.00,0.00,0.00,0.00,,,0.00,,,0.00,0.00,,0.00,0.00,0.00,,,0.00,,0.00,0.00,0.00,,0.00,0.00,,,,,,,,,0.00,0.00,,,,,,0.00,0.00,,0.00,,,,,,0.00,0.00,3.20,0.00,0.00,,0.00,,,,0.00,
01-12-23,0.00,0.12,0.20,17.06,0.17,,0.00,0.00,0.28,0.00,,,0.00,,0.00,0.00,0.00,0.00,0.00,0.00,0.00,0.00,0.00,0.00,,,0.00,,,0.00,0.00,,0.00,0.00,0.00,,,0.00,,0.00,0.00,0.00,0.00,0.00,0.00,,,,,,,,,0.00,0.00,,,,,,0.00,0.00,,0.00,,,,,,0.00,0.00,0.00,0.00,0.00,,0.00,,,,0.00,
01-13-23,0.00,0.19,0.23,17.46,0.18,,0.00,0.00,0.23,0.00,,0.54,0.00,,0.00,0.00,0.06,0.00,,0.00,0.00,0.00,0.00,0.00,,,0.00,,,0.00,0.00,,0.00,0.00,0.00,,,0.00,,0.00,0.00,0.00,0.00,0.00,0.00,,,,,,,,,0.00,0.00,,,,,,0.00,0.00,,0.00,,,,,,0.00,0.00,0.00,0.00,0.00,,0.00,,,,0.00,
01-14-23,0.00,0.10,0.37,16.53,0.19,,0.00,0.00,0.20,0.00,,0.88,0.00,,,0.00,0.00,0.00,0.00,0.00,0.00,0.00,0.00,0.00,,,0.00,,,0.00,0.00,,0.00,0.00,0.00,,,0.00,,0.00,0.00,0.00,0.00,0.00,0.00,,,,,,,,,0.00,0.00,,,,,,0.00,0.00,,0.00,,,,,,0.00,0.00,2.20,0.00,0.00,,0.00,,,,0.00,
01-15-23,0.00,0.00,0.18,15.16,0.19,,0.00,0.00,0.22,0.00,,1.60,0.00,,0.00,0.00,0.00,0.00,0.00,0.00,0.00,0.00,0.00,0.00,,,,,,0.00,0.00,,0.00,0.00,0.00,,,0.00,,0.00,0.00,0.00,0.00,0.00,0.00,,,,,,,,,0.00,0.00,,,,,,0.00,0.00,,0.00,,,,,,0.00,0.00,0.00,0.00,0.00,,0.00,,,,0.00,
01-16-23,0.00,0.00,0.16,14.07,0.18,,0.00,0.00,0.21,0.00,,0.43,0.00,,0.00,0.00,0.00,0.00,,0.00,0.00,0.00,0.00,0.00,,,0.00,,,0.00,0.00,,0.00,0.00,0.00,,,0.00,,,0.00,0.00,0.00,0.00,0.00,,,,,,,,,0.00,0.00,,,,,,0.00,0.00,,0.00,,,,,,0.00,0.00,0.00,0.00,0.00,,0.00,,,,0.00,
01-17-23,0.00,0.00,0.09,13.16,0.18,,0.00,0.00,0.22,0.01,,0.04,0.00,,0.00,0.00,0.02,0.00,0.00,0.00,0.00,0.00,0.00,0.00,,,0.00,,,0.00,0.00,,0.00,0.00,0.00,,,0.00,,0.00,0.00,0.00,0.00,0.00,0.00,,,,,,,,,0.00,0.00,,,,,,0.00,0.00,,0.00,,,,,,0.00,0.00,0.00,0.00,0.00,,0.00,,,,0.00,
01-18-23,0.00,0.00,0.00,11.71,0.16,,0.00,0.00,0.19,0.00,,0.12,0.00,,0.00,0.00,0.00,0.00,0.00,0.00,0.00,0.00,0.00,0.00,,,0.00,,,0.00,0.00,,0.00,0.00,0.00,,,0.00,,0.00,0.00,0.00,0.00,0.00,0.00,,,,,,,,,0.00,0.00,,,,,,0.00,0.00,,0.00,,,,,,0.00,0.00,2.00,0.00,0.00,,0.00,,,,0.00,
01-19-23,0.00,0.02,0.00,9.27,0.16,,0.00,0.00,0.14,0.08,,0.48,0.00,,,0.00,0.05,0.00,,0.00,0.00,0.00,0.00,0.00,,,0.00,,,0.00,0.00,,0.00,0.00,0.00,,,0.00,,0.00,0.00,,0.00,0.00,0.00,,,,,,,,,0.00,0.00,,,,,,0.00,0.00,,0.00,,,,,,0.00,0.00,0.00,0.00,0.00,,0.00,,,,0.00,
01-20-23,0.00,0.00,0.00,3.36,0.15,,0.22,0.00,0.12,0.00,,2.50,0.00,,0.00,0.00,0.05,0.00,0.00,0.00,,,0.00,0.00,,,0.00,,,0.00,0.00,,0.00,0.00,0.00,,,0.00,,0.00,0.00,0.00,0.00,0.00,0.00,,,,,,,,,0.00,0.00,,,,,,0.00,0.00,,0.00,,,,,,0.00,0.00,0.00,0.00,0.00,,0.00,,,,0.00,
01-21-23,0.00,0.00,0.00,0.02,0.16,,0.00,0.00,0.11,0.00,,0.00,0.00,,0.00,0.00,0.07,0.00,0.00,0.00,0.00,0.00,0.00,0.00,,,0.00,,,0.00,0.00,,,0.00,0.00,,,0.00,,0.00,0.00,0.00,0.00,0.00,0.00,,,,,,,,,0.00,0.00,,,,,,0.00,0.00,,0.00,,,,,,0.00,0.00,0.00,0.00,0.00,,0.00,,,,0.00,
01-22-23,0.00,0.00,0.00,0.04,0.16,,0.00,0.00,0.12,,,0.00,0.00,,0.00,0.00,0.16,0.00,,0.00,0.00,0.00,0.00,0.00,,,,,,0.00,0.00,,0.00,0.00,0.00,,,0.00,,0.00,0.00,0.00,0.00,0.00,0.00,,,,,,,,,0.00,0.00,,,,,,0.00,0.00,,0.00,,,,,,0.00,0.00,,0.00,0.00,,0.00,,,,0.00,
01-23-23,0.00,0.01,0.00,0.05,0.14,,0.00,0.00,0.14,0.00,,0.00,0.00,,0.00,0.00,0.06,0.00,0.00,,0.00,0.00,0.00,0.00,,,0.00,,,0.00,0.00,,0.00,0.00,0.00,,,0.00,,0.00,,0.00,0.00,0.00,0.00,,,,,,,,,0.00,0.00,,,,,,0.00,0.00,,0.00,,,,,,0.00,0.00,0.00,0.00,0.00,,0.00,,,,0.00,
01-24-23,0.00,0.00,0.01,0.00,0.21,,0.00,0.00,0.12,0.00,,0.00,0.00,,0.00,0.00,0.00,0.00,0.00,0.00,0.00,0.00,0.00,0.00,,,0.00,,,0.00,0.00,,0.00,0.00,0.00,,,0.00,,0.00,,,0.00,0.00,0.00,,,,,,,,,0.00,0.00,,,,,,0.00,0.00,,0.00,,,,,,0.00,0.00,0.00,0.00,0.00,,0.00,,,,0.00,
01-25-23,0.00,0.00,0.00,0.02,0.17,,0.00,0.00,0.14,0.00,,0.00,0.00,,0.00,0.00,0.10,0.00,,0.00,0.00,0.00,0.00,0.00,,,0.00,,,0.00,0.00,,0.00,0.00,0.00,,,0.00,,0.00,,0.00,0.00,0.00,0.00,,,,,,,,,0.00,0.00,,,,,,0.00,0.00,,0.00,,,,,,0.00,0.00,0.00,0.00,0.00,,0.00,,,,0.00,
01-26-23,0.00,,0.00,0.02,0.17,,0.00,0.00,0.13,0.00,,0.00,0.00,,0.00,0.00,0.04,0.00,0.00,0.00,0.00,0.00,0.00,0.00,,,0.00,,,0.00,0.00,,0.00,0.00,0.00,,,0.00,,0.00,,0.00,0.00,0.00,0.00,,,,,,,,,0.00,0.00,,,,,,0.00,0.00,,0.00,,,,,,0.00,0.00,0.00,0.00,0.00,,0.00,,,,0.00,
01-27-23,0.00,0.15,0.00,0.00,0.18,,0.00,0.00,0.12,0.00,,0.00,0.00,,0.00,0.00,0.07,0.00,0.00,0.00,0.00,0.00,0.00,0.00,,,0.00,,,0.00,0.00,,,0.00,0.00,,,0.00,,0.00,0.00,0.00,0.00,0.00,0.00,,,,,,,,,0.00,0.00,,,,,,0.00,0.00,,0.00,,,,,,0.00,0.00,0.00,0.00,0.00,,0.00,,,,0.00,
01-28-23,0.00,0.38,0.00,0.00,0.18,,0.00,0.00,0.09,0.00,,0.00,0.01,,0.00,0.00,0.00,0.00,,0.00,0.00,0.00,0.00,0.00,,,0.00,,,0.00,,,0.00,0.00,0.00,,,0.00,,0.00,0.00,0.00,0.00,0.00,0.00,,,,,,,,,0.00,0.00,,,,,,0.00,0.00,,0.00,,,,,,0.00,0.00,0.00,0.00,0.00,,0.00,,,,0.00,
01-29-23,0.00,0.37,0.00,0.00,0.17,,0.07,0.00,0.07,0.02,,2.01,0.08,,0.00,0.00,,0.00,0.00,0.00,0.00,0.00,0.00,0.00,,,0.00,,,0.00,0.00,,0.00,0.00,0.00,,,0.00,,0.00,0.00,0.00,0.00,0.00,0.00,,,,,,,,,0.00,0.00,,,,,,0.00,0.00,,0.00,,,,,,0.00,0.00,0.00,0.00,0.00,,0.00,,,,0.00,
01-30-23,0.00,0.03,0.00,0.00,0.17,,0.06,0.00,0.08,0.00,,0.00,0.00,,0.00,0.00,0.00,0.00,0.00,0.00,0.00,0.00,0.00,0.00,,,0.00,,,,0.00,,,0.00,0.00,,,0.00,,0.00,0.00,0.00,0.00,0.00,0.00,,,,,,,,,0.00,0.00,,,,,,0.00,0.00,,0.00,,,,,,0.00,0.00,0.00,0.00,0.00,,0.00,,,,0.00,
01-31-23,0.00,0.12,0.03,0.34,0.28,,0.00,0.00,0.04,0.00,,,0.00,,0.00,0.00,0.00,0.00,,0.00,0.00,0.00,0.00,0.00,,,0.00,,,0.00,0.00,,0.00,0.00,0.00,,,0.00,,0.00,0.00,0.00,0.00,0.00,0.00,,,,,,,,,0.00,0.00,,,,,,0.00,0.00,,0.00,,,,,,0.00,0.00,0.00,0.00,0.00,,0.00,,,,0.00,
02-01-23,0.00,0.11,0.03,1.05,0.30,,0.00,0.00,0.04,0.00,,,0.00,,0.00,0.00,0.08,0.00,0.00,0.00,0.00,0.00,0.00,0.00,,,0.00,,,0.00,,,0.00,0.00,0.00,,,0.00,,0.00,0.00,0.00,0.00,0.00,0.00,,,,,,,,,0.00,0.00,,,,,,0.00,0.00,,0.00,,,,,,0.00,0.00,0.00,0.00,0.00,,0.00,,,,0.00,
02-02-23,0.07,0.07,0.02,0.01,0.30,,0.00,0.00,0.06,0.00,,,0.00,,0.00,0.00,0.15,0.00,0.00,0.00,0.00,0.00,0.00,0.00,,,0.00,,,0.00,0.00,,0.00,0.00,0.00,,,0.00,,0.00,0.00,0.00,0.00,0.00,0.00,,,,,,,,,0.00,0.00,,,,,,0.00,0.00,,0.00,,,,,,0.00,0.00,0.00,0.00,0.00,,0.00,,,,0.00,
02-03-23,0.09,1.61,0.86,2.99,0.30,,0.00,0.00,0.14,,,,0.00,,0.00,0.00,0.00,0.00,,0.00,,0.00,0.00,0.00,,,0.00,,,,0.00,,0.00,0.00,0.00,,,0.00,,0.00,0.00,0.00,0.00,0.00,0.00,,,,,,,,,0.00,0.00,,,,,,0.00,0.00,,0.00,,,,,,0.00,0.00,0.00,0.00,0.00,,0.00,,,,0.00,
02-04-23,0.19,7.79,1.29,16.77,0.33,,0.00,0.00,0.19,0.00,,,0.00,,0.00,0.00,0.00,0.00,0.00,0.00,0.00,0.00,0.00,0.00,,,0.00,,,0.00,0.00,,0.00,0.00,0.00,,,0.00,,0.00,0.00,0.00,0.00,0.00,0.00,,,,,,,,,0.00,0.00,,,,,,0.00,0.00,,0.00,,,,,,0.00,0.00,0.00,0.00,0.00,,0.00,,,,0.00,
02-05-23,0.26,,0.26,14.05,0.33,,0.03,0.00,0.14,0.00,,,0.00,,0.00,0.00,0.00,0.00,0.00,0.00,0.00,0.00,0.00,0.00,,,,,,0.00,0.00,,0.00,0.00,0.00,,,0.00,,0.00,0.00,0.00,0.00,0.00,0.00,,,,,,,,,0.00,0.00,,,,,,0.00,0.00,,0.00,,,,,,0.00,0.00,0.00,0.00,0.00,,0.00,,,,0.00,
02-06-23,0.43,59.86,0.39,11.34,0.33,,0.00,0.00,0.16,0.00,,,0.00,,0.00,0.00,0.00,0.00,,0.00,0.00,0.00,0.00,0.00,,,0.00,,,0.00,0.00,,0.00,0.00,0.00,,,0.00,,0.00,0.00,0.00,0.00,0.00,0.00,,,,,,,,,0.00,0.00,,,,,,0.00,0.00,,0.00,,,,,,0.00,0.00,0.00,0.00,0.00,,0.00,,,,0.00,
02-07-23,1.20,60.07,1.98,22.72,0.34,,0.00,0.00,0.13,0.00,,,0.00,,0.00,0.00,0.00,0.00,0.00,0.00,0.00,0.00,0.00,0.00,,,0.00,,,0.00,0.00,,0.00,0.00,0.00,,,0.00,,0.00,0.00,0.00,0.00,0.00,0.00,,,,,,,,,0.00,0.00,,,,,,0.00,0.00,,0.00,,,,,,0.00,0.00,,0.00,0.00,,0.00,,,,0.00,
02-08-23,3.53,,5.17,21.98,0.35,,0.00,0.00,0.09,0.00,,,0.00,,0.00,0.00,0.00,0.00,0.00,0.00,0.00,0.00,0.00,0.00,,,0.00,,,0.00,0.00,,0.00,0.00,0.00,,,0.00,,0.00,0.00,0.00,0.00,0.00,0.00,,,,,,,,,0.00,0.00,,,,,,0.00,0.00,,0.00,,,,,,0.00,0.00,0.00,0.00,0.00,,0.00,,,,0.00,
02-09-23,1.17,50.47,0.55,17.58,0.37,,0.00,0.00,0.12,0.00,,,0.00,,0.00,0.00,0.00,0.00,,0.00,0.00,0.00,0.00,0.00,,,0.00,,,0.00,0.00,,,0.00,0.00,,,0.00,,0.00,0.00,0.00,0.00,0.00,0.00,,,,,,,,,0.00,0.00,,,,,,0.00,0.00,,0.00,,,,,,0.00,0.00,0.00,0.00,0.00,,0.00,,,,0.00,
02-10-23,0.00,48.87,0.13,17.21,0.34,,0.00,0.00,0.16,0.00,,,0.00,,0.00,0.00,0.00,0.00,0.00,0.00,0.00,0.00,0.00,0.00,,,0.00,,,0.00,0.00,,,0.00,,,,0.00,,0.00,0.00,0.00,0.00,0.00,0.00,,,,,,,,,0.00,0.00,,,,,,0.00,0.00,,0.00,,,,,,0.00,0.00,0.00,0.00,0.00,,0.00,,,,0.00,
02-11-23,0.00,45.47,0.18,16.46,0.36,,0.00,0.00,0.09,0.00,,,0.00,,0.00,0.00,0.00,0.00,0.00,0.00,0.00,0.00,0.00,0.00,,,0.00,,,0.00,0.00,,0.00,0.00,0.00,,,0.00,,0.00,0.00,0.00,0.00,0.00,0.00,,,,,,,,,0.00,0.00,,,,,,0.00,0.00,,0.00,,,,,,0.00,0.00,0.00,0.00,0.00,,0.00,,,,0.00,
02-12-23,0.35,42.44,0.26,14.47,0.36,,0.00,0.00,0.10,0.03,,,0.00,,0.00,0.00,0.15,0.00,,0.00,0.00,,0.00,0.00,,,0.00,,,0.00,0.00,,0.00,0.00,0.00,,,0.00,,0.00,0.00,0.00,0.00,0.00,0.00,,,,,,,,,0.00,0.00,,,,,,0.00,0.00,,0.00,,,,,,0.00,0.00,0.00,0.00,0.00,,0.00,,,,0.00,
02-13-23,0.21,39.85,0.00,13.43,0.38,,0.00,0.00,0.14,0.01,,,0.00,,0.04,0.00,0.08,0.00,0.00,0.00,0.00,,0.00,0.00,,,0.00,,,0.00,0.00,,0.00,0.00,0.00,,,0.00,,0.00,0.00,0.00,0.00,0.00,0.00,,,,,,,,,0.00,0.00,,,,,,0.00,11.38,,0.00,,,,,,,0.00,0.00,0.00,,,0.00,,,,0.00,
02-14-23,0.31,36.38,0.00,12.06,0.39,,0.00,0.00,0.14,0.00,,,0.00,,0.00,0.00,0.00,0.00,0.00,0.00,0.00,0.00,0.00,0.00,,,0.00,,,0.00,0.00,,0.00,0.00,0.00,,,0.00,,0.00,0.00,0.00,0.00,0.00,0.00,,,,,,,,,0.00,0.00,,,,,,0.00,21.11,,0.00,,,,,,0.00,0.00,2.20,0.00,0.00,,0.00,,,,0.00,
02-15-23,0.25,32.73,0.00,11.61,0.38,,0.00,0.00,0.12,0.00,,,0.00,,0.00,0.00,0.02,0.00,,0.00,0.00,0.00,0.00,0.00,,,0.00,,,0.00,0.00,,0.00,0.00,0.00,,,0.00,,0.00,0.00,0.00,0.00,0.00,0.00,,,,,,,,,0.00,0.00,,,,,,0.00,9.52,,0.00,,,,,,0.00,0.00,0.00,0.00,0.00,,0.00,,,,0.00,
02-16-23,0.21,,0.38,9.67,0.39,,0.00,0.00,0.28,0.00,,,0.00,,0.00,0.00,,0.00,0.00,0.00,0.00,0.00,0.00,0.00,,,0.00,,,0.00,0.00,,0.00,0.00,0.00,,,,,0.00,0.00,0.00,0.00,0.00,0.00,,,,,,,,,0.00,0.00,,,,,,0.00,5.13,,0.00,,,,,,0.00,0.00,3.40,0.00,0.00,,0.00,,,,0.00,
02-17-23,0.11,,0.30,9.18,0.40,,0.00,0.00,,0.10,,,0.00,,0.00,0.00,0.00,0.00,0.00,0.00,,0.00,0.00,0.00,,,0.00,,,0.00,0.00,,0.00,0.00,0.00,,,,,0.00,0.00,0.00,0.00,0.00,0.00,,,,,,,,,0.00,0.00,,,,,,0.00,0.00,,0.00,,,,,,0.00,0.00,0.00,0.00,0.00,,0.00,,,,0.00,
02-18-23,0.32,,0.60,11.27,0.41,,0.00,0.00,0.00,0.03,,,0.00,,0.00,0.00,0.00,0.00,,0.00,0.00,0.00,0.00,0.00,,,0.00,,,0.00,0.00,,0.00,0.00,0.00,,,,,0.00,0.00,0.00,0.00,0.00,0.00,,,,,,,,,0.00,0.00,,,,,,0.00,0.00,,0.00,,,,,,0.00,0.00,0.00,0.00,0.00,,0.00,,,,0.00,
02-19-23,0.77,,1.91,15.66,0.42,,0.00,0.00,0.00,0.18,,,0.00,,0.00,0.00,0.00,0.00,0.00,0.00,0.00,0.00,0.00,0.00,,,,,,0.00,0.00,,0.00,0.00,0.00,,,,,0.00,0.00,0.00,0.00,0.00,0.00,,,,,,,,,0.00,0.00,,,,,,0.00,0.00,,0.00,,,,,,0.00,0.00,0.00,0.00,0.00,,0.00,,,,0.00,
02-20-23,0.00,,0.32,11.91,0.39,,0.14,0.00,0.00,0.02,,,0.03,,0.00,0.00,0.00,0.00,0.00,0.00,0.00,0.00,0.00,0.00,,,0.00,,,0.00,0.00,,0.00,0.00,0.00,,,,,0.00,0.00,0.00,0.00,0.00,0.00,,,,,,,,,0.00,0.00,,,,,,0.00,0.00,,0.00,,,,,,0.00,0.00,0.00,0.00,0.00,,0.00,,,,0.00,
02-21-23,0.00,40.28,0.33,10.80,0.39,,0.25,0.00,0.00,0.06,,,0.00,,0.00,0.00,0.00,0.00,,0.00,0.00,0.00,0.00,0.00,,,0.00,,,0.00,0.00,,0.00,0.00,0.00,,,,,0.00,0.00,0.00,0.00,0.00,0.00,,,,,,,,,0.00,0.00,,,,,,0.00,0.00,,0.00,,,,,,0.00,0.00,0.00,0.00,0.00,,0.00,,,,0.00,
02-22-23,0.00,38.45,0.32,10.48,0.41,,0.26,0.00,0.00,0.00,,,0.01,,0.19,0.00,0.00,0.00,0.00,0.00,0.00,0.00,0.00,0.00,,,0.00,,,0.00,0.00,,0.00,0.00,0.00,,,,,0.00,0.00,0.00,0.00,0.00,0.00,,,,,,,,,0.00,0.00,,,,,,0.00,0.00,,0.00,,,,,,0.00,0.00,0.00,0.00,0.00,,0.00,,,,0.00,
02-23-23,0.00,37.41,0.33,10.22,0.42,,0.28,0.00,0.00,0.00,,,0.11,,0.00,0.00,0.00,0.00,0.00,0.00,0.00,0.00,0.00,0.00,,,0.00,,,0.00,0.00,,,0.00,0.00,,,,,0.00,0.00,0.00,0.00,0.00,0.00,,,,,,,,,0.00,0.00,,,,,,0.00,0.00,,0.00,,,,,,0.00,0.00,0.00,0.00,0.00,,0.00,,,,0.00,
02-24-23,0.00,34.92,0.00,9.96,0.44,,0.10,0.00,0.00,,,,1.01,,0.00,0.00,0.00,0.00,,0.00,0.00,0.00,0.00,0.00,,,0.00,,,0.00,0.00,,0.00,0.00,0.00,,,,,0.00,0.00,0.00,0.00,0.00,0.00,,,,,,,,,0.00,0.00,,,,,,0.00,0.00,,0.00,,,,,,0.00,0.00,0.00,0.00,0.00,,0.00,,,,0.00,
02-25-23,0.00,34.37,,9.73,0.43,,,0.00,0.00,0.00,,,0.44,,0.02,0.00,0.00,0.00,0.00,0.00,0.00,0.00,0.00,,,,0.00,,,0.00,0.00,,0.00,0.00,0.00,,,,,0.00,0.00,0.00,0.00,0.00,0.00,,,,,,,,,0.00,0.00,,,,,,0.00,15.72,,0.00,,,,,,0.00,0.00,0.00,0.00,0.00,,0.00,,,,0.00,
02-26-23,0.00,33.67,0.00,9.41,0.43,,0.02,0.00,,0.00,,,0.00,,0.24,0.00,0.02,0.00,0.00,0.00,0.00,0.00,0.00,0.00,,,,,,,0.00,,,0.00,0.00,,,,,0.00,0.00,0.00,0.00,0.00,0.00,,,,,,,,,0.00,0.00,,,,,,0.00,8.63,,0.00,,,,,,0.00,0.00,0.00,0.00,0.00,,0.00,,,,0.00,
02-27-23,0.00,32.54,0.00,8.96,0.43,,0.00,0.00,,0.00,,,0.00,,0.37,0.00,0.00,0.00,,0.00,0.00,0.00,0.00,0.00,,,0.00,,,0.00,0.00,,0.00,0.00,0.00,,,,,0.00,0.00,0.00,0.00,0.00,0.00,,,,,,,,,0.00,0.00,,,,,,0.00,0.00,,0.00,,,,,,0.00,0.00,0.00,0.00,0.00,,0.00,,,,0.00,
02-28-23,0.00,28.41,0.00,8.05,0.43,,0.00,0.00,0.00,0.00,,,0.00,,0.00,0.00,0.00,0.00,0.00,0.00,0.00,0.00,0.00,0.00,,,0.00,,,0.00,0.00,,0.00,0.00,0.00,,,,,0.00,0.00,0.00,0.00,0.00,0.00,,,,,,,,,0.00,0.00,,,,,,0.00,0.00,,0.00,,,,,,0.00,0.00,0.00,0.00,0.00,,0.00,,,,0.00,
03-01-23,0.00,24.05,0.00,6.10,0.43,,0.00,0.00,,0.00,,,0.38,,0.41,0.00,0.00,0.00,0.00,0.00,0.00,0.00,0.00,0.00,,,0.00,,,0.00,0.00,,,0.00,0.00,,,,,0.00,0.00,0.00,0.00,0.00,0.00,,,,,,,,,0.00,0.00,,,,,,0.00,0.00,,0.00,,,,,,3.90,0.00,0.00,0.00,3.90,,0.00,,,,0.00,
03-02-23,0.00,21.39,0.00,6.01,0.41,,0.00,0.00,,0.03,,,0.47,,,0.00,0.00,0.00,,0.00,0.00,0.00,0.00,0.00,,,0.00,,,0.00,0.00,,0.00,0.00,0.00,,,,,0.00,0.00,0.00,0.00,0.00,0.00,,,,,,,,,0.00,0.00,,,,,,0.00,0.00,,0.00,,,,,,2.70,0.00,0.00,0.00,2.70,,0.00,,,,0.00,
03-03-23,0.00,18.70,0.00,,0.42,,0.03,0.00,,0.00,,,0.22,,0.00,0.00,0.00,0.00,0.00,0.00,0.00,0.00,0.00,0.00,,,0.00,,,0.00,0.00,,0.00,0.00,0.00,,,,,0.00,0.00,0.00,0.00,0.00,0.00,,,,,,,,,0.00,0.00,,,,,,0.00,5.73,,0.00,,,,,,4.90,0.00,0.00,0.00,4.90,,0.00,,,,0.00,
03-04-23,0.00,17.55,0.00,5.83,0.43,,0.00,0.00,,0.09,,,0.30,,0.06,0.00,0.00,0.00,0.00,0.00,0.00,1.71,0.00,0.00,,,0.00,,,0.00,0.00,,0.00,0.00,0.00,,,,,0.00,0.00,0.00,0.00,0.00,0.00,,,,,,,,,0.00,0.00,,,,,,0.00,37.19,,0.00,,,,,,4.50,0.00,0.00,0.00,4.50,,0.00,,,,0.00,
03-05-23,0.00,16.13,0.00,4.15,0.44,,0.00,0.13,,0.17,,,0.13,,0.00,0.00,0.00,0.00,,0.00,0.00,4.85,0.00,0.00,,,,,,0.00,0.00,,0.00,0.00,0.00,,,,,0.00,0.00,0.00,0.00,0.00,0.00,,,,,,,,,0.00,0.00,,,,,,0.00,7.93,,,,,,,,0.00,0.00,0.00,0.00,0.00,,0.00,,,,0.00,
03-06-23,0.00,12.65,0.00,3.62,0.43,,0.06,0.17,,0.02,,,0.00,,0.09,0.00,0.00,0.00,0.00,0.00,0.00,4.36,1.00,0.00,,,0.00,,,0.00,0.00,,0.00,0.00,0.00,,,,,0.00,0.00,0.00,0.00,0.00,0.00,,,,,,,,,0.00,0.00,,,,,,0.00,0.00,,0.00,,,,,,2.00,0.00,0.00,0.00,2.00,,0.00,,,,0.00,
03-07-23,0.00,11.29,0.00,2.85,0.45,,0.00,0.59,,0.05,,,0.00,,0.37,0.00,0.00,0.00,0.00,0.00,0.00,4.10,1.00,0.00,,,0.00,,,0.00,0.00,,0.00,0.00,0.00,,,,,0.00,0.00,0.00,0.00,0.00,0.00,,,,,,,,,0.00,0.00,,,,,,0.00,0.00,,0.00,,,,,,2.00,0.00,0.00,0.00,2.00,,0.00,,,,0.00,
03-08-23,0.00,9.56,0.00,1.40,0.44,,,0.00,,0.27,,,0.00,,0.09,0.00,0.00,0.00,14.21,0.00,0.00,3.07,1.00,0.00,,,0.00,,,0.00,0.00,,0.00,0.00,0.00,,,,,0.00,0.00,0.00,0.00,0.00,0.00,,,,,,,,,0.00,0.00,,,,,,0.00,0.00,,0.00,,,,,,0.00,0.00,0.00,0.00,0.00,,0.00,,,,0.00,
03-09-23,0.00,5.96,0.00,0.09,0.43,,0.00,0.13,,0.24,,,0.00,,0.00,0.00,0.00,0.00,0.00,0.00,0.00,3.58,1.00,0.00,,,0.00,,,0.00,0.00,,0.00,0.00,0.00,,,,,0.00,0.00,,0.00,0.00,0.00,,,,,,,,,0.00,0.00,,,,,,0.00,0.00,,0.00,,,,,,0.00,0.00,0.00,0.00,0.00,,2.31,,,,0.00,
03-10-23,0.00,2.04,0.00,0.70,0.45,,0.00,0.00,,0.15,,,0.00,,0.00,0.00,0.00,0.00,0.00,0.00,0.00,3.75,0.00,0.00,,,0.00,,,0.00,0.00,,19.36,0.00,0.00,,,,,0.00,0.00,0.00,0.00,0.00,0.00,,,,,,,,,0.00,0.00,,,,,,0.00,0.00,,0.00,,,,,,0.00,0.00,0.00,0.00,0.00,,3.74,,,,0.00,
03-11-23,0.00,1.56,0.00,1.97,0.45,,0.00,0.59,0.00,0.13,,,0.03,,0.00,0.00,0.00,0.00,,0.00,0.00,3.58,0.00,0.00,,,0.00,,,0.00,0.00,,25.78,0.00,0.00,,,,,0.00,0.00,0.00,0.00,0.00,0.00,,,,,,,,,0.00,0.00,,,,,,0.00,0.00,,0.00,,,,,,0.00,0.00,0.00,0.00,0.00,,0.00,,,,0.00,
03-12-23,0.00,2.71,0.00,0.00,0.45,,0.00,0.67,0.00,0.16,,,0.00,,0.00,0.00,0.00,0.00,0.00,0.00,0.00,3.72,0.00,0.00,,,,,,0.00,0.00,,0.00,0.00,0.00,,,,,0.00,0.00,0.00,0.00,0.00,0.00,,,,,,,,,0.00,0.00,,,,,,0.00,0.00,,0.00,,,,,,0.00,0.00,0.00,0.00,0.00,,0.00,,,,0.00,
03-13-23,0.00,5.34,0.00,0.00,0.47,,0.02,0.30,0.00,0.12,,,0.07,,0.00,0.00,0.00,0.00,0.00,0.00,0.00,1.79,0.00,0.00,,,0.00,,,0.00,0.00,,0.00,0.00,0.00,,,,,0.00,0.00,0.00,0.00,0.00,0.00,,,,,,,,,0.00,,,,,,,0.00,0.00,,0.00,,,,,,0.00,0.00,0.00,0.00,0.00,,0.00,,,,0.00,
03-14-23,0.00,,0.00,0.00,0.41,,0.00,0.08,0.00,0.02,,,0.11,,0.33,0.00,0.00,0.00,,0.00,0.00,1.79,0.00,0.00,,,0.00,,,0.00,0.00,,,0.00,0.00,,,,,0.00,0.00,0.00,0.00,0.00,0.00,,,,,,,,,0.00,0.00,,,,,,11.88,0.00,,0.00,,,,,,0.00,0.00,0.00,0.00,0.00,,0.00,,,,0.00,
03-15-23,0.00,,0.00,0.03,0.46,,0.00,0.00,0.36,0.00,,,0.00,,0.60,0.00,0.00,0.00,,0.00,0.00,1.85,0.00,0.00,,,0.00,,,0.00,0.00,,0.00,0.00,0.00,,,,,0.00,0.00,0.00,0.00,0.00,0.00,,,,,,,,,0.00,0.00,,,,,,,0.00,,0.00,,,,,,0.00,0.00,0.00,0.00,0.00,,0.00,,,,0.00,
03-16-23,0.00,9.87,0.00,0.78,0.47,,0.00,0.04,0.31,0.00,,,0.00,,0.00,0.00,0.00,0.00,,0.00,0.00,1.80,0.00,0.00,,,2.52,,,0.00,0.00,,0.00,0.00,0.00,,,,,0.00,0.00,0.00,0.00,0.00,0.00,,,,,,,,,0.00,0.00,6.17,,,,,17.81,11.59,,0.00,,,,,,9.50,0.00,0.00,0.00,9.50,,0.00,,,,0.00,
03-17-23,0.00,15.83,0.15,1.18,0.52,,0.00,0.00,0.31,0.37,,,0.00,,0.00,0.00,0.00,0.00,,0.00,0.00,0.00,0.00,0.00,,,2.58,,,0.00,0.00,,0.00,0.00,0.00,,,,,0.00,0.00,0.00,0.00,0.00,0.00,,,,,,,,0.00,0.00,0.00,0.00,,,,,21.22,6.47,,0.00,,,,,,3.90,0.00,0.00,0.00,3.90,,0.00,,,,0.00,
03-18-23,0.00,0.96,0.00,0.00,0.45,,0.00,0.00,0.27,0.22,,,0.09,,0.00,0.00,0.04,0.00,,0.00,0.00,0.00,0.00,0.00,,,2.37,,,0.00,0.00,,0.00,0.00,0.00,,,,,,0.00,0.00,0.00,0.00,0.00,,,,,,,,0.00,0.00,0.00,0.00,,,,,55.70,0.00,,0.00,,,,,,0.00,0.00,0.00,0.00,0.00,,0.00,,,,0.00,
03-19-23,0.00,0.71,0.00,0.00,0.37,,0.00,0.08,0.26,0.08,,,0.00,,0.00,0.00,0.10,0.00,,0.00,0.00,0.00,0.00,0.00,,,2.27,,,0.00,0.00,,0.00,0.00,,,,,,0.00,0.00,0.00,0.00,0.00,0.00,,,,,,,,0.00,0.00,0.00,0.00,,,,,97.35,0.00,,0.00,,,,,,0.00,0.00,0.00,0.00,0.00,,0.00,,,,0.00,
03-20-23,0.00,0.61,0.00,0.59,0.37,,0.00,0.09,0.25,0.19,,,0.00,,0.00,0.00,0.00,0.00,,0.00,0.00,0.00,0.00,0.00,,,0.00,,,0.00,0.00,,0.00,0.00,0.00,,,,,0.00,0.00,0.00,0.00,0.00,0.00,,,,,,,,0.00,0.00,0.00,0.00,,,,,85.54,0.00,,0.00,,,,,,0.00,0.00,0.00,0.00,0.00,,0.00,,,,0.00,
03-21-23,0.00,0.68,0.05,2.12,0.38,,0.00,,0.26,0.22,,,0.00,,0.02,0.00,0.05,0.00,,0.00,0.00,0.00,0.00,0.00,,,0.00,,,0.00,0.00,,0.00,0.00,0.00,,,,,0.00,0.00,0.00,0.00,0.00,0.00,,,,,,,,0.00,0.00,0.00,0.00,,,,,56.27,0.00,,0.00,,,,,,0.00,0.00,0.00,0.00,0.00,,0.00,,,,0.00,
03-22-23,0.00,1.26,1.65,4.16,0.37,,0.00,0.09,0.27,0.19,,,0.00,,0.03,0.00,0.00,0.00,,0.00,0.00,0.00,0.00,0.00,,,0.00,,,0.00,0.00,,0.00,0.00,0.00,,,,,0.00,0.00,0.00,0.00,0.00,0.00,,,,,,,,0.00,0.00,0.00,0.00,,,,,75.12,0.00,,0.00,,,,,,0.00,0.00,0.00,0.00,0.00,,0.00,,,,0.00,
03-23-23,0.00,11.64,3.72,7.43,0.36,,0.00,0.13,0.25,0.03,,,0.00,,0.00,0.00,0.01,0.00,,0.00,0.00,0.00,0.00,0.00,,,0.00,,,0.00,0.00,,,0.00,0.00,,,,,0.00,0.00,0.00,0.00,0.00,0.00,,,,,,,,0.00,0.00,0.00,0.00,,,,,149.19,0.00,,0.00,,,,,,0.00,0.00,0.00,0.00,0.00,,0.00,,,,0.00,
03-24-23,0.00,9.33,0.00,3.96,0.36,,0.00,0.00,0.28,0.21,,,0.07,,0.00,0.00,0.00,0.00,,0.00,0.00,0.00,0.00,0.00,,,0.00,,,0.00,0.00,,0.00,0.00,0.00,,,,,0.00,0.00,0.00,0.00,0.00,0.00,,,,,,,,0.00,0.00,0.00,0.00,,,,,141.42,0.00,,0.00,,,,,,0.00,0.00,0.00,0.00,0.00,,0.00,,,,0.00,
03-25-23,0.00,6.99,0.00,2.10,0.37,,0.00,0.00,0.29,0.29,,,0.00,,0.00,0.00,0.00,0.00,,0.00,0.00,0.00,0.00,0.00,,,0.00,,,0.00,0.00,,0.00,0.00,0.00,,,,,0.00,0.00,0.00,0.00,0.00,0.00,,,,,,,,0.00,0.00,0.00,0.05,,,,,0.00,0.00,,0.00,,,,,,0.00,0.00,0.00,0.00,0.00,,0.00,,,,0.00,
03-26-23,1.57,5.18,0.00,0.17,0.36,,0.03,0.00,0.26,0.14,,,0.00,,0.00,0.00,0.00,0.00,,0.00,0.00,0.00,0.00,0.00,,,,,,0.00,0.00,,0.00,0.00,0.00,,,,,0.00,0.00,0.00,0.00,0.00,0.00,,,,,,,,0.00,0.00,0.00,0.00,,,,,0.00,0.00,,0.00,,,,,,0.00,,0.00,0.00,0.00,,0.00,,,,0.00,
03-27-23,2.75,5.06,0.00,0.12,0.35,,0.00,0.00,0.27,0.05,,,0.00,,0.00,0.00,0.00,0.00,,0.00,0.00,0.00,0.00,0.00,,,0.00,,,0.00,0.00,,0.00,0.00,0.00,,,,,0.00,0.00,0.00,0.00,0.00,0.00,,,,,,,,0.00,0.00,0.00,0.06,,,,,0.00,0.00,,0.00,,,,,,0.00,0.00,0.00,0.00,0.00,,0.00,,,,0.00,
03-28-23,0.21,,0.00,0.10,0.38,,0.01,0.00,0.27,0.24,,,0.09,,0.00,0.00,0.00,0.00,,0.00,0.00,0.00,0.00,0.00,,,0.00,,,0.00,0.00,,0.00,0.00,0.00,,,,,0.00,0.00,0.00,0.00,0.00,0.00,,,,,,,,0.00,0.00,0.00,0.00,,,,,12.01,22.21,,0.00,,,,,,14.00,0.00,0.00,0.00,14.00,,0.00,,,,0.00,
03-29-23,0.46,1.82,0.00,0.09,0.39,,0.00,0.00,0.26,0.19,,,0.00,,0.05,0.00,0.05,0.00,8.12,0.00,0.00,0.00,0.00,1.03,,,0.00,,,0.00,0.00,,0.00,0.00,0.00,,,,,0.00,0.00,7.13,0.00,0.00,0.00,,,,,,,,0.00,0.00,0.00,0.41,,,,,25.27,49.68,,0.00,,,,,,13.60,0.00,0.00,0.00,13.60,,0.00,,,,0.00,
03-30-23,0.90,0.98,0.00,0.09,0.38,,0.00,0.00,0.21,0.17,,,0.00,,,0.00,0.10,0.00,7.92,0.00,0.00,0.00,0.00,1.57,,,0.00,,,0.00,0.00,,0.00,0.00,0.00,,,,,0.00,0.00,9.50,0.00,0.00,0.00,,,,,,,,0.00,0.00,0.00,0.74,,,,,33.73,63.17,,0.00,,,,,,14.70,0.00,0.00,0.00,14.70,,0.00,,,,0.00,
03-31-23,0.42,0.87,0.00,0.10,0.39,,0.00,0.00,0.31,0.25,,,0.00,,0.12,0.00,0.00,0.00,2.29,0.00,0.00,0.00,0.00,1.45,,,0.00,,,0.00,0.00,,0.00,0.00,0.00,,,,,0.00,0.00,0.00,0.00,0.00,0.00,,,,,,,,0.00,0.00,0.00,,,,,,25.10,55.93,,0.00,,,,,,9.70,0.00,0.00,0.00,9.70,,0.00,,,,0.00,
04-01-23,0.35,0.88,0.00,0.10,0.40,,0.00,0.00,0.23,0.28,,,0.07,,0.22,0.00,0.00,0.00,0.00,0.00,0.00,0.00,0.00,1.61,,,0.00,,,0.00,0.00,,0.00,0.00,0.00,,,,,0.00,0.00,0.00,0.00,0.00,0.00,,,,,,,,0.00,0.00,0.00,0.71,,,,,16.28,36.08,,0.00,,,,,,4.30,0.00,0.00,0.00,4.30,,0.00,,,,0.00,
04-02-23,0.41,1.20,0.00,0.09,0.39,,0.00,0.00,0.26,0.00,,,0.00,,0.00,0.00,,0.00,7.12,0.00,0.00,0.00,0.00,1.71,,,,0.00,,0.00,0.00,,0.00,0.00,0.00,,,,,0.00,0.00,,0.00,0.00,3.00,,,,,,,,0.00,0.00,0.00,0.72,,,,,10.83,23.21,,0.00,,,,,,0.00,0.00,0.00,0.00,0.00,,0.00,,,,0.00,
04-03-23,0.16,1.15,0.00,0.08,0.39,,0.00,0.00,0.27,0.00,,,0.00,,0.33,0.00,0.00,0.00,9.58,0.00,0.00,0.00,0.00,0.00,,,0.00,0.00,,0.00,0.00,,0.00,0.00,0.00,,,,,0.00,0.00,0.00,0.00,0.00,3.00,,,,,,,,0.00,0.00,0.00,0.94,,,,,7.76,10.77,,0.00,,,,,,0.00,0.00,0.00,0.00,0.00,,0.00,,,,0.00,
04-04-23,0.13,,0.00,,0.40,,0.00,0.00,0.27,0.00,,,0.00,,0.49,0.00,0.00,0.00,8.33,0.00,0.00,0.00,0.00,0.00,,,0.00,,,0.00,0.00,,0.00,0.00,0.00,,,,,0.00,0.00,0.00,0.00,0.00,0.00,,,,,,,,0.00,0.00,0.00,0.42,,,,,0.00,0.00,,0.00,,,,,,0.00,0.00,0.00,0.00,0.00,,3.90,,,,0.00,
04-05-23,0.14,,0.00,0.08,0.40,,0.00,0.00,0.29,0.00,,,0.07,,0.09,0.00,0.00,0.00,9.17,0.00,0.00,0.00,0.00,0.00,,,0.00,,,0.00,0.00,,0.00,0.00,0.00,,,,,0.00,0.00,0.00,0.00,0.00,0.00,,,,,,,,0.00,0.00,0.00,0.05,,,,,0.00,0.00,,0.00,,,,,,0.00,0.00,0.00,0.00,0.00,,0.00,,,,0.00,
04-06-23,0.14,,0.00,0.00,0.39,,0.00,0.00,0.25,0.00,,,0.11,,0.00,0.00,0.00,0.00,9.00,0.00,0.00,0.00,0.00,0.00,,,0.00,,,,0.00,,0.00,0.00,0.00,,,,,0.00,0.00,0.00,0.00,0.00,0.00,,,,,,,,0.00,0.00,,0.00,,,,,0.00,0.00,,0.00,,,,,,0.00,0.00,0.00,0.00,0.00,,0.00,,,,0.00,
04-07-23,0.12,9.95,0.00,0.00,0.40,,0.00,0.00,0.22,0.00,,,0.27,,0.00,0.00,0.02,0.00,5.92,0.00,0.00,0.00,0.00,0.00,,,0.00,1.17,,0.00,0.00,,0.00,0.00,0.00,,,,,0.00,0.00,0.00,0.00,0.00,0.00,,,,,,,,0.00,0.00,0.00,0.00,,,,,0.00,9.35,,0.00,,,,,,0.00,0.00,0.00,0.00,0.00,,0.00,,,,0.00,
04-08-23,0.08,8.57,0.00,0.00,0.39,,0.00,0.00,0.14,0.07,,,0.13,,0.53,0.00,0.06,0.00,3.87,0.00,0.00,0.00,0.00,0.00,,,0.00,0.00,,0.00,0.00,,0.00,0.00,0.00,,,,,0.00,0.00,0.00,0.00,0.00,0.00,,,,,,,,0.00,0.00,0.00,0.00,,,,,0.00,0.00,,0.00,,,,,,0.00,0.00,0.00,0.00,0.00,,3.16,,,,0.00,
04-09-23,0.05,7.13,0.00,0.00,0.40,,0.00,0.00,0.10,0.00,,,0.06,,0.51,0.00,0.00,0.00,3.04,0.00,0.00,1.40,0.00,0.00,,,,0.00,,0.00,0.00,,0.00,0.00,0.00,,,,,0.00,0.00,0.00,0.00,0.00,0.00,,,,,,,,0.00,0.00,0.00,0.07,,,,,0.00,0.00,,0.00,,,,,,0.00,0.00,0.00,0.00,0.00,,3.57,,,,0.00,
04-10-23,0.02,4.66,0.00,0.00,0.40,,0.00,0.00,0.11,0.00,,,0.05,,0.55,0.00,0.00,0.00,4.75,0.00,0.00,1.29,0.00,0.00,,,0.00,0.00,,0.00,0.00,,0.00,0.00,0.00,,,,,0.00,0.00,0.00,0.00,0.00,0.00,,,,,,,,0.00,0.00,0.00,0.09,,,,,0.00,0.00,,0.00,,,,,,0.00,0.00,0.00,0.00,0.00,,0.00,,,,0.00,
04-11-23,0.00,1.48,0.00,0.00,0.40,,0.00,0.00,0.15,0.00,,,0.00,,0.68,0.00,0.00,0.00,10.31,0.00,0.00,1.28,0.00,0.00,,,0.00,0.00,,0.00,0.00,,0.00,0.00,0.00,,,,,0.00,0.00,0.00,0.00,0.00,0.00,,,,,,,,0.00,0.00,0.00,0.00,,,,,0.00,0.00,,0.00,,,,,,0.00,0.00,0.00,0.00,0.00,,0.00,,,,0.00,
04-12-23,0.00,1.41,0.00,0.00,0.42,,0.00,0.00,0.02,0.00,,,0.09,,0.38,0.00,0.00,0.00,11.50,0.00,0.00,2.04,0.00,0.00,,,0.00,0.00,,0.00,0.00,,0.00,0.00,0.00,,,,,0.00,0.00,0.00,0.00,0.00,0.00,,,,,,,,0.00,0.00,0.00,0.00,,,,,0.00,0.00,,0.00,,,,,,0.00,0.00,0.00,0.00,0.00,,0.00,,,,0.00,
04-13-23,0.00,1.44,0.00,0.00,0.41,,0.00,0.00,0.07,0.00,,,0.15,,0.22,0.00,0.00,0.00,14.42,0.00,0.00,1.85,0.00,0.00,,,0.00,0.00,,0.00,0.00,,0.00,0.00,0.00,,,,,0.00,0.00,0.00,0.00,0.00,0.00,,,,,,,,0.00,0.00,0.00,0.00,,,,,0.00,0.00,,0.00,,,,,,0.00,0.00,0.00,0.00,0.00,,0.00,,,,0.00,
04-14-23,0.00,1.40,0.00,0.00,0.41,,0.00,0.12,0.09,0.00,,,0.00,,0.47,0.00,0.00,0.00,16.92,0.00,0.00,1.70,0.00,0.00,,,0.00,0.00,,0.00,0.00,,0.00,0.00,0.00,,,,,0.00,0.00,0.00,0.00,0.00,0.00,,,,,,,,0.00,0.00,0.00,0.00,,0.00,,,0.00,0.00,,0.00,,,,,,0.00,0.00,0.00,0.00,0.00,,0.00,,,,0.00,
04-15-23,0.00,0.42,0.00,0.00,0.40,,0.00,0.00,0.11,0.00,,,0.00,,0.47,0.00,0.00,0.00,17.33,0.00,0.00,0.00,0.00,0.00,,,0.00,0.00,,,0.00,,0.00,0.00,0.00,,,,,0.00,0.00,0.00,0.00,0.00,0.00,,,,,,,,0.00,0.00,0.00,0.41,,0.00,,,0.00,0.00,,0.00,,,,,,0.00,0.00,0.00,0.00,0.00,,0.00,,,,0.00,
04-16-23,0.00,0.44,0.00,0.00,0.37,,0.00,0.00,0.12,0.00,,,0.00,,0.76,0.00,0.00,0.00,20.50,0.00,0.00,0.00,0.00,,,,,0.00,,0.00,0.00,,0.00,0.00,0.00,,,,,0.00,0.00,0.00,0.00,0.00,0.00,,,,,,,,0.00,0.00,0.00,0.51,,0.00,,,0.00,0.00,,0.00,,,,,,0.00,0.00,0.00,0.00,0.00,,0.00,,,,0.00,
04-17-23,0.00,0.39,0.00,0.00,0.36,,0.00,0.00,0.14,0.00,,,0.00,,0.54,0.00,0.00,0.00,22.50,0.00,0.00,0.00,0.00,0.00,,,0.00,,,0.00,0.00,,0.00,0.00,0.00,,,,,0.00,0.00,0.00,0.00,0.00,0.00,,,,,,,,0.00,0.00,0.00,1.11,,0.00,,,0.00,0.00,,0.00,,,,,,0.00,0.00,0.00,0.00,0.00,,0.00,,,,0.00,
04-18-23,0.00,0.34,0.00,0.10,0.38,,0.00,0.12,0.00,,,,0.00,,0.84,0.00,0.00,0.00,19.96,0.00,0.00,1.30,0.00,0.00,,,0.00,,,0.00,0.00,,0.00,0.00,0.00,,,,,0.00,0.00,0.00,0.00,0.00,0.00,,,,,,,,0.00,0.00,0.00,0.81,,0.00,,,0.00,0.00,,0.00,,,,,,0.00,0.00,0.00,0.00,0.00,,0.00,,,,0.00,
04-19-23,0.00,0.33,0.00,0.03,0.37,,0.00,0.04,,0.00,,,0.00,,0.62,0.00,0.00,0.00,9.67,0.00,0.00,0.00,0.00,0.00,,,0.00,0.00,,0.00,0.00,,0.00,0.00,0.00,,,,,0.00,0.00,0.00,0.00,0.00,0.00,,,,,,,,0.00,0.00,0.00,0.87,,0.00,,,0.00,0.00,,0.00,,,,,,0.00,0.00,0.00,0.00,0.00,,0.00,,,,0.00,
04-20-23,0.00,0.31,0.00,0.05,0.36,,0.00,0.00,1.08,0.00,,,0.00,,0.14,0.00,0.00,0.00,9.83,0.00,0.00,0.00,0.00,0.00,,,0.00,0.00,,0.00,0.00,,13.17,0.00,0.00,,,,,0.00,0.00,0.00,0.00,0.00,0.00,,,,,,,,0.00,0.00,0.00,0.71,,0.00,,,0.00,0.00,,0.00,,,,,,0.00,0.00,0.00,0.00,0.00,,0.00,,,,0.00,
04-21-23,0.00,0.28,0.00,0.07,0.30,,,0.00,0.10,0.00,,,0.00,,0.26,0.00,0.00,0.00,16.08,0.00,0.00,0.00,0.00,0.00,,,0.00,0.00,,0.00,0.00,,0.00,0.00,0.00,,,,,0.00,0.00,0.00,0.00,0.00,0.00,,,,,,,,0.00,0.00,,0.34,,0.00,,,0.00,0.00,,0.00,,,,,,0.00,0.00,0.00,0.00,0.00,,0.00,,,,0.00,
04-22-23,0.00,0.31,0.00,0.06,0.36,,0.00,0.08,0.16,0.00,,,0.00,,0.26,0.00,0.00,0.00,16.49,0.00,0.00,0.00,0.00,0.00,,,0.00,,,0.00,0.00,,0.00,0.00,0.00,,,,,0.00,0.00,0.00,0.00,0.00,0.00,,,,,,,,0.00,0.00,0.00,0.11,,0.00,,,0.00,0.00,,0.00,,,,,,0.00,0.00,0.00,0.00,0.00,,0.00,,,,0.00,
04-23-23,0.00,0.26,0.00,1.13,0.71,,0.51,0.00,3.08,0.00,,,0.37,,0.07,0.00,0.44,0.00,,0.00,0.00,0.00,0.00,,,,,,,10.63,0.00,,0.00,0.00,0.00,,,,,0.00,0.00,0.00,0.00,0.00,0.00,,,,,,,,0.00,0.00,0.00,0.21,,0.00,,,0.00,0.00,,0.00,,,,,,0.00,0.00,0.00,0.00,0.00,,0.00,,,,0.00,
04-24-23,0.00,0.23,6.28,2.50,0.53,,0.00,0.00,2.51,0.00,,,0.04,,0.76,0.00,0.18,0.00,,0.00,0.00,0.00,0.00,0.00,,,0.00,0.00,,1.16,0.00,,0.00,0.00,0.00,,,,,0.00,0.00,0.00,0.00,0.00,0.00,,,,,,,,0.00,0.00,0.00,0.29,,0.00,,,0.00,0.00,,0.00,,,,,,0.00,0.00,0.00,0.00,0.00,,0.00,,,,0.00,
04-25-23,0.00,0.22,4.06,0.07,0.50,,0.00,0.25,1.06,0.00,,,0.00,,0.53,0.00,0.00,0.00,,0.00,0.00,0.00,0.00,0.00,,,0.00,0.00,,0.00,0.00,,6.73,0.00,0.00,,,,,0.00,0.00,0.00,0.00,0.00,0.00,,,,,,,,0.00,0.00,0.00,0.39,,0.00,,,0.00,0.00,,0.00,,,,,,0.00,0.00,0.00,0.00,0.00,,,,,,0.00,
04-26-23,0.00,0.23,0.95,0.04,0.49,,0.00,0.08,0.18,0.00,,,0.00,,1.05,0.00,,0.00,49.92,0.00,0.00,0.00,0.00,0.00,,,0.00,0.00,,0.00,0.00,,0.00,0.00,0.00,,,,,0.00,0.00,0.00,0.00,0.00,0.00,,,,,,,,0.00,0.00,0.00,0.34,,,,,0.00,0.00,,0.00,,,,,,0.00,0.00,0.00,0.00,0.00,,0.00,,,,0.00,
04-27-23,0.00,0.27,0.00,0.04,0.49,,0.00,0.12,0.16,0.00,,,,,0.38,0.00,0.00,0.00,8.42,0.00,0.00,0.00,0.00,0.00,,,0.00,0.00,,0.00,0.00,,0.00,0.00,0.00,,,,,0.00,0.00,0.00,0.00,0.00,0.00,,,,,,,,0.00,0.00,0.00,0.40,,0.00,,,0.00,0.00,,0.00,,,,,,0.00,0.00,0.00,0.00,0.00,,0.00,,,,0.00,
04-28-23,0.00,0.28,0.00,0.05,0.47,,0.00,0.42,0.14,0.00,,,,,0.53,0.00,0.00,0.00,14.62,0.00,0.00,0.00,0.00,0.00,,,0.00,0.00,,0.00,0.00,,0.00,0.00,0.00,,,,,0.00,0.00,0.00,0.00,0.00,0.00,,,,,,,,0.00,0.00,0.00,0.26,,0.00,,,0.00,0.00,,0.00,,,,,,0.00,0.00,0.00,0.00,0.00,,0.00,,,,0.00,
04-29-23,0.00,0.26,0.00,0.03,0.43,,0.00,0.00,0.21,0.00,,,,,0.51,0.00,0.00,0.00,9.87,0.00,,0.00,0.00,0.00,,,0.00,0.00,,0.00,0.00,,47.85,0.00,28.47,,,,,0.00,5.08,3.13,4.68,0.00,0.00,,,,,,,,0.00,0.00,0.00,11.21,,0.13,,,0.00,16.85,,0.00,,,,,,,0.00,0.00,0.00,5.20,,0.00,,,,0.00,
04-30-23,0.00,0.24,0.00,0.02,0.41,,0.00,0.04,0.37,0.00,,,,,0.51,0.00,0.00,0.00,0.00,0.00,,0.00,0.00,0.00,,,,0.00,,0.00,0.00,,,11.58,38.29,,,,,0.00,18.52,45.00,38.60,15.84,20.85,,,,,,,,0.00,0.00,16.35,25.71,,3.29,,,0.00,49.60,,0.00,,,,,,8.60,0.00,2.10,0.00,8.60,,0.00,,,,0.00,
05-01-23,0.00,0.23,0.00,0.02,0.44,,0.05,0.25,0.44,0.00,,,,,0.00,0.00,0.00,0.00,0.00,0.00,4.29,0.00,1.00,0.00,,,0.00,0.00,,,0.00,,0.00,15.56,,,,,,0.00,18.00,25.34,35.75,12.33,20.46,,,,,,,,0.00,0.00,16.00,28.05,,3.17,,,0.00,55.11,,0.00,,,,,,8.00,0.00,0.00,0.00,8.00,,0.00,,,,16.90,
05-02-23,0.00,0.21,0.00,,0.44,,0.00,0.00,0.47,0.00,,,,,0.00,0.00,0.00,0.00,0.00,0.00,4.29,0.00,0.00,0.00,,,0.00,0.00,,0.00,0.00,,0.00,8.96,38.20,,,,,0.00,17.33,18.84,32.21,8.29,19.00,,,,,,,,0.00,0.00,15.50,27.09,,0.42,,,0.00,49.95,,0.00,,,,,,7.00,,0.00,0.00,7.00,,0.00,,,,14.50,
05-03-23,0.00,0.21,0.00,0.00,0.43,,0.00,0.00,0.49,0.00,,,,,0.00,0.00,0.00,0.00,0.00,0.00,3.73,0.00,0.00,0.00,,,0.00,0.00,,0.00,0.00,,0.00,3.38,36.90,,,,,0.00,17.33,12.50,29.68,5.38,16.92,,,,,,,,0.00,0.00,15.00,24.77,,0.00,,,0.00,40.11,,0.00,,,,,,0.00,0.00,0.00,0.00,0.00,,0.00,,,,12.40,
05-04-23,0.00,0.21,0.07,0.02,0.48,,0.00,0.12,0.39,0.00,,,2.12,,0.00,0.00,0.00,0.00,0.00,0.00,3.29,0.00,0.00,0.00,,,0.00,0.00,,0.00,0.00,,0.00,0.00,36.05,,,,,0.00,16.75,7.34,28.54,3.46,15.08,,,,,,,,0.00,0.00,13.04,21.23,,0.00,,,0.00,27.02,,0.00,,,,,,0.00,0.00,0.00,0.00,0.00,,0.00,,,,10.80,
05-05-23,0.00,0.16,0.05,0.00,0.50,,0.03,0.00,0.48,0.00,,,1.03,,0.12,0.00,0.00,0.00,0.00,0.00,2.77,0.00,0.00,0.00,,,0.00,0.00,,0.00,0.00,,0.00,0.00,34.02,,,,,0.00,15.08,3.00,25.67,0.00,11.96,,,,,,,,0.00,0.00,10.00,17.09,,0.00,,,0.00,8.34,,0.00,,,,,,0.00,0.00,0.00,0.00,0.00,,0.00,,,,9.70,
05-06-23,0.00,0.24,0.00,,0.50,,0.05,0.08,0.45,0.00,,,1.00,,0.12,0.00,0.00,0.00,0.00,0.00,2.29,0.00,,0.00,,,0.00,0.00,,0.00,0.00,,0.00,0.00,32.44,,,,,0.00,13.62,0.00,23.00,0.00,8.50,,,,,,,,0.00,0.00,8.04,12.92,,0.00,,,0.00,0.00,,0.00,,,,,,0.00,0.00,0.00,0.00,0.00,,0.00,,,,7.40,
05-07-23,0.00,,0.00,0.00,0.52,,0.07,0.00,0.39,0.00,,,0.84,,0.00,0.00,0.00,0.00,0.00,0.00,1.67,0.00,0.00,0.00,,,,,,0.00,0.00,,0.00,0.00,31.70,,,,,0.00,12.67,0.00,21.70,0.00,7.42,,,,,,,,0.00,0.00,6.62,10.24,,0.00,,,0.00,0.00,,0.00,,,,,,0.00,0.00,0.00,0.00,0.00,,0.00,,,,3.90,
05-08-23,0.00,0.19,0.00,0.00,0.54,,0.00,0.00,0.23,0.00,,,0.74,,0.00,0.00,0.00,0.00,0.00,0.00,0.00,0.00,0.00,0.00,,,0.00,0.00,,0.00,0.00,,0.00,0.00,30.47,,,,,0.00,11.79,0.00,21.33,0.00,6.08,,,,,,,,0.00,0.00,5.46,8.49,,0.00,,,0.00,0.00,,0.00,,,,,,0.00,0.00,0.00,0.00,0.00,,0.00,,,,0.00,
05-09-23,0.00,0.18,0.00,0.00,0.54,,0.00,0.00,0.26,0.00,,,0.00,,0.00,0.00,0.00,0.00,0.00,0.00,0.00,0.00,0.00,0.00,,,0.00,0.00,,,0.00,,0.00,0.00,28.66,,,,,0.00,10.29,0.00,19.83,0.00,4.30,,,,,,,,0.00,0.00,4.29,6.40,,0.00,,,0.00,0.00,,0.00,,,,,,0.00,0.00,0.00,0.00,0.00,,3.09,,,,0.00,
05-10-23,0.00,0.18,0.00,0.00,0.52,,0.15,0.00,0.03,0.00,,,0.00,,0.00,0.00,0.00,0.00,,0.00,0.00,0.00,0.00,0.00,,,0.00,,,0.00,0.00,,0.00,0.00,26.50,,,,,0.00,8.00,0.00,17.00,0.00,2.17,,,,,,,,0.00,0.00,1.46,3.87,,0.00,,,0.00,0.00,,0.00,,,,,,0.00,0.00,0.00,0.00,0.00,,0.00,,,,0.00,
05-11-23,0.00,0.18,0.00,0.00,0.52,,0.00,0.04,0.13,0.00,,,0.00,,0.00,0.00,0.00,0.00,0.00,0.00,0.00,0.00,0.00,0.00,,,0.00,,,0.00,0.00,,0.00,0.00,24.57,,,,,0.00,5.54,0.00,15.00,0.00,0.00,,,,,,,,0.00,0.00,0.00,0.76,,0.00,,,0.00,0.00,,0.00,,,,,,0.00,0.00,0.00,0.00,0.00,,0.00,,,,0.00,
05-12-23,0.00,0.19,0.00,0.00,0.52,,0.17,0.04,0.10,0.00,,,0.00,,0.00,0.00,0.00,0.00,0.00,0.00,0.00,0.00,0.00,0.00,,,0.00,0.00,,0.00,0.00,,0.00,0.00,21.15,,,,,0.00,3.12,,13.88,0.00,0.00,,,,,,,,0.00,0.00,0.00,0.00,,0.00,,,0.00,0.00,,0.00,,,,,,0.00,0.00,0.00,0.00,0.00,,0.00,,,,0.00,
05-13-23,0.00,0.19,0.00,0.00,0.52,,0.00,0.12,0.11,0.00,,,0.00,,0.00,0.00,0.00,0.00,0.00,0.00,0.00,0.00,0.00,0.00,,,0.00,0.00,,0.00,0.00,,0.00,0.00,17.51,,,,,0.00,0.00,0.00,12.62,0.00,0.00,,,,,,,,0.60,0.00,0.00,0.00,,0.00,,,0.00,,,0.00,,,,,,3.90,0.00,0.00,0.00,3.90,,2.15,,,,0.00,
05-14-23,0.00,0.19,0.00,0.00,0.52,,0.00,0.29,0.14,0.00,,,0.00,,0.00,0.00,0.00,0.00,0.00,0.00,0.00,0.00,0.00,0.00,,,,0.00,,0.00,0.00,,0.00,0.00,15.40,,,,,0.00,0.00,0.00,10.83,0.00,0.00,,,,,,,,0.75,0.00,0.00,0.00,,0.00,,,0.00,0.00,,0.00,,,,,,2.40,0.00,0.00,0.00,2.40,,2.94,,,,0.00,
05-15-23,0.00,0.19,0.00,0.00,0.49,,0.14,0.21,0.19,0.00,,,0.00,,0.00,0.00,0.00,0.00,0.00,0.00,0.00,0.00,0.00,0.00,,,0.00,0.00,,0.00,0.00,,0.00,0.00,13.18,,,,,0.00,0.00,0.00,8.75,0.00,0.00,,,,,,,,0.77,0.00,0.00,0.00,,0.00,,,0.00,0.00,,0.00,,,,,,0.00,0.00,0.00,0.00,0.00,,0.00,,,,0.00,
05-16-23,0.00,0.18,0.00,0.00,0.49,,0.06,0.00,0.23,0.00,,,0.00,,0.00,0.00,0.00,0.00,0.00,0.00,,0.00,0.00,,,,0.00,0.00,,0.00,0.00,,0.00,0.00,11.54,,,,,0.00,0.00,0.00,7.17,0.00,0.00,,,,,,,,0.78,0.00,0.00,0.00,,0.00,,,0.00,0.00,,0.00,,,,,,2.30,0.00,0.00,0.00,2.30,,0.00,,,,0.00,
05-17-23,0.00,0.16,,0.07,,,5.37,3.79,8.55,0.21,,,0.00,,0.00,0.00,0.00,0.00,0.00,0.00,0.00,0.00,0.00,0.00,,,0.00,,,0.00,0.00,,,0.00,11.22,,,,,0.00,0.00,2.46,6.67,0.00,0.00,,,,,,,,,0.00,0.00,0.00,,0.00,,,0.00,0.00,,0.00,,,,,,15.10,0.00,0.00,0.00,11.10,,0.00,,,,0.00,
05-18-23,0.00,0.16,0.01,0.02,0.46,,5.34,1.38,8.53,0.02,,,0.01,,0.00,0.00,0.00,0.00,0.00,0.00,0.00,0.00,0.00,0.00,,,0.00,0.00,,0.00,0.00,,0.00,0.00,10.78,,,,,0.00,0.00,2.38,7.54,0.00,0.00,,,,,,,,0.84,0.00,0.00,,,0.00,,,5.52,25.46,,0.00,,,,,,16.70,0.00,0.00,0.00,12.70,,0.00,,,,0.00,
05-19-23,0.00,0.19,0.00,0.00,0.47,,4.08,0.29,7.82,0.00,,,0.15,,0.00,0.00,0.00,0.00,0.00,0.00,0.00,,0.00,0.00,,,0.00,0.00,,0.00,,,0.00,0.00,10.22,,,,,0.00,0.00,2.05,7.00,0.00,0.00,,,,,,,,0.78,0.00,0.00,0.10,,0.00,,,19.46,52.95,,9.58,,,,,,16.10,0.00,0.00,0.00,12.10,,0.00,,,,0.00,
05-20-23,0.00,0.18,0.00,0.00,0.47,,2.83,0.12,7.63,0.00,,,0.10,,0.12,0.00,0.00,0.00,0.00,0.00,0.00,0.00,0.00,0.00,,,0.00,0.00,,0.00,0.00,,0.00,0.00,10.03,,,,,0.00,0.00,0.00,5.92,0.00,0.00,,,,,,,,0.72,0.00,0.00,0.29,,0.00,,,16.43,42.62,,5.92,,,,,,14.50,0.00,0.00,0.00,10.50,,0.00,,,,0.00,
05-21-23,0.00,,0.07,,0.47,,2.26,0.46,7.10,0.00,,,0.25,,0.12,0.00,0.00,0.00,0.00,0.00,0.00,0.00,0.00,0.00,,,,,,0.00,0.00,,0.00,0.00,21.73,,,,,9.21,0.00,56.00,19.54,12.83,8.96,,,,,,,,6.01,0.00,0.00,27.85,,0.00,,,13.78,53.25,,0.00,,,,,,20.70,0.00,0.00,0.00,16.70,,0.00,,,,0.00,
05-22-23,0.00,0.17,0.04,0.00,0.00,,0.80,0.79,6.48,0.00,,,0.29,,0.42,0.00,0.00,0.00,3.39,6.30,14.59,,13.94,0.00,,,0.00,,,0.00,0.00,,39.71,38.64,102.38,,,,,47.31,,54.96,45.04,29.04,19.38,,,,,,,,9.14,0.00,12.79,243.70,,0.00,,,14.18,50.10,,0.00,,,,,,22.10,0.00,0.00,0.00,18.10,,0.00,,,,0.00,
05-23-23,0.00,0.18,0.04,0.00,0.00,,0.82,0.54,2.72,0.00,,,0.37,,0.12,0.00,0.00,0.00,4.58,4.95,14.48,0.00,11.76,0.00,,,0.00,,,5.00,0.00,,8.25,25.27,117.54,,,,,36.00,0.00,,60.54,38.20,28.78,,,,,,,,14.15,0.00,22.89,52.35,,0.00,,,18.47,46.74,,7.92,,,,,,23.60,0.00,0.00,0.00,19.60,,0.00,,,,46.80,
05-24-23,0.00,0.17,0.02,0.00,0.02,,0.50,0.71,0.73,0.00,,,0.38,,0.12,0.00,0.00,0.00,0.00,19.62,13.46,0.00,13.65,0.00,,,0.00,28.04,,10.07,3.29,,0.00,12.44,107.48,,,,,33.22,0.00,77.93,74.54,50.04,32.58,,,,,,,,28.02,0.00,27.52,55.34,,1.70,,,39.22,48.64,,23.27,,,,,,38.40,0.00,0.00,2.00,34.40,,0.00,,,,45.70,
05-25-23,0.00,0.14,0.02,0.00,0.00,,0.64,0.08,0.20,0.00,,,0.53,,,0.00,0.06,0.00,5.57,18.62,7.50,0.00,18.29,,,,0.00,,,1.35,4.37,,0.00,8.78,102.87,,,,,32.75,0.00,87.92,74.92,46.50,32.00,,,,,,,,34.51,0.00,26.12,,,1.33,,,74.33,48.61,,49.29,,,,,,57.30,0.00,0.00,0.00,53.30,,0.00,,,,44.60,
05-26-23,0.00,0.16,0.00,0.00,0.00,,0.03,0.38,0.29,0.00,,,,,0.12,6.79,4.68,1.60,,29.00,14.25,0.00,,0.00,,,0.00,13.62,,3.79,0.00,,0.00,10.56,86.52,,,,,35.34,0.00,49.05,78.96,43.25,31.00,,,,,,,,37.00,0.00,34.29,78.22,,7.58,,,74.27,54.33,,41.85,,,,,,59.60,0.00,0.00,0.00,55.60,,0.00,,,,42.70,
05-27-23,0.00,0.19,0.00,0.00,0.01,,0.00,0.17,0.24,0.00,,,0.70,,0.17,0.88,0.29,0.00,5.46,23.91,18.29,0.00,19.73,0.00,,,0.00,9.29,,0.00,0.00,,0.00,5.81,79.20,,,,,31.41,0.00,42.63,74.75,39.38,29.83,,,,,,,,35.93,0.00,37.75,89.12,,12.92,,,67.95,53.36,,35.27,,,,,,56.50,0.00,0.00,0.00,52.50,,0.00,,,,33.70,
05-28-23,0.00,0.18,0.00,0.00,0.00,,0.00,0.67,0.11,0.00,,,0.00,,0.08,0.00,0.00,0.00,0.00,19.87,18.29,0.00,13.64,0.00,,,,8.25,,0.00,0.00,,0.00,2.19,77.05,,,,,27.94,0.00,38.80,72.21,36.75,28.62,,,,,,,,35.06,0.00,36.42,87.34,,11.42,,,62.39,52.00,,32.29,,,,,,53.80,0.00,0.00,0.00,49.80,,0.00,,,,32.10,
05-29-23,0.00,0.16,0.02,,,,0.12,0.25,0.79,0.00,,,0.00,,0.17,0.29,0.00,0.00,0.00,14.54,16.79,0.00,7.71,0.00,,,0.00,7.12,,0.00,0.00,,0.00,0.00,77.27,,,,,21.90,0.00,34.21,70.00,34.12,27.71,,,,,,,,34.12,0.00,34.46,83.90,,9.62,,,57.11,45.01,,28.65,,,,,,51.00,0.00,0.00,0.00,47.00,,0.00,,,,28.40,
05-30-23,0.00,0.18,0.00,0.00,0.01,,0.09,0.58,0.33,0.00,,,0.05,,0.12,0.00,0.00,0.00,0.00,10.08,15.75,0.00,4.50,0.00,,,0.00,6.58,,0.00,0.00,,0.00,0.00,74.48,,,,,17.86,0.00,30.46,66.96,31.62,26.62,,,,,,,,31.12,8.58,29.38,76.05,,4.83,,,43.65,18.27,,17.31,,,,,,32.80,0.00,0.00,0.00,28.80,,0.00,,,,22.10,
05-31-23,0.00,0.18,0.00,0.00,0.00,,0.09,0.83,0.41,0.00,,,0.00,,0.00,0.00,0.00,0.00,0.00,7.70,15.29,0.00,2.17,0.00,,,0.00,6.04,,0.00,0.00,,0.00,0.00,72.24,,,,,15.63,0.00,25.92,65.96,27.46,25.42,,,,,,,,26.12,17.88,21.79,69.34,,0.42,,,31.36,5.82,,10.17,,,,,,23.50,0.00,0.00,0.00,19.50,,0.00,,,,15.20,
06-01-23,0.00,0.18,0.00,0.00,0.00,,0.00,0.67,0.42,0.00,,,0.00,,0.00,0.00,0.11,0.00,0.00,6.58,14.67,0.00,1.00,0.00,,,0.00,4.17,,0.00,0.00,,0.00,0.00,70.67,,,,,13.58,0.00,21.34,62.42,22.67,23.54,,,,,,,,22.31,15.08,17.71,66.26,,0.00,,,28.14,0.00,,7.40,,,,,,23.00,0.00,0.00,0.00,19.00,,2.97,,,,10.10,
06-02-23,0.00,0.18,0.00,0.00,,,0.00,0.75,0.08,0.00,,,0.19,,0.18,0.00,0.07,0.00,0.00,5.45,14.29,0.00,1.00,0.00,,,0.00,2.17,,0.00,0.00,,0.00,0.00,69.43,,,,,9.85,8.38,,72.67,21.21,23.08,,,,,,,,18.59,13.00,17.21,71.22,,0.00,,,41.01,22.98,,12.96,,,,,,27.40,0.00,0.00,0.00,23.40,,0.00,,,,6.20,
06-03-23,0.00,0.18,0.00,0.00,0.00,,0.06,0.71,0.00,0.00,,,0.28,,0.12,0.00,0.00,0.00,0.00,4.95,13.29,0.00,1.00,0.00,,,0.00,1.12,,0.00,0.00,,0.00,0.00,68.19,,,,,8.99,4.83,22.50,79.96,22.38,29.38,,,,,,,,17.90,14.79,19.12,94.29,,0.25,,,59.26,38.25,,23.95,,,,,,33.60,0.00,0.00,0.00,29.60,,0.00,,,,3.20,
06-04-23,0.00,0.19,0.00,0.00,0.00,,0.00,0.62,0.00,0.00,,,0.17,,0.00,0.00,0.04,0.00,0.00,4.95,13.29,0.00,1.00,0.00,,,,0.00,,0.00,0.00,,0.00,0.00,66.66,,,,,8.04,0.00,20.80,83.08,22.38,35.46,,,,,,,,16.65,15.33,23.00,96.26,,1.46,,,64.81,48.20,,16.00,,,,,,33.60,0.00,0.00,0.00,29.60,,0.00,,,,16.00,
06-05-23,0.00,0.18,0.00,0.00,0.00,,0.00,0.12,0.00,0.00,,,0.00,,0.00,0.00,0.00,0.00,0.00,3.66,11.92,0.00,0.00,0.00,,,0.00,0.00,,0.00,0.00,,0.00,0.00,65.47,,,,,6.56,0.00,18.13,80.46,21.04,34.08,,,,,,,,15.61,14.67,21.50,93.43,,,,,55.33,36.40,,14.39,,,,,,30.80,0.00,0.00,0.00,26.80,,0.00,,,,14.60,
06-06-23,0.00,0.19,0.01,0.00,0.00,,0.00,0.46,0.00,0.00,,,0.00,,0.00,0.00,0.00,0.00,0.00,0.00,9.83,0.00,0.00,0.00,,,0.00,0.00,,0.00,0.00,,0.00,0.00,63.98,,,,,4.27,0.00,15.84,75.96,19.00,31.50,,,,,,,,9.27,8.25,15.38,93.82,,0.00,,,57.46,40.36,,15.29,,,,,,40.50,0.00,0.00,0.00,36.50,,0.00,,,,13.00,
06-07-23,0.00,0.19,0.01,0.00,0.00,,0.04,0.33,0.00,0.00,,,0.11,,0.00,0.00,0.00,0.00,0.00,0.00,9.00,0.00,0.00,0.00,0.00,,0.00,0.00,,0.00,0.00,,0.00,0.00,63.10,,,,,0.00,0.00,8.63,70.79,16.17,29.25,,,,,,,,2.33,3.50,11.10,92.08,,,,,57.59,42.67,,17.06,,,,,,44.90,0.00,0.00,0.00,40.90,,0.00,,,,6.70,
06-08-23,0.00,0.19,0.00,0.00,0.00,,0.00,0.42,0.00,0.00,,,0.14,,0.00,0.00,0.00,0.00,0.00,0.00,8.00,0.00,0.00,0.00,0.00,,0.00,0.00,,0.00,0.00,,0.00,0.00,61.42,,,,,0.00,0.00,4.30,68.71,10.46,25.08,,,,,,,,0.68,0.83,1.88,91.58,,0.00,,45.70,52.92,50.67,,18.90,,,,,,60.60,0.00,12.70,0.00,56.60,,0.00,,,,0.00,
06-09-23,0.00,0.19,0.01,0.00,0.01,,0.09,0.17,0.03,0.00,,,0.37,,0.00,0.00,0.00,0.00,0.00,0.00,18.08,0.00,0.00,0.00,0.00,,0.00,,,0.00,0.00,,71.48,0.00,60.80,,,,,0.00,14.00,4.13,79.45,7.30,26.00,,,,,,,,0.69,1.00,4.00,94.57,,,,,52.36,67.76,,18.10,,,,,,61.00,0.00,13.30,0.00,57.00,,,,,,0.00,
06-10-23,0.00,0.19,0.03,0.00,0.00,,0.00,0.79,0.09,0.00,,,0.37,,0.00,0.00,0.00,0.00,0.00,2.22,30.86,0.00,0.00,0.00,0.00,,0.00,0.00,,1.59,0.00,,71.32,0.00,57.12,,,,,0.00,14.00,0.00,78.00,7.75,26.00,,,,,,,,0.00,2.75,6.45,111.73,,,,,51.86,64.54,,18.10,,,,,,55.80,0.00,12.30,0.00,51.80,,0.00,,,,6.10,
06-11-23,0.00,0.15,0.07,,0.00,,0.00,1.38,0.15,0.00,,,0.17,,0.12,0.00,0.15,0.00,0.00,3.39,30.29,0.00,0.00,0.00,0.00,,,0.00,,0.00,0.00,,0.00,2.18,56.80,,,,,0.00,14.42,0.00,77.62,9.71,26.00,,,,,,,,0.27,3.08,7.00,111.02,,,,,51.39,63.98,,18.33,,,,,,53.70,0.00,8.80,0.00,49.70,,0.00,,,,5.60,
06-12-23,0.00,,0.14,,0.00,,0.00,1.08,0.24,0.08,,,0.08,,0.12,0.00,0.18,0.00,0.00,3.95,30.29,0.00,0.00,0.00,0.00,,0.00,0.00,,0.00,0.00,,0.00,2.34,56.44,,,,,0.00,14.46,0.00,77.00,10.00,25.62,,,,,,,,0.64,2.71,6.92,110.64,,,,,50.94,62.45,,19.10,,,,,,51.50,0.00,5.40,0.00,47.50,,0.00,,,,5.20,
06-13-23,0.00,,0.74,,0.03,,0.10,1.12,0.23,0.28,,,0.07,,0.29,0.00,0.20,0.00,0.00,2.95,30.29,0.00,0.00,0.00,0.00,,0.00,0.00,,0.00,0.00,,,0.00,56.05,,,,,0.00,14.58,0.00,77.00,10.00,25.00,,,,,,,,0.72,1.33,6.00,110.17,,26.00,,,50.51,60.53,,19.00,,,,,,50.60,0.00,3.30,0.00,46.60,,0.00,,,,5.20,
06-14-23,0.00,,0.83,,0.03,,0.00,0.92,0.00,,,,0.00,,0.00,0.00,0.01,0.00,0.00,0.00,30.29,0.00,0.00,0.00,,,0.00,0.00,,0.00,0.00,,0.00,0.00,55.75,,,,,,15.00,0.00,76.42,10.00,25.00,,,,,,,,0.53,0.67,4.96,107.68,,22.75,,,48.51,57.33,,19.04,,,,,,50.30,0.00,0.00,0.00,46.30,,0.00,,,,4.90,
06-15-23,0.00,,0.86,0.00,0.02,,0.00,0.04,0.00,,,,0.00,,0.00,0.00,0.00,0.00,0.00,0.00,29.62,0.00,0.00,0.00,0.00,,0.00,0.00,,0.00,0.00,,0.00,0.00,55.28,,,,,,15.00,0.00,76.00,9.46,25.00,,,,,,,,0.23,0.50,3.08,104.27,,15.50,,,48.34,62.39,,19.10,,,,,,52.70,0.00,0.00,0.00,48.70,,0.00,,,,5.10,
06-16-23,0.00,0.16,0.85,0.01,0.02,,0.00,0.00,0.02,,,,0.00,,0.00,0.00,0.00,0.00,0.00,0.00,29.29,0.00,0.00,0.00,0.00,,,0.00,,0.00,0.00,,13.06,0.00,54.95,,,,,,14.50,0.00,76.00,8.46,25.00,,,,,,,,0.04,0.00,2.00,103.19,,13.38,,,48.37,61.10,,19.10,,,,,,51.80,0.00,0.00,0.00,47.80,,0.00,,,,4.90,
06-17-23,0.00,0.16,0.84,0.01,0.01,,0.11,0.00,0.04,,,,0.00,,0.00,0.00,0.04,0.00,0.00,0.00,29.29,0.00,0.00,0.00,0.00,,0.00,0.00,,0.00,0.00,,0.00,0.00,54.81,,,,,0.00,14.67,0.00,76.00,7.04,25.00,,,,,,,,0.01,0.29,1.42,102.81,,12.88,,,48.01,62.46,,19.08,,,,,,53.40,0.00,0.00,0.00,49.40,,0.00,,,,4.50,
06-18-23,0.00,0.18,0.79,0.74,0.04,,0.00,0.00,0.02,0.00,,,0.11,,,0.00,0.02,0.00,0.00,0.00,29.29,0.00,0.00,0.00,,,,0.00,,0.00,0.00,,0.00,0.00,54.62,,,,,0.00,14.00,0.00,76.00,5.79,25.00,,,,,,,,0.00,0.00,0.42,102.30,,12.83,,,48.14,70.80,,19.08,,,,,,51.50,0.00,0.00,0.00,47.50,,0.00,,,,3.40,
06-19-23,0.00,0.24,0.86,,0.13,,0.15,0.12,0.00,0.00,,,0.27,,0.00,0.00,0.13,0.00,0.00,0.00,28.29,0.00,0.00,0.00,,,0.00,,,0.00,0.00,,0.00,0.00,54.36,,,,,0.00,14.00,0.00,76.00,3.04,25.00,,,,,,,,0.18,0.00,0.00,102.33,,12.29,,,48.17,67.37,,19.10,,,,,,51.20,0.00,0.00,0.00,47.20,,0.00,,,,2.70,
06-20-23,0.00,0.15,,6.78,3.50,,6.19,1.42,9.46,0.00,,,0.42,,0.00,0.00,0.00,0.00,0.00,0.00,28.29,0.00,0.00,0.00,0.00,,0.00,0.00,,0.00,0.00,,13.15,0.00,54.12,,,,,0.00,13.58,0.00,76.00,0.00,24.42,,,,,,,,0.00,0.00,0.00,102.93,,11.21,,,48.19,65.55,,19.04,,,,,,50.50,5.97,0.00,0.00,46.50,,0.00,,,,2.60,
06-21-23,0.00,,,14.05,4.95,,20.93,3.96,24.30,0.13,,,1.54,,0.08,0.62,0.48,0.00,8.23,4.09,29.79,0.00,0.00,0.00,1.56,,0.00,3.08,,0.00,0.00,,22.63,0.00,56.58,,,,,0.00,13.00,0.00,75.59,0.00,23.67,,,,,,,,0.00,0.00,0.00,,,9.33,,,48.47,63.10,,18.19,,,,,,50.80,13.97,0.00,0.00,46.80,,0.00,,,,0.00,
06-22-23,0.00,0.15,,7.71,4.62,,38.02,9.46,44.73,1.11,,,12.58,,0.30,16.46,11.53,2.03,30.59,35.60,58.47,14.74,27.53,23.23,63.39,,17.54,,,24.14,14.01,,,6.01,88.21,,,,,11.62,30.21,2.65,93.25,0.00,20.88,,,,,,,,0.00,0.00,0.00,84.81,,3.83,,,47.00,58.83,,17.02,,,,,,60.40,26.93,0.00,11.40,56.40,,0.00,,,,0.00,
06-23-23,0.00,0.17,,0.52,4.08,,35.62,9.33,46.41,0.00,,,21.20,,1.48,44.17,19.04,15.48,0.00,35.11,74.55,0.00,28.00,31.30,150.51,,26.49,,,77.87,8.82,,,0.00,167.18,,,,,0.00,37.08,2.83,90.00,0.00,8.92,,,,,,,,0.00,0.00,0.00,88.39,,0.00,,,51.86,69.61,,20.92,,,,,,59.50,26.97,0.00,21.30,55.50,,0.00,,,,,
06-24-23,0.00,0.18,,0.05,3.64,,30.01,5.50,38.09,0.00,,,20.73,,1.92,61.83,22.61,28.72,,67.80,165.68,0.00,33.52,41.68,170.86,,,,,105.49,41.53,,39.42,0.00,264.28,,,,,0.00,44.79,0.00,79.88,0.00,0.00,,,,,,,,0.00,0.00,0.00,86.30,,0.00,,,56.07,77.70,,24.10,,,,,,58.70,21.02,0.00,51.90,54.70,,31.04,,,,,
06-25-23,0.00,0.18,,0.01,3.38,,27.46,4.46,33.52,0.00,,,18.71,,2.62,55.17,21.49,26.60,0.00,60.55,139.75,0.00,30.48,40.15,154.40,,31.22,69.12,,117.91,,,47.67,0.00,262.96,,,,,0.00,48.05,0.00,75.17,0.00,0.00,,,,,,,,0.00,0.00,0.00,87.72,,0.04,,,63.56,80.42,,31.02,,,,,,58.70,16.30,0.00,47.10,54.70,,50.88,,,,,
06-26-23,0.00,0.17,,0.00,2.96,,24.49,3.50,33.04,0.00,,,16.28,,2.83,51.58,19.55,24.56,0.00,58.37,119.29,0.00,28.48,38.28,150.30,,0.00,61.67,,106.59,23.30,,39.67,0.00,262.48,,,,,0.00,62.17,0.00,76.00,0.00,0.00,,,,,,,,0.00,4.58,4.71,98.31,,0.85,,,73.70,87.03,,36.17,,,,,,71.80,11.21,5.10,44.00,67.80,,49.91,,,,0.00,
06-27-23,0.00,0.18,,0.00,2.22,,22.48,2.62,34.73,0.00,,,6.47,,1.60,49.79,16.12,22.98,,56.95,111.44,0.00,27.32,36.98,146.66,,0.00,54.58,,94.65,6.78,,55.19,0.00,263.27,,,,,3.34,66.38,0.00,89.21,10.53,8.62,,,,,,,,7.75,20.33,16.71,,,4.26,,,73.74,88.65,,34.65,,,,,,81.70,0.00,6.60,43.10,77.70,,45.44,,,,3.90,
06-28-23,0.00,0.17,,0.00,1.01,,19.54,2.33,34.84,0.00,,,4.83,,0.29,47.75,13.81,22.98,0.00,56.00,111.29,0.00,26.00,36.30,144.56,,0.00,52.46,,92.26,8.05,,0.00,0.00,233.52,,,,,4.77,65.58,0.00,86.62,6.54,7.17,,,,,,,,6.98,19.38,17.79,315.04,,4.38,,,74.48,86.47,,33.88,,,,,,78.30,0.00,5.20,40.70,74.30,,45.17,,,,6.40,
06-29-23,0.00,0.17,,0.00,0.31,,19.11,1.40,33.62,0.00,,,3.73,,0.00,45.88,13.28,22.60,0.00,54.04,110.29,0.00,25.45,35.73,142.90,,0.00,51.42,,90.12,5.86,,0.00,0.00,193.76,,,,,3.15,58.00,0.00,84.50,3.50,6.00,,,,,,,,4.89,14.71,14.67,117.21,,3.58,,,72.38,78.72,,33.56,,,,,,77.10,,5.10,38.60,73.10,,44.06,,,,5.80,
06-30-23,0.00,0.17,,0.00,0.32,,18.50,0.17,33.00,0.00,,,3.23,,0.00,44.29,12.55,22.27,,52.41,109.71,0.00,24.60,34.96,141.65,,0.00,49.62,,88.38,6.84,,0.00,0.00,154.16,,,,,0.00,58.00,0.00,83.00,0.00,4.75,,,,,,,,2.38,10.00,12.42,115.82,,2.62,,,70.71,78.65,,33.17,,,,,,78.20,0.00,5.30,34.90,74.20,,42.76,,,,4.10,
07-01-23,0.00,0.16,,0.00,0.31,,18.35,0.00,32.39,0.00,,,2.81,,0.00,43.38,11.57,21.98,0.00,50.62,109.29,0.00,23.00,33.85,140.54,,0.00,47.50,,81.56,5.59,,0.00,0.00,151.80,,,,,0.00,57.29,0.00,81.00,0.00,2.67,,,,,,,,0.25,6.08,5.83,104.96,,1.29,,,69.49,76.03,,29.11,,,,,,81.90,0.00,3.50,30.90,77.90,,43.72,,,,2.30,
07-02-23,0.00,0.18,,0.00,0.31,,18.24,0.21,31.68,0.00,,,1.47,,0.00,43.00,10.81,21.48,0.00,49.45,108.29,0.00,21.74,32.25,139.34,,,48.33,,57.04,4.93,,0.00,0.00,151.29,,,,,0.00,57.00,0.00,81.58,0.00,10.08,,,,,,,,13.34,12.17,13.21,110.04,,0.00,,,,70.41,,37.43,,,,,,86.40,0.00,0.00,21.20,82.40,,40.70,,,,0.00,
07-03-23,0.00,0.15,,0.00,0.32,,16.05,0.29,30.96,0.00,,,0.16,,0.00,42.00,10.48,20.98,0.00,48.95,107.83,0.00,21.00,31.11,138.21,,0.00,36.83,,30.56,0.00,,0.00,0.00,150.86,,,,,0.00,56.54,0.00,111.55,16.67,11.46,,,,,,,,,12.62,16.38,272.61,,0.00,,,,69.48,,63.52,,,,,,94.70,0.00,0.00,19.10,90.70,,39.66,,,,0.00,
07-04-23,0.00,0.15,,0.00,0.31,,13.76,0.00,27.38,0.00,,,0.24,,0.00,42.00,9.40,20.98,0.00,47.95,103.96,0.00,20.59,30.43,137.23,,0.00,33.79,,13.98,3.23,,0.00,0.00,151.11,,,,,0.00,56.57,0.00,126.08,14.88,20.46,,,,,,,,,22.25,23.21,,,1.88,,,,71.50,,74.91,,,,,,104.60,0.00,0.00,18.00,100.60,,37.26,,,,0.00,
07-05-23,0.00,0.14,,0.00,0.30,,12.57,0.00,22.77,0.00,,,0.19,,0.00,41.50,8.10,20.98,0.00,47.41,102.75,0.00,20.00,29.88,136.30,,0.00,34.88,,7.31,0.00,,8.19,0.00,150.00,,,,,0.00,56.00,0.00,147.00,21.71,44.52,,,,,,,,,34.17,46.67,,,11.30,,,,70.35,,80.02,,,,,,111.50,0.00,0.00,16.90,107.50,,36.53,,,,0.00,
07-06-23,0.00,0.15,,0.00,0.30,,11.03,0.12,14.07,0.00,,,0.20,,0.00,41.00,6.62,19.98,0.00,45.95,101.08,0.00,20.00,28.74,135.35,,0.00,39.25,,0.00,0.00,,0.00,0.00,149.06,,,,,0.00,56.00,0.00,151.25,22.88,,,,,,,,,,32.79,48.58,,,11.92,,,,74.25,,75.88,,,,,,110.00,0.00,0.00,15.60,106.00,,40.98,,,,4.00,
07-07-23,0.00,0.14,,0.01,0.29,,6.77,0.12,12.04,0.00,,,0.20,,0.12,41.00,6.03,17.77,0.00,45.95,92.53,0.00,19.73,28.16,134.53,,0.00,29.12,,0.00,0.00,,0.00,0.00,149.19,,,,,0.00,56.00,0.00,149.09,19.21,44.47,,,,,,,,,32.17,47.30,,,12.00,,,130.61,72.26,,72.44,,,,,,106.40,0.00,0.00,14.40,102.40,,41.28,,,,2.40,
07-08-23,0.00,0.14,,0.01,0.28,,5.27,0.08,6.42,0.00,,,0.36,,0.00,41.00,3.81,16.27,0.00,43.83,85.62,0.00,19.32,27.85,133.68,,0.00,28.12,,0.00,0.00,,0.00,0.00,153.72,,,,,21.53,,0.00,183.57,56.62,64.58,,,,,,,,,41.41,46.17,,,,,,131.78,71.93,,69.75,,,,,,102.50,0.00,0.00,13.70,98.50,,41.28,,,,0.00,
07-09-23,0.00,0.15,,0.02,0.26,,2.04,0.12,1.75,0.00,,,0.52,,0.00,40.46,2.40,15.98,0.00,42.95,80.58,0.00,19.00,27.36,132.76,,,29.79,,0.00,0.00,,0.00,0.00,153.12,,,,,28.61,55.54,8.23,189.00,67.17,67.08,,,,,,,,,39.17,50.00,,,16.30,,,128.62,71.73,,67.54,,,,,,102.10,0.00,0.00,12.70,98.10,,43.50,,,,19.40,
07-10-23,0.00,0.14,,0.02,0.23,,1.19,0.00,0.62,0.00,,,0.45,,0.00,40.00,2.37,15.98,0.00,42.75,79.58,0.00,19.00,26.81,132.14,,0.00,29.50,,0.00,0.00,,0.00,0.00,149.36,,,,,25.10,55.00,5.88,182.83,62.54,64.75,,,,,,,,,38.50,49.00,,,17.00,,,125.58,71.52,,66.46,,,,,,100.30,0.00,0.00,12.20,96.30,,42.52,,,,26.00,
07-11-23,0.00,0.16,,,0.28,,0.67,1.58,1.17,0.17,,,3.25,,0.00,40.00,2.86,17.07,2.15,42.91,79.91,0.00,20.39,27.25,132.03,,0.00,,,0.00,2.39,,39.87,5.07,151.49,,,,,17.82,55.35,0.00,179.04,59.78,65.29,,,,,,,,,39.31,49.62,,,17.38,,,123.04,71.27,,65.23,,,,,,99.20,0.00,0.00,12.30,95.20,,43.96,,,,23.10,
07-12-23,0.00,0.12,,,10.31,,3.16,13.42,18.42,1.45,,,30.49,,6.22,63.50,27.90,38.10,2.20,70.00,124.25,11.44,59.35,30.22,138.53,,0.00,,,31.80,,,,23.72,174.41,,,,,32.35,70.67,,206.16,91.10,102.30,,,,,,,,,57.50,71.83,,,17.95,,,120.56,71.20,,64.10,,,,,,97.00,0.00,0.00,18.50,93.00,,65.24,,,,20.20,
07-13-23,0.00,0.15,,0.00,7.87,,2.34,8.75,17.72,0.00,,,25.33,,3.08,60.92,24.42,37.94,0.00,67.83,131.71,7.67,61.00,28.85,144.19,,0.00,42.83,,27.31,3.86,,20.19,17.36,174.13,,,,,30.40,70.38,0.00,200.75,86.04,100.00,,,,,,,,,56.50,69.92,,,17.00,,,118.99,71.53,,63.75,,,,,,98.30,0.00,0.00,18.10,94.30,,77.23,,,,22.10,
07-14-23,0.00,0.14,,0.00,7.04,,1.62,7.08,16.60,0.00,,,20.99,,2.96,57.67,20.98,34.77,0.00,64.16,131.24,6.27,54.00,26.47,137.36,,0.00,40.33,,34.80,0.00,,16.35,11.86,173.45,,,,,27.01,71.00,0.00,194.42,79.54,95.92,,,,,,,,,54.33,64.61,,,20.32,,,123.90,72.44,,69.92,,,,,,98.50,,0.00,17.80,94.50,,74.27,,,,18.00,
07-15-23,0.00,0.15,,0.00,6.41,,0.71,5.42,13.62,0.00,,,17.40,,2.92,55.25,19.21,33.35,,68.29,140.93,3.63,50.95,26.58,134.54,,0.00,106.50,,38.28,,,13.97,6.74,176.54,,,,,25.40,69.29,0.00,191.00,74.96,92.96,,,,,,,,,52.25,63.29,,,27.50,,,123.31,80.17,,71.17,,,,,,97.50,0.00,0.00,18.30,93.50,,70.93,,,,17.70,
07-16-23,0.00,0.15,,0.00,5.45,,0.54,5.29,10.46,0.00,,,13.84,,0.96,53.00,17.85,32.98,5.25,66.58,135.54,0.00,48.59,26.33,133.85,,,37.88,,32.16,11.61,,12.61,3.20,175.33,,,,,23.79,67.00,0.00,187.29,71.96,90.83,,,,,,,,,51.67,62.38,,,23.69,,,121.88,84.20,,73.55,,,,,,99.00,0.00,0.00,16.80,95.00,,69.19,,,,16.70,
07-17-23,0.00,0.14,,,4.55,,0.59,4.96,7.54,0.00,,,10.08,,0.00,51.00,16.11,31.98,2.25,62.95,125.71,0.00,47.11,25.80,131.92,,0.00,39.62,,26.68,5.08,,11.88,0.00,171.91,,,,,22.63,67.00,3.50,183.88,67.67,88.29,,,,,,,,,50.88,59.00,,,23.88,,135.10,120.12,82.16,,71.54,,,,,,97.90,0.00,0.00,10.80,93.90,,67.28,,,,15.40,
07-18-23,0.00,0.14,,0.00,3.98,,0.69,3.83,5.71,0.00,,,8.35,,0.00,49.71,13.72,30.98,4.34,61.41,124.81,0.00,43.00,25.56,130.53,,0.00,35.83,,14.65,0.00,,8.28,0.00,163.42,,,,,20.99,59.62,11.17,181.42,63.38,84.96,,,,,,,,,48.08,51.08,,,23.62,,134.41,118.65,73.48,,70.31,,,,,,96.80,0.00,0.00,10.50,92.80,,64.90,,,,14.30,
07-19-23,0.00,0.15,,0.00,3.18,,0.16,2.62,5.17,0.00,,,7.97,,0.00,49.00,11.81,30.52,11.44,60.58,121.08,0.00,40.18,25.09,130.25,,1.04,68.17,,10.87,1.01,,3.32,0.00,171.43,,,,,18.21,54.50,7.12,178.50,59.08,80.42,,,,,,,,,39.75,43.75,,,21.33,,132.52,118.21,66.99,,68.35,,,,,,96.40,0.00,0.00,10.40,92.40,,64.06,,,,13.40,
07-20-23,0.00,0.15,,0.00,1.37,,0.08,1.96,4.54,0.00,,,7.23,,0.00,47.46,9.23,27.76,5.43,58.66,116.87,0.00,39.00,24.29,128.61,,0.00,32.33,,4.65,0.00,,0.00,0.00,167.00,,,,,15.88,54.00,2.50,175.79,55.71,77.21,,,,,,,,,34.75,40.71,201.18,,,,127.01,114.03,55.60,,60.58,,,,,,96.90,0.00,0.00,9.90,92.90,,63.14,,,,10.30,
07-21-23,0.00,0.15,,0.00,0.21,,0.06,2.21,2.05,0.00,,,6.41,,0.00,46.42,8.44,23.03,0.00,55.62,110.34,0.00,38.00,23.66,127.56,,0.00,28.54,,0.00,0.00,,0.00,0.00,157.30,,,,,15.05,58.64,,196.79,64.33,79.33,,,,,,,,,35.95,53.96,204.26,,,,140.27,114.01,50.98,,57.08,,,,,,124.80,0.00,13.80,8.60,120.80,,64.94,,,,8.30,
07-22-23,0.00,0.15,,0.00,0.21,,0.00,0.62,0.18,0.00,,,1.71,,0.00,46.00,7.49,22.98,0.00,54.95,124.14,0.00,54.57,22.93,127.24,,0.00,27.62,,0.00,0.00,,1.67,12.22,174.63,,,,,19.85,113.92,,260.00,116.21,101.50,,,,,,,,,82.77,91.71,223.98,,,,137.03,114.74,70.87,,56.00,,,,,,138.50,0.00,29.50,7.50,134.50,,71.16,,,,8.70,
07-23-23,0.00,0.16,,0.00,0.26,,0.00,0.00,0.04,0.00,,,0.29,,0.00,45.42,5.81,22.98,0.00,54.95,124.19,0.00,62.85,22.54,126.53,,,25.46,,0.00,0.00,,1.98,22.16,180.43,,,,,16.72,94.83,114.33,261.25,116.25,99.50,,,,,,,,,81.00,91.79,231.59,,,,136.04,114.11,80.80,,55.98,,,,,,128.00,0.00,26.40,6.60,124.00,,72.12,,,,,
07-24-23,0.00,0.15,,0.00,0.28,,0.07,0.21,0.18,0.00,,,0.30,,0.00,44.46,3.29,22.98,0.00,54.45,122.94,0.00,58.46,22.26,126.02,,0.00,25.00,,0.00,0.00,,1.12,18.11,175.65,,,,,16.04,78.62,100.21,250.54,107.54,95.79,,,,,,,,,75.50,85.57,230.99,,,,136.83,116.08,72.53,,58.33,,,,,,121.30,0.00,24.10,5.70,117.30,,68.32,,,,48.40,
07-25-23,0.00,0.12,,0.00,0.26,,0.13,0.12,0.11,0.00,,,0.29,,0.00,44.00,5.84,21.98,0.00,53.70,120.58,0.00,56.81,21.99,125.59,,0.00,,,0.00,0.00,,0.00,14.80,173.04,,,,,15.89,77.67,96.46,252.60,105.12,93.17,,,,,,,,,69.72,79.52,249.96,,,,142.81,120.50,67.33,,65.71,,,,,,119.40,0.00,21.60,4.50,115.40,,66.57,,,,42.00,
07-26-23,0.00,0.14,,0.00,0.27,,0.19,0.04,0.00,0.00,,,0.14,,0.00,43.00,0.00,22.31,0.00,53.41,117.71,0.00,54.77,21.63,125.10,,0.00,,,0.00,0.00,,0.00,12.32,170.52,,,,,16.14,74.88,89.96,250.21,101.12,94.42,,,,,,,,,67.83,80.70,238.25,,,,140.91,119.66,66.08,,65.00,,,,,,118.20,0.00,20.90,4.50,114.20,,65.59,,,,39.00,
07-27-23,0.00,0.14,,0.00,0.26,,0.02,0.00,0.00,0.00,,,0.14,,0.00,43.00,0.26,22.31,0.00,51.91,116.62,0.00,52.38,21.25,124.61,,0.00,50.08,,0.00,0.00,,0.00,9.11,169.22,,,,,15.74,72.00,85.42,245.33,98.04,92.42,,,,,,,,,65.96,78.04,238.77,,,,140.49,118.81,65.20,,64.00,,,,,,115.70,0.00,20.00,3.80,111.70,,65.24,,,,39.00,
07-28-23,0.00,0.15,,0.00,0.27,,0.00,0.00,0.00,0.00,,,0.20,,0.00,41.71,0.59,22.48,0.00,50.04,115.67,0.00,49.32,20.82,124.08,,0.00,21.83,,0.00,0.00,,0.00,3.99,167.66,,,,,14.88,71.12,80.88,241.00,95.54,90.12,,,,,,,,,62.83,74.46,236.64,,11.17,,136.20,112.56,51.47,,55.38,,,,,,113.60,0.00,19.30,0.00,109.60,,64.78,,,,36.90,
07-29-23,0.00,0.16,,0.00,0.26,,0.00,0.00,0.00,0.00,,,0.11,,0.00,38.29,0.00,22.35,0.00,47.66,113.87,0.00,45.52,19.39,123.36,,0.00,19.58,,0.00,0.00,,0.00,0.00,165.65,,,,,13.32,69.71,74.62,236.67,91.92,88.42,,,,,,,,,59.46,69.71,223.84,,,,126.00,107.24,39.76,,44.71,,,,,,114.30,0.00,0.00,0.00,110.30,,66.27,,,,34.00,
07-30-23,0.00,0.15,,0.00,0.24,,0.00,0.00,0.00,0.00,,,0.00,,0.07,37.50,0.00,21.98,0.00,45.04,111.29,0.00,42.15,17.77,122.73,,,14.33,,0.00,0.00,,0.00,0.00,163.78,,,,,12.16,68.38,69.79,232.79,89.04,87.57,,,,,,,,,55.00,67.92,223.98,,0.00,,127.39,116.61,41.93,,47.48,,,,,,118.50,0.00,0.00,0.00,114.50,,64.78,,,,29.80,
07-31-23,0.00,0.14,,0.00,0.25,,0.00,0.00,0.00,0.00,,,0.00,,0.00,35.55,0.00,21.98,0.00,42.73,109.84,0.00,39.30,15.57,122.01,,0.00,10.91,,0.00,0.00,,0.00,0.00,162.40,,,,,11.10,65.09,64.59,229.45,85.77,86.32,,,,,,,,,50.23,62.55,214.46,,,,132.75,120.04,38.27,,53.52,,,,,,127.20,0.00,3.00,0.00,123.20,,65.15,,,,23.50,
08-01-23,0.00,0.14,,0.00,0.26,,0.00,0.00,0.00,0.00,,,0.00,,0.00,32.21,0.03,21.98,0.00,40.45,107.29,0.00,36.96,13.74,121.26,,0.00,9.38,,0.00,0.00,,0.00,0.00,160.80,,,,,10.32,61.42,60.12,226.75,83.12,84.50,,,,,,,,,41.33,55.52,,,,,134.31,131.10,35.50,,54.71,,,,,,141.70,0.00,0.00,0.00,137.70,,63.55,,,,17.90,
08-02-23,0.00,0.15,,0.00,0.26,,0.00,0.08,0.00,0.00,,,0.00,,0.00,28.83,0.04,21.52,0.00,38.29,103.62,0.00,33.95,11.74,120.68,,0.00,3.71,,0.00,0.00,,0.00,0.00,158.51,,,,,9.31,58.75,56.75,225.04,80.96,83.00,,,,,,,,,34.54,53.21,233.43,,0.82,,139.70,143.79,36.60,,53.04,,,,,,135.30,0.00,2.20,0.00,131.30,,62.65,,,,12.60,
08-03-23,0.00,,,0.00,0.26,,0.00,0.00,0.00,0.00,,,0.00,,0.00,26.25,0.05,20.98,0.00,35.83,101.92,0.00,30.74,9.67,120.12,,0.00,0.00,,0.00,0.00,,0.00,0.00,156.23,,,,,8.45,56.62,53.04,223.08,78.33,82.29,,,,,,,,,32.04,51.88,,,0.38,,,141.37,38.61,,52.98,,,,,,132.70,0.00,0.00,0.00,128.70,,61.67,,,,9.60,
08-04-23,0.00,0.14,,0.00,0.26,,0.00,0.00,0.00,0.00,,,0.00,,0.19,23.88,0.06,20.98,0.00,34.16,101.29,0.00,29.00,8.15,119.60,,0.00,0.00,,0.00,0.00,,0.00,0.00,154.06,,,,,7.33,55.52,49.17,221.29,76.58,80.71,,,,,,,,,31.50,50.26,232.90,,0.00,,131.92,139.16,52.00,,52.02,,,,,,138.00,0.00,0.00,0.00,134.00,,59.85,,,,5.40,
08-05-23,0.00,0.15,,0.00,0.26,,0.00,0.21,0.00,0.00,,,0.01,,0.14,22.29,0.08,20.52,0.00,31.74,101.00,0.00,27.45,6.92,119.28,,0.00,0.00,,0.00,0.00,,0.00,0.00,153.42,,,,,5.40,53.00,47.71,219.58,75.17,79.50,,,,,,,,,31.12,48.75,232.22,,0.00,,131.80,136.38,76.11,,51.06,,,,,,130.70,0.00,0.00,0.00,126.70,,60.87,,,,0.00,
08-06-23,0.00,0.13,,0.00,0.20,,0.00,0.00,0.19,0.00,,,0.11,,0.14,21.00,0.22,19.98,0.00,29.29,99.29,0.00,26.00,5.38,118.75,,,0.00,,0.00,0.00,,0.00,0.00,152.11,,,,,3.87,52.29,45.25,218.38,73.38,79.00,,,,,,,,,30.50,48.00,231.55,,0.00,,130.80,134.54,,,51.15,,,,,,126.00,0.00,0.00,0.00,122.00,,57.95,,,,0.00,
08-07-23,0.00,0.13,,0.00,0.21,,0.00,0.33,0.61,0.00,,,0.06,,0.39,20.42,0.08,19.98,0.00,28.95,98.87,0.00,25.27,5.08,118.29,,0.00,0.00,,0.00,0.00,,0.00,0.00,151.61,,,,,0.00,52.00,42.62,217.00,72.38,78.42,,,,,,,,,30.50,48.00,230.89,,0.00,,131.20,132.96,102.78,,51.00,,,,,,123.50,0.00,,0.00,119.50,,58.02,,,,0.00,
08-08-23,0.00,0.13,,0.00,0.24,,21.47,0.21,10.91,0.00,,,0.05,,0.12,20.00,0.08,19.56,0.00,28.16,98.29,0.00,22.27,4.20,118.01,,0.00,0.00,,0.00,0.00,,0.00,0.00,150.72,,,,,0.00,51.79,39.92,216.00,70.88,77.42,,,,,,,,,30.50,47.71,230.12,,0.00,,130.77,131.18,59.64,,51.00,,,,,,127.10,9.66,0.00,0.00,123.10,,58.09,,,,0.00,
08-09-23,0.00,0.12,,0.00,0.26,,9.81,0.50,8.27,0.00,,,0.14,,0.18,19.08,0.00,18.98,0.00,26.20,97.96,0.00,20.65,1.80,117.69,,0.00,0.00,,0.00,0.00,,0.00,0.00,149.96,,,,,0.00,51.00,37.87,215.00,68.46,75.74,,,,,,,,,28.79,45.77,231.36,,0.00,,129.55,128.56,54.52,,49.60,,,,,,132.10,7.62,0.00,0.00,128.10,,57.12,,,,0.00,
08-10-23,0.00,0.15,,0.00,0.27,,0.33,0.00,4.31,0.00,,,0.19,,0.55,20.83,0.06,18.98,0.00,32.54,,,24.85,1.14,117.61,,0.00,,,0.00,0.00,,1.70,9.51,156.32,,,,,16.14,72.54,,251.42,106.10,106.42,,,,,,,,,65.54,67.95,,,0.42,,126.30,125.66,60.05,,47.27,,,,,,129.80,0.00,0.00,0.00,125.80,,55.03,,,,0.00,
08-11-23,0.00,0.14,,0.00,0.27,,0.00,0.00,0.05,0.00,,,0.00,,0.46,21.17,0.01,18.98,0.00,35.33,97.58,0.00,22.68,0.00,117.11,,0.00,0.00,,0.00,0.00,,1.35,10.66,154.90,,,,,18.45,81.38,75.92,261.67,106.92,112.71,,,,,,,,,69.75,81.22,360.27,,10.38,,126.72,126.09,80.88,,46.69,,,,,,129.20,0.00,0.00,0.00,125.20,,61.41,,,,41.90,
08-12-23,0.00,0.15,,0.00,0.26,,0.00,0.21,0.03,0.00,,,0.00,,0.00,19.67,0.02,18.98,0.00,32.83,96.79,0.00,21.10,0.00,116.71,,0.00,0.00,,0.00,0.00,,0.00,4.22,154.26,,,,,13.91,78.08,68.46,256.04,101.50,108.33,,,,,,,,,65.88,77.71,270.24,,11.00,,128.90,129.40,62.88,,48.65,,,,,,128.30,0.00,0.00,0.00,124.30,,61.31,,,,4.20,
08-13-23,0.00,0.16,,0.00,0.26,,0.00,0.17,0.00,0.00,,,0.01,,0.00,18.50,0.19,17.94,0.00,30.20,96.29,0.00,19.09,0.00,116.33,,,0.00,,0.00,0.00,,0.00,0.00,152.76,,,,,9.66,73.75,59.00,251.21,95.96,101.38,,,,,,,,,58.75,73.00,252.99,,7.21,,142.34,,60.67,,65.22,,,,,,129.20,0.00,0.00,0.00,125.20,,60.92,,,,0.00,
08-14-23,0.00,0.14,,0.00,0.25,,0.00,0.00,0.00,0.00,,,0.00,,0.39,15.58,0.19,11.69,0.00,28.45,95.75,0.00,16.10,0.00,115.91,,0.00,0.00,,0.00,0.00,,0.00,0.00,151.45,,,,,7.02,70.33,49.00,245.83,91.42,95.04,,,,,,,,,48.71,63.21,245.52,,2.83,,137.05,129.83,61.43,,60.07,,,,,,133.20,0.00,0.00,0.00,129.20,,60.10,,,,0.00,
08-15-23,0.00,0.15,,0.00,0.25,,0.00,0.33,0.06,0.00,,,0.00,,0.39,14.00,0.15,9.65,0.00,27.08,95.29,0.00,15.00,0.00,115.58,,0.00,0.00,,0.00,0.00,,0.00,0.00,150.72,,,,,6.32,68.67,42.17,241.17,87.67,91.50,,,,,,,,,41.29,57.17,247.57,,0.00,,138.73,130.42,58.92,,57.79,,,,,,148.50,0.00,10.00,0.00,144.50,,59.66,,,,0.00,
08-16-23,0.00,0.13,,0.00,0.21,,0.00,0.00,0.21,0.00,,,0.16,,0.12,14.00,0.29,8.98,0.00,26.62,94.67,0.00,14.57,0.00,115.25,,0.00,,,,0.00,,0.00,0.00,150.57,,,,,6.68,68.00,40.25,240.00,85.58,89.36,,,,,,,,,43.00,59.57,273.02,,0.00,,141.08,143.41,58.70,,72.98,,,,,,145.60,0.00,8.60,0.00,141.60,,57.53,,,,0.00,
08-17-23,0.00,0.14,,0.00,0.30,,0.00,0.29,0.23,0.00,,,0.21,,0.18,14.00,0.02,8.98,0.00,30.29,100.11,0.00,18.91,0.00,115.04,,0.00,14.67,,0.00,0.00,,0.00,5.01,174.30,,,,,,78.75,168.41,260.40,101.25,100.46,,,,,,,,,58.22,77.81,294.59,,1.88,,146.14,152.66,58.88,,84.27,,,,,,144.20,0.00,7.50,,140.20,,56.03,,,,0.00,
08-18-23,0.00,,,0.00,0.35,,0.00,0.42,0.22,0.08,,,0.22,,0.60,14.00,0.00,8.40,,30.41,99.29,0.00,17.50,0.00,114.78,,0.00,5.38,,0.00,0.00,,0.00,14.07,178.39,,,,,23.17,82.00,70.79,258.67,98.48,99.38,,,,,,,,,57.33,80.50,295.99,,4.46,,149.54,152.94,61.55,,85.04,,,,,,144.30,0.00,6.10,0.00,140.30,,54.64,,,,11.70,
08-19-23,0.00,0.14,,0.00,0.32,,12.30,12.88,16.62,4.90,,,9.60,,1.72,29.33,8.90,29.52,0.00,60.79,138.71,23.40,58.19,18.08,143.24,,0.00,,,18.27,,,9.85,59.78,195.75,,,,,34.84,107.58,,300.42,132.62,112.04,,,,,,,,,61.83,89.38,296.04,,4.00,,,149.96,61.11,,82.58,,,,,,144.10,10.86,5.00,0.00,140.10,,68.88,,,,12.50,
08-20-23,0.00,0.14,,0.00,0.34,,19.29,21.58,50.30,7.24,,,10.85,,2.69,14.00,11.55,33.35,8.59,91.45,181.01,28.43,92.00,37.63,230.02,,,,,55.39,0.00,,17.83,,227.93,,,,,59.39,182.38,71.12,353.75,134.54,110.29,,,,,,,,,49.12,87.67,298.32,,2.62,,148.19,148.25,66.51,,80.08,,,,,,143.80,20.72,4.10,0.00,139.80,,105.20,,,,,
08-21-23,,0.14,,0.00,0.31,,0.71,15.04,56.79,2.61,,,1.98,,2.14,13.00,13.51,31.77,6.47,90.12,179.06,11.95,83.50,0.00,232.62,,0.00,32.46,,80.49,0.00,,17.11,57.99,218.76,,,,,58.35,229.25,89.38,399.18,125.65,119.83,,,,,,,,,32.89,80.95,298.94,,0.29,,158.39,154.59,77.90,,83.69,,,,,,144.40,0.00,6.00,0.00,140.40,,94.71,,,,,
08-22-23,0.00,0.12,,,0.33,,0.00,8.25,10.60,0.00,,,0.85,,1.83,13.00,19.77,33.53,18.25,84.45,233.02,9.41,88.86,0.00,209.15,,0.00,101.17,,85.00,0.00,,14.10,48.91,237.45,,,,,62.39,273.46,158.92,462.83,194.79,190.12,,,,,,,,,61.79,114.58,315.69,,3.96,,165.60,159.67,80.81,,85.04,,,,,,146.50,0.00,6.30,0.00,142.50,,97.57,,,,,
08-23-23,0.00,0.12,,,0.33,,0.00,6.25,0.00,0.00,,,0.32,,1.20,13.00,20.57,,24.36,119.16,330.51,15.87,131.40,,,,0.00,,,130.36,,,41.70,47.64,252.27,,,,,71.22,284.38,160.21,478.00,194.88,209.50,,,,,,,,,84.08,138.25,319.45,,23.96,,154.65,158.51,95.34,,82.27,,,,,,145.60,0.00,5.80,0.00,141.60,,135.24,,,,,
08-24-23,0.00,0.12,,,0.33,,0.00,5.58,0.00,0.00,,,0.32,,0.01,13.00,18.81,35.07,0.00,128.75,282.04,14.68,124.95,0.00,,,0.00,47.75,,133.17,0.00,,47.37,45.57,242.82,,,,,70.56,276.30,193.92,478.00,197.58,238.21,,,,,,,,,107.80,170.12,320.39,,24.88,,150.35,156.84,92.82,,79.21,,,,,,148.00,0.00,3.20,0.00,144.00,,142.12,,,,,
08-25-23,0.00,0.13,,0.07,0.30,,0.00,5.46,0.00,0.00,,,0.36,,0.00,12.38,16.95,33.98,,121.70,278.47,13.50,118.41,0.00,,,0.00,40.08,,101.12,0.00,,44.69,44.34,237.91,,,,,67.18,271.42,169.58,478.00,201.54,241.92,,,,,,,,,106.71,177.54,319.72,,21.54,,149.20,155.33,93.92,,75.60,,,,,,155.80,0.00,0.00,0.00,151.80,,130.89,,,,,
08-26-23,0.00,0.14,,0.07,0.30,,0.00,4.79,,0.00,,,0.44,,0.43,12.00,16.33,33.40,0.00,117.66,275.54,12.17,115.00,0.00,,,0.00,37.42,,83.86,0.00,,43.37,43.39,237.05,,,,,,267.67,159.50,478.00,194.12,233.62,,,,,,,,,100.29,170.62,319.03,,18.42,,148.94,154.01,92.27,,75.02,,,,,,153.40,0.00,0.00,0.00,149.40,,130.83,,,,,
08-27-23,0.00,0.13,,0.04,0.33,,0.09,3.38,,0.04,,,0.23,,0.35,12.00,15.64,32.98,0.00,115.25,273.00,10.31,112.14,0.00,,,,36.00,,75.03,0.00,,42.04,42.39,235.72,,,,,,264.58,152.17,478.00,188.25,,,,,,,,,,95.58,164.21,318.39,,16.58,,,151.68,89.01,,73.58,,,,,,153.20,0.00,0.00,0.00,149.20,,129.47,,,,,
08-28-23,0.00,0.10,,0.00,0.33,,0.03,2.00,,0.06,,,0.35,,0.60,12.00,15.25,32.48,0.00,118.60,280.21,10.50,118.16,,,,0.00,45.17,,92.20,0.00,,40.55,49.82,239.66,,,,,67.86,261.92,210.00,478.00,195.83,234.21,,,,,,,,,98.79,158.25,329.45,,13.39,,,151.80,103.54,,70.21,,,,,,153.10,0.00,0.00,,149.10,,136.31,,,,,
08-29-23,0.00,0.14,,0.00,0.35,,0.09,0.75,0.00,0.01,,,0.08,,0.39,12.00,15.28,31.98,0.00,115.54,277.97,8.63,114.05,0.00,,,0.00,37.46,,75.68,0.00,,38.76,47.68,244.29,,,,,74.77,258.96,162.21,478.00,196.79,233.33,,,,,,,,,91.29,153.46,334.84,,13.67,,,151.41,100.19,,69.59,,,,,,151.90,0.00,0.00,0.00,147.90,,137.97,,,,,
08-30-23,0.00,0.14,,0.00,0.35,,0.00,0.17,0.00,0.00,,,0.01,,0.26,11.42,15.00,31.98,0.00,111.41,269.38,3.05,107.79,0.00,,,0.00,34.54,,58.58,0.00,,36.42,42.26,238.69,,,,,72.06,252.33,,478.32,188.42,233.70,,,,,,,,,96.50,156.33,340.37,,28.79,,161.16,162.70,92.65,,74.10,,,,,,159.80,0.00,0.00,0.00,155.80,,138.80,,,,,
08-31-23,0.00,,,0.00,0.34,,0.00,0.33,0.00,0.01,,,0.06,,0.14,10.08,14.75,31.56,0.00,108.12,267.92,1.45,103.08,0.00,,,0.00,33.21,,55.22,0.00,,33.63,38.70,236.41,,,,,66.45,248.21,,478.00,183.92,230.17,,,,,,,,,96.29,164.12,344.53,,32.29,,154.65,167.07,91.26,,71.25,,,,,,159.40,0.00,0.00,0.00,155.40,,138.38,,,,,
09-01-23,0.00,0.14,,0.00,0.32,,0.05,0.58,0.00,0.00,,,0.28,,0.60,8.00,13.55,30.98,20.55,111.16,273.19,1.72,111.58,3.48,,,1.20,,,,11.71,,31.13,31.99,,,,,,66.30,245.96,,473.52,181.00,226.25,,,,,,,,,94.25,160.62,348.74,,32.50,,152.17,172.45,90.22,,74.65,,,,,,166.00,0.00,3.60,0.00,162.00,,138.35,,,,,
09-02-23,0.00,0.14,,0.00,0.26,,0.00,0.58,0.00,0.00,,,0.79,,1.07,10.57,13.62,42.93,38.07,129.70,299.45,2.19,138.68,5.75,,,23.41,,,54.21,86.59,,32.28,37.22,,,,,,126.85,262.38,227.46,471.17,188.00,252.33,,,,,,,,,114.83,176.82,350.00,,33.96,,153.52,175.15,91.30,,74.25,,,,,,169.10,0.00,4.20,,165.10,,147.98,,,,,
09-03-23,0.00,,,,6.64,,12.98,0.71,23.45,0.32,,,0.98,,0.68,10.00,13.61,43.44,28.98,127.16,292.35,2.09,131.79,3.01,,,32.92,60.29,,51.57,43.79,,32.43,40.64,,,,,,128.08,250.09,245.36,471.00,191.00,267.71,,,,,,,,,115.58,191.71,349.94,,33.21,,,176.15,91.83,,74.06,,,,,,166.20,7.48,3.00,0.00,162.20,,147.07,,,,,
09-04-23,0.00,0.11,,0.39,8.61,,16.19,0.33,16.98,0.20,,,0.30,,1.19,11.26,13.71,44.98,21.86,127.91,294.98,1.94,127.26,1.80,,,18.31,46.09,,48.59,27.67,,30.75,45.04,,,,,,141.26,274.39,234.69,473.18,220.39,265.52,,,,,,,,,105.69,193.19,,,31.71,,154.02,173.27,91.12,,74.02,,,,,,161.60,11.81,0.00,0.00,157.60,,145.10,,,,,
09-05-23,0.00,0.10,,0.12,6.05,,13.63,0.75,15.85,0.08,,,0.24,,0.51,12.00,13.10,43.63,56.60,134.29,308.34,2.23,129.33,1.65,,,12.91,50.12,,44.74,5.53,,30.21,58.68,,,,,,163.31,281.96,221.83,471.67,224.85,264.46,,,,,,,,,103.33,203.50,349.87,,29.96,,154.50,171.02,89.63,,74.00,,,,,,160.70,9.50,0.00,2.00,156.70,,144.83,,,,,
09-06-23,0.00,0.11,,0.00,4.10,,11.21,1.96,17.21,,,,,,1.31,18.96,13.31,44.60,73.35,143.25,341.94,5.12,156.21,,,,34.29,106.58,,49.29,25.56,,36.79,79.89,,,,,,200.72,315.12,226.24,469.25,266.92,283.90,,,,,,,,,109.76,,365.60,,28.83,,153.41,177.87,86.63,,91.81,,,,,,158.90,0.00,0.00,6.90,154.90,,152.23,,,,,
09-07-23,0.00,0.13,,0.04,2.43,,10.65,2.17,21.65,0.08,,,0.63,,0.68,24.08,13.31,56.60,42.27,147.20,361.68,15.60,168.92,3.56,,,35.66,72.71,,42.43,11.71,,48.86,87.39,,,,,,202.83,329.96,219.46,466.75,261.58,282.61,,,,,,,,,110.67,,393.55,,29.75,,154.50,174.95,85.90,,84.23,,,,,,161.00,0.00,0.00,8.20,157.00,,165.87,,,,,
09-08-23,0.00,0.12,,,1.08,,10.68,0.52,27.57,0.06,,,0.56,,0.94,22.50,13.01,56.39,87.57,175.48,365.12,12.96,171.33,5.67,,,37.04,102.12,,53.54,24.12,,48.51,84.45,,,,,,,318.39,,465.00,252.00,273.25,,,,,,,,,107.46,225.39,,,29.17,,155.41,172.54,88.22,,80.38,,,,,,161.10,2.05,0.00,12.50,157.10,,179.74,,,,,
09-09-23,0.00,0.13,,0.00,0.62,,8.30,0.62,,0.00,,,0.78,,1.10,20.83,13.16,54.93,76.44,168.52,368.83,5.55,168.67,1.08,,,21.08,80.92,,77.12,0.00,,47.89,79.16,,,,,,,317.08,211.50,465.00,256.67,274.08,,,,,,,,,110.33,214.46,,,26.96,,155.37,171.69,89.04,,79.60,,,,,,158.00,0.00,0.00,11.00,154.00,,179.17,,,,,
09-10-23,0.00,0.14,,0.00,0.63,,11.98,0.08,,0.00,,,0.37,,0.94,18.00,12.95,52.78,50.20,168.70,355.51,2.72,163.96,0.00,,,6.09,84.92,,106.77,0.00,,45.79,78.53,,,,,,209.90,351.96,218.58,465.00,261.21,269.15,,,,,,,,,110.46,223.48,,,25.58,,156.37,171.55,99.12,,81.42,,,,,,161.50,0.00,0.00,5.60,157.50,,190.45,,,,,
09-11-23,0.00,0.12,,0.00,0.47,,1.64,0.46,,0.00,,,1.17,,0.90,21.33,13.62,55.53,29.93,169.74,382.19,10.53,192.96,14.81,,,0.00,96.33,,141.49,0.00,,61.16,80.32,,,,,,213.05,393.13,229.71,465.00,269.88,302.58,,,,,,,,,135.24,252.67,,,30.91,,156.36,171.22,121.87,,81.60,,,,,,160.00,0.00,0.00,0.00,156.00,,212.94,,,,,
09-12-23,0.00,0.12,,,0.73,,3.55,1.12,,0.09,,,10.64,,2.10,21.54,24.71,54.98,162.37,164.16,376.81,7.89,183.50,10.48,,,0.00,87.62,,129.47,1.27,,61.52,78.26,,,,,,208.76,384.12,220.06,465.00,261.17,297.08,,,,,,,,,130.04,249.88,,,33.00,,156.20,,106.05,,83.04,,,,,,164.20,2.34,0.00,4.90,160.20,,215.00,,,,,
09-13-23,0.00,,,0.07,0.17,,4.42,0.58,,0.15,,,9.24,,1.76,20.00,22.14,54.98,,160.87,373.33,5.91,175.25,7.60,,,0.00,84.92,,113.72,1.45,,58.92,76.89,,,,,,,371.38,211.71,465.00,254.08,293.04,,,,,,,,,126.50,247.33,,,34.30,,155.59,171.17,97.78,,81.92,,,,,,164.70,0.00,0.00,6.10,160.70,,215.00,,,,,
09-14-23,0.00,0.13,,0.07,0.07,,2.74,0.25,24.26,0.16,,,6.55,,0.03,18.08,17.81,52.81,20.73,155.29,368.00,4.09,169.00,6.70,,,1.66,76.42,,101.46,6.24,,55.36,75.72,,,,,,,361.83,210.96,465.00,252.50,289.08,,,,,,,,,130.08,251.54,,,30.29,,155.07,166.18,90.11,,77.54,,,,,,165.40,0.00,0.00,5.90,161.40,,214.62,,,,,
09-15-23,0.00,0.13,,0.11,0.06,,0.00,0.00,22.90,0.21,,,3.30,,0.05,13.62,14.59,49.94,19.11,145.70,362.54,2.90,159.21,2.41,,,0.00,73.62,,90.94,5.75,,49.70,70.72,,,,,,,355.50,197.96,464.00,244.88,278.46,,,,,,,,,118.17,243.92,,,18.96,,155.33,170.25,88.21,,77.94,,,,,,175.20,0.00,0.00,0.00,171.20,,209.35,,,,,
09-16-23,0.00,0.11,,0.11,0.05,,0.48,0.00,21.07,0.00,,,0.83,,0.43,10.67,12.56,47.48,9.34,139.12,358.21,1.59,149.79,0.00,,,0.00,71.71,,88.94,5.22,,45.21,59.99,,,,,,,349.00,191.62,464.00,235.58,276.67,,,,,,,,36.92,112.58,242.90,,,22.54,,171.77,176.78,94.75,,79.50,,,,,,172.60,0.00,0.00,0.00,168.60,,200.22,,,,,
09-17-23,0.00,0.09,,0.08,0.03,,0.46,0.21,19.78,0.08,,,0.03,,0.36,10.00,11.03,45.98,6.53,134.64,356.00,2.16,144.00,0.00,,,,70.62,,82.73,4.54,,42.05,53.03,,,,,,,353.68,187.71,465.50,232.25,281.62,,,,,,,,,114.50,257.42,,,30.08,,164.91,173.68,89.83,,91.38,,,,,,172.10,0.00,0.00,0.00,168.10,,196.61,,,,,
09-18-23,0.00,0.08,,0.08,0.05,,0.50,0.08,19.33,0.00,,,0.00,,0.18,9.71,11.21,45.98,4.40,132.95,354.04,2.66,142.00,0.00,,,0.00,69.50,,69.64,4.06,,41.26,52.84,,,,,,,352.79,183.87,467.00,229.12,277.29,,,,,,,,,111.83,254.43,,,28.33,,175.71,177.65,93.13,,89.23,,,,,,170.30,0.00,0.00,0.00,166.30,,194.61,,,,,
09-19-23,0.00,0.08,,,0.05,,0.67,0.38,18.48,0.00,,,0.00,,0.17,6.96,10.13,45.98,3.97,132.20,351.67,3.07,140.54,0.00,,,,68.58,,67.65,3.06,,40.35,50.80,,,,,,,349.82,180.91,466.00,226.46,274.71,,,,,,,,,110.75,250.12,,,26.42,,171.00,174.22,93.56,,88.12,,,,,,168.20,0.00,0.00,0.00,164.20,,193.45,,,,,
09-20-23,0.00,,,0.08,0.03,,0.00,0.29,17.41,0.00,,,0.00,,0.22,2.25,8.41,44.73,2.08,129.20,348.96,2.18,139.00,0.00,,,0.00,67.79,,63.57,0.00,,38.86,48.78,,,,,,,334.86,178.00,464.46,223.83,272.25,,,,,,,,,109.25,247.38,,,24.42,,163.16,171.29,93.14,,87.15,,,,,,168.70,0.00,0.00,0.00,164.70,,,,,,,
09-21-23,0.00,0.08,,0.06,0.01,,0.00,0.04,16.26,0.00,,,0.16,,0.20,0.00,7.47,43.60,0.00,125.75,342.92,2.04,137.67,0.00,,,0.00,64.96,,57.53,0.00,,37.69,46.97,,,,,,,328.79,174.50,463.58,220.88,270.12,,,,,,,,,109.12,246.00,,,21.29,,162.65,169.68,92.94,,85.88,,,,,,169.10,0.00,0.00,0.00,165.10,,194.40,,,,,
09-22-23,0.00,0.08,,0.06,0.03,,0.00,0.00,14.58,0.00,,,0.04,,0.05,0.00,6.30,42.98,0.00,124.33,338.79,2.14,136.38,0.00,,,0.00,59.75,,52.94,0.00,,37.14,45.74,,,,,,,323.00,171.25,463.00,218.50,268.54,,,,,,,,,106.50,245.00,,,19.12,,162.24,167.79,92.88,,84.71,,,,,,166.20,0.00,0.00,0.00,162.20,,194.16,,,,,
09-23-23,0.00,0.06,,0.09,0.02,,0.08,0.31,13.88,0.00,,,0.09,,0.00,0.00,5.42,41.98,0.00,122.95,335.81,2.00,135.00,0.00,,,0.00,54.35,,51.67,0.00,,36.67,44.76,,,,,,,319.58,167.00,462.00,216.38,266.96,,,,,,,,,105.08,243.46,,,16.83,,160.93,166.34,92.83,,83.73,,,,,,164.60,0.00,0.00,0.00,160.60,,191.60,,,,,
09-24-23,0.00,0.06,,0.10,0.03,,0.00,0.71,12.57,0.00,,,0.10,,0.00,0.00,2.66,41.48,0.00,120.37,333.62,0.00,133.25,0.00,,,,49.33,,49.84,0.00,,35.33,42.86,,,,,,,317.00,162.83,462.00,213.46,264.42,,,,,,,,,102.75,242.38,429.99,,13.96,,160.10,164.86,92.65,,83.33,,,,,,164.20,0.00,0.00,0.00,160.20,,196.75,,,,,
09-25-23,0.00,0.03,,0.11,0.02,,0.00,0.25,10.80,0.01,,,0.13,,0.21,0.00,0.80,39.15,0.00,116.41,332.29,0.00,129.92,0.00,,,0.00,44.79,,48.11,0.00,,33.03,40.22,,,,,,,314.67,162.38,461.00,210.83,263.55,,,,,,,,,101.50,241.75,429.50,,11.00,,160.18,163.82,92.51,,82.42,,,,,,162.00,0.00,0.00,0.00,158.00,,197.05,,,,,
09-26-23,0.00,0.03,,0.06,0.00,,0.00,0.22,9.46,0.00,,,0.06,,0.26,0.00,1.13,38.15,0.00,114.00,331.29,0.00,128.09,0.00,,,0.00,40.25,,43.73,0.00,,32.23,38.54,,,,,,,314.00,170.50,460.46,217.25,280.38,,,,,,,,,107.83,254.79,429.21,,8.38,,159.95,163.33,95.21,,80.35,,,,,,159.10,0.00,0.00,0.00,155.10,,195.01,,,,,
09-27-23,0.00,0.01,,0.09,0.02,,0.00,0.23,7.90,0.11,,,0.00,,0.00,0.00,0.82,36.98,0.00,110.25,330.29,0.00,125.21,0.00,,,0.00,38.79,,43.10,0.00,,29.99,33.99,,,,,,,311.58,160.92,460.00,210.04,271.04,,,,,,,,,101.71,250.08,429.15,,6.58,,161.08,165.85,109.53,,78.90,,,,,,157.30,0.00,0.00,0.00,153.30,,192.72,,,,,
09-28-23,0.00,0.00,,0.07,0.03,,0.10,0.33,3.68,0.06,,,0.00,,0.12,0.00,0.85,35.98,0.00,105.87,327.62,0.00,121.74,0.00,,,0.00,38.92,,43.46,0.00,,26.59,30.93,,,,,,,309.43,153.65,459.29,205.25,266.25,,,,,,,,,99.58,247.00,428.91,,4.54,,166.06,166.52,120.12,,77.90,,,,,,156.90,0.00,0.00,0.00,152.90,,190.94,,,,,
09-29-23,0.00,,,0.02,0.03,,0.16,0.21,0.27,0.21,,,0.00,,0.00,0.00,0.00,34.98,0.00,101.41,326.00,0.00,117.07,0.00,,,0.00,38.04,,40.85,0.00,,23.63,27.84,,,,,,,307.67,149.79,459.00,201.33,262.21,,,,,,,,,97.29,244.17,428.66,,0.00,,166.71,162.52,113.73,,74.77,,,,,,155.40,0.00,0.00,0.00,151.40,,189.22,,,,,
09-30-23,0.00,0.01,,0.04,0.01,,0.05,0.37,0.00,0.16,,,0.00,,0.00,0.00,0.16,33.76,0.00,97.41,324.16,0.00,112.26,0.00,,,0.00,37.08,,40.23,0.00,,19.91,22.12,,,,,,,306.25,144.25,459.00,197.42,258.12,,,,,,,,,93.96,240.46,428.56,,0.00,,161.82,159.92,111.16,,72.71,,,,,,153.50,0.00,0.00,0.00,149.50,,186.12,,,,,
10-01-23,0.00,0.01,,0.06,0.03,,0.09,0.12,0.00,0.07,,,0.02,,0.00,0.00,0.19,30.07,0.00,92.36,320.21,0.00,106.22,0.00,,,,34.54,,39.90,0.00,,15.79,13.41,,,,,,,301.87,139.29,462.87,192.88,253.92,,,,,,,,,90.17,237.71,427.77,,0.00,,157.69,158.24,114.88,,71.06,,,,,,152.60,0.00,0.00,0.00,148.60,,181.76,,,,,
10-02-23,0.00,0.02,,0.06,0.02,,0.00,0.28,0.00,0.00,,,0.12,,0.15,0.00,0.13,27.19,0.00,86.40,316.62,0.00,102.45,0.00,,,0.00,33.55,,36.59,0.00,,10.91,3.54,,,,,,,297.45,132.67,464.33,188.17,251.04,,,,,,,,,87.20,236.30,427.28,,0.00,,,157.64,114.90,,69.75,,,,,,152.10,0.00,0.00,0.00,148.10,,177.21,,,,,
10-03-23,0.00,0.03,,0.08,0.00,,0.07,0.71,0.00,0.11,,,0.13,,0.55,0.00,0.23,25.98,0.00,84.95,318.04,0.00,102.71,0.00,,,0.00,32.96,,34.73,0.00,,9.29,2.95,,,,,,,296.18,129.92,465.00,184.21,249.68,,,,,,,,,85.08,236.00,427.19,,0.00,,,155.42,112.05,,66.48,,,,,,151.70,0.00,0.00,0.00,147.70,,174.03,,,,,
10-04-23,0.00,0.00,,0.05,0.00,,0.00,0.39,0.23,0.01,,,0.00,,0.33,0.00,0.18,25.55,0.00,83.70,318.79,0.00,101.46,0.00,,,0.00,32.08,,34.73,0.00,,8.15,2.68,,,,,,,295.12,126.58,464.21,181.92,250.88,,,,,,,,,83.17,235.50,427.01,,0.00,,155.91,153.51,110.08,,62.58,,,,,,149.30,0.00,0.00,0.00,145.30,,174.72,,,,,
10-05-23,0.00,0.00,,0.09,0.00,,0.02,0.37,0.36,0.11,,,0.24,,0.39,0.00,0.23,24.98,0.00,81.08,316.77,0.00,98.42,0.00,,,0.00,31.88,,34.99,0.00,,2.76,0.00,,,,,,,292.42,122.75,462.62,179.50,247.88,,,,,,,,4.25,80.67,234.00,427.85,,0.00,,155.75,152.66,114.40,,59.67,,,,,,145.40,0.00,0.00,0.00,141.40,,173.60,,,,,
10-06-23,0.00,0.00,,0.23,0.00,,0.03,0.48,0.46,0.21,,,0.11,,,0.00,0.32,24.31,,79.12,314.29,0.00,96.25,0.00,,,0.00,,,35.63,,,0.00,0.00,,,,,,,291.00,120.38,462.00,177.12,246.04,,,,,,,,2.28,79.00,233.00,,,,,,158.72,118.35,,58.88,,,,,,145.90,0.00,0.00,0.00,141.90,,169.56,,,,,
10-07-23,0.00,,,0.62,0.04,,0.10,0.37,0.39,0.15,,,0.13,,0.33,0.00,0.20,23.98,0.00,75.61,313.55,,93.12,0.00,,,0.00,31.54,,36.60,0.00,,0.00,0.00,,,,,,,289.38,115.17,461.00,174.46,243.65,,,,,,,,0.00,77.08,232.25,,,0.00,,154.92,155.68,116.75,,54.56,,,,,,147.20,0.00,0.00,0.00,143.20,,166.12,,,,,
10-08-23,0.00,,,0.26,0.03,,0.17,0.43,0.28,0.20,,,0.00,,0.55,0.00,0.15,23.24,0.00,69.70,312.29,0.00,89.62,0.00,,,,31.26,,35.84,0.00,,0.00,0.00,,,,,,,287.22,110.42,460.38,171.08,240.00,,,,,,,,0.00,73.50,230.38,,,0.00,,155.79,162.72,115.22,,52.46,,,,,,147.90,0.00,0.00,0.00,143.90,,160.23,,,,,
10-09-23,0.00,0.00,,0.25,0.02,,0.00,,0.28,0.05,,,0.00,,0.00,0.00,0.08,19.77,0.00,63.69,311.29,0.00,85.42,0.00,,,0.00,30.17,,33.83,0.00,,0.00,0.00,,,,,,,284.21,105.08,459.57,166.50,236.83,,,,,,,,0.18,70.62,228.46,,,0.00,,154.77,163.71,115.39,,47.62,,,,,,145.40,0.00,0.00,0.00,141.40,,153.56,,,,,
10-10-23,0.00,0.00,,0.24,0.00,,0.00,0.41,0.00,0.00,,,0.09,,0.01,0.00,0.15,15.98,0.00,59.95,311.29,0.00,82.50,0.00,,,0.00,28.83,,32.51,0.00,,0.00,0.00,,,,,,,280.17,100.04,458.42,162.29,234.00,,,,,,,,0.23,67.92,227.00,429.55,,0.00,,155.67,163.62,116.88,,44.35,,,,,,144.50,0.00,0.00,0.00,140.50,,148.34,,,,,
10-11-23,0.00,0.00,,0.26,0.01,,0.00,0.51,0.00,0.00,,,0.11,,0.19,0.00,0.18,15.57,0.00,59.22,308.29,0.00,80.54,0.00,,,0.00,26.88,,30.01,0.00,,0.00,0.00,,,,,,,278.33,94.63,457.54,158.25,231.17,,,,,,,,0.26,65.79,226.21,429.16,,0.00,,155.84,160.20,116.06,,41.29,,,,,,143.40,0.00,0.00,0.00,139.40,,146.03,,,,,
10-12-23,0.00,0.00,,,0.00,,0.05,0.28,0.00,0.08,,,0.00,,0.10,0.00,0.15,14.72,0.00,57.08,307.29,0.00,77.26,0.00,,,0.00,25.61,,29.66,0.00,,0.00,0.00,,,,,,,275.88,88.71,457.71,154.33,228.17,,,,,,,,0.20,63.29,224.04,427.87,,0.00,,154.95,156.38,114.20,,37.12,,,,,,141.70,0.00,0.00,0.00,137.70,,141.81,,,,,
10-13-23,0.00,0.00,,0.24,0.00,,0.05,0.05,0.00,0.00,,,0.00,,0.00,0.00,0.06,13.69,0.00,53.95,306.55,0.00,74.08,0.00,,,0.00,25.12,,29.73,0.00,,0.00,0.00,,,,,,,272.83,83.17,458.17,150.62,224.83,,,,,,,,0.26,59.83,221.88,426.24,,0.00,,154.05,153.48,111.47,,33.02,,,,,,138.30,0.00,0.00,0.00,134.30,,136.21,,,,,
10-14-23,0.00,0.00,,0.24,0.00,,0.00,0.00,0.00,0.04,,,0.04,,0.00,0.00,0.11,10.40,0.00,51.26,305.29,0.00,70.48,0.00,,,0.00,25.12,,29.84,0.00,,0.00,0.00,,,,,,,268.79,76.96,455.88,146.00,221.50,,,,,,,,0.29,56.71,219.58,424.37,,0.00,,151.98,150.39,109.03,,28.04,,,,,,134.80,0.00,0.00,0.00,130.80,,130.49,,,,,
10-15-23,0.00,0.00,,0.25,0.00,,0.00,0.46,0.00,0.00,,,0.11,,,0.00,0.07,5.35,0.00,47.87,304.83,0.00,66.42,0.00,,,,24.88,,28.34,0.00,,,,,,,,,,266.12,70.25,453.67,141.21,217.83,,,,,,,,0.26,54.17,217.96,421.35,,0.00,,149.89,147.60,107.90,,23.54,,,,,,132.10,,0.00,0.00,128.10,,125.31,,,,,
10-16-23,0.00,0.00,,0.26,0.00,,0.00,0.31,0.00,0.00,,,0.06,,,0.00,0.14,1.41,0.00,43.64,303.54,0.00,62.38,0.00,,,0.00,21.09,,27.49,0.00,,0.00,0.00,,,,,,,264.00,63.42,450.88,136.96,214.38,,,,,,,,0.25,51.11,216.62,418.00,,0.00,,149.02,144.30,107.99,,19.67,,,,,,129.80,0.00,0.00,0.00,125.80,,120.91,,,,,
10-17-23,0.00,0.00,,0.25,0.00,,0.16,0.54,0.00,0.06,,,0.04,,0.00,0.00,0.12,0.00,0.00,34.45,301.90,0.00,57.58,0.00,,,0.00,18.00,,,0.00,,0.00,0.00,,,,,,,260.79,57.87,448.42,131.83,210.09,,,,,,,,0.39,46.75,214.33,413.40,,0.00,,145.90,140.36,105.32,,13.65,,,,,,128.80,0.00,0.00,0.00,124.80,,116.62,,,,,
10-18-23,,0.09,,0.24,0.00,,0.00,0.24,0.00,0.00,,,0.10,,0.46,0.00,0.08,0.00,0.00,26.95,301.62,0.00,55.27,0.00,,,0.00,,,27.56,,,0.00,0.00,,,,,,,262.17,52.08,447.00,128.00,206.54,,,,,,,,0.30,41.83,211.50,404.12,,0.00,,,135.12,100.00,,6.25,,,,,,124.30,0.00,0.00,0.00,120.30,,111.26,,,,,
10-19-23,0.00,,,0.22,0.00,,0.00,0.00,0.00,0.14,,,,,0.00,0.00,0.09,0.00,0.00,21.54,300.08,0.00,51.88,0.00,,,0.00,16.46,,25.59,0.00,,0.00,0.00,,,,,,,259.58,46.54,444.38,125.71,203.67,,,,,,,,0.27,37.29,209.29,388.12,,0.00,,,130.92,95.50,,0.00,,,,,,118.20,0.00,0.00,0.00,114.20,,109.45,,,,,
10-20-23,0.00,0.02,,0.21,0.00,,0.00,0.21,0.00,0.04,,,0.13,,0.00,0.00,0.05,0.00,0.00,15.32,298.25,0.00,48.62,0.00,,,0.00,13.30,,24.80,0.00,,0.00,0.00,,,,,,,255.75,41.08,441.21,121.75,200.21,,,,,,,,0.34,33.50,206.67,375.51,,0.00,,,128.18,95.86,,0.00,,,,,,114.10,0.00,0.00,0.00,110.10,,105.11,,,,,
10-21-23,0.00,0.00,,0.22,0.00,,0.00,0.00,0.00,0.10,,,0.13,,0.00,0.00,0.00,0.00,,11.66,296.12,0.00,47.38,0.00,,,0.00,40.08,,23.54,0.00,,0.00,0.00,,,,,,,254.00,34.29,435.79,117.62,196.58,,,,,,,,0.24,28.67,204.21,369.82,,,,,126.09,93.80,,0.00,,,,,,112.90,0.00,0.00,0.00,108.90,,103.54,,,,,
10-22-23,0.00,0.00,,1.41,0.00,,0.00,0.00,0.06,0.09,,,0.09,,0.00,0.00,0.10,0.00,0.00,9.08,295.29,0.00,44.83,0.00,,,,9.83,,22.68,0.00,,0.00,0.00,,,,,,,252.42,27.17,427.50,112.29,189.88,,,,,,,,0.26,22.62,200.92,359.95,,0.00,,,122.97,92.27,,0.00,,,,,,110.50,0.00,0.00,0.00,106.50,,102.85,,,,,
10-23-23,0.00,0.00,,1.49,0.00,,0.09,0.22,0.02,0.00,,,0.11,,0.00,0.00,0.17,0.00,0.00,4.12,294.29,0.00,40.71,0.00,,,0.00,9.04,,21.63,0.00,,0.00,0.00,,,,,,,250.29,18.58,419.75,106.08,183.50,,,,,,,,0.32,16.75,198.17,346.34,,,,,119.49,88.00,,0.00,,,,,,105.20,0.00,0.00,0.00,101.20,,98.59,,,,,
10-24-23,0.00,0.00,,0.23,0.00,,0.21,0.00,0.00,0.03,,,0.17,,0.00,0.00,0.18,0.00,0.00,0.00,293.62,0.00,35.30,0.00,,,0.00,6.96,,21.75,,,0.00,0.00,,,,,,,246.71,7.21,413.50,99.21,179.43,,,,,,,,0.26,8.71,195.42,338.54,,,,,115.78,83.71,,0.00,,,,,,100.90,0.00,0.00,0.00,96.90,,92.82,,,,,
10-25-23,0.00,0.00,,0.19,0.00,,0.32,0.16,0.05,0.00,,,0.19,,0.03,0.00,0.12,0.00,0.00,0.00,290.96,0.00,30.91,0.00,,,0.00,2.13,,21.49,0.00,,0.00,0.00,,,,,,,242.61,0.00,408.08,92.58,175.25,,,,,,,,0.28,0.42,192.92,334.58,,0.00,,,112.50,81.67,,0.00,,,,,,95.00,0.00,0.00,0.00,91.00,,88.85,,,,,
10-26-23,0.00,0.00,,0.21,0.00,,0.13,0.40,,0.00,,,0.27,,0.64,0.00,0.26,0.00,0.00,0.00,289.54,0.00,27.22,0.00,,,0.00,0.00,,22.16,0.00,,0.00,0.00,,,,,,,238.54,0.00,402.17,85.54,171.21,,,,,,,,,0.00,190.17,330.07,,,,117.07,108.67,81.82,,0.00,,,,,,93.10,0.00,0.00,0.00,89.10,,85.22,,,,,
10-27-23,0.00,0.00,,,0.00,,0.00,0.23,,0.18,,,0.25,,0.80,0.00,0.30,0.00,0.00,0.00,288.29,0.00,23.25,0.00,,,0.00,0.00,,22.50,0.00,,0.00,0.00,,,,,,,235.00,0.00,397.58,79.12,167.79,,,,,,,,,0.00,188.00,329.05,,,,121.06,109.47,86.22,,0.00,,,,,,93.90,0.00,0.00,0.00,89.90,,79.29,,,,,
10-28-23,0.00,0.00,,0.27,0.01,,0.00,0.23,,0.00,,,0.24,,0.81,0.00,0.11,0.00,0.00,0.00,287.29,0.00,21.00,0.00,,,0.00,0.00,,18.64,,,0.00,0.00,,,,,,,235.79,6.83,406.42,84.12,181.25,,,,,,,,,9.33,195.42,363.51,,,,133.14,128.31,86.03,,17.27,,,,,,97.80,0.00,0.00,0.00,93.80,,76.46,,,,,
10-29-23,0.00,0.00,,1.08,0.08,,0.00,0.82,,0.00,,,0.31,,0.30,0.29,0.20,0.00,0.00,15.95,,0.00,31.54,0.00,,,,,,,0.00,,,0.00,,,,,,,245.42,28.61,448.38,106.00,229.17,,,,,,,,,28.12,227.58,383.35,,,,143.12,141.12,,,23.50,,,,,,95.10,0.00,0.00,0.00,91.10,,81.42,,,,,
10-30-23,0.00,0.00,,0.46,0.00,,0.00,0.64,,0.00,,,0.30,,0.68,0.00,0.15,0.00,0.00,17.87,292.84,0.00,29.33,0.00,,,0.00,19.43,,21.82,0.00,,0.00,0.00,,,,,,,245.09,22.62,458.92,103.58,244.88,,,,,,,,,34.58,234.50,392.87,,,,143.81,135.09,84.93,,13.62,,,,,,96.50,0.00,0.00,0.00,92.50,,81.58,,,,,
10-31-23,0.00,0.00,,0.19,0.00,,0.00,0.26,,0.00,,,0.20,,0.73,0.00,0.22,0.00,0.00,14.78,289.92,0.00,24.74,0.00,,,0.00,17.83,,16.46,0.00,,0.00,0.00,,,,,,,238.08,13.29,453.54,96.96,237.58,,,,,,,,0.00,27.25,229.88,389.05,,,,141.87,127.98,83.41,,12.44,,,,,,95.80,0.00,0.00,0.00,91.80,,83.39,,,,,
11-01-23,0.00,0.00,,0.20,0.00,,0.00,0.42,,0.04,,,0.19,,1.18,0.00,0.24,0.00,0.00,13.79,293.47,0.00,25.29,0.00,,,0.00,,,16.58,1.94,,0.00,0.00,,,,,,,236.85,6.88,447.22,92.75,228.12,,,,,,,,,24.75,226.42,389.91,,,,139.14,122.13,80.03,,0.00,,,,,,91.30,0.00,0.00,0.00,87.30,,82.93,,,,,
11-02-23,0.00,0.00,,0.16,0.00,,0.00,0.62,,0.01,,,0.20,,1.40,4.67,0.24,0.00,19.17,33.69,305.88,0.00,30.52,4.15,,,0.00,,,25.56,18.43,,3.25,,,,,,,,242.38,0.00,439.96,90.62,225.78,,,,,,,,,23.00,225.08,389.01,,6.91,,134.05,116.47,79.92,,0.00,,,,,,87.60,0.00,0.00,10.40,83.60,,86.61,,,,,
11-03-23,0.00,0.00,,0.22,0.02,,0.00,0.12,,0.02,,,0.00,,0.25,1.78,0.13,0.24,23.55,28.54,308.17,0.00,27.74,3.82,,,0.00,,,28.80,9.92,,2.41,0.00,,,,,,,236.61,0.00,432.22,85.38,221.26,,,,,,,,0.19,16.67,219.25,383.54,,1.07,,131.54,112.53,82.29,,0.00,,,,,,86.40,0.00,0.00,7.10,82.40,,92.87,,,,,
11-04-23,0.00,0.00,,0.22,0.00,,0.11,0.22,,0.00,,,0.01,,0.43,0.00,0.11,0.31,13.72,10.55,299.51,0.00,19.04,0.00,,,0.00,,,25.20,5.58,,0.00,0.00,,,,,,,230.54,0.00,424.17,79.38,215.83,,,,,,,,0.04,11.42,213.67,379.05,,0.00,,127.29,109.06,80.12,,0.00,,,,,,85.30,0.00,0.00,0.00,81.30,,87.31,,,,,
11-05-23,0.00,0.00,,0.21,0.00,,0.00,0.36,,0.00,,,0.09,,0.51,0.00,0.12,0.00,9.59,2.29,294.54,0.00,12.88,0.00,,,,,,21.65,4.01,,0.00,0.00,,,,,,,225.25,0.00,415.92,69.96,211.42,,,,,,,,0.10,3.71,207.96,372.77,,0.00,,126.78,108.79,82.17,,0.00,,,,,,84.70,0.00,0.00,0.00,80.70,,82.64,,,,,
11-06-23,0.00,0.00,,0.22,0.00,,0.00,0.32,,0.00,,,0.12,,0.00,0.00,0.17,0.00,7.06,0.00,291.08,0.00,7.04,0.00,,,0.00,,,20.54,2.59,,0.00,0.00,,,,,,,222.25,0.00,409.46,61.75,208.00,,,,,,,,0.00,0.00,205.96,366.13,,0.00,,125.52,105.08,78.22,,0.00,,,,,,82.10,0.00,0.00,0.00,78.10,,75.25,,,,,
11-07-23,0.00,0.00,,0.22,0.00,,0.10,0.48,,0.00,,,0.15,,0.33,0.00,0.15,0.00,3.99,0.00,287.38,0.00,1.04,0.00,,,0.00,,,17.96,0.00,0.00,0.00,0.00,,,,,,,217.67,0.00,404.08,50.96,202.75,,,,,,,,0.10,0.00,205.09,377.65,,0.00,,122.35,100.39,79.19,,0.00,,,,,,77.50,0.00,0.00,0.00,73.50,,66.84,,,,,
11-08-23,0.00,0.00,,0.23,0.00,,0.06,0.70,,0.00,,,0.03,,0.00,0.00,0.11,0.00,0.00,0.00,285.08,0.00,0.00,0.00,,,0.00,,,16.66,0.00,0.00,0.00,0.00,,,,,,,213.50,0.00,398.54,42.12,199.00,,,,,,,,,0.00,201.96,,,0.00,,121.11,96.01,82.13,,0.00,,,,,,75.30,0.00,0.00,0.00,71.30,,61.60,,,,,
11-09-23,0.00,0.00,,0.26,0.00,,0.09,0.59,,,,,0.29,,0.99,0.00,0.84,0.00,0.00,0.00,281.46,0.00,0.00,0.00,,,0.00,,,17.90,0.00,0.00,0.00,0.00,,,,,,,209.12,0.00,391.88,33.54,194.58,,,,,,,,,0.00,197.54,369.10,,0.00,,118.85,92.12,82.25,,0.00,,,,,,72.40,0.00,0.00,0.00,68.40,,55.77,,,,,
11-10-23,1.65,,,0.39,,,0.00,0.00,,0.14,,,0.30,,1.23,0.00,0.00,2.65,,0.00,292.94,1.21,0.00,0.00,,,,,,32.59,57.06,0.00,0.00,0.00,,,,,,,215.00,0.00,396.50,30.88,190.12,,,,,,,,0.18,0.00,191.29,368.05,,0.00,,115.26,87.45,79.27,,0.00,,,,,,66.10,0.00,0.00,0.00,62.10,,55.88,,,,,
11-11-23,0.59,,,0.24,0.00,,0.06,0.24,,0.00,,,0.33,,0.68,0.00,0.00,0.00,0.00,0.00,,0.00,0.00,0.00,,,0.00,,,13.24,22.77,0.00,0.00,0.00,,,,,,,224.88,0.00,427.04,38.08,199.38,,,,,,,,2.81,6.96,207.08,,,9.45,,112.85,83.20,79.89,,0.00,,,,,,63.00,0.00,2.50,0.00,59.00,,58.38,,,,,
11-12-23,0.00,,,0.23,,,0.00,0.00,,0.00,,,0.27,,0.65,0.00,1.44,0.00,0.00,0.00,296.96,0.00,0.00,0.00,,,,,,12.82,1.51,0.00,0.00,0.00,,,,,,,225.96,0.00,426.46,37.21,205.58,,,,,,,,2.11,10.62,213.52,,,19.05,,111.39,81.56,93.16,,0.00,,,,,,62.60,0.00,0.00,0.00,58.60,,60.28,,,,,
11-13-23,0.00,,,0.23,0.00,,0.00,,,0.00,,,0.30,,1.14,0.00,2.78,0.00,0.00,0.00,297.67,0.00,0.00,0.00,,,0.00,,,12.83,1.01,0.00,0.00,0.00,,,,,,,221.17,0.00,413.29,30.88,198.42,,,,,,,,0.45,2.67,206.88,,,8.50,,111.96,81.83,93.39,,0.00,,,,,,60.00,0.00,0.00,0.00,56.00,,56.11,,,,,
11-14-23,0.00,,,0.24,0.00,,0.00,0.01,,0.05,,,0.30,,1.28,0.00,2.54,0.00,0.00,0.00,296.29,1.11,0.00,0.00,,,0.00,,,13.66,0.00,0.00,0.00,0.00,,,,,,,217.33,0.00,406.71,24.21,193.54,,,,,,,,0.15,0.00,202.96,,,5.50,,114.72,87.50,86.73,,0.00,,,,,,62.50,0.00,0.00,0.00,58.50,,53.94,,,,,
11-15-23,0.00,0.00,,,0.00,,0.00,0.00,,0.35,,,0.30,,1.14,0.00,2.63,0.00,0.00,0.00,295.71,1.40,0.00,0.00,,,0.00,,,13.52,0.00,0.00,0.00,0.00,,,,,,,213.67,0.00,402.71,15.12,190.17,,,,,,,,0.24,0.00,199.25,,,6.18,,110.61,88.30,87.00,,0.00,,,,,,69.10,0.00,0.00,0.00,65.10,,49.37,,,,,
11-16-23,0.04,0.00,,,0.00,,0.00,0.00,,0.25,,,0.26,,1.40,0.00,2.28,0.00,0.00,0.00,294.88,0.00,0.00,0.00,,,0.00,,,13.81,0.00,0.00,0.00,0.00,,,,,,,209.92,0.00,398.29,5.96,187.46,,,,,,,,0.43,0.00,196.75,,,2.62,,110.62,84.95,99.91,,0.00,,,,,,63.60,0.00,,0.00,59.60,,45.59,,,,,
11-17-23,0.04,0.00,,,0.00,,0.00,0.00,,0.23,,,0.30,,1.35,0.00,4.16,0.00,,0.00,294.55,0.00,1.92,0.00,,,0.00,,,14.31,,0.00,,0.00,,,,,,,212.79,10.75,416.38,8.71,202.22,,,,,,,,0.00,6.45,209.29,,,3.17,,109.22,84.78,98.68,,0.00,,,,,,63.30,0.00,0.00,0.00,59.30,,43.33,,,,,
11-18-23,0.03,0.00,,,0.02,,0.00,0.00,,0.15,,,0.20,,1.12,0.00,3.21,0.00,0.00,0.00,303.50,0.00,1.96,0.00,,,0.00,,,13.54,0.00,0.00,0.00,0.00,,,,,,,223.15,5.42,429.75,8.62,213.50,,,,,,,,,5.42,213.29,,,11.91,,112.44,84.48,97.99,,0.00,,,,,,60.60,0.00,2.70,0.00,56.60,,46.77,,,,,
11-19-23,0.03,0.01,,,0.00,,0.04,0.00,,0.04,,,0.22,,0.68,0.00,2.65,0.00,0.00,0.00,302.75,0.00,0.00,0.00,,,,,,12.01,0.00,0.00,0.00,0.00,,,,,,,218.96,0.00,420.29,2.46,210.50,,,,,,,,0.00,1.50,209.46,,,6.62,,111.82,81.68,95.56,,0.00,,,,,,57.90,0.00,3.50,0.00,53.90,,44.43,,,,,
11-20-23,,0.01,,,0.00,,0.00,0.00,,0.17,,,0.07,,0.68,0.00,2.15,0.00,0.00,0.00,297.42,0.00,0.00,0.00,,,0.00,,,8.42,0.00,0.00,0.00,0.00,,,,,,,211.42,0.00,408.67,0.00,205.46,,,,,,,,,0.00,204.88,,,1.21,,115.50,89.76,93.26,,0.00,,,,,,60.10,0.00,3.60,0.00,56.10,,35.00,,,,,
11-21-23,0.03,0.00,,,0.00,,0.00,0.00,,0.00,,,0.16,,0.76,0.00,1.88,0.00,0.00,0.00,294.29,0.00,0.00,0.00,,,0.00,,,6.96,0.00,0.00,0.00,0.00,,,,,,,207.58,0.00,401.04,0.00,201.08,,,,,,,,,0.00,201.58,,,0.00,,121.67,93.87,132.48,,0.00,,,,,,60.40,0.00,4.00,0.00,56.40,,26.62,,,,,
11-22-23,0.03,0.01,,,0.01,,0.00,0.00,,0.12,,,0.20,,0.02,0.00,2.42,0.00,0.00,0.00,291.50,0.00,0.00,0.00,,,0.00,,,5.08,0.00,0.00,0.00,0.00,,,,,,,204.21,0.00,396.62,0.00,197.21,,,,,,,,0.35,0.71,197.50,,,,,122.16,84.97,157.87,,0.00,,,,,,57.20,0.00,3.20,0.00,53.20,,20.49,,,,,
11-23-23,0.03,0.00,,,0.00,,0.00,0.00,,0.11,,,0.14,,0.00,0.00,2.77,0.00,0.00,0.00,287.01,0.00,0.00,0.00,,,0.00,,,4.20,0.00,0.00,0.00,0.00,,,,,,,199.86,0.00,390.41,0.00,192.59,,,,,,,,,0.68,193.32,,,,,116.44,79.07,100.62,,0.00,,,,,,54.10,0.00,7.50,0.00,50.10,,10.58,,,,,
11-24-23,0.03,0.00,,,0.00,,0.00,0.00,,0.01,,,0.31,,0.00,0.00,,0.00,0.00,0.00,279.79,0.00,0.00,0.00,,,0.00,,,1.34,0.00,,0.00,0.00,,,,,,,193.04,0.00,378.21,0.00,183.33,,,,,,,,0.17,0.71,183.96,,,,,110.29,71.28,95.04,,0.00,,,,,,49.00,0.00,7.80,0.00,45.00,,3.75,,,,,
11-25-23,0.04,0.00,,,0.00,,0.01,0.07,,0.02,,,0.07,,0.04,0.00,2.88,0.00,0.00,0.00,273.25,0.00,0.00,0.00,,,0.00,,,0.00,0.00,0.00,0.00,0.00,,,,,,,185.79,0.00,365.00,0.00,174.54,,,,,,,,,1.00,175.08,,,0.00,,99.82,63.55,90.62,,0.00,,,,,,38.10,0.00,6.50,0.00,34.10,,0.00,,,,,
11-26-23,0.00,0.00,,,0.00,,0.15,0.00,,0.24,,,0.10,,0.00,0.00,2.57,0.00,0.00,0.00,267.42,0.00,0.00,0.00,,,,,,0.00,0.00,0.00,0.00,0.00,,,,,,,179.75,0.00,354.92,0.00,166.75,,,,,,,,,1.00,167.46,,,0.00,,92.49,57.11,88.12,,0.00,,,,,,29.90,0.00,9.30,0.00,25.90,,0.00,,,,,
11-27-23,0.00,0.00,,,0.00,,0.03,0.06,,0.02,,,0.13,,0.12,0.00,2.50,0.00,0.00,0.00,260.38,0.00,0.00,0.00,,,0.00,,,0.00,0.00,0.00,0.00,0.00,,,,,,,172.29,0.00,344.04,0.00,157.70,,,,,,,,,0.71,156.79,,,0.00,,86.57,50.38,81.00,,0.00,,,,,,24.80,0.00,9.90,0.00,20.80,,0.00,,,,,
11-28-23,0.00,,,,0.00,,0.00,0.03,,0.13,,,0.25,,0.00,0.00,2.91,0.00,0.00,0.00,255.67,0.00,0.00,0.00,,,0.00,,,0.00,0.00,0.00,0.00,0.00,,,,,,,165.38,0.00,334.71,0.00,146.75,,,,,,,,,1.00,147.12,,,0.00,,75.89,42.48,70.57,,0.00,,,,,,22.70,0.00,,0.00,18.70,,0.00,,,,,
11-29-23,0.00,,,,0.00,,0.00,0.00,,0.11,,,0.24,,0.00,0.00,2.64,0.00,0.00,0.00,251.50,0.00,0.00,0.00,,,0.00,,,0.00,0.00,0.00,0.00,0.00,,,,,,,160.96,0.00,326.75,0.00,137.79,,,,,,,,,1.00,139.75,,,0.00,,71.73,35.62,79.64,,0.00,,,,,,39.50,0.00,7.70,0.00,35.50,,0.00,,,,,
11-30-23,0.00,,,,0.00,,0.00,0.00,,0.00,,,0.30,,0.07,0.00,2.30,0.00,0.00,0.00,246.73,0.00,0.00,0.00,,,0.00,,,0.00,0.00,0.00,0.00,0.00,,,,,,,155.48,0.00,318.12,0.00,130.08,,,,,,,,,0.70,131.91,,,0.00,,62.78,27.89,89.77,,0.00,,,,,,38.70,0.00,,0.00,34.70,,0.00,,,,,
12-01-23,0.00,,,,0.00,,0.00,0.02,,0.14,,,0.17,,,0.00,3.13,0.00,0.00,0.00,243.00,0.00,0.00,0.00,,,0.00,,,0.00,0.00,0.00,,0.00,,,,,,,149.33,0.00,308.96,0.00,121.38,,,,,,,,,0.67,122.04,,,0.00,,58.92,28.85,88.70,,0.00,,,,,,35.70,0.00,8.40,0.00,31.70,,0.00,,,,,
12-02-23,0.00,,,,0.00,,0.17,0.25,,0.00,,,0.15,,0.00,0.00,2.90,0.00,0.00,0.00,239.58,0.00,0.00,0.00,,,0.00,,,0.00,0.00,0.00,0.00,0.00,,,,,,,144.71,0.00,300.29,0.00,114.83,,,,,,,,,1.00,114.71,,,0.00,,57.84,29.36,87.64,,0.00,,,,,,35.90,0.00,5.40,0.00,31.90,,0.00,,,,,
12-03-23,0.00,,,,0.00,,0.00,0.24,,0.00,,,0.24,,0.00,0.00,2.83,0.00,0.00,0.00,237.50,0.00,0.00,0.00,190.77,,,,,0.00,0.00,0.00,0.00,0.00,,,,,,,141.12,0.00,291.83,0.00,108.92,,,,,,,,,1.00,107.42,,,0.00,,57.02,25.36,87.82,,0.00,,,,,,35.60,0.00,4.70,0.00,31.60,,0.00,,,,,
12-04-23,,,,,0.00,,0.19,,,0.02,,,0.19,,0.00,0.00,2.61,0.00,0.00,0.00,230.71,0.00,0.00,0.00,,,0.00,,,0.00,0.00,,0.00,0.00,,,,,,,136.17,0.00,283.29,0.00,102.12,,,,,,,,,1.00,99.42,,,0.00,,54.30,15.43,82.95,,0.00,,,,,,32.30,0.00,3.90,0.00,28.30,,0.00,,,,,
12-05-23,0.00,,,,0.00,,0.00,0.07,,0.00,,,0.22,,0.00,0.00,2.56,0.00,0.00,0.00,225.25,0.00,0.00,,,,0.00,,,0.00,0.00,0.00,0.00,0.00,,,,,,,131.12,0.00,274.21,0.00,94.42,,,,,,,,,1.00,93.04,,,0.00,,46.14,0.00,75.15,,0.00,,,,,,22.80,,5.60,0.00,18.80,,0.00,,,,,
12-06-23,0.01,,,,0.00,,0.00,0.00,,0.17,,,0.17,,0.31,0.00,2.41,0.00,0.00,0.00,223.29,0.00,0.00,0.00,179.47,,0.00,,,0.00,0.00,0.00,0.00,0.00,,,,,,,125.08,0.00,265.91,0.00,87.75,,,,,,,,,1.00,88.08,,,0.00,,31.06,0.00,68.88,,0.00,,,,,,13.80,0.00,7.90,0.00,9.80,,0.00,,,,,
12-07-23,0.01,,,,0.00,,0.00,0.00,,0.19,,,0.14,,0.03,0.00,3.06,0.00,,0.00,219.12,0.00,0.00,0.00,177.36,,0.00,,,0.00,0.00,0.00,0.00,0.00,,,,,,,118.88,0.00,256.88,0.00,80.50,,,,,,,,,0.71,82.29,,,0.00,,0.00,0.00,63.13,,0.00,,,,,,7.90,0.00,7.10,0.00,3.90,,0.00,,,,,
12-08-23,0.02,,,,0.00,,0.02,0.00,,0.00,,,0.12,,0.00,0.00,2.50,0.00,,0.00,210.54,0.00,0.00,0.00,172.65,,0.00,,,0.00,0.00,,0.00,0.00,,,,,,,111.83,,246.38,0.00,71.58,,,,,,,,,0.67,74.25,,,0.00,,0.00,0.00,55.86,,0.00,,,,,,6.30,0.00,6.00,0.00,2.30,,0.00,,,,,
12-09-23,0.01,,,,0.00,,0.08,0.19,,0.06,,,0.00,,0.00,0.00,2.67,0.00,,0.00,206.75,,0.00,0.00,168.82,,0.00,,,0.00,0.00,0.00,0.00,0.00,,,,,,,104.17,0.00,236.00,0.00,61.46,,,,,,,,,1.00,64.33,,,0.00,,0.00,0.00,48.46,,0.00,,,,,,4.50,0.00,5.70,0.00,0.00,,0.00,,,,,
12-10-23,0.01,,,,0.00,,0.00,0.06,,0.00,,,0.16,,0.00,0.00,2.83,0.00,,0.00,196.71,0.00,0.00,0.00,165.79,,,,,0.00,,0.00,0.00,0.00,,,,,,,97.29,0.00,225.83,0.00,46.79,,,,,,,,,1.00,54.50,,,0.00,,0.00,0.00,29.08,,0.00,,,,,,4.30,0.00,,0.00,0.00,,2.54,,,,,
12-11-23,0.01,,,,0.00,,0.12,0.00,,0.00,,,0.04,,0.00,0.00,2.57,0.00,,0.00,187.75,0.00,0.00,0.00,149.38,,0.00,,,0.00,0.00,0.00,0.00,0.00,,,,,,,88.83,0.00,214.79,0.00,33.54,,,,,,,,,1.00,42.46,,,0.00,,0.00,0.00,18.48,,0.00,,,,,,4.20,0.00,6.40,0.00,0.00,,0.00,,,,,
12-12-23,0.00,,,,0.00,,0.00,0.29,,0.00,,,0.00,,0.00,0.00,0.23,0.00,,0.00,183.62,0.00,0.00,0.00,146.51,,0.00,,,0.00,0.00,0.00,0.00,0.00,,,,,,,80.42,0.00,204.88,0.00,25.38,,,,,,,,,0.71,33.17,,,0.00,,0.00,0.00,28.35,,0.00,,,,,,4.10,0.00,6.30,0.00,0.00,,0.00,,,,,
12-13-23,0.00,,,,0.00,,0.22,0.24,,0.00,,,0.00,,0.00,0.00,0.00,0.00,,0.00,179.04,0.00,0.00,0.00,145.25,,0.00,,,0.00,0.00,0.00,0.00,0.00,,,,,,,72.38,0.00,196.50,0.00,19.00,,,,,,,,,0.71,24.21,,,0.00,,0.00,0.00,19.05,,0.00,,,,,,3.30,0.00,7.20,0.00,0.00,,0.00,,,,,
12-14-23,0.00,,,,0.00,,0.00,0.00,,0.00,,,0.27,,,0.00,0.39,0.00,,0.00,174.46,,0.00,0.00,144.53,,0.00,,,0.00,,0.00,0.00,0.00,,,,,,,62.29,0.00,185.88,0.00,9.38,,,,,,,,,0.50,14.42,,,0.00,,0.00,0.00,12.65,,0.00,,,,,,3.40,0.00,5.40,0.00,0.00,,0.00,,,,,
12-15-23,0.00,,,,0.00,,0.15,0.49,,0.04,,,0.28,,,0.00,0.00,0.00,,0.00,167.92,0.00,0.00,0.00,143.88,,0.00,,,0.00,0.00,0.00,0.00,0.00,,,,,,,54.92,0.00,175.00,0.00,0.00,,,,,,,,,1.00,3.58,,,0.00,,0.00,0.00,38.67,,0.00,,,,,,8.40,0.00,6.50,0.00,4.40,,0.00,,,,,
12-16-23,0.00,,,,0.00,,0.00,0.24,,0.00,,,0.31,,,0.00,0.00,0.00,,0.00,158.08,0.00,0.00,0.00,141.63,,0.00,,,0.00,0.00,0.00,0.00,0.00,,,,,,,45.33,0.00,165.79,0.00,0.00,,,,,,,,,0.50,0.00,,,0.00,,0.00,0.00,49.23,,0.00,,,,,,6.50,0.00,,0.00,2.50,,0.00,,,,,
12-17-23,0.00,,,,0.00,,0.25,0.00,,0.00,,,0.33,,,0.00,0.54,0.00,,0.00,150.25,0.00,0.00,0.00,137.23,,,,,0.00,0.00,0.00,0.00,0.00,,,,,,,39.42,0.00,157.33,0.00,0.00,,,,,,,,,1.00,3.88,,,0.00,,0.00,0.00,35.83,,0.00,,,,,,3.80,0.00,,0.00,0.00,,0.00,,,,,
12-18-23,0.00,,,,0.00,,0.10,0.00,,0.17,,,0.28,,,0.00,0.00,0.00,,0.00,144.58,0.00,0.00,0.00,135.58,,0.00,,,0.00,0.00,0.00,0.00,0.00,,,,,,,32.88,0.00,146.08,0.00,0.00,,,,,,,,,1.00,0.46,,,0.00,,0.00,0.00,26.94,,0.00,,,,,,3.70,0.00,7.60,0.00,0.00,,0.00,,,,,
12-19-23,0.00,,,,0.00,,0.23,0.05,,0.02,,,0.29,,,0.00,0.60,0.00,,0.00,139.60,0.00,0.00,0.00,133.11,,0.00,,,0.00,0.00,0.00,0.00,,,,,,,,25.35,0.00,134.22,0.00,0.00,,,,,,,,,1.00,0.00,,,0.00,,0.00,0.00,19.68,,0.00,,,,,,3.60,0.00,6.60,0.00,0.00,,0.00,,,,,
12-20-23,0.00,,,,0.00,,0.11,0.15,,0.00,,,0.25,,,0.00,0.57,0.00,,0.00,135.79,0.00,0.00,0.00,132.56,,0.00,,,0.00,0.00,0.00,0.00,0.00,,,,,,,17.58,0.00,123.33,0.00,0.00,,,,,,,,,1.00,0.00,,,0.00,,0.00,0.00,8.14,,0.00,,,,,,3.80,0.00,6.30,0.00,0.00,,0.00,,,,,
12-21-23,0.00,,,,0.00,,0.03,0.00,,0.00,,,0.12,,,0.00,0.00,0.00,,0.00,131.25,0.00,0.00,0.00,128.56,,0.00,,,0.00,0.00,0.00,0.00,0.00,,,,,,,8.04,0.00,111.71,0.00,0.00,,,,,,,,,1.00,0.00,,,0.00,,0.00,0.00,0.00,,0.00,,,,,,0.00,0.00,,0.00,0.00,,0.00,,,,,
12-22-23,0.00,,,,0.00,,0.08,0.04,,0.00,,,0.00,,,0.00,0.22,0.00,,0.00,126.17,0.00,0.00,0.00,125.35,,0.00,,,0.00,0.00,0.00,0.00,0.00,,,,,,,0.00,4.83,98.96,0.00,0.00,,,,,,,,,1.00,0.00,,,0.00,,0.00,0.00,,,0.00,,,,,,0.00,0.00,,0.00,0.00,,0.00,,,,,
12-23-23,0.00,,,,0.00,,0.05,0.00,,0.03,,,0.00,,,0.00,0.37,0.00,,0.00,120.21,0.00,0.00,,123.97,,0.00,,,0.00,0.00,0.00,0.00,0.00,,,,,,,0.00,4.33,87.08,0.00,0.00,,,,,,,,,1.00,0.00,,,0.00,,0.00,0.00,,,0.00,,,,,,0.00,0.00,11.30,0.00,0.00,,0.00,,,,,
12-24-23,0.00,,,,0.00,,0.07,0.11,,0.00,,,0.00,,,0.00,0.43,0.00,,0.00,114.67,0.00,0.00,0.00,123.21,,,,,0.00,0.00,0.00,0.00,0.00,,,,,,,0.00,3.54,75.25,0.00,0.00,,,,,,,,,1.00,0.00,,,0.00,,0.00,0.00,,,0.00,,,,,,0.00,0.00,12.80,0.00,0.00,,0.00,,,,,
12-25-23,0.00,,,,0.00,,0.24,0.00,,0.00,,,0.03,,,0.00,,0.00,,0.00,109.21,,0.00,0.00,114.30,,0.00,,,0.00,0.00,0.00,0.00,0.00,,,,,,,0.00,0.00,60.29,0.00,0.00,,,,,,,,,1.00,0.00,,,0.00,,0.00,0.00,,,0.00,,,,,,0.00,0.00,10.20,0.00,0.00,,0.00,,,,,
12-26-23,0.57,,,,0.00,,0.18,0.03,,0.00,,,0.13,,,0.00,0.38,0.00,,0.00,104.29,0.00,0.00,0.00,74.36,,0.00,,,0.00,0.00,0.00,0.00,0.00,,,,,,,0.00,0.00,44.71,0.00,0.00,,,,,,,,,1.00,0.00,,,0.00,,0.00,0.00,,,0.00,,,,,,0.00,0.00,,0.00,0.00,,5.01,,,,,
12-27-23,1.39,,,,0.00,,0.30,0.00,,0.00,,,0.25,,,0.00,0.24,0.00,,0.00,98.83,0.00,0.00,0.00,67.93,,0.00,,,0.00,0.00,0.00,0.00,0.00,,,,,,,0.00,,34.38,0.00,0.00,,,,,,,,,1.00,0.00,,,0.00,,0.00,0.00,,,0.00,,,,,,0.00,0.00,12.50,0.00,0.00,,0.00,,,,,
12-28-23,0.24,,,,0.00,,0.27,0.06,,0.00,,,0.21,,,0.00,0.38,0.00,,0.00,93.00,0.00,0.00,0.00,63.09,,0.00,,,0.00,0.00,0.00,,0.00,,,,,,,0.00,0.00,34.00,0.00,0.00,,,,,,,,,1.00,0.00,,,0.00,,0.00,0.00,,,0.00,,,,,,0.00,0.00,,0.00,0.00,,0.00,,,,,
12-29-23,0.16,,,,0.00,,0.55,0.07,,0.06,,,0.13,,,0.00,0.32,0.00,,0.00,87.21,0.00,0.00,0.00,61.13,,0.00,,,0.00,0.00,0.00,0.00,,,,,,,,0.00,0.00,34.00,0.00,0.00,,,,,,,,,1.00,0.00,,,0.00,,0.00,0.00,,,0.00,,,,,,0.00,0.00,,0.00,0.00,,0.00,,,,,
12-30-23,0.17,,,,0.00,,0.59,0.33,,0.00,,,0.13,,,0.00,0.15,0.00,,0.00,75.92,0.00,0.00,0.00,56.86,,0.00,,,0.00,0.00,0.00,0.00,0.00,,,,,,,0.00,0.00,34.00,0.00,0.00,,,,,,,,,1.00,0.00,,,0.00,,0.00,0.00,,,0.00,,,,,,0.00,0.00,9.10,0.00,0.00,,0.00,,,,,
12-31-23,0.46,,,,0.00,,0.56,0.38,,0.06,,,0.13,,,0.00,0.39,0.00,,0.00,70.38,0.00,0.00,0.00,53.39,,,,,0.00,0.00,0.00,0.00,,,,,,,,0.00,0.00,34.00,0.00,0.00,,,,,,,,,0.71,0.00,,,0.00,,0.00,0.00,,,0.00,,,,,,0.00,0.00,10.50,0.00,0.00,,0.00,,,,,
01-01-24,0.08,,,,0.00,0.00,,0.00,,0.17,,,0.10,2.01,,0.00,0.00,0.00,,0.00,66.71,0.00,0.00,,50.77,,0.00,,,0.00,0.00,0.00,0.00,0.00,,,,,,,,0.00,4.00,0.00,0.00,,,,,,,,,0.71,0.00,,,0.00,,,0.00,,,0.00,0.00,,,,,0.00,0.00,10.80,0.00,,,0.00,,,,,
01-02-24,0.03,,,,0.00,0.00,0.56,0.11,,0.02,,,0.10,2.14,,0.00,0.00,0.00,,0.00,61.25,0.00,0.00,0.00,47.68,,0.00,,,0.00,0.00,0.00,0.00,0.00,,,,,,,,0.00,0.00,0.00,0.00,,,,,,,0.40,,0.71,0.00,,,0.00,,0.00,0.00,,,0.00,0.00,,,,,0.00,0.00,,0.00,,,0.00,,,,,
01-03-24,0.02,,,,0.00,0.00,0.53,0.00,,0.00,,,0.12,1.95,,0.00,0.00,0.00,,0.00,53.46,0.00,0.00,0.00,44.05,,0.00,,,0.00,0.00,0.00,0.00,0.00,,,,,,,,0.00,0.00,0.00,0.00,,,,,,,0.49,,0.67,0.00,,,0.00,,0.00,0.00,,,0.00,0.00,,,,,0.00,0.00,11.10,0.00,,,0.00,,,,,
01-04-24,0.01,,,,0.00,0.00,0.63,0.00,,0.01,,,0.00,2.06,,0.00,0.00,0.00,,0.00,45.17,0.00,0.00,0.00,36.36,,0.00,,,0.00,,0.00,0.00,0.00,,,,,,,,0.00,0.00,0.00,0.00,,,,,,,0.56,,0.67,0.00,,,0.00,,0.00,0.00,,,0.00,0.00,,,,,0.00,0.00,9.10,0.00,,,0.00,,,,,
01-05-24,0.00,,,,0.00,0.00,0.47,,,0.00,,,0.00,1.91,,0.00,0.00,0.00,,0.00,34.92,0.00,0.00,0.00,25.24,,0.00,,,0.00,0.00,0.00,0.00,0.00,,,,,,,,0.00,0.00,0.00,0.00,,,,,,,0.54,,1.00,0.00,,,0.00,,0.00,0.00,,,0.00,0.00,,,,,0.00,0.00,12.10,0.00,,,0.00,,,,,
01-06-24,,,,,0.00,0.00,0.31,0.00,,0.00,,,0.09,1.93,,0.00,0.00,0.00,,0.00,19.81,0.00,0.00,0.00,18.25,,0.00,,,0.00,0.00,0.00,,0.00,,,,,,,,0.00,0.00,0.00,0.00,,,,,,,0.18,,0.62,0.00,,,0.00,,0.00,0.00,,,0.00,0.00,,,,,0.00,0.00,13.70,0.00,,,0.00,,,,,
01-07-24,0.00,,,,0.00,0.58,0.57,0.00,,0.00,,,0.09,2.22,,0.00,0.00,0.00,,0.00,5.67,0.00,0.00,0.00,15.09,,,,,0.00,0.00,0.00,0.00,0.00,,,,,,,,0.00,0.00,0.00,0.00,,,,,,,0.18,,0.67,0.00,,,0.00,,0.00,0.00,,,0.00,0.00,,,,,0.00,0.00,,0.00,,,0.00,,,,,
01-08-24,0.00,,,,0.00,0.00,0.53,0.00,,0.00,,,0.10,1.81,,0.00,0.00,0.00,,0.00,0.00,0.00,0.00,0.00,8.23,,0.00,,,0.00,0.00,0.00,0.00,0.00,,,,,,,,0.00,0.00,0.00,0.00,,,,,,,0.32,,0.67,0.00,,,0.00,,0.00,0.00,,,0.00,0.00,,,,,0.00,0.00,11.70,0.00,,,0.00,,,,,
01-09-24,0.00,,,,0.00,0.00,0.42,0.00,,0.08,,,0.10,1.69,,0.00,0.00,0.00,,0.00,0.00,0.00,0.00,0.00,1.29,,0.00,,,0.00,0.00,0.00,0.00,0.00,,,,,,,,0.00,0.00,0.00,0.00,,,,,,,0.27,,0.67,0.00,,,0.00,,0.00,0.00,,,0.00,0.00,,,,,0.00,0.00,14.70,0.00,,,0.00,,,,,
01-10-24,0.00,,,,0.00,0.00,0.63,0.00,,0.00,,,0.00,,,0.00,0.00,0.00,,0.00,0.00,0.00,0.00,0.00,0.00,,0.00,,,0.00,0.00,0.00,0.00,0.00,,,,,,,,0.00,0.00,0.00,0.00,,,,,,,0.09,,0.67,0.00,,,0.00,,0.00,0.00,,,0.00,0.00,,,,,0.00,0.00,13.20,0.00,,,,,,,,
01-11-24,0.00,,,,0.00,0.00,0.29,0.00,,0.15,,,0.01,1.62,,0.00,,0.00,,0.00,0.00,0.00,0.00,0.00,1.60,,0.00,,,0.00,0.00,0.00,0.00,0.00,,,,,,,,0.00,0.00,0.00,0.00,,,,,,,0.09,,0.67,0.00,,,0.00,,0.00,0.00,,,0.00,0.00,,,,,0.00,0.00,12.50,0.00,,,,,,,,
01-12-24,0.00,,,,0.00,0.38,0.70,0.15,,0.04,,,0.05,1.60,,0.00,0.00,0.00,,0.00,0.00,0.00,0.00,0.00,1.43,,0.00,,,0.00,0.00,0.00,0.00,0.00,,,,,,,,0.00,0.00,0.00,0.00,,,,,,,0.10,,0.62,0.00,,,0.00,,0.00,0.00,,,0.00,0.00,,,,,0.00,0.00,10.90,0.00,,,,,,,,
01-13-24,0.00,,,,0.00,0.50,0.43,0.00,,0.00,,,0.10,,,0.00,0.00,0.00,,0.00,0.00,1.04,0.00,0.00,0.00,,0.00,,,0.00,0.00,0.00,0.00,0.00,,,,,,,,0.00,0.00,0.00,0.00,,,,,,,0.08,,0.67,0.00,,,0.00,,0.00,0.00,,,0.00,0.00,,,,,0.00,0.00,8.70,0.00,,,,,,,,
01-14-24,0.00,,,,0.00,0.38,0.49,0.00,,,,,0.00,1.60,,0.00,0.00,0.00,,0.00,0.00,1.32,0.00,0.00,0.00,,,,,0.00,0.00,0.00,0.00,0.00,,,,,,,,0.00,0.00,0.00,0.00,,,,,,,0.08,,0.62,0.00,,,0.00,,0.00,0.00,,,0.00,0.00,,,,,0.00,0.00,6.50,0.00,,,,,,,,
01-15-24,0.00,,,,0.00,0.00,0.32,0.00,,0.00,,,0.00,1.58,,0.00,0.00,0.00,,0.00,0.00,0.00,0.00,0.00,0.00,,0.00,,,0.00,0.00,0.00,0.00,0.00,,,,,,,,0.00,0.00,0.00,0.00,,,,,,,0.07,,0.67,0.00,,,0.00,,0.00,0.00,,,0.00,0.00,,,,,0.00,0.00,7.70,0.00,,,,,,,,
01-16-24,0.01,,,,0.00,0.43,0.38,0.65,,0.00,,,0.00,1.14,,0.00,0.00,0.00,,0.00,0.00,0.00,0.00,0.00,0.00,,0.00,,,0.00,0.00,0.00,0.00,0.00,,,,,,0.00,,0.00,0.00,0.00,0.00,,,,,,,0.07,,0.54,0.00,,,0.00,,0.00,0.00,,,0.00,0.00,,,,,0.00,0.00,6.20,0.00,,,,,,,,
01-17-24,0.00,,0.00,0.18,0.00,0.29,0.43,0.39,,0.00,,,0.00,1.81,,0.00,0.00,0.00,,0.00,0.00,0.00,0.00,0.00,,,0.00,,,0.00,0.00,0.00,0.00,0.00,,,,,,0.00,,0.00,0.00,0.00,0.00,,,,,,,0.07,,0.38,0.00,,,0.00,,0.00,0.00,,,0.00,0.00,,,,,0.00,0.00,5.00,0.00,,,,,,,,
01-18-24,0.00,,0.00,0.22,0.00,0.00,0.24,0.43,,,,,0.03,1.51,,0.00,0.00,0.00,,0.00,0.00,0.00,0.00,0.00,0.00,,0.00,,,0.00,0.00,0.00,0.00,0.00,,,,,,0.00,,0.00,0.00,0.00,0.00,,,,,,,0.06,,0.42,0.00,,,0.00,,0.00,0.00,,,0.00,0.00,,,,,0.00,0.00,6.40,0.00,,,,,,,,
01-19-24,0.00,,0.00,0.21,0.00,0.00,0.56,0.57,,0.00,,,0.37,1.66,,0.00,0.00,0.00,,0.00,0.00,,0.00,0.00,0.00,,0.00,,,0.00,0.00,0.00,0.00,0.00,,,,,,0.00,,0.00,0.00,0.00,0.00,,,,,,,0.05,,0.00,0.00,,,0.00,,0.00,0.00,,,0.00,0.00,,,,,0.00,0.00,5.90,0.00,,,,,,,,
01-20-24,0.00,,0.00,0.21,0.00,0.33,0.40,0.91,,0.05,,,0.30,1.50,,0.00,0.00,0.00,,0.00,0.00,0.00,0.00,0.00,0.00,,0.00,,,0.00,0.00,0.00,0.00,0.00,,,,,,0.00,,0.00,0.00,0.00,0.00,,,,,,,0.05,,0.00,0.00,,,0.00,,0.00,0.00,,,0.00,0.00,,,,,0.00,0.00,7.20,0.00,,,,,,,,
01-21-24,0.01,,0.00,0.22,0.00,0.33,0.61,0.48,,0.00,,,0.00,1.15,,0.00,0.00,0.00,,0.00,0.00,0.00,0.00,0.00,0.00,,,,,0.00,0.00,0.00,0.00,0.00,,,,,,0.00,,0.00,0.00,0.00,0.00,,,,,,,0.04,,0.00,0.00,,,0.00,,0.00,0.00,,,0.00,0.00,,,,,0.00,0.00,5.00,0.00,,,,,,,,
01-22-24,0.00,,0.00,0.22,0.00,0.00,0.62,0.43,,0.00,,,0.07,1.25,,0.00,0.00,0.00,,0.00,0.00,0.00,0.00,0.00,0.00,,0.00,,,0.00,0.00,0.00,0.00,0.00,,,,,,0.00,,0.00,0.00,0.00,0.00,,,,,,,0.04,,0.00,0.00,,,0.00,,5.81,0.00,,,0.00,0.00,,,,,0.00,,3.90,0.00,,,,,,,,
01-23-24,0.03,,0.00,0.21,0.00,0.00,0.50,0.65,,0.00,,,0.10,1.42,,0.00,0.00,0.00,,0.00,0.00,0.00,0.00,0.00,0.00,,0.00,,,0.00,0.00,0.00,0.00,0.00,,,,,,0.00,,0.00,0.00,0.00,0.00,,,,,,,0.04,,0.00,0.00,,,0.00,,5.64,0.00,,,0.00,0.00,,,,,0.00,0.00,8.00,0.00,,,,,,,,
01-24-24,0.02,,0.46,2.25,0.00,0.00,0.61,0.14,,0.00,,,0.12,2.00,,0.00,0.00,0.00,,0.00,0.00,0.00,0.00,0.00,0.00,,0.00,,,0.00,0.00,0.00,0.00,0.00,,,,,,0.00,,0.00,0.00,0.00,0.00,,,,,,,0.04,,0.00,0.00,,,0.00,,0.00,0.00,,,0.00,0.00,,,,,0.00,0.00,10.00,0.00,,,,,,,,
01-25-24,0.02,,1.73,12.91,,0.00,0.40,0.56,,0.03,,,0.24,1.80,,0.00,0.00,0.00,,0.00,0.00,0.00,0.00,0.00,0.00,,0.00,,,0.00,0.00,0.00,0.00,0.00,,,,,,0.00,,0.00,0.00,0.00,0.00,,,,,,,0.06,,0.00,0.00,,,0.00,,0.00,0.00,,,0.00,0.00,,,,,0.00,0.00,6.00,0.00,,,,,,,,
01-26-24,0.00,,0.00,7.10,0.00,0.00,0.42,,,0.11,,,0.18,1.82,,0.00,0.00,0.00,,0.00,0.00,0.00,0.00,0.00,0.00,,0.00,,,0.00,0.00,0.00,0.00,0.00,,,,,,0.00,,0.00,0.00,0.00,0.00,,,,,,,0.05,,0.00,0.00,,,0.00,,5.48,0.00,,,0.00,0.00,,,,,0.00,0.00,5.90,0.00,,,,,,,,
01-27-24,0.00,,0.00,5.56,0.00,0.38,,0.53,,0.06,,,0.24,2.45,,0.00,0.00,0.00,,0.00,0.00,0.00,0.00,0.00,0.00,,0.00,,,0.00,0.00,0.00,0.00,0.00,,,,,,0.00,,0.00,0.00,0.00,0.00,,,,,,,0.03,,0.00,0.00,,,0.00,,0.00,0.00,,,0.00,0.00,,,,,0.00,0.00,,0.00,,,,,,,,
01-28-24,0.12,,0.00,4.44,0.00,0.00,0.41,0.60,,0.17,,,0.23,2.20,,0.00,0.00,0.00,,0.00,0.00,0.00,0.00,0.00,0.00,,,,,0.00,0.00,0.00,0.00,0.00,,,,,,0.00,,0.00,0.00,0.00,0.00,,,,,,,0.04,,0.00,0.00,,,0.00,,0.00,0.00,,,0.00,0.00,,,,,0.00,0.00,,0.00,,,,,,,,
01-29-24,0.16,,0.00,2.03,0.00,0.00,0.42,0.19,,0.02,,,0.09,2.06,,0.00,0.00,0.00,,0.00,0.00,0.00,0.00,0.00,0.00,,0.00,,,0.00,0.00,0.00,0.00,0.00,,,,,,0.00,,0.00,0.00,0.00,0.00,,,,,,,0.05,,0.00,0.00,,,0.00,,0.00,0.00,,,0.00,0.00,,,,,0.00,0.00,3.90,0.00,,,,,,,,
01-30-24,0.10,,0.00,5.62,0.00,0.00,0.10,0.58,,0.14,,,0.28,2.86,,0.00,0.00,0.00,,0.00,0.00,0.00,0.00,0.00,0.00,,0.00,,,0.00,0.00,0.00,0.00,0.00,,,,,,0.00,,0.00,0.00,0.00,0.00,,,,,,,0.03,,0.00,0.00,,,0.00,,0.00,0.00,,,0.00,0.00,,,,,0.00,0.00,0.00,0.00,,,,,,,,
01-31-24,0.05,,0.00,1.79,0.00,0.00,0.29,0.15,,0.23,,,0.00,2.10,,0.00,0.00,0.00,,0.00,0.00,0.00,0.00,,0.00,,0.00,,,0.00,0.00,0.00,0.00,0.00,,,,,,0.00,,0.00,0.00,0.00,0.00,,,,,,,0.04,,0.00,0.00,,,0.00,,0.00,0.00,,,0.00,0.00,,,,,0.00,0.00,,0.00,,,,,,,,
02-01-24,0.00,,0.00,0.42,0.00,0.26,0.21,0.11,,0.08,,,0.03,2.17,,0.00,0.00,0.00,,0.00,0.00,0.00,0.00,0.00,0.00,,0.00,,,0.00,0.00,0.00,0.00,0.00,,,,,,0.00,,0.00,0.00,0.00,0.00,,,,,,,0.02,,0.00,0.00,,,0.00,,0.00,0.00,,,0.00,0.00,,,,,0.00,0.00,2.00,0.00,,,,,,,,
02-02-24,0.00,,0.00,0.51,0.00,0.00,0.00,0.00,,0.11,,,0.00,1.91,,0.00,0.00,0.00,,0.00,0.00,0.00,0.00,0.00,0.00,,0.00,,,0.00,0.00,0.00,0.00,0.00,,,,,,0.00,,0.00,0.00,0.00,0.00,,,,,,,0.05,,0.00,0.00,,,0.00,,0.00,0.00,,,0.00,0.00,,,,,0.00,0.00,5.30,0.00,,,,,,,,
02-03-24,0.15,,0.00,1.11,0.00,0.00,0.06,0.04,,,,,0.03,2.44,,0.00,0.00,0.00,,0.00,0.00,0.00,0.00,0.00,0.00,,0.00,,,0.00,0.00,0.00,0.00,0.00,,,,,,0.00,,0.00,0.00,0.00,0.00,,,,,,,0.03,,0.00,0.00,,,0.00,,0.00,0.00,,,0.00,0.00,,,,,0.00,0.00,,0.00,,,,,,,,
02-04-24,0.24,,0.00,,0.00,0.00,0.10,0.00,,0.15,,,0.17,2.39,,0.00,0.00,0.00,,0.00,0.00,0.00,0.00,,0.00,,5.92,,,0.00,0.00,,0.00,0.00,,,,,,0.00,,0.00,0.00,0.00,0.00,,,,,,,0.03,,0.00,0.00,,,0.00,,0.00,0.00,,,0.00,0.00,,,,,0.00,0.00,0.00,0.00,,,,,,,,
02-05-24,0.50,,0.00,0.56,0.00,0.00,0.07,0.00,,0.17,,,0.00,1.50,,0.00,0.00,0.00,,0.00,0.00,0.00,0.00,0.00,0.00,,0.00,,,0.00,0.00,,0.00,0.00,,,,,,0.00,,0.00,0.00,0.00,0.00,,,,,,,0.06,,0.00,0.00,,,0.00,,0.00,0.00,,,0.00,0.00,,,,,0.00,0.00,7.80,0.00,,,,,,,,
02-06-24,2.34,,0.00,0.77,0.00,0.00,0.18,0.00,,0.40,,,0.20,1.79,,0.00,0.00,0.00,,0.00,0.00,0.00,0.00,0.00,0.00,,0.00,,,0.00,0.00,0.00,0.00,0.00,,,,,,0.00,,0.00,0.00,0.00,0.00,,,,,,,0.05,,0.00,0.00,,,0.00,,0.00,6.46,,,0.00,0.00,,,,,0.00,0.00,2.60,0.00,,,,,,,,
02-07-24,0.12,,0.00,1.03,0.00,0.00,0.08,0.72,,0.16,,,0.08,1.98,,0.00,0.00,0.00,,0.00,0.00,0.00,0.00,0.00,0.00,,0.00,,,0.00,,0.00,0.00,0.00,,,,,,0.00,,0.00,0.00,0.00,0.00,,,,,,,0.06,,0.00,0.00,,,0.00,,0.00,12.95,,,0.00,0.00,,,,,0.00,0.00,4.60,0.00,,,,,,,,
02-08-24,0.10,,0.02,5.06,0.00,0.00,0.04,0.10,,0.22,,,0.23,1.43,,0.00,0.00,0.00,,0.00,0.00,0.00,0.00,0.00,0.00,,0.00,,,0.00,,0.00,0.00,0.00,,,,,,0.00,,0.00,0.00,0.00,0.00,,,,,,,0.04,,0.00,0.00,,,0.00,,0.00,7.58,,,0.00,0.00,,,,,0.00,0.00,2.80,0.00,,,,,,,,
02-09-24,0.07,,0.00,5.42,0.00,0.00,0.30,0.00,,0.17,,,0.26,2.86,,0.00,0.00,0.00,,0.00,0.00,0.00,0.00,0.00,0.00,,0.00,,,0.00,0.00,0.00,,0.00,,,,,,0.00,,0.00,0.00,0.00,0.00,,,,,,,0.06,,0.00,0.00,,,0.00,,7.91,0.00,,,0.00,0.00,,,,,0.00,0.00,5.40,0.00,,,,,,,,
02-10-24,0.02,,0.00,1.42,0.00,0.00,0.31,0.00,,0.24,,,0.01,1.64,,0.00,0.00,0.00,,0.00,0.00,0.00,0.00,0.00,0.00,,0.00,,,0.00,0.00,0.00,0.00,0.00,,,,,,0.00,,0.00,0.00,0.00,0.00,,,,,,,0.06,,0.00,0.00,,,0.00,,6.25,12.96,,,0.00,0.00,,,,,0.00,0.00,4.30,0.00,,,,,,,,
02-11-24,0.00,,0.00,0.51,0.00,0.00,0.24,0.00,,0.11,,,0.00,2.05,,0.00,0.00,0.00,,0.00,0.00,0.00,0.00,0.00,0.00,,,,,0.00,0.00,0.00,0.00,0.00,,,,,,0.00,,0.00,0.00,0.00,0.00,,,,,,,0.05,,0.00,0.00,,,0.00,,0.00,9.68,,,0.00,0.00,,,,,0.00,0.00,7.70,0.00,,,,,,,,
02-12-24,0.00,,0.00,0.51,0.00,0.00,0.47,0.00,,0.15,,,0.00,1.75,,0.00,0.00,0.00,,0.00,0.00,0.00,0.00,0.00,0.00,,0.00,,,0.00,0.00,0.00,0.00,0.00,,,,,,0.00,,,0.00,0.00,0.00,,,,,,,0.04,,0.00,0.00,,,0.00,,0.00,18.05,,,0.00,0.00,,,,,0.00,0.00,10.60,0.00,,,,,,,,
02-13-24,1.03,,0.00,,0.00,0.00,0.40,0.00,,0.10,,,0.09,1.94,,0.00,0.00,0.00,,0.00,0.00,0.00,0.00,0.00,0.00,,0.00,,,0.00,0.00,0.00,0.00,0.00,,,,,,0.00,,0.00,0.00,0.00,0.00,,,,,,,0.02,,0.00,0.00,,,0.00,,7.18,24.71,,,0.00,0.00,,,,,0.00,0.00,4.00,0.00,,,,,,,,
02-14-24,2.15,,0.00,0.51,0.00,0.00,0.27,0.22,,0.19,,,0.00,0.07,,0.00,0.00,0.00,,0.00,0.00,0.00,0.00,0.00,0.00,,0.00,,,0.00,0.00,0.00,0.00,0.00,,,,,,0.00,,0.00,0.00,0.00,0.00,,,,,,,0.02,,0.00,0.00,,,0.00,,7.87,7.04,,,0.00,0.00,,,,,0.00,0.00,2.60,0.00,,,,,,,,
02-15-24,0.00,,0.00,0.51,0.00,0.00,0.17,0.00,,0.23,,,0.00,0.00,,0.00,0.00,0.00,,0.00,0.00,0.00,0.00,0.00,0.00,,0.00,,,0.00,0.00,0.00,0.00,0.00,,,,,,0.00,,0.00,0.00,0.00,0.00,,,,,,,0.02,,0.00,0.00,,,0.00,,7.46,0.00,,,0.00,0.00,,,,,0.00,0.00,0.00,0.00,,,,,,,,
02-16-24,0.00,,0.00,0.49,0.00,0.00,0.17,0.00,,0.14,,,0.00,0.00,,0.00,0.00,0.00,,0.00,0.00,0.00,0.00,0.00,0.00,,0.00,,,,0.00,0.00,0.00,0.00,,,,,,0.00,,0.00,0.00,0.00,0.00,,,,,,,0.02,,0.00,0.00,,,0.00,,5.95,19.58,,,0.00,0.00,,,,,0.00,0.00,5.50,0.00,,,,,,,,
02-17-24,0.00,,0.00,0.49,0.00,0.00,0.31,0.05,,0.00,,,0.00,0.00,,0.00,0.00,0.00,,0.00,0.00,0.00,0.00,0.00,0.00,,0.00,,,,0.00,0.00,0.00,0.00,,,,,,0.00,,0.00,0.00,0.00,0.00,,,,,,,0.02,,0.00,0.00,,,0.00,,0.00,6.27,,,0.00,0.00,,,,,0.00,0.00,,0.00,,,,,,,,
02-18-24,0.00,,0.00,0.49,0.00,0.00,0.20,0.01,,0.30,,,0.05,0.19,,0.00,0.00,0.00,,0.00,0.00,0.00,0.00,0.00,0.00,,,,,,0.00,0.00,0.00,0.00,,,,,,0.00,,0.00,0.00,0.00,0.00,,,,,,,0.01,,0.00,0.00,,,0.00,,0.00,7.52,,,0.00,0.00,,,,,0.00,0.00,0.00,0.00,,,,,,,,
02-19-24,0.00,,0.00,1.04,0.00,0.00,0.17,,,0.11,,,0.15,0.00,,0.00,0.00,0.00,,0.00,0.00,0.00,1.60,0.00,0.00,,0.00,,,,0.00,0.00,0.00,0.00,,,,,,0.00,,0.00,0.00,0.00,0.00,,,,,,,,,0.00,0.00,,,0.00,,0.00,11.11,,,0.00,0.00,,,,,0.00,0.00,0.00,,,,,,,,,
02-20-24,0.00,,0.00,2.06,0.00,0.29,0.35,0.09,,0.00,,,0.00,0.14,,0.00,0.00,0.00,,0.00,0.00,0.00,1.60,0.00,0.00,,0.00,,,,0.00,0.00,0.00,0.00,,,,,,0.00,,0.00,0.00,0.00,0.00,,,,,,,0.01,,0.00,0.00,,,0.00,,5.28,16.82,,,0.00,0.00,,,,,0.00,0.00,0.00,0.00,,,,,,,,
02-21-24,,,0.00,0.49,0.00,0.00,0.42,0.15,,0.22,,,0.00,0.00,,0.00,0.00,0.00,,0.00,0.00,0.00,1.60,0.00,0.00,,0.00,,,0.00,0.00,0.00,0.00,0.00,,,,,,0.00,,0.00,0.00,0.00,0.00,,,,,,,0.04,,0.00,0.00,,,0.00,,5.04,33.01,,,0.00,0.00,,,,,0.00,0.00,,0.00,,,,,,,,
02-22-24,0.00,,0.00,0.52,0.00,0.29,0.35,0.49,,0.46,,,0.23,0.00,,0.00,,0.00,,0.00,0.00,0.00,1.60,0.00,0.00,,0.00,,,0.00,0.00,0.00,0.00,0.00,,,,,,0.00,,0.00,0.00,0.00,0.00,,,,,,,,,0.00,0.00,,,0.00,,5.86,25.95,,,0.00,0.00,,,,,0.00,0.00,2.50,0.00,,,,,,,,
02-23-24,0.00,,0.00,0.50,0.00,0.38,0.30,0.38,,0.37,,,0.11,0.00,,0.00,0.00,0.00,,0.00,0.00,0.00,0.00,0.00,0.00,,0.00,,,0.00,0.00,0.00,0.00,0.00,,,,,,0.00,,0.00,0.00,0.00,0.00,,,,,,,0.03,,0.00,0.00,,,0.00,,0.00,24.42,,,0.00,0.00,,,,,0.00,0.00,11.00,0.00,,,,,,,,
02-24-24,0.09,,,,0.00,0.26,0.32,0.00,,0.35,,,0.04,0.00,,0.00,0.00,0.00,,0.00,0.00,0.00,0.00,0.00,0.00,,0.00,,,0.00,0.00,0.00,0.00,0.00,,,,,,0.00,,0.00,0.00,0.00,0.00,,,,,,,0.03,,0.00,0.00,,,0.00,,8.01,29.59,,,0.00,32.74,,,,,0.00,0.00,6.00,2.20,,,,,,,,
02-25-24,0.66,,,,0.00,0.00,,0.00,,0.17,,,0.00,0.00,,0.00,0.00,0.00,,0.00,0.00,0.00,0.00,,0.00,,,,,0.00,0.00,0.00,0.00,0.00,,,,,,0.00,,0.00,0.00,0.00,0.00,,,,,,,0.02,,0.00,0.00,,,0.00,,7.33,18.24,,,0.00,0.00,,,,,0.00,0.00,3.10,0.00,,,,,,,,
02-26-24,0.03,,0.00,0.65,0.00,0.00,0.29,0.25,,0.10,,,0.00,0.00,,0.00,0.00,0.00,,0.00,0.00,0.00,0.00,0.00,0.00,,0.00,,,0.00,0.00,0.00,0.00,0.00,,,,,,0.00,,0.00,0.00,0.00,0.00,,,,,,,0.01,,0.00,0.00,,,0.00,,5.38,15.19,,,0.00,0.00,,,,,0.00,0.00,4.40,0.00,,,,,,,,
02-27-24,0.00,,0.00,0.62,0.00,0.00,0.32,0.15,,0.52,,,0.00,0.00,,0.00,0.00,0.00,,0.00,,0.00,0.00,0.00,0.00,,0.00,,,0.00,0.00,0.00,0.00,0.00,,,,,,0.00,,0.00,0.00,0.00,0.00,,,,,,,0.02,,0.00,0.00,,,0.00,,0.00,24.23,,,0.00,0.00,,,,,0.00,0.00,2.30,0.00,,,,,,,,
02-28-24,0.00,,0.00,0.62,0.00,0.00,0.27,0.22,,0.27,,,0.00,0.00,,0.00,0.00,0.00,,0.00,0.00,0.00,0.00,0.00,0.00,,0.00,,,0.00,0.00,0.00,0.00,0.00,,,,,,0.00,,0.00,0.00,0.00,0.00,,,,,,,0.02,,0.00,0.00,,,0.00,,0.00,25.68,,,0.00,0.00,,,,,0.00,0.00,4.60,0.00,,,,,,,,
02-29-24,0.05,,0.00,0.70,0.00,0.00,0.18,0.00,,0.20,,,0.00,0.00,,0.00,0.00,0.00,,0.00,0.00,0.00,0.00,0.00,0.00,,0.00,,,0.00,0.00,0.00,0.00,0.00,,,,,,0.00,,0.00,0.00,0.00,0.00,,,,,,,,,0.00,0.00,,,0.00,,0.00,16.03,,,0.00,0.00,,,,,0.00,0.00,0.00,0.00,,,,,,,,
03-01-24,0.22,,0.24,1.55,0.00,0.00,0.42,0.12,,0.12,,,0.00,,,0.00,0.00,0.00,,0.00,,0.00,0.00,0.00,0.00,,0.00,,,,0.00,0.00,,0.00,,,,,,,,0.00,0.00,0.00,0.00,,,,,,,0.01,,0.00,0.00,,,0.00,,0.00,12.54,,,0.00,0.00,,,,,0.00,0.00,6.30,0.00,,,,,,,,
03-02-24,0.00,,0.00,0.51,0.00,0.00,0.29,0.00,,0.14,,,0.00,0.00,,0.00,0.00,0.00,,0.00,0.00,0.00,0.00,,0.00,,0.00,,1.55,0.00,0.00,0.00,0.00,0.00,,,,,,0.00,,0.00,0.00,0.00,0.00,,,,,,,0.02,,0.00,0.00,,,0.00,,0.00,20.03,,,0.00,0.00,,,,,,0.00,5.90,0.00,,,,,,,,
03-03-24,0.03,,0.00,0.52,0.00,0.00,0.27,0.18,,0.25,,,0.10,0.00,,0.00,0.00,0.00,,0.00,,0.00,0.00,0.00,0.00,,,,1.56,0.00,0.00,0.00,0.00,0.00,,,,,,0.00,,0.00,0.00,0.00,0.00,,,,,,,0.02,,0.00,0.00,,,0.00,,,,,,0.00,0.00,,,,,0.00,0.00,6.50,0.00,,,,,,,,
03-04-24,0.06,,0.00,0.56,0.00,0.00,0.28,0.26,,0.12,,,0.07,0.00,,0.00,0.00,0.00,,0.00,0.00,0.00,0.00,0.00,0.00,,0.00,,1.56,,,0.00,0.00,0.00,,,,,,0.00,,0.00,0.00,0.00,0.00,,,,,,,0.02,,0.00,0.00,,,0.00,,,10.47,,,0.00,0.00,,,,,0.00,0.00,8.00,0.00,,,,,,,,
03-05-24,0.18,,0.00,0.54,0.00,0.00,0.36,0.27,,0.20,,,0.34,0.00,,0.00,0.00,0.00,,0.00,0.00,0.00,0.00,0.00,0.00,,0.00,,1.55,0.00,0.00,0.00,0.00,0.00,,,,,,0.00,,0.00,0.00,0.00,0.00,,,,,,,0.00,,0.00,0.00,,,0.00,,,12.56,,,0.00,0.00,,,,,0.00,0.00,5.10,0.00,,,,,,,,
03-06-24,0.10,,0.00,0.00,0.00,0.00,0.27,0.44,,0.16,,,0.04,0.00,,0.00,0.00,0.00,,0.00,0.00,0.00,0.00,0.00,0.00,,0.00,,0.00,0.00,0.00,0.00,0.00,0.00,,,,,,0.00,,0.00,0.00,0.00,0.00,,,,,,,0.02,,0.00,0.00,,,0.00,,,17.16,,,0.00,0.00,,,,,0.00,0.00,6.50,0.00,,,,,,,,
03-07-24,0.06,,0.00,0.00,0.00,0.46,0.25,0.22,,0.25,,,0.00,0.00,,0.00,0.00,0.00,,0.00,0.00,0.00,0.00,0.00,0.00,,0.00,,0.00,0.00,0.00,0.00,,0.00,,,,,,0.00,,0.00,0.00,0.00,0.00,,,,,,,0.03,,0.00,0.00,,,0.00,,,,,,0.00,0.00,,,,,0.00,0.00,6.90,0.00,,,,,,,,
03-08-24,0.03,,0.00,0.00,0.00,0.00,0.30,0.15,,0.20,,,0.00,0.00,,0.00,0.00,0.00,,0.00,0.00,0.00,0.00,0.00,0.00,,0.00,,0.00,0.00,0.00,0.00,0.00,0.00,,,,,,0.00,,0.00,0.00,0.00,0.00,,,,,,,0.77,,0.00,0.00,,,0.00,,,15.40,,,0.00,0.00,,,,,0.00,0.00,4.00,0.00,,,,,,,,
03-09-24,0.00,,0.00,0.00,0.00,0.00,0.14,0.09,,0.33,,,0.00,0.00,,0.00,0.00,0.00,,0.00,0.00,0.00,0.00,,0.00,,0.00,,0.00,0.00,0.00,0.00,0.00,0.00,,,,,,0.00,,0.00,0.00,0.00,0.00,,,,,,,0.83,,0.00,0.00,,,0.00,,,16.64,,,0.00,0.00,,,,,0.00,0.00,4.50,0.00,,,,,,,,
03-10-24,0.00,,0.00,0.00,0.00,0.00,0.03,0.11,,0.16,,,0.15,0.00,,0.00,0.06,0.00,,0.00,,0.00,0.00,0.00,0.00,,,,0.00,0.00,0.00,0.00,0.00,0.00,,,,,,0.00,,0.00,0.00,0.00,0.00,,,,,,,2.36,,0.00,0.00,,,0.00,,,5.78,,,0.00,0.00,,,,,0.00,0.00,,0.00,,,,,,,,
03-11-24,0.01,,0.00,0.00,0.00,0.00,0.20,0.00,,0.42,,,0.24,0.00,,0.00,0.00,0.00,,0.00,0.00,0.00,0.00,0.00,0.00,,0.00,,0.00,0.00,0.00,0.00,,0.00,,,,,,,,0.00,0.00,0.00,0.00,,,,,,,1.79,,0.00,0.00,,,0.00,,0.00,0.00,,,0.00,0.00,,,,,0.00,0.00,3.40,0.00,,,,,,,,
03-12-24,0.00,,0.00,0.59,0.00,0.00,0.00,0.20,,0.47,,,0.18,0.00,,0.00,0.00,0.00,,0.00,0.00,0.00,0.00,0.00,0.00,,0.00,,0.00,0.00,0.00,,0.00,0.00,,,,,,0.00,,0.00,0.00,0.00,0.00,,,,,,,1.15,,0.00,0.00,,,0.00,,0.00,7.77,,,0.00,0.00,,,,,0.00,0.00,3.60,0.00,,,,,,,,
03-13-24,0.00,,0.00,1.78,,0.00,0.20,0.00,,0.46,,,0.15,0.00,,0.00,0.03,0.00,,0.00,0.00,0.00,0.00,0.00,0.00,,0.00,,0.00,0.00,0.00,0.00,0.00,0.00,,,,,,0.00,,0.00,0.00,0.00,0.00,,,,,,,0.64,,0.00,0.00,,,0.00,,0.00,8.01,,,0.00,0.00,,,,,5.80,,9.10,0.00,,,,,,,,
03-14-24,0.00,,0.00,1.76,0.00,0.00,0.17,0.00,,0.57,,,0.32,0.00,,0.00,0.00,0.00,,0.00,0.00,,0.00,0.00,0.00,,0.00,,0.00,0.00,0.00,0.00,0.00,0.00,,,,,,0.00,,0.00,0.00,0.00,0.00,,,,,,,1.00,,0.00,0.00,,,0.00,,,7.60,,,0.00,0.00,,,,,10.70,0.00,10.90,0.00,,,,,,,,
03-15-24,0.00,,0.00,1.76,0.00,0.00,0.09,0.00,,0.31,,,0.00,0.00,,0.00,0.00,0.00,,0.00,0.00,0.00,0.00,0.00,0.00,,0.00,,0.00,0.00,0.00,0.00,0.00,0.00,,,,,,0.00,,0.00,0.00,0.00,0.00,,,,,,,1.22,,0.00,0.00,,,0.00,,0.00,10.90,,,0.00,0.00,,,,,9.00,0.00,8.20,0.00,,,,,,,,
03-16-24,0.00,,1.23,1.76,0.00,0.00,0.21,0.06,,0.39,,,0.00,0.00,,0.00,0.00,0.00,,0.00,0.00,0.00,0.00,0.00,0.00,,0.00,,0.00,0.00,0.00,0.00,0.00,0.00,,,,,,0.00,,0.00,0.00,0.00,0.00,,,,,,,0.99,,0.00,0.00,,,0.00,,0.00,10.29,,,0.00,0.00,,,,,17.20,0.00,4.00,0.00,,,,,,,,
03-17-24,0.09,,1.49,1.76,0.00,0.00,0.22,0.00,,0.35,,,0.00,0.00,,0.00,0.00,0.00,,0.00,0.00,0.00,0.00,0.00,0.00,,6.06,,0.00,0.00,0.00,0.00,0.00,0.00,,,,,,0.00,,0.00,0.00,0.00,0.00,,,,,,,1.12,,0.00,0.00,,,0.00,,0.00,17.21,,,0.00,0.00,,,,,19.20,0.00,6.30,0.00,,,,,,,,
03-18-24,0.15,,1.47,1.77,0.01,0.00,0.02,0.01,,0.44,,,0.00,0.00,,0.00,0.20,0.00,,0.00,0.00,0.00,0.00,0.00,0.00,,0.00,,0.00,0.00,0.00,0.00,0.00,0.00,,,,,,0.00,,0.00,0.00,0.00,0.00,,,,,,,0.79,,0.00,0.00,,,0.00,,0.00,13.97,,,0.00,0.00,,,,,21.20,0.00,6.30,0.00,,,,,,,,
03-19-24,0.11,,1.42,1.77,0.02,0.00,0.00,0.00,,0.55,,,0.41,0.00,,0.00,0.01,0.00,,0.00,0.00,0.00,0.00,0.00,0.00,,0.00,,0.00,0.00,0.00,0.00,0.00,0.00,,,,,,0.00,,0.00,0.00,0.00,0.00,,,,,,,0.48,,0.00,0.00,,,0.00,,0.00,13.46,,,0.00,0.00,,,,,55.40,0.00,10.20,0.00,,,,,,,,
03-20-24,0.13,,,,0.00,0.00,0.00,0.00,,0.59,,,0.46,0.00,,0.00,0.00,0.00,,0.00,0.00,0.00,0.00,0.00,0.00,,0.00,,,0.00,0.00,0.00,,0.00,,,,,,0.00,,0.00,0.00,0.00,0.00,,,,,,,1.69,,,0.00,,,0.00,,0.00,5.86,,,0.00,2.39,,,,,46.30,0.00,9.20,0.00,,,,,,,,
03-21-24,0.06,,,,0.01,0.00,0.18,0.01,,0.47,,,0.45,0.00,,0.00,0.28,0.00,,0.00,0.00,0.00,0.00,0.00,0.00,,0.00,,,0.00,0.00,,0.00,0.00,,,,,,0.00,,0.00,0.00,0.00,0.00,,,,,,,1.62,,0.00,0.00,,,0.00,,0.00,6.72,,,0.00,3.86,,,,,29.10,0.00,4.00,0.00,,,,,,,,
03-22-24,0.02,,,15.92,0.01,0.00,0.09,0.03,,0.56,,,0.23,0.00,,0.00,0.00,0.00,,0.00,0.00,0.00,0.00,0.00,0.00,,0.00,,0.00,0.00,0.00,0.00,0.00,0.00,,,,,,0.00,,0.00,0.00,0.00,0.00,,,,,,,1.58,,0.00,0.00,,,0.00,,0.00,6.09,,,0.00,0.00,,,,,23.20,0.00,4.20,0.00,,,,,,,,
03-23-24,0.00,,0.07,1.78,0.00,0.00,0.00,0.07,,0.31,,,0.04,0.00,,0.00,0.01,0.00,,0.00,0.00,,0.00,0.00,0.00,,0.00,,0.00,0.00,0.00,0.00,0.00,0.00,,,,,,0.00,,0.00,0.00,0.00,0.00,,,,,,,1.62,,0.00,0.00,,,0.00,,0.00,11.83,,,0.00,0.00,,,,,19.90,0.00,8.70,0.00,,,,,,,,
03-24-24,0.00,,0.05,1.79,0.00,0.00,0.00,0.00,,0.39,,,0.09,0.00,,0.00,0.00,0.00,,0.00,0.00,0.00,0.00,0.00,0.00,,,,0.00,0.00,0.00,0.00,0.00,0.00,,,,,,,,0.00,0.00,0.00,0.00,,,,,,,1.60,,0.00,0.00,,,0.00,,0.00,15.07,,,0.00,0.00,,,,,12.20,0.00,3.70,0.00,,,,,,,,
03-25-24,0.00,,0.05,1.80,0.00,0.00,0.00,0.06,,0.31,,,0.00,0.00,,0.00,0.00,0.00,,0.00,0.00,0.00,0.00,0.00,0.00,,0.00,,0.00,0.00,0.00,0.00,0.00,0.00,,,,,,,,0.00,0.00,0.00,0.00,,,,,,,1.62,,0.00,0.00,,,0.00,,0.00,16.51,,,0.00,0.00,,,,,2.00,0.00,0.00,0.00,,,,,,,,
03-26-24,0.00,,0.06,1.79,0.00,0.00,0.00,0.01,,0.49,,,0.00,0.00,,0.00,0.00,0.00,,0.00,0.00,0.00,0.00,0.00,0.00,,0.00,,0.00,0.00,0.00,0.00,0.00,0.00,,,,,,,,0.00,0.00,0.00,0.00,,,,,,,1.60,,0.00,0.00,,,0.00,,0.00,7.37,,,0.00,0.00,,,,,0.00,0.00,2.10,0.00,,,,,,,,
03-27-24,0.00,,0.06,1.80,0.00,0.00,0.00,0.36,,0.52,,,0.00,0.00,,0.00,0.01,0.00,,0.00,0.00,0.00,0.00,0.00,0.00,,0.00,,0.00,0.00,,0.00,0.00,0.00,,,,,,,,0.00,0.00,0.00,0.00,,,,,0.00,,1.59,,0.00,0.00,,,0.00,,0.00,8.74,,,0.00,0.00,,,,,0.00,0.00,2.60,0.00,,,,,,,,
03-28-24,0.01,,0.34,2.06,0.00,0.00,0.00,0.10,,0.40,,,0.00,,,0.00,0.00,0.00,,0.00,0.00,,0.00,0.00,0.00,,0.00,,0.00,0.00,0.00,0.00,0.00,0.00,,,,,,,,0.00,0.00,0.00,0.00,,,,,0.00,,1.60,,0.00,0.00,,,0.00,,0.00,7.48,,,0.00,0.00,,,,,0.00,0.00,4.60,0.00,,,,,,,,
03-29-24,0.04,,0.49,3.01,0.00,0.00,0.00,0.30,,0.30,,,0.00,0.00,,0.00,0.00,0.00,,0.00,0.00,0.00,0.00,0.00,0.00,,0.00,,0.00,0.00,0.00,0.00,0.00,0.00,,,,,,,,8.58,0.00,0.00,0.00,,,,,0.00,,1.62,,0.00,0.00,,,0.00,,0.00,0.00,,,0.00,0.00,,,,,8.50,0.00,8.60,0.00,,,,,,,,
03-30-24,0.12,,0.85,8.50,0.00,0.00,0.01,0.49,,0.51,,,0.00,0.00,,0.00,0.00,0.00,,0.00,0.00,0.00,0.00,0.00,0.00,,0.00,,0.00,0.00,0.00,0.00,0.00,0.00,,,,,,,,,0.00,0.00,0.00,,,,,0.00,,1.66,,0.00,0.00,,,0.00,,0.00,0.00,,,0.00,0.00,,,,,8.80,0.00,8.50,0.00,,,,,,,,
03-31-24,0.06,,2.48,10.79,0.00,0.00,0.01,0.12,,0.57,,,0.00,0.00,,0.00,0.12,0.00,,0.00,0.00,0.00,0.00,0.00,0.00,,,,0.00,0.00,0.00,0.00,0.00,0.00,,,,,,,,9.75,0.00,0.00,0.00,,,,,0.00,,1.65,,0.00,0.00,,,0.00,,0.00,0.00,,,0.00,0.00,,,,,4.90,0.00,7.90,0.00,,,,,,,,
04-01-24,0.00,,0.16,8.83,0.00,0.21,0.00,0.17,,0.52,,,0.15,0.00,,0.00,0.23,0.00,,0.00,0.00,0.00,0.00,0.00,0.00,,0.00,,0.00,0.00,0.00,0.00,0.00,0.00,,,,,,,,0.00,0.00,0.00,0.00,,,,,0.00,,1.66,,0.00,0.00,,,0.00,,0.00,0.00,,,0.00,0.00,,,,,0.00,0.00,5.30,0.00,,,,,,,,
04-02-24,0.00,,0.19,7.43,0.00,0.00,0.00,0.14,,0.39,,,0.28,0.00,,0.00,0.18,0.00,,0.00,0.00,0.00,0.00,0.00,0.00,,0.00,0.00,0.00,0.00,0.00,0.00,0.00,0.00,,,,,,,,0.00,0.00,0.00,0.00,,,,,0.00,,1.67,,,0.00,,,0.00,,0.00,5.08,,,0.00,0.00,,,,,0.00,0.00,5.50,0.00,,,,,,,,
04-03-24,0.00,,,22.97,0.00,0.00,0.00,0.11,,0.60,,,0.16,0.00,,0.00,0.00,0.00,,0.00,0.00,0.00,0.00,0.00,0.00,,0.00,0.00,0.00,0.00,,0.00,0.00,0.00,,,,,,,0.00,0.00,2.71,0.00,0.00,,,,,0.00,,1.65,0.49,0.00,0.00,,,0.00,,10.96,6.20,,,0.00,0.00,,,,,0.00,0.00,4.20,0.00,,,,,,,,
04-04-24,0.00,,,,0.00,0.00,0.00,0.00,,0.39,,,0.16,0.00,,0.00,0.12,0.00,,0.00,0.00,0.00,0.00,0.00,0.00,,0.00,0.00,0.00,0.00,0.00,0.00,0.00,0.00,,,,,,,0.00,0.00,0.00,0.00,0.00,,,,,0.00,,1.63,0.80,0.00,0.00,,,0.00,,8.81,0.00,,,0.00,0.00,,,,,0.00,0.00,4.80,0.00,,,,,,,,
04-05-24,0.00,,0.18,4.86,0.00,0.00,0.07,0.03,,0.60,,,0.11,0.00,,0.00,0.27,0.00,,0.00,0.00,0.00,0.00,0.00,0.00,,0.00,0.00,0.00,0.00,0.00,0.00,0.00,0.00,,,,,,,0.00,0.00,0.00,0.00,0.00,,,,,0.00,,1.66,0.80,0.00,0.00,,,0.00,,0.00,6.43,,,0.00,0.00,,,,,0.00,0.00,2.30,0.00,,,,,,,,
04-06-24,0.00,,0.22,3.74,,0.00,0.07,0.10,,0.61,,,0.15,0.00,,0.00,0.17,0.00,,0.00,0.00,0.00,0.00,0.00,0.00,,0.00,0.00,0.00,0.00,0.00,0.00,0.00,0.00,,,,,,,0.00,0.00,0.00,0.00,3.00,,,,,0.00,,1.63,0.76,0.00,0.00,,,0.00,,0.00,8.30,,,0.00,0.00,,,,,0.00,0.00,5.40,0.00,,,,,,,,
04-07-24,0.00,,0.25,2.70,0.00,0.00,0.01,0.00,,0.45,,,0.24,0.00,,0.00,0.00,0.00,,0.00,0.00,0.00,0.00,0.00,0.00,,,0.00,0.00,0.00,0.00,0.00,0.00,0.00,,,,,,,0.00,,0.00,0.00,2.62,,,,,0.00,,1.67,0.85,0.00,0.00,,,0.00,,0.00,12.98,,,0.00,0.00,,,,,0.00,0.00,2.10,0.00,,,,,,,,
04-08-24,0.00,,0.21,1.67,0.00,0.00,0.00,0.00,,0.39,,,0.21,0.00,,0.00,0.01,0.00,,0.00,,0.00,0.00,0.00,0.00,,0.00,0.00,0.00,0.00,0.00,0.00,0.00,0.00,,,,,,,0.00,0.00,0.00,0.00,0.00,,,,,0.00,,1.75,0.85,0.00,0.00,,,0.00,,0.00,9.55,,,0.00,4.47,,,,,8.00,0.00,3.50,0.00,,,,,,,,
04-09-24,0.00,,0.20,1.66,0.00,0.00,0.00,0.00,,0.59,,,0.32,0.00,,0.00,0.00,0.00,,0.00,,0.00,0.00,0.00,0.00,,0.00,0.00,0.00,,0.00,0.00,0.00,0.00,,,,,,,0.00,0.00,0.00,0.00,0.00,,,,,0.00,,,0.90,0.00,0.00,,,0.00,,0.00,10.86,,,0.00,0.00,,,,,6.10,0.00,2.00,0.00,,,,,,,,
04-10-24,0.00,,0.20,1.67,0.00,0.00,0.13,0.04,,0.48,,,0.34,0.00,,0.00,0.12,0.00,,0.00,0.00,0.00,0.00,0.00,0.00,,0.00,0.00,0.00,0.00,0.00,0.00,0.00,0.00,,,,,,,0.00,0.00,0.00,0.00,0.00,,,,,0.00,,1.69,1.18,0.29,0.00,,,0.00,,0.00,12.79,,,0.00,0.00,,,,,4.20,0.00,6.40,0.00,,,,,,,,
04-11-24,0.00,,0.20,1.85,0.00,0.00,0.15,0.14,,0.61,,,0.55,0.00,,0.00,0.00,0.00,,0.00,0.00,0.00,0.00,0.00,0.00,,0.00,0.00,,0.00,0.00,0.00,0.00,0.00,,,,,,,0.00,0.00,0.00,0.00,0.00,,,,,0.00,,1.52,0.90,0.00,0.00,,,0.00,,0.00,10.71,,,0.00,0.00,,,,,3.00,0.00,9.60,0.00,,,,,,,,
04-12-24,0.00,,0.01,2.02,0.00,0.00,0.00,0.00,,0.65,,,0.70,0.00,,0.00,0.00,0.00,,0.00,0.00,0.00,0.00,0.00,0.00,,0.00,0.00,0.00,0.00,2.21,0.00,0.00,0.00,,,,,,,0.00,0.00,0.00,0.00,0.00,,,,,0.00,,1.83,0.97,0.00,0.00,,,0.00,,0.00,7.08,,,0.00,0.00,,,,,0.00,0.00,6.90,0.00,,,,,,,,
04-13-24,0.00,,0.00,1.65,9.47,19.00,14.36,23.49,,17.61,,,3.52,0.00,,3.33,1.32,0.00,,0.00,0.00,,0.00,0.00,0.00,,0.00,0.00,0.00,0.00,6.01,0.00,0.00,0.00,,,,,,,0.00,0.00,0.00,0.00,0.00,,,,,0.00,,1.41,1.20,0.58,0.00,,,0.00,,0.00,0.00,,,0.00,0.00,,,,,0.00,21.57,3.10,5.60,,,,,,,,
04-14-24,0.00,,0.00,2.14,30.48,20.54,1.35,43.40,,18.39,,,9.27,,,0.00,2.98,0.00,,0.00,0.00,0.00,0.00,0.00,0.00,,6.09,0.00,0.00,0.00,5.81,0.00,0.00,0.00,,,,,,,0.00,0.00,0.00,0.00,0.00,,,,,0.00,,1.37,1.10,0.00,0.00,,,0.00,,0.00,9.67,,,0.00,0.00,,,,,0.00,24.07,2.40,2.60,,,,,,,,
04-15-24,0.00,,0.45,1.48,50.21,14.83,11.98,39.12,,13.03,,,12.22,,,0.00,6.11,2.02,,0.00,0.00,0.00,0.00,0.00,4.55,,9.48,10.43,3.43,10.26,10.05,0.00,0.00,0.00,,,,,,,0.00,0.00,0.00,0.00,0.00,,,,,0.00,,2.13,0.96,0.00,0.00,,,0.00,,0.00,12.02,,,0.00,0.00,,,,,0.00,23.46,,0.00,,,,,,,,
04-16-24,0.00,,3.68,,47.40,11.12,14.09,34.82,,8.90,,,9.90,,,0.00,4.69,0.60,,0.00,0.00,0.00,0.00,0.00,11.75,,6.62,9.21,0.00,5.88,7.26,0.00,1.16,0.00,,,,,,,0.00,0.00,0.00,0.00,0.00,,,,,0.00,,2.12,0.80,0.00,0.00,,,0.00,,0.00,11.02,,,0.00,0.00,,,,,0.00,8.15,3.00,0.00,,,,,,,,
04-17-24,0.00,,4.91,1.48,41.61,5.25,12.68,26.79,,3.65,,,5.17,,,0.00,0.05,0.00,,0.00,0.00,0.00,0.00,0.00,9.54,,0.00,5.67,0.00,0.00,3.93,0.00,0.00,0.00,,,,,,,0.00,0.00,0.00,0.00,0.00,,,,,0.00,,2.26,0.80,0.00,0.00,,,0.00,,0.00,11.22,,,0.00,0.00,,,,,0.00,5.29,0.00,0.00,,,,,,,,
04-18-24,0.00,,4.59,1.47,35.95,0.00,10.55,17.05,,0.21,,,1.94,,,0.00,0.00,0.00,,0.00,0.00,0.00,0.00,0.00,5.56,,0.00,1.40,0.00,0.00,0.00,0.00,0.00,0.00,,,,0.00,,,0.00,0.00,0.00,0.00,0.00,,,,,0.00,,2.30,0.81,0.00,0.00,,,0.00,,0.00,14.64,,,0.00,0.00,,,,,0.00,4.87,3.20,0.00,,,,,,,,
04-19-24,0.00,,4.24,1.49,32.20,0.00,8.91,11.35,,0.18,,,0.00,,,0.00,0.00,0.00,,0.00,0.00,0.00,0.00,0.00,2.84,,0.00,0.00,0.00,0.00,0.00,0.00,0.00,0.00,,,,7.03,0.00,,0.00,0.00,0.00,0.00,0.00,,,,,0.00,,2.68,0.89,0.00,0.00,,,0.00,,13.79,20.05,,,0.00,0.00,,,,,0.00,4.46,7.00,0.00,,,,,,,,
04-20-24,0.00,,3.79,1.47,29.86,0.00,7.53,7.62,,0.33,,,0.00,,,0.00,0.00,0.00,,0.00,0.00,0.00,0.00,0.00,1.75,,0.00,0.00,0.00,0.00,0.00,0.00,0.00,0.00,,,,12.70,0.00,,0.00,0.00,0.00,0.00,0.00,,,,,0.00,,2.86,0.94,0.00,0.00,,,0.00,,19.25,18.95,,,0.00,0.00,,,,,0.00,4.27,,0.00,,,,,,,,
04-21-24,0.00,,3.29,0.21,27.69,0.46,6.42,7.90,,0.36,,,0.00,,,0.00,0.00,0.00,,0.00,0.00,0.00,0.00,0.00,0.00,,,0.00,0.00,0.00,0.00,0.00,0.00,0.00,,,,12.60,0.00,,0.00,0.00,0.00,0.00,0.00,,,,,0.00,,2.83,0.90,0.00,0.00,,,0.00,,17.25,17.82,,,0.00,0.00,,,,,0.00,4.04,7.40,0.00,,,,,,,,
04-22-24,0.00,,1.99,0.03,25.91,0.54,5.89,3.27,,0.00,,,0.00,,,0.00,0.00,0.00,,0.00,0.00,0.00,0.00,0.00,0.00,,0.00,0.00,0.00,0.00,0.00,0.00,0.00,0.00,,,,8.80,0.00,,0.00,,2.21,0.00,0.00,,,,,19.89,,0.93,1.04,0.00,0.00,,,0.00,,19.00,16.41,,,0.00,0.00,,,,,0.00,2.42,4.70,0.00,,,,,,,,
04-23-24,0.00,,0.27,0.00,24.43,0.00,4.24,0.49,,0.04,,,0.00,,,0.00,0.00,0.00,,0.00,0.00,0.00,0.00,0.00,0.00,,0.00,0.00,0.00,0.00,0.00,0.00,0.00,0.00,,,,0.00,0.00,,0.00,0.00,3.62,0.00,0.00,,,,,21.67,,1.69,0.85,0.00,0.00,,,0.00,,16.96,15.31,,,0.00,0.00,,,,,0.00,0.00,3.90,0.00,,,,,,,,
04-24-24,0.00,,0.00,0.00,22.32,0.25,1.22,0.34,,0.12,,,0.00,,,0.00,0.00,0.00,,0.00,0.00,0.00,0.00,0.00,,,0.00,0.00,0.00,0.00,0.00,0.00,0.00,0.00,,,,0.00,0.00,,0.00,0.00,3.08,0.00,0.00,,,,,18.69,,2.41,0.83,0.00,0.00,,,0.00,,18.51,15.02,,,0.00,0.00,,,,,0.00,0.00,3.80,0.00,,,,,,,,
04-25-24,0.00,,0.00,0.00,20.24,0.00,0.41,0.00,,0.05,,,0.00,,,0.00,0.00,0.00,,0.00,,0.00,0.00,0.00,0.00,,0.00,0.00,0.00,0.00,0.00,0.00,0.00,0.00,,,,0.00,0.00,,0.00,0.00,0.00,0.00,0.00,,,,,,,0.34,0.86,0.00,0.00,,3.30,0.00,,31.61,28.01,,,0.00,0.00,,,,,6.70,0.00,5.40,0.00,,,,,,,6.20,
04-26-24,0.00,,0.00,0.00,18.40,0.54,0.00,0.00,,0.00,,,0.00,,,0.00,0.00,0.00,,0.00,0.00,0.00,0.00,0.00,0.00,,0.00,0.00,0.00,0.00,0.00,0.00,0.00,0.00,,,,0.00,0.00,,0.00,0.00,0.00,0.00,0.00,,,,,,,0.23,1.10,0.62,7.94,,7.94,2.64,5.24,43.43,53.23,,,17.36,0.00,,,,,20.60,0.00,7.20,0.00,,,,,,,4.60,
04-27-24,0.00,,0.00,0.00,17.38,1.00,0.12,0.90,,0.00,,,0.00,,,0.00,0.00,0.00,,0.00,0.00,0.00,0.00,0.00,0.00,,0.00,0.00,0.00,0.00,0.00,0.00,0.00,0.00,,,,0.00,0.00,,0.00,0.00,0.00,0.00,0.00,,,,,,,0.19,0.90,0.96,11.30,,28.15,11.58,7.73,63.86,51.53,,,8.46,0.00,,,,,8.30,0.00,5.10,0.00,,,,,,,5.00,
04-28-24,0.00,,0.00,0.10,18.55,1.17,0.91,1.53,,1.05,,,0.00,,,0.00,0.00,0.00,,0.00,0.00,0.00,0.00,0.00,0.00,,,0.00,0.00,0.00,0.00,,0.00,0.00,,,,0.00,0.00,,0.00,0.00,0.00,0.00,0.00,,,,,142.19,,0.19,0.86,0.25,10.00,,45.40,5.79,0.00,48.46,49.30,,,0.00,2.88,,,,,17.40,0.00,6.50,0.00,,,,,,,5.30,
04-29-24,0.00,,0.47,9.05,17.70,1.29,0.43,0.99,,1.19,,,0.00,,,0.00,0.00,0.00,,0.00,0.00,0.00,0.00,0.00,0.00,,0.00,,0.00,0.00,0.00,0.00,0.00,0.00,,,,0.00,,,0.00,0.00,6.55,0.00,8.71,,,,,29.15,,0.21,3.59,5.75,6.85,,42.95,2.83,0.00,39.18,47.55,,,0.00,3.37,,,,,42.10,0.00,11.40,0.00,,,,,,,5.40,
04-30-24,0.00,,0.00,5.83,16.22,1.00,0.67,0.99,,0.05,,,0.00,,,0.00,0.00,0.00,,0.00,0.00,0.00,0.00,0.00,0.00,,0.00,0.00,0.00,0.00,0.00,0.00,0.00,17.56,,,,,,,34.67,186.94,42.25,19.11,37.70,,,,,,,0.21,7.91,25.38,31.50,,76.24,17.67,0.00,38.99,47.26,,,12.98,2.69,,,,,57.70,0.00,21.70,0.00,,,,,,,,
05-01-24,0.00,,4.02,5.63,22.30,1.00,4.55,0.99,,0.17,,,0.00,,,0.00,0.00,0.00,,0.00,0.00,0.00,0.00,0.00,0.00,,0.00,1.25,0.00,,0.00,0.00,0.00,17.60,,,,,,,35.33,217.38,44.62,26.84,53.88,,,,,,,0.19,11.19,38.83,47.48,,81.12,,0.00,39.17,46.73,,,11.88,0.00,,,,,53.20,0.00,16.70,0.00,,,,,,,39.30,
05-02-24,0.00,,0.08,5.27,16.62,0.22,2.46,1.07,,0.05,,,0.00,,,0.00,0.00,0.00,,0.00,3.92,0.00,0.00,0.00,0.00,,0.00,2.28,0.00,0.00,1.59,0.00,0.00,15.04,,,,,0.00,,40.96,32.83,44.91,25.74,54.33,,,,,,,0.17,11.38,32.96,45.54,,81.46,17.40,0.00,38.20,45.36,,,11.02,0.00,,,,,49.40,0.00,15.00,0.00,,,,,,,40.10,
05-03-24,0.00,,,,16.33,0.30,1.99,0.99,,0.20,,,0.00,,,0.00,0.00,0.00,,0.00,4.67,0.00,0.00,0.00,0.00,,0.00,0.00,0.00,0.00,1.02,0.00,0.00,13.44,,,,13.98,0.00,,41.79,30.21,42.70,23.29,53.00,,,,,76.36,,1.09,10.88,31.95,40.26,,79.08,19.12,0.00,39.07,44.44,,,10.23,0.00,,,,,47.80,0.00,12.10,0.00,,,,,,,38.10,
05-04-24,0.00,,0.00,0.00,16.44,0.00,1.04,1.03,,0.06,,,0.00,,,0.00,0.00,0.00,,0.00,4.29,0.00,0.00,1.00,0.00,,0.00,0.00,0.00,0.00,0.00,0.00,0.00,12.15,,,,15.99,0.00,,4.39,135.12,69.67,59.80,87.65,,,,,168.49,,1.74,20.42,61.59,59.38,,,36.17,0.00,39.31,44.81,,,9.98,0.00,,,,,48.10,0.00,10.40,0.00,,,,,,,34.30,
05-05-24,0.00,,0.02,0.00,15.95,1.00,0.64,0.44,,0.08,,,0.00,,,0.00,0.00,0.00,,0.00,4.43,0.00,0.00,0.00,0.00,,,0.00,0.00,0.00,0.00,0.00,0.00,11.00,,,,15.30,0.00,,4.50,111.62,92.26,90.77,89.29,,,,,52.38,,0.20,21.79,57.38,71.65,,,47.08,39.66,41.10,46.95,,,12.04,,,,,,46.10,0.00,9.70,0.00,,,,,,,34.80,
05-06-24,0.00,,3.67,0.00,15.41,0.67,0.39,0.82,,0.01,,,0.00,,,0.00,0.00,0.00,,0.00,4.71,0.00,0.00,1.02,0.00,,0.00,0.00,0.00,0.00,1.13,0.00,0.00,9.08,,,,14.80,0.00,,2.33,102.83,86.88,83.21,83.83,,,,,48.43,,0.19,20.28,53.17,72.08,,183.65,,84.43,46.48,52.31,,,16.31,0.00,,,,,44.90,0.00,10.20,0.00,,,,,,,33.40,
05-07-24,0.00,,3.35,,15.04,1.29,0.85,1.99,,,,,0.00,,8.19,2.30,0.00,0.93,,7.08,20.39,5.84,10.54,4.57,12.04,,0.00,11.29,5.06,7.43,2.41,0.00,9.67,17.21,,,,26.84,0.00,,14.33,115.75,97.33,94.15,111.42,,,,,64.57,,10.87,36.75,85.92,87.38,,,,80.69,,62.62,,,22.94,0.00,,,,,43.60,0.00,10.40,0.00,,,,,,,32.80,
05-08-24,0.00,,,0.00,14.61,0.00,0.23,2.49,,0.00,,,1.50,,10.68,26.55,18.26,25.20,,19.58,50.82,,27.46,3.75,38.05,,0.00,17.48,12.85,16.14,1.34,0.00,29.55,34.42,,,,45.96,0.00,,35.42,107.00,104.96,103.11,126.92,,,,,76.85,,14.06,41.93,104.42,100.12,,,86.62,60.84,56.31,61.17,,,21.12,0.00,,,,,42.30,,10.40,8.00,,,,,,,,
05-09-24,0.00,,3.36,0.00,14.02,0.50,0.21,1.99,,0.00,,,1.31,,7.39,22.92,11.60,20.06,,14.95,43.62,5.65,19.62,1.47,32.23,,0.00,20.05,7.51,31.25,0.00,0.00,23.58,28.39,,,,39.08,0.00,,26.21,99.39,99.67,95.29,120.52,,,,,71.05,,1.68,39.78,95.62,96.25,,,78.36,40.82,57.40,63.81,,,25.27,0.00,,,,,53.90,0.00,14.60,6.70,,,,,,,56.70,
05-10-24,0.00,,2.83,0.00,13.57,0.71,0.50,0.49,,0.00,,,0.92,,6.27,20.46,8.16,16.60,,11.95,35.92,2.74,15.54,0.00,25.55,,0.00,16.09,4.77,17.15,0.00,0.00,19.70,24.71,,,,34.50,0.00,,20.29,92.67,95.71,89.78,115.83,,,,,64.86,,0.93,37.70,88.62,92.00,,,71.04,37.31,60.63,64.13,,,29.77,0.00,,,,,53.70,0.00,16.30,5.20,,,,,,,,
05-11-24,0.00,,2.26,0.00,12.84,1.00,0.38,0.82,,0.00,,,0.00,,4.31,19.00,7.55,14.27,,11.95,32.00,1.89,14.54,0.00,16.11,,0.00,11.84,4.53,0.00,0.00,0.00,17.75,23.58,,,,32.25,0.00,,18.71,87.30,93.00,84.85,112.33,,,,,53.25,,0.81,36.59,84.67,90.00,,,67.25,35.70,58.57,61.65,,,28.85,0.00,,,,,51.70,0.00,16.00,3.00,,,,,,,48.80,
05-12-24,0.00,,1.52,,12.19,1.00,0.31,1.24,,0.00,,,0.00,,3.19,18.38,6.97,12.77,,11.62,31.33,1.27,14.54,0.00,13.77,,,11.46,4.42,0.00,0.00,0.00,16.69,22.56,,,,30.77,0.00,,17.79,83.83,91.25,80.50,109.58,,,,,52.30,,0.00,35.74,81.62,88.54,,,64.96,34.99,58.15,59.95,,,28.06,0.00,,,,,50.60,0.00,15.70,0.00,,,,,,,48.20,
05-13-24,0.00,,0.60,,11.69,0.70,0.22,1.11,,0.05,,,0.00,,1.64,18.00,5.16,10.98,,11.66,31.00,0.00,14.54,0.00,12.92,,0.00,11.04,4.35,0.00,0.00,0.00,16.09,22.00,,,,29.85,0.00,,17.00,81.67,89.46,78.18,107.08,,,,,46.86,,0.81,34.57,80.00,87.00,,,63.54,34.78,56.68,58.43,,,27.21,0.00,,,,,49.80,0.00,15.10,0.00,,,,,,,,
05-14-24,0.00,,0.02,,11.19,0.62,0.25,1.44,,0.02,,,0.00,,0.89,18.00,4.12,10.98,,10.95,29.67,0.00,13.54,1.48,12.40,,0.00,10.67,3.84,0.00,0.00,0.00,15.57,21.08,,,,29.03,0.00,,16.75,78.67,88.12,75.59,104.67,,,,,43.40,,2.72,31.75,77.96,84.92,,,62.96,34.58,57.23,57.27,,,27.58,0.00,,,,,48.30,0.00,14.40,0.00,,,,,,,,
05-15-24,0.00,,0.00,,10.42,,6.95,0.90,,0.07,,,0.00,,0.89,3.74,0.02,6.50,,12.29,28.48,0.00,12.54,1.30,10.73,,0.00,10.19,3.06,0.00,1.75,4.33,15.20,19.00,,,,28.60,0.00,,16.67,76.21,87.00,73.27,102.83,,,,,40.21,,2.74,30.33,76.12,81.50,,151.33,62.38,34.66,57.90,55.94,,,27.15,0.00,,,,,47.10,7.62,12.50,0.00,,,,,,,,
05-16-24,0.00,,0.00,0.00,10.14,0.54,10.37,0.74,,0.23,,,0.00,,0.39,4.00,0.00,3.98,,13.08,28.00,0.00,13.00,1.00,9.67,,0.00,9.66,2.81,,0.00,8.88,15.41,19.00,,,,29.70,0.00,17.76,14.67,74.62,86.00,71.62,101.42,,,,,34.26,,2.14,29.97,75.00,79.46,,150.58,61.62,34.32,56.07,54.87,,,26.25,0.00,,,,,46.00,5.89,11.40,0.00,,,,,,,46.00,
05-17-24,0.00,,,0.00,14.39,0.54,8.61,1.15,,0.21,,,0.00,,0.89,2.00,0.00,3.98,,11.95,29.00,0.00,13.50,0.00,11.15,,0.00,8.53,2.77,0.00,1.01,9.58,16.21,19.62,,,,29.04,0.00,,14.00,72.88,85.00,69.99,100.00,,,,,34.12,,2.38,29.59,73.29,78.42,,149.75,60.88,33.51,55.17,54.21,,,26.73,0.00,,,,,45.00,0.00,11.30,0.00,,,,,,,45.30,
05-18-24,0.02,,0.86,,12.91,0.46,7.69,0.86,,0.16,,,0.00,,0.62,1.35,0.05,3.98,,11.95,29.38,0.00,14.08,1.02,12.92,,0.00,7.72,2.65,0.00,1.31,9.46,16.27,19.54,,,,28.53,0.00,,13.83,69.75,84.00,68.34,98.62,,,,,33.79,,2.57,29.31,71.57,77.71,,148.92,60.42,33.47,54.75,53.45,,,27.06,0.00,,,,,44.40,0.00,10.80,0.00,,,,,,,44.70,
05-19-24,0.00,,2.63,0.53,10.84,0.00,7.35,0.65,,0.00,,,0.00,,0.89,1.00,0.00,3.98,,11.58,28.21,0.00,13.17,0.00,11.44,,6.48,6.86,2.19,0.00,0.00,8.38,15.45,17.62,,,,26.80,0.00,,12.55,66.83,83.38,66.93,97.43,,,,,31.92,,1.30,28.33,70.17,78.04,,147.92,60.00,32.65,53.58,52.61,,,25.67,0.00,,,,,44.00,0.00,11.20,0.00,,,,,,,39.00,
05-20-24,0.00,,2.70,0.00,10.42,0.29,7.19,0.69,,0.06,,,0.00,,0.89,1.00,0.00,4.06,,15.58,47.17,7.46,33.75,1.30,18.49,,20.99,21.89,6.53,3.30,1.96,9.92,16.53,28.88,,,,41.52,0.00,,20.12,165.00,113.08,98.64,132.60,,,,,52.11,,0.00,48.31,91.50,99.46,,161.22,62.57,31.92,52.90,51.61,,,24.12,0.00,,,,,41.90,0.00,9.50,0.00,,,,,,,,
05-21-24,0.00,,2.57,,13.85,10.54,16.45,13.82,,7.42,,,3.83,,5.35,11.46,7.18,13.98,,36.41,94.59,18.10,73.54,8.69,55.00,,58.95,48.72,20.60,9.70,100.69,12.92,16.61,56.09,,,,63.27,2.38,,33.57,105.25,122.92,110.32,134.70,,,,,58.11,,0.00,50.38,90.62,101.96,,,72.73,31.17,52.68,51.50,,,24.96,0.00,,,,,41.30,10.84,6.80,0.00,,,,,,,,
05-22-24,0.00,,,,24.09,17.30,28.44,30.49,,16.95,,,14.13,52.17,18.23,21.83,18.44,28.98,,64.17,115.45,32.57,103.50,33.36,81.06,,33.04,77.91,54.12,30.10,103.89,38.54,43.00,63.39,,,,74.22,2.90,,34.21,102.79,124.12,107.78,134.50,,,,,53.03,,0.12,47.57,87.17,98.88,,,69.67,29.94,52.00,51.46,,,25.00,3.23,,,,,34.50,22.42,5.00,6.50,,,,,,,,
05-23-24,0.00,,,0.00,35.49,38.45,60.28,41.17,,35.07,,,41.30,,58.27,57.24,52.15,54.98,,98.66,136.25,58.78,121.62,51.25,110.10,,31.20,99.72,82.06,75.20,94.97,79.59,76.12,93.77,,,,85.63,9.10,,44.48,,129.67,109.02,136.67,,,,,51.81,,0.00,44.92,83.96,97.00,,186.16,68.92,29.67,50.80,52.17,,,25.15,0.00,,,,,34.80,38.99,5.30,22.00,,,,,,,,
05-24-24,0.00,,0.00,0.00,32.67,35.50,59.83,41.86,,42.15,,,40.22,,53.98,47.17,49.61,51.06,,87.83,130.22,52.61,106.62,55.25,102.65,,26.12,88.25,71.61,74.01,64.73,71.29,66.26,85.96,,,,80.16,2.42,,37.79,95.71,126.17,100.69,131.96,,,,,50.39,,0.96,43.61,82.38,95.42,,184.45,68.88,29.74,49.98,51.92,,,25.17,0.00,,,,,34.40,35.41,7.20,17.40,,,,,,,,
05-25-24,0.00,,0.00,0.00,29.71,30.96,55.06,34.19,,37.18,,,36.52,,47.77,39.08,44.53,47.65,,80.87,128.75,40.97,96.87,47.12,85.68,,23.99,81.42,62.85,72.99,49.28,61.68,54.35,73.77,,,,77.36,0.00,,28.96,92.58,124.29,96.93,127.10,,,,,43.69,,0.48,43.00,82.62,91.17,,177.98,67.88,28.57,50.38,51.75,,,25.19,0.00,,,,,33.50,29.13,8.10,12.70,,,,,,,65.90,
05-26-24,0.00,,,0.00,27.87,24.50,51.33,31.85,,30.34,,,30.87,,43.44,34.90,40.11,45.06,,71.83,129.46,35.59,90.17,40.62,79.98,,27.83,73.56,57.88,49.47,45.23,55.84,50.17,68.85,,,,78.08,2.00,,30.92,87.54,123.08,93.79,124.29,,,,,32.24,,0.47,41.68,81.50,88.00,,176.53,67.00,26.15,50.86,51.85,,,25.17,0.00,,,,,33.40,15.71,8.30,4.40,,,,,,,,
05-27-24,0.00,,0.00,,26.76,21.00,47.76,33.32,,22.07,,,27.39,,40.89,29.00,37.49,43.60,,67.08,128.58,34.70,85.96,35.49,76.87,,21.54,66.40,54.01,45.90,41.40,52.34,47.78,66.83,,,,75.74,0.00,,26.52,85.38,121.12,91.52,123.58,,,,,30.93,,0.00,39.93,78.79,87.38,,174.00,66.62,22.68,49.78,51.67,,,24.06,0.00,,,,,33.70,5.66,3.70,0.00,,,,,,,,
05-28-24,0.00,,0.00,0.00,26.55,20.58,46.28,28.49,,18.41,,,26.60,,39.12,27.62,35.41,41.81,,62.54,125.57,31.05,80.62,27.83,71.60,,20.04,60.79,49.94,41.78,36.94,47.32,44.87,64.25,,,,73.15,0.00,,17.08,83.71,118.46,89.36,121.17,,,,,28.95,,0.33,38.72,75.83,84.29,,167.48,65.21,21.03,49.67,49.41,,,16.58,0.00,,,,,50.70,0.00,2.20,0.00,,,,,,,59.90,
05-29-24,0.00,,0.00,0.00,26.37,20.00,44.42,27.49,,17.70,,,25.60,37.43,,26.42,32.98,40.35,,57.95,121.40,27.34,75.33,19.38,63.35,,11.24,58.28,46.17,34.50,33.75,41.26,42.33,60.33,,,,70.15,0.00,,7.92,81.04,115.75,86.18,118.70,,,,,27.28,,0.47,36.22,70.33,76.58,,152.36,61.62,16.76,49.95,51.05,,,15.62,0.00,,,,,75.70,0.00,4.90,0.00,,,,,,,58.60,
05-30-24,0.00,,,0.00,26.14,20.00,42.71,25.76,,16.12,,,24.43,36.63,29.89,25.58,31.90,39.40,,54.33,119.88,22.93,71.21,14.56,59.80,,3.58,55.74,42.69,28.83,29.90,35.98,40.62,53.73,,,,66.78,0.00,,2.04,75.67,113.08,81.93,113.96,,,,,24.79,,0.01,27.96,61.54,67.00,,148.55,61.00,13.79,50.51,53.65,,,17.75,0.00,,,,,70.00,0.00,3.10,0.00,,,,,,,53.10,
05-31-24,0.00,,0.00,0.00,26.33,19.21,41.86,25.19,,16.13,,,23.87,35.71,29.27,25.00,30.05,38.15,,51.41,116.67,20.69,67.71,12.75,57.12,,2.66,50.82,38.19,25.76,16.04,32.71,39.53,51.13,,37.35,,64.61,0.00,,0.00,71.42,111.48,78.66,109.92,,,,,25.03,,0.00,24.02,57.62,60.17,,140.34,59.38,11.75,51.82,52.91,,,16.62,0.00,,,,,75.00,0.00,3.90,0.00,,,,,,,47.00,
06-01-24,0.00,,0.00,0.00,26.70,17.00,35.41,24.15,,14.77,,,21.64,34.03,26.06,24.54,27.90,36.60,,49.45,113.71,18.30,65.46,11.45,50.17,,0.00,43.10,36.17,21.14,14.07,30.90,38.40,48.54,,33.84,,63.10,0.00,,0.00,64.83,118.50,71.34,102.61,,,,,33.07,,0.00,20.06,51.21,57.00,,139.40,61.52,22.94,47.06,53.61,,,17.06,0.00,,,,,75.30,3.72,4.00,0.00,,,,,,,53.10,
06-02-24,0.00,,0.00,,26.50,16.67,34.40,22.72,,13.68,,,20.43,32.82,25.60,23.58,24.58,35.72,,47.95,111.42,16.08,62.58,10.00,45.03,,,41.42,32.94,18.20,11.92,27.52,36.32,45.58,,31.39,,61.11,0.00,,0.00,60.33,116.75,67.77,99.29,,,,,32.44,,0.00,19.95,50.00,55.43,,143.17,66.75,32.53,46.65,53.17,,,17.17,0.00,,,,,70.60,3.77,3.20,0.00,,,,,,,47.60,
06-03-24,0.00,,0.00,0.00,26.17,16.00,33.61,21.30,,12.39,,,19.60,31.80,24.89,22.58,23.66,34.52,,45.41,109.50,13.03,58.17,6.83,43.86,,0.00,40.82,26.60,17.16,10.99,21.74,32.16,40.21,,29.89,,57.78,0.00,,0.00,57.88,114.58,65.53,95.70,,,,,31.37,,0.00,18.82,49.54,49.67,,133.03,65.79,29.31,47.39,52.73,,,17.52,0.00,,,,,68.10,3.47,2.40,0.00,,,,,,,44.60,
06-04-24,0.00,,0.00,0.00,25.84,19.00,36.46,20.12,,12.46,,,19.67,30.42,24.42,22.00,21.02,32.56,,42.66,107.58,8.22,52.92,4.20,42.78,,0.00,40.99,20.76,15.05,10.96,15.61,28.60,33.06,,25.59,,54.70,0.00,,0.00,54.08,112.79,62.69,91.43,,,,,30.57,,0.00,14.47,45.92,40.62,,129.08,62.74,21.49,48.13,51.17,,,16.52,0.00,,,,,79.50,6.94,3.10,0.00,,,,,,,42.60,
06-05-24,0.00,,0.01,0.00,25.64,19.33,38.05,20.49,,11.99,,,19.04,29.39,23.89,24.00,20.29,31.94,,41.37,103.83,4.11,49.96,2.83,40.72,,0.00,39.99,17.66,11.09,9.05,10.92,26.44,27.35,,24.50,,52.78,0.00,,0.00,,119.46,61.89,83.58,,,,,38.89,,0.00,9.12,38.67,31.58,,117.50,59.21,13.22,45.10,46.84,,,9.81,0.00,,,,,94.80,6.19,7.30,0.00,,,,,,,40.30,
06-06-24,0.00,,0.00,0.00,25.47,17.79,37.54,20.01,,10.14,,,18.88,28.45,23.89,23.00,19.80,30.40,,39.95,98.71,0.00,47.67,1.35,37.51,,0.00,39.33,16.06,5.08,7.49,8.21,24.11,25.00,,20.99,,51.43,0.00,,0.00,58.00,149.25,66.49,73.09,,,,,44.76,,0.00,2.83,27.46,25.00,,,55.67,7.86,40.60,44.90,,,7.10,0.00,,,,,83.80,4.96,6.10,0.00,,,,,,,49.90,
06-07-24,0.00,,0.00,0.00,25.06,16.29,36.19,17.91,,8.27,,,17.88,27.55,23.48,22.00,16.70,29.98,,38.62,97.46,0.00,45.83,0.00,36.63,,0.00,38.76,12.96,0.00,7.09,3.80,22.65,21.31,,13.98,,49.55,0.00,,0.00,55.00,143.58,64.30,68.58,,,,,45.90,,0.00,0.88,24.29,21.22,,,52.88,0.00,38.12,44.47,,,5.29,0.00,,,,,79.80,3.09,5.20,0.00,,,,,,,42.10,
06-08-24,0.00,,0.05,0.00,21.13,16.29,33.35,17.25,,7.05,,,17.61,27.06,21.89,21.54,15.27,29.30,,37.20,95.62,0.00,45.17,1.45,36.20,,0.00,38.60,11.10,0.00,6.01,1.31,21.33,16.69,,13.99,,46.89,0.00,,0.00,86.88,139.90,62.66,66.00,,,,,46.87,,0.00,1.10,21.30,15.80,,,50.38,0.00,37.14,43.68,,,5.04,0.00,,,,,90.60,2.98,5.00,0.00,,,,,,,39.10,
06-09-24,0.00,,,0.00,11.27,15.91,31.07,17.03,,5.39,,,17.88,32.15,21.23,40.61,24.15,50.90,,42.62,118.33,11.43,65.68,5.29,52.69,,,46.76,14.73,12.37,7.54,16.22,34.11,43.05,,32.54,,79.14,0.00,,20.42,127.71,168.26,90.14,84.92,,,,,63.25,,,10.84,32.04,42.17,,,47.21,0.00,35.46,41.57,,,23.73,0.00,,,,,104.80,0.00,4.30,4.40,,,,,,,,
06-10-24,,,0.16,0.00,10.68,15.71,30.82,15.26,,4.75,,,17.38,30.74,20.89,33.58,20.38,49.06,,46.13,119.50,9.60,65.00,4.96,55.81,,0.00,53.56,16.49,18.77,9.73,14.39,31.93,44.44,,24.50,,79.60,0.00,,0.00,75.00,165.71,86.93,87.62,,,,,54.23,,,5.51,31.12,37.78,,,44.92,0.00,35.95,42.00,,,30.09,0.00,,,,,82.90,8.68,3.00,4.90,,,,,,,39.90,
06-11-24,0.00,,0.16,0.00,9.22,17.92,,16.39,,4.05,,,17.12,26.51,19.35,33.29,17.20,50.98,,50.04,119.72,0.00,66.12,1.80,56.10,,,58.42,17.07,6.66,4.55,10.36,34.67,36.67,,18.91,,80.64,0.00,,2.22,123.42,175.74,85.51,93.13,,,,,47.70,,,6.25,27.54,14.09,,,42.08,0.00,38.63,42.05,,,32.54,0.00,,,,,83.10,15.57,5.30,2.10,,,,,,,57.00,
06-12-24,0.00,,0.20,0.00,9.07,18.12,31.10,15.44,,4.37,,,16.70,22.11,18.21,25.00,15.34,47.73,,49.16,89.09,0.00,63.92,1.53,44.38,,0.00,46.34,15.07,0.00,3.44,7.90,34.65,31.06,,12.91,,76.24,0.00,,0.00,103.08,178.33,78.59,87.08,,,,,46.59,,,23.86,25.96,14.62,,,39.83,0.00,36.73,41.29,,,28.10,6.03,,,,,80.10,13.09,4.80,0.00,,,,,,,51.20,
06-13-24,0.00,,0.25,0.00,7.88,15.17,24.97,15.57,,2.84,,,17.37,29.93,20.68,30.87,26.35,61.85,,75.95,126.67,18.21,101.04,7.99,60.13,,0.00,61.69,36.65,34.28,3.20,38.82,40.96,32.05,,49.10,,120.80,3.50,,34.00,129.33,218.83,108.36,104.12,,,,,,,0.00,28.34,29.58,24.78,,,36.67,0.00,34.63,40.47,,,27.04,9.75,,,,,79.30,0.00,3.90,8.20,,,,,,,50.20,
06-14-24,0.00,,0.13,,7.12,15.67,0.88,32.07,,2.63,,,43.23,103.63,48.31,124.52,71.51,118.90,,146.62,197.29,63.12,156.42,7.78,111.27,,0.00,102.63,76.14,87.35,6.46,94.69,101.78,83.71,,98.75,,158.60,6.33,,84.52,,249.54,138.01,149.17,,,,,,,,37.91,47.38,54.73,,,31.79,,33.37,40.47,,,26.96,22.49,,,,,70.90,0.00,3.10,65.80,,,,,,,,
06-15-24,0.00,,0.36,,6.65,14.54,0.74,40.39,,2.52,,,42.20,115.93,60.81,117.12,75.75,118.65,,145.62,201.38,59.05,141.17,1.52,103.57,,0.00,90.99,65.67,92.18,,86.15,96.33,81.73,,81.82,,152.15,3.00,104.77,76.10,139.67,251.50,141.64,170.78,,,,,,,0.00,38.22,71.33,97.57,,51.67,28.58,,33.24,41.95,,,26.52,40.89,,,,,78.50,0.00,4.20,69.20,,,,,,,99.80,
06-16-24,0.00,,1.51,,6.25,14.00,0.53,34.01,,2.13,,,39.64,109.87,55.64,102.00,70.65,109.94,,134.04,193.21,53.71,131.33,1.22,98.20,,6.44,83.82,59.04,72.17,5.63,78.85,90.61,77.96,,75.11,,143.99,2.25,,72.26,132.50,242.17,135.65,164.92,,,,,,,0.00,36.05,67.25,85.13,,51.77,27.21,0.00,33.44,42.89,,,28.46,54.96,,,,,69.00,2.13,5.50,60.90,,,,,,,96.10,
06-17-24,0.00,,,,6.01,13.52,0.01,31.66,,2.01,,,38.90,106.06,53.11,93.25,66.03,104.02,,126.50,181.60,50.10,124.78,1.43,90.82,,0.00,62.06,54.09,47.02,5.31,73.83,85.79,74.44,,62.73,,140.00,0.00,,50.88,141.62,250.54,142.09,174.04,,,,,,,0.00,47.91,88.58,82.04,,51.74,26.88,0.00,38.37,49.79,,,40.10,57.81,,,,,77.30,0.00,10.00,63.10,,,,,,,,
06-18-24,0.00,,6.93,,5.51,12.46,0.32,35.03,,1.41,,,36.46,102.43,49.85,83.29,62.74,95.84,,140.37,196.17,64.54,132.79,3.48,88.47,,0.00,72.30,55.81,66.49,4.99,82.42,88.71,81.27,,81.01,,192.93,12.79,,95.08,216.83,303.79,182.95,212.65,,,,,,,0.01,64.55,125.67,128.50,,,37.77,0.00,56.77,70.30,,,62.75,55.74,,,,,114.90,0.00,40.00,61.40,,,,,,,,
06-19-24,0.00,,6.31,0.00,4.96,11.42,0.33,36.91,,1.04,,,36.52,99.19,46.56,71.67,55.65,101.35,,151.83,233.54,74.36,149.25,3.12,81.65,,0.00,79.99,57.41,76.17,4.43,93.51,99.20,91.88,,92.49,,215.77,17.41,,120.42,201.42,310.71,190.81,223.00,,,,,,,0.02,66.83,130.25,141.89,,,44.21,12.38,106.63,82.60,,,75.56,52.54,,,,,111.20,0.00,49.00,61.50,,,,,,,,
06-20-24,0.00,,5.37,0.00,4.92,11.00,0.06,33.44,,0.54,,,35.59,97.24,45.39,64.88,45.60,96.56,,142.70,195.04,64.26,140.00,1.54,67.67,,0.00,65.46,,26.25,2.90,86.54,94.63,88.58,,71.23,,205.76,0.00,,86.41,250.08,303.33,214.57,238.75,,,,,,,,104.48,158.96,153.79,,,62.21,23.85,62.94,83.92,,,94.83,50.24,,,,,104.60,0.00,42.90,56.40,,,,,,,,
06-21-24,0.00,,,0.00,4.52,11.46,0.16,32.99,,0.00,,,30.88,95.06,43.76,69.67,51.30,91.80,,156.33,217.25,82.09,168.38,7.09,69.40,,0.00,73.69,62.33,50.32,2.71,104.97,92.04,124.40,,94.47,,247.56,0.00,,97.75,303.88,,298.73,295.92,,,,,,,0.11,137.81,188.88,185.48,,,67.75,25.50,58.05,,,,112.33,48.42,,,,,101.40,0.00,41.80,55.00,,,,,,,,
06-22-24,0.00,,,,3.90,27.42,16.08,49.34,,,,,39.32,116.92,58.85,102.88,80.39,100.90,,191.04,266.93,105.65,191.75,5.56,,,0.00,79.25,89.77,82.97,1.81,137.46,128.99,155.04,,119.18,,276.81,15.57,,160.92,314.21,443.35,306.27,323.14,,,,,,,2.81,163.61,213.87,222.50,,,70.42,22.60,,110.88,,,101.21,46.97,,,,,104.60,9.82,45.20,75.20,,,,,,,,
06-23-24,0.00,,,,3.30,23.00,6.00,49.64,,0.65,,,36.57,118.31,59.94,99.54,86.43,101.98,,179.62,276.69,102.86,157.10,1.69,66.92,,6.00,56.75,82.60,17.07,1.34,127.36,119.75,176.92,,117.10,,300.01,,,167.29,297.71,443.00,290.54,320.25,,,,,,,3.68,155.28,209.46,225.17,,,80.75,19.50,,106.00,,,93.44,46.36,,,,,102.10,3.04,40.50,66.40,,,,,,,,
06-24-24,0.00,,,,3.00,22.05,0.87,43.68,,1.32,,,33.47,113.59,55.79,96.62,81.80,98.81,,188.08,285.85,101.00,,4.27,69.35,,1.08,63.53,81.09,16.79,49.74,123.73,114.99,169.60,,107.60,,275.75,13.50,,157.62,279.12,428.17,270.66,311.52,,,,,,,4.74,144.86,197.96,218.41,,,76.62,14.75,79.90,102.00,,,87.60,44.83,,,,,97.60,3.08,36.70,68.30,,,,,,,,
06-25-24,0.00,,,0.00,2.68,16.84,1.46,41.53,,0.74,,,32.45,108.99,49.73,107.00,78.23,,,214.16,282.95,98.56,173.31,6.12,82.05,,0.00,72.70,,39.89,9.27,119.30,112.95,163.75,,103.51,,262.20,15.04,,151.71,266.08,391.48,256.82,305.00,,,,,,,5.86,136.63,190.00,210.62,,,75.14,13.40,,,,,83.50,43.58,,,,,100.30,0.00,29.80,81.60,,,,,,,,
06-26-24,0.00,,0.32,0.00,2.55,16.00,0.64,38.49,,0.00,,,31.60,106.69,48.89,97.92,76.18,99.48,,199.50,277.17,94.62,167.21,5.28,80.73,,0.00,69.64,81.21,31.70,7.55,113.44,109.78,158.67,,100.02,,250.79,13.83,,144.48,256.54,380.65,249.40,298.57,,,,,,,7.93,133.88,176.59,209.14,,,80.95,10.13,78.07,,,,84.08,41.28,,,,,106.60,0.00,24.10,70.00,,,,,,,168.50,
06-27-24,0.00,,0.04,0.00,2.36,16.00,0.14,39.49,,0.00,,,31.76,104.95,48.89,92.88,75.78,97.98,,188.70,270.04,86.94,163.54,2.89,73.97,,0.00,65.68,76.73,29.31,4.60,107.62,106.98,152.67,,96.28,,244.58,13.17,,144.54,246.71,379.12,240.44,287.33,,,,,,,1.33,117.65,162.79,196.61,,,71.62,7.81,78.13,,,,81.17,41.20,,,,,105.30,0.00,25.10,59.10,,,,,,,166.80,
06-28-24,0.00,,0.00,,2.03,16.00,0.07,38.77,,0.00,,,31.57,103.23,48.35,89.42,74.93,96.52,,180.91,257.27,78.76,156.00,1.43,67.40,,0.00,58.88,72.37,25.55,1.91,102.89,104.88,148.25,,92.69,,239.95,12.38,,143.50,239.71,373.92,236.50,286.46,,,,,,,1.42,112.30,156.54,187.88,,99.30,76.62,7.45,76.60,106.16,,,75.19,40.26,,,,,104.10,0.00,26.20,47.20,,,,,,,166.10,
06-29-24,0.00,,0.00,0.00,1.71,16.00,0.14,37.66,,0.00,,,31.35,101.79,47.89,86.21,73.87,95.69,,175.41,253.50,75.76,153.21,1.40,65.60,,0.00,57.78,69.59,21.78,1.76,99.38,103.07,145.48,,89.21,,234.54,11.79,,140.62,233.38,367.38,228.42,282.50,,,,,,,1.64,110.15,153.67,182.71,,95.61,74.21,5.70,75.78,,,,73.23,38.11,,,,,111.90,0.00,32.50,45.70,,,,,,,165.30,
06-30-24,0.00,,0.00,0.00,1.35,15.08,0.27,37.99,,0.00,,,30.92,100.51,47.89,83.54,72.54,94.98,,171.04,250.00,73.77,150.15,1.38,63.57,,,57.49,67.72,21.56,1.71,96.06,101.29,142.40,,83.77,,229.89,11.33,,138.25,228.08,361.46,222.65,279.09,,,,,201.36,,2.87,108.55,151.29,176.70,,86.68,72.12,0.00,,,,,71.65,44.87,,,,,129.70,0.00,42.60,45.20,,,,,,,153.60,
07-01-24,0.00,,0.00,0.00,0.56,13.35,0.00,35.26,,0.00,,,30.80,99.30,47.89,82.00,71.89,93.98,,167.41,248.00,72.76,147.62,1.35,62.45,,0.00,57.02,66.01,15.66,1.28,93.40,99.31,139.35,,82.63,,225.61,9.67,,134.33,224.08,356.38,218.84,277.12,,,,,213.37,,1.78,103.78,146.71,174.00,,94.47,69.92,0.00,86.54,,,,70.21,46.26,,,,,125.70,0.00,37.20,43.60,,,,,,,141.10,
07-02-24,0.00,,0.03,0.00,0.05,13.00,0.00,35.39,,0.00,,,30.25,98.18,46.89,80.00,71.09,92.98,,164.00,245.04,72.05,145.37,0.00,59.85,,0.00,55.33,64.43,6.63,0.00,90.77,97.71,136.90,,76.45,,221.56,5.04,,130.00,221.00,351.71,215.56,275.17,,,,,215.85,,1.49,98.87,142.54,178.46,,87.91,66.92,0.00,82.48,,,,68.98,49.86,,,,,125.50,0.00,35.70,40.10,,,,,,,137.90,
07-03-24,0.00,,0.07,0.00,0.03,13.00,0.00,34.34,,0.00,,,30.62,97.04,46.89,79.00,69.96,92.98,,160.66,241.58,70.60,142.92,0.00,58.47,,0.00,54.43,63.17,6.23,0.00,88.16,96.53,134.21,,71.09,,217.79,0.00,,129.33,217.54,347.79,212.90,273.00,,,,,214.80,,1.22,97.16,140.08,178.62,,88.93,76.33,6.37,121.69,,,,79.42,51.40,,,,,125.60,0.00,36.20,36.30,,,,,,,137.80,
07-04-24,0.00,,0.07,0.00,0.03,13.00,0.00,31.67,,0.00,,,30.21,95.88,45.89,78.00,69.92,91.98,,157.66,238.00,68.48,140.62,0.00,57.57,,0.00,53.74,61.90,5.84,0.00,85.83,95.54,132.44,,68.53,,214.50,0.00,,127.67,214.62,344.25,210.79,272.00,,,,,213.88,,1.86,96.03,139.00,177.38,,,90.21,48.44,,,,,74.62,48.31,,,,,88.80,0.00,35.00,33.80,,,,,,,136.10,
07-05-24,0.00,,0.08,0.00,,13.00,0.00,30.99,,0.00,,,29.96,94.94,45.89,77.00,69.52,91.98,,155.20,235.67,68.18,138.62,0.00,56.92,,0.00,52.58,60.94,5.52,0.00,84.22,94.08,131.40,,67.11,,211.97,0.00,,126.67,212.12,341.54,209.16,268.46,,,,,213.07,,2.78,95.45,138.00,176.33,,,89.79,46.12,95.01,,,,70.44,46.31,,,,,86.20,0.00,34.20,31.80,,,,,,,137.10,
07-06-24,0.00,,0.10,0.00,0.04,13.00,0.02,31.67,,0.00,,,29.62,94.09,44.89,76.50,68.95,90.98,,152.87,236.46,67.62,137.08,0.00,56.45,,0.00,51.63,60.46,5.46,0.00,82.77,92.80,129.56,,65.86,,209.33,0.00,,125.62,209.88,338.75,208.15,267.46,,,,,212.53,,1.30,94.89,137.38,175.42,,96.92,86.83,44.85,106.74,,,,70.04,45.83,,,,,88.10,0.00,33.80,31.60,,,,,,,136.70,
07-07-24,0.00,,0.14,0.01,0.08,13.00,0.17,31.49,,0.00,,,29.44,93.13,44.89,76.00,68.14,90.98,,150.70,236.88,65.92,135.75,0.00,54.08,,,51.21,59.49,5.30,0.00,81.43,91.92,128.46,,64.14,,206.75,0.00,,124.67,208.38,336.17,207.55,265.12,,,,,212.02,,1.62,94.71,136.71,175.00,,96.79,84.42,40.77,87.40,,,,69.58,43.03,,,,,89.50,0.00,33.40,30.70,,,,,,,135.90,
07-08-24,0.00,,0.15,,0.07,13.00,0.00,31.89,,0.00,,,29.82,92.39,43.89,76.00,66.43,90.98,,149.25,235.42,65.47,134.54,0.00,53.60,,0.00,50.95,58.91,5.19,0.00,80.29,90.91,127.15,,63.47,,204.86,0.00,,124.00,206.38,333.83,205.50,263.43,,,,,211.33,,1.91,94.14,136.33,174.00,,96.43,83.42,38.83,87.72,,,,68.92,39.13,,,,,88.00,0.00,33.10,30.30,,,,,,,132.70,
07-09-24,0.00,,,,0.08,13.00,0.11,31.19,,0.04,,,29.39,91.95,43.89,75.00,65.81,89.98,,147.20,234.00,64.69,132.92,0.00,53.40,,0.00,50.76,57.94,5.10,0.00,79.17,90.20,126.12,,62.92,,203.05,0.00,,123.00,205.50,331.67,203.25,262.00,,,,,210.51,,1.81,94.05,137.21,174.00,,87.51,82.62,37.20,88.20,,,,68.17,32.54,,,,,87.80,0.00,32.90,29.10,,,,,,,,
07-10-24,0.00,,,,0.05,11.96,0.25,30.44,,0.22,,,29.09,91.40,43.89,75.00,62.72,89.98,,145.45,232.62,64.01,131.92,0.00,,,0.00,50.64,57.17,5.01,,78.41,89.74,125.02,,62.15,,201.53,0.00,,122.00,203.62,329.21,202.01,261.00,,,,,209.77,,1.27,93.13,137.25,173.00,,86.18,81.88,35.73,86.67,,,,67.50,25.76,,,,,86.80,0.00,31.10,29.70,,,,,,,,
07-11-24,0.00,,,,0.05,12.00,0.00,28.44,,0.17,,,28.64,90.97,43.89,75.00,61.89,89.98,,144.64,231.42,63.66,130.92,0.00,53.16,,0.00,50.54,56.75,4.90,0.00,77.58,89.26,124.00,,62.02,,200.04,0.00,,121.71,202.33,327.54,201.19,260.54,,,,,209.29,,1.05,92.85,137.35,173.00,,85.60,81.42,34.08,86.56,,,,67.17,16.25,,,,,86.60,0.00,28.50,28.50,,,,,,,,
07-12-24,0.00,,0.06,,0.04,12.00,0.07,28.57,,0.02,,,27.96,90.59,43.89,75.00,61.67,89.98,,137.52,230.25,62.68,129.92,0.00,42.53,,0.00,50.44,56.31,,0.00,76.64,88.75,123.25,,61.87,,198.73,0.00,,121.00,200.12,326.00,201.27,259.46,,,,,208.04,,1.06,92.50,137.00,172.67,,84.59,79.88,32.86,86.09,,,,67.00,0.00,,,,,86.30,0.00,25.10,28.70,,,,,,,,
07-13-24,0.00,,0.00,,0.04,11.33,0.00,,,0.00,,,26.78,90.25,43.89,75.00,61.45,89.98,,136.95,229.00,62.59,129.54,0.00,40.90,,0.00,50.34,55.83,4.62,0.00,74.96,88.12,121.81,,61.79,,197.22,0.00,,120.58,197.79,324.58,200.27,258.50,,,,,207.08,,1.16,92.08,136.58,172.00,,84.15,78.17,32.26,85.09,,,,66.29,0.00,,,,,85.80,0.00,23.60,28.90,,,,,,,131.30,
07-14-24,0.00,,0.00,0.00,0.02,10.72,0.00,28.49,,0.00,,,26.10,89.96,43.89,74.54,62.33,89.31,,135.62,227.58,62.22,128.54,0.00,40.69,,6.09,50.15,55.56,4.36,0.00,65.27,87.66,120.50,,61.20,,195.89,0.00,,120.00,196.17,323.00,199.40,257.67,,,,,206.05,,1.18,91.90,136.00,172.00,,83.11,77.00,31.68,82.72,,,,65.96,0.00,,,,,85.50,0.00,23.10,28.80,,,,,,,132.40,
07-15-24,0.00,,0.00,0.00,0.02,10.67,0.00,28.49,,0.00,,,25.82,89.74,43.89,74.00,62.52,88.98,,133.95,226.67,61.18,127.54,0.00,40.50,,0.00,49.78,54.97,4.25,,58.34,87.08,118.92,,60.29,,194.28,0.00,,118.62,194.00,321.54,198.55,257.00,,,,,204.62,,1.19,91.86,135.58,171.00,,82.11,76.75,30.14,80.85,,,,64.48,0.00,,,,,85.40,0.00,19.10,28.20,,,,,,,131.40,
07-16-24,0.00,,0.00,0.00,0.00,10.38,0.03,28.26,,0.00,,,25.45,89.36,42.89,72.96,62.14,88.98,,133.54,225.46,59.83,126.42,0.00,40.25,,0.00,49.21,53.80,3.87,0.00,54.56,86.38,117.00,,58.94,,193.12,0.00,,117.67,190.38,320.00,197.99,256.33,,,,,203.48,,1.02,91.52,134.71,171.00,,81.10,74.96,24.93,80.12,,,,62.65,0.00,,,,,84.20,0.00,11.60,26.70,,,,,,,130.00,
07-17-24,0.00,,0.00,0.00,0.00,9.71,0.00,,,0.00,,,24.73,89.11,42.89,70.71,61.56,88.98,,131.20,224.46,57.52,124.62,0.00,39.92,,0.00,48.78,52.49,3.63,0.00,48.39,85.16,113.96,,57.98,,191.85,0.00,170.26,115.46,187.42,318.58,196.85,255.25,,,,,202.19,,1.73,91.16,134.04,170.12,,79.73,74.17,22.10,81.55,,,,69.02,0.00,,,,,84.20,0.00,6.20,25.60,,,,,,,126.50,
07-18-24,0.00,,0.00,0.00,0.01,9.00,0.00,28.22,,0.00,,,24.62,88.79,42.89,69.75,61.55,88.69,,128.62,223.63,55.63,123.04,0.00,39.68,,0.00,48.37,51.78,3.42,0.00,44.54,83.92,109.35,,58.60,,194.09,0.00,169.07,,,335.75,205.57,253.62,,,,,201.48,,0.71,89.82,131.29,168.00,,83.83,76.25,19.75,82.07,,,,68.40,,,,,,80.70,0.00,5.30,23.30,,,,,,,131.40,
07-19-24,0.00,,0.06,0.00,0.00,8.71,0.02,26.49,,0.00,,,24.32,88.39,41.31,68.00,61.10,87.98,,127.50,227.00,53.51,121.79,0.00,39.85,,0.00,47.68,51.25,2.88,0.00,41.87,82.90,101.17,,,,192.52,0.00,161.35,115.79,195.00,340.42,207.72,252.62,,,,,200.87,,1.11,90.30,131.42,167.38,,81.89,78.46,18.93,81.30,,,,63.19,0.00,,,,,83.70,0.00,4.40,22.50,,,,,,,131.70,
07-20-24,0.00,,0.11,0.00,0.00,8.38,0.03,,,0.00,,,23.77,88.24,39.89,68.00,60.63,87.98,,126.33,225.58,52.17,120.54,0.00,39.39,,0.00,46.95,50.65,1.22,0.00,39.31,81.90,97.54,,59.10,,189.51,0.00,157.45,118.38,191.62,336.12,205.01,249.96,,,,,199.69,,1.05,89.75,130.21,167.00,,80.80,77.50,19.04,79.49,,,,63.04,0.00,,,,,84.00,0.00,0.00,21.80,,,,,,,130.20,
07-21-24,0.00,,0.08,0.00,0.01,7.75,0.08,,,0.00,,,23.98,88.19,39.89,68.00,60.33,87.60,,124.79,220.74,50.68,118.75,0.00,39.22,,5.61,46.79,50.14,0.00,0.00,37.62,81.35,95.94,,56.55,,187.24,0.00,155.05,117.00,187.38,333.67,201.78,246.00,,,,,198.86,,2.56,89.26,129.67,166.62,,79.79,76.50,18.82,78.66,,,,59.71,0.00,,,,,87.60,0.00,0.00,20.60,,,,,,,125.00,
07-22-24,0.00,,0.03,,0.00,4.33,0.04,,,0.00,,,24.55,87.81,39.89,67.42,60.11,86.98,,123.50,219.54,48.09,117.00,0.00,38.93,,0.00,46.54,49.68,0.00,0.00,35.01,81.12,94.23,,55.34,,183.13,0.00,149.82,115.71,182.42,330.79,197.84,244.71,,,,,198.12,,1.57,87.38,128.33,165.33,,74.30,75.42,18.50,74.23,,,,41.56,0.00,,,,,86.70,,0.00,20.40,,,,,,,127.00,
07-23-24,0.00,,0.00,,0.00,0.58,0.23,,,0.00,,,23.75,87.67,39.52,67.00,60.24,86.76,,121.95,219.00,44.90,115.75,0.00,38.77,,0.00,46.20,49.54,0.00,0.00,31.00,80.92,92.40,,55.11,,181.18,0.00,146.34,114.71,179.33,327.92,195.71,243.50,,,,,197.41,,1.52,85.75,127.00,165.00,,68.44,73.79,17.97,68.52,,,,34.46,0.00,,,,,72.70,0.00,0.00,19.80,,,,,,,131.70,
07-24-24,0.00,,0.00,0.00,0.00,0.50,0.19,,,0.00,,,23.71,87.43,39.23,67.00,59.84,87.56,,121.95,218.00,43.28,114.79,0.00,40.77,,0.00,46.32,,0.00,4.90,29.42,80.87,91.35,,55.12,,180.42,0.00,144.56,114.00,178.21,326.22,194.78,243.00,,,,,196.90,,1.19,85.01,126.50,164.00,,66.67,71.17,15.06,65.50,,,,31.69,0.00,,,,,78.50,0.00,0.00,19.50,,,,,,,130.60,
07-25-24,0.00,,0.00,0.00,0.03,0.17,0.03,,,0.00,,,23.02,86.99,38.89,67.00,59.76,86.40,,121.20,217.38,41.78,112.54,0.00,39.50,,0.00,45.74,49.56,0.00,2.59,27.16,80.29,90.62,,53.91,,179.18,0.00,142.79,111.50,177.42,324.25,194.40,242.58,,,,,196.56,,1.18,85.58,126.29,163.00,,68.29,66.71,11.21,75.18,,,,33.12,0.00,,,,,75.90,0.00,0.00,18.70,,,,,,,127.80,
07-26-24,0.00,,0.00,0.00,0.04,0.33,0.00,,,0.00,,,22.62,86.57,38.89,67.00,59.27,85.98,,119.58,216.38,40.01,111.54,0.00,37.76,,0.00,45.20,48.83,0.00,1.36,25.79,79.90,89.90,,52.05,,178.10,0.00,142.00,108.21,175.75,322.54,193.44,242.46,,,,,195.55,,0.97,85.69,127.54,163.00,,69.78,66.92,11.62,83.20,,,,31.44,6.43,,,,,74.20,0.00,2.00,16.80,,,,,,,126.90,
07-27-24,0.00,,0.00,0.00,0.03,0.38,0.00,,,0.00,,,22.78,85.89,38.89,67.00,58.89,85.52,,118.58,215.67,38.09,111.17,0.00,37.61,,0.00,44.63,47.61,0.00,0.00,23.47,79.69,89.02,,49.48,,177.03,0.00,139.34,106.71,173.71,321.00,192.11,242.00,,,,,195.00,,2.12,85.46,127.00,162.00,,72.26,76.21,23.99,102.98,,,,29.85,23.88,,,,,86.30,0.00,0.00,15.30,,,,,,,125.40,
07-28-24,0.00,,0.00,0.02,0.05,0.50,0.00,,,,,,22.25,85.80,38.89,67.00,58.79,84.98,,117.66,215.00,36.61,110.54,0.00,37.99,,,44.20,46.11,0.00,0.00,18.84,79.51,88.19,,48.32,,176.28,0.00,135.73,106.00,172.21,320.00,191.38,242.00,,,,,194.70,,3.35,85.20,126.71,162.00,,70.85,77.83,32.93,74.61,,,,29.19,46.01,,,,,72.70,0.00,0.00,14.30,,,,,,,122.30,
07-29-24,0.00,,0.00,0.00,0.04,0.42,0.00,,,0.00,,,21.62,85.57,38.89,67.00,58.15,84.98,,116.37,214.33,35.52,109.54,0.00,37.85,,0.00,43.58,45.30,0.00,0.00,13.74,79.11,86.73,,47.95,,175.71,0.00,131.22,104.12,169.50,318.58,190.19,241.00,,,,,194.34,,3.01,84.77,126.38,161.00,,74.00,77.38,29.70,62.88,,,,29.62,26.91,,,,,77.20,0.00,0.00,13.00,,,,,,,122.00,
07-30-24,0.00,,0.00,0.00,0.02,1.00,0.01,,,0.00,,,21.28,85.12,38.56,65.83,57.18,84.98,,114.95,213.58,34.24,107.08,0.00,37.66,,0.00,43.01,43.97,0.00,0.00,9.69,78.10,85.00,,46.66,,173.41,0.00,126.28,101.71,167.29,317.38,188.80,239.88,,,,,193.74,,2.16,84.09,125.50,160.50,,73.69,75.46,27.43,63.04,,,,30.04,23.97,,,,,100.20,0.00,0.00,9.10,,,,,,,122.70,
07-31-24,0.00,,0.00,0.00,0.02,1.00,0.07,,,0.00,,,21.18,84.69,37.89,63.00,56.01,83.40,,114.34,213.00,30.43,106.17,0.00,37.37,,1.29,43.78,42.99,0.00,0.00,7.13,75.80,80.62,,45.55,,174.30,0.00,129.74,100.00,164.33,316.70,184.01,237.25,,,,,189.77,,1.62,84.12,123.39,159.22,,73.09,71.88,22.09,64.45,,,,29.37,24.13,,,,,107.60,0.00,0.00,9.10,,,,,,,128.80,
08-01-24,0.00,,0.00,0.00,0.00,0.58,0.05,,,0.00,,,20.14,84.26,37.31,58.05,59.36,81.35,,113.22,212.00,22.86,112.54,0.00,32.63,,18.62,39.66,41.44,0.00,0.00,5.06,74.05,74.58,,48.97,,174.79,0.00,160.13,93.21,205.96,331.54,191.50,249.61,,,,,203.38,,1.12,111.19,128.96,160.76,,74.33,67.38,17.82,65.57,,,,25.79,20.42,,,,,91.90,0.00,0.00,8.70,,,,,,,130.30,
08-02-24,0.00,,0.00,0.10,2.24,7.33,2.74,20.40,,0.00,,,34.77,103.56,53.52,101.88,97.60,115.69,,131.66,258.94,41.09,141.58,2.83,55.75,,8.66,57.22,54.27,62.42,43.66,34.63,87.54,91.00,,87.69,,207.12,8.75,204.73,110.58,226.88,366.33,248.84,308.96,,,,,272.65,,3.12,142.03,190.06,219.25,,76.09,63.58,13.74,71.89,,,,24.08,16.80,,,,,101.40,0.00,,9.90,,,,,,,,
08-03-24,0.00,,0.00,,9.66,15.32,6.95,36.22,,0.09,,,49.29,118.13,69.02,120.25,126.71,133.69,,139.37,306.08,69.14,162.25,1.51,72.57,,0.00,61.13,59.94,8.22,13.19,56.34,98.92,96.77,,122.53,,239.22,0.00,214.54,148.65,259.29,399.21,,341.95,,,,,315.54,,0.91,143.58,209.42,250.33,,128.76,64.92,10.22,66.75,,,,24.65,14.95,,,,,89.50,,0.00,8.80,,,,,,,,
08-04-24,0.00,,0.00,,4.04,12.62,8.72,32.24,,0.00,,,45.71,115.87,69.08,106.12,115.32,125.44,,136.25,307.39,64.81,153.75,0.00,63.71,,5.92,59.97,56.99,8.49,8.19,47.93,91.94,94.48,,102.64,,229.03,0.00,206.99,132.25,246.12,393.82,253.34,334.92,,,,,298.80,,0.77,136.38,200.54,221.54,,,64.67,10.83,74.77,,,,24.06,15.19,,,,,90.80,0.00,0.00,11.90,,,,,,,,
08-05-24,0.00,,,0.26,0.75,12.00,8.24,32.12,,0.00,,,42.30,113.99,66.89,98.46,106.88,120.69,,133.58,308.46,71.21,154.46,4.17,63.04,,0.00,60.21,55.26,1.42,5.19,46.77,89.19,112.65,,94.80,,226.24,0.00,227.61,112.21,243.75,396.75,255.76,352.88,,,,,298.01,,0.78,151.83,204.83,236.41,,97.57,63.17,9.28,91.14,,,,28.65,14.80,,,,,94.60,0.00,0.00,9.70,,,,,,,,
08-06-24,0.00,,,0.20,0.17,3.33,4.87,31.86,,0.11,,,35.95,113.45,64.89,94.25,106.15,117.98,,131.79,324.21,92.23,168.58,7.39,79.75,,0.00,64.20,57.37,1.50,,69.07,105.06,148.83,,128.00,,260.57,3.38,263.99,132.33,251.88,407.62,264.16,365.88,,,,,317.32,,0.76,147.95,203.46,255.67,,109.56,64.00,6.90,,,,,33.08,14.52,,,,,89.40,0.00,2.30,7.80,,,,,,,,
08-07-24,0.00,,,,0.09,3.00,4.30,31.28,,0.00,,,35.81,114.80,64.19,91.50,96.58,115.60,,131.25,314.46,84.77,161.88,6.41,70.59,,0.00,62.58,55.40,41.55,1.50,64.92,102.81,140.29,,103.00,,247.17,0.00,254.80,128.12,243.75,404.83,254.56,363.88,,,,,314.28,,1.26,143.76,200.38,261.33,,108.22,62.46,5.60,,,,,32.37,14.49,,,,,88.80,0.00,0.00,7.10,,,,,,,,
08-08-24,0.00,,,0.23,0.17,2.00,3.49,29.94,,0.06,,,35.17,114.44,61.89,89.54,94.65,113.98,,130.62,307.04,80.26,156.29,5.18,66.60,,0.00,62.60,55.71,86.90,,59.81,99.82,131.79,,98.80,,239.36,0.00,248.22,126.96,235.46,397.22,247.63,358.25,,,,,300.31,,1.96,140.34,195.21,254.83,,107.17,61.92,0.00,89.38,,,,30.44,10.20,,,,,90.00,0.00,0.00,6.60,,,,,,,200.50,
08-09-24,0.00,,,0.11,0.17,1.42,3.23,30.40,,0.01,,,33.18,113.73,61.89,87.00,93.45,113.59,,129.54,304.21,75.72,152.08,4.51,50.10,,0.00,,55.17,0.00,1.29,55.31,97.54,124.52,,95.80,,232.92,0.00,243.03,124.38,229.46,391.62,243.83,354.46,,,,,297.28,,1.58,138.20,192.00,251.42,,105.65,60.50,0.00,87.57,,,,26.50,3.81,,,,,84.60,0.00,0.00,6.60,,,,,,,195.90,
08-10-24,0.00,,0.00,0.14,0.17,0.54,2.43,29.78,,0.04,,,31.54,112.91,60.89,85.58,92.48,112.44,,128.50,302.35,71.09,147.96,3.33,62.43,,0.00,61.98,54.17,0.00,1.16,49.43,95.36,119.60,,92.65,,227.94,0.00,238.81,122.29,222.67,386.75,237.50,348.92,,,,,296.19,,1.07,131.65,184.79,246.88,,104.01,57.75,0.00,101.54,,,,29.00,0.00,,,,,86.40,0.00,0.00,5.80,,,,,,,189.90,
08-11-24,0.00,,0.00,0.13,0.16,0.29,1.95,30.01,,0.00,,,31.26,112.20,60.42,83.30,90.79,111.60,,126.73,300.96,65.87,143.63,1.73,60.51,,0.00,61.72,52.81,0.00,1.25,43.78,93.15,113.98,,89.17,,222.90,0.00,235.15,120.13,215.17,382.91,227.29,342.43,,,,,293.96,,1.19,126.86,180.43,243.39,,107.88,58.43,0.00,87.16,,,,27.04,0.00,,,,,89.20,0.00,0.00,3.30,,,,,,,181.90,
08-12-24,0.00,,0.00,,0.16,0.08,1.91,29.67,,0.00,,,30.71,111.62,59.23,80.00,89.98,110.15,,125.08,297.75,60.00,138.75,0.00,59.53,,0.00,61.42,50.77,0.00,0.00,39.04,90.14,106.92,,87.39,,215.63,0.00,230.82,117.04,208.88,379.21,221.51,335.38,,,,,290.94,,0.30,124.60,177.04,239.29,,105.37,57.54,0.00,89.74,,,,22.19,5.04,,,,,85.20,0.00,0.00,0.00,,,,,,,178.70,
08-13-24,0.00,,0.00,0.11,0.19,0.21,2.18,28.74,,0.00,,,30.03,110.77,57.89,77.39,89.42,108.65,,122.25,294.67,55.60,134.92,0.00,58.74,,0.00,61.00,48.09,0.00,0.00,34.53,87.35,100.60,,84.89,,209.22,0.00,227.18,113.96,202.96,375.08,217.61,329.75,,,,,287.08,,0.29,121.92,171.96,232.25,,102.83,56.38,0.00,80.98,,,,,2.78,,,,,89.90,0.00,0.00,0.00,,,,,,,170.30,
08-14-24,0.00,,0.00,0.12,0.17,1.00,1.63,27.99,,0.09,,,29.98,110.11,56.89,75.00,89.08,107.98,,120.55,292.62,53.57,132.54,0.00,57.80,,0.00,60.46,45.86,0.00,0.00,30.87,85.31,95.88,,82.10,,204.58,0.00,224.17,112.00,198.58,372.00,215.27,326.31,,,,,284.88,,0.29,117.77,167.27,227.81,,104.97,55.43,0.00,81.86,,,,21.35,0.00,,,,,89.70,0.00,0.00,0.00,,,,,,,161.00,
08-15-24,0.00,,0.00,0.18,0.07,3.29,0.78,27.17,,0.04,,,,108.94,56.89,75.00,88.62,107.65,,119.04,289.79,48.47,131.50,0.00,55.86,,0.00,59.57,44.74,0.00,0.00,28.69,84.33,92.35,,80.44,,202.73,0.00,221.83,111.00,194.25,368.58,210.85,321.88,,,,,283.58,,0.56,114.31,162.33,224.58,,105.03,54.04,0.00,80.37,,,,21.19,0.00,,,,,90.00,0.00,0.00,0.00,,,,,,,154.60,
08-16-24,0.00,,0.00,,0.06,3.04,1.52,27.39,,0.00,,,29.91,107.74,56.77,75.00,88.43,103.15,,118.33,287.79,45.61,130.33,0.00,50.80,,0.00,58.36,44.02,0.00,0.00,27.52,83.97,89.77,,76.96,,201.31,0.00,220.03,110.00,191.04,367.42,209.41,319.42,,,,,282.35,,0.95,113.90,160.88,223.25,,104.41,51.88,0.00,80.29,,,,24.25,0.00,,,,,98.60,0.00,0.00,0.00,,,,,,,155.30,
08-17-24,0.00,,0.00,0.17,0.06,3.12,1.18,27.28,,0.00,,,29.80,107.07,56.48,75.00,86.88,102.98,,117.95,286.21,43.90,129.08,0.00,43.71,,0.00,57.29,43.33,0.00,0.00,26.50,83.33,89.00,,70.93,,200.17,0.00,218.98,109.58,188.92,365.42,208.39,318.21,,,,,281.36,,1.92,113.50,160.62,222.17,,104.27,51.12,0.00,80.96,,,,25.58,0.00,,,,,96.80,0.00,2.10,0.00,,,,,,,154.40,
08-18-24,0.00,,0.12,0.41,,8.50,,27.49,,4.91,,,29.89,107.22,60.39,75.29,86.91,103.23,,117.58,284.62,42.37,128.17,0.00,42.51,,,56.63,43.14,0.00,,25.52,83.24,94.50,,74.42,,200.75,0.00,228.43,110.38,189.38,369.88,210.22,316.08,,,,,280.39,,1.56,113.21,160.08,220.54,,103.80,50.42,0.00,83.24,,,,26.27,0.00,,,,,97.80,0.00,0.00,0.00,,,,,,,,
08-19-24,0.00,,0.14,0.26,0.10,7.71,0.84,27.08,,0.68,,,29.50,106.41,64.52,75.21,86.10,104.27,,116.95,283.33,41.44,128.25,0.00,41.43,,0.00,56.06,42.56,0.00,0.00,24.80,83.77,103.38,,74.22,,209.45,0.00,244.52,113.48,189.08,375.21,211.00,315.04,,,,,279.83,,0.92,113.47,159.96,219.62,,103.03,49.58,0.00,83.35,,,,26.04,0.00,,,,,94.60,0.00,0.00,0.00,,,,,,,,
08-20-24,0.00,,1.65,0.21,0.23,4.17,0.27,26.96,,0.07,,,29.43,105.73,63.14,74.62,85.05,104.31,,120.54,282.42,40.76,128.25,0.00,39.96,,0.00,55.75,44.65,0.00,1.15,24.83,84.10,96.73,,65.18,,204.60,10.71,238.90,109.46,187.25,372.96,209.36,314.33,,,,,279.02,,1.29,113.26,159.33,218.88,,102.72,48.00,0.00,83.60,110.54,,,25.75,0.00,,,,,91.70,0.00,0.00,0.00,,,,,,,,
08-21-24,0.00,,1.83,,0.14,3.04,0.36,26.32,,0.05,,,28.78,105.37,62.64,74.22,84.75,103.73,,123.29,,40.20,129.50,0.00,41.37,,0.00,,44.54,43.53,0.00,25.60,84.38,94.29,,65.46,,203.01,15.17,237.14,109.75,188.42,373.21,211.01,317.79,,,,,282.63,,1.86,113.43,160.12,220.71,,103.49,48.96,0.00,103.53,121.11,,,29.46,0.00,,,,,,0.00,2.70,0.00,,,,,,,,
08-22-24,0.00,,,,0.15,2.88,0.00,26.44,,0.15,,,28.93,105.70,62.02,74.95,84.58,104.06,,121.41,,42.38,,0.00,,,0.00,55.15,43.28,208.45,84.19,28.56,84.71,93.85,,74.93,,207.46,11.75,242.59,122.21,248.62,399.96,244.54,344.96,,,,,329.40,,1.11,127.83,182.38,256.00,,110.33,48.92,0.00,105.13,122.25,,,32.23,0.00,,,,,93.10,0.00,2.50,0.00,,,,,,,,
08-23-24,0.00,,4.16,,0.14,3.25,0.00,25.92,,0.13,,,28.66,104.91,60.52,74.46,84.31,103.02,,119.58,,43.75,129.04,0.00,41.94,,0.00,54.99,43.17,125.16,42.88,28.04,83.95,103.85,,73.98,,209.59,,242.51,134.17,244.46,406.21,,352.62,,,,,338.84,,1.11,130.46,187.58,277.04,,114.94,48.83,0.00,,120.48,,,31.31,0.00,,,,,92.50,0.00,0.00,0.00,,,,,,,,
08-24-24,0.00,,3.74,,0.11,2.75,0.03,24.62,,0.02,,,28.03,103.70,59.89,73.48,83.87,102.98,,119.54,293.67,44.69,128.88,0.00,43.86,,0.00,54.96,42.74,0.00,0.00,26.90,83.72,100.71,,72.77,,209.20,7.92,239.51,130.62,229.83,401.79,243.77,349.71,,,,,340.31,,1.59,127.06,184.75,274.17,,113.65,48.67,0.00,,119.63,,,31.04,0.00,,,,,97.80,0.00,0.00,0.00,,,,,,,201.00,
08-25-24,0.00,,3.23,0.11,0.12,2.83,0.00,24.14,,0.00,,,27.18,103.49,59.81,72.58,83.17,102.98,,117.79,289.38,41.49,126.92,,43.08,,,54.78,41.35,0.00,0.00,23.72,82.84,95.90,,69.53,,205.17,0.00,235.29,129.08,221.58,396.75,233.05,344.38,,,,,324.17,,0.81,123.88,180.25,253.38,,110.60,46.20,0.00,92.68,117.99,,,29.33,0.00,,,,,97.30,0.00,0.00,0.00,,,,,,,194.00,
08-26-24,0.00,,1.91,0.10,0.10,2.83,0.12,23.96,,0.00,,,25.35,103.07,58.98,72.00,82.70,102.98,,115.62,286.42,38.14,124.67,0.00,41.95,,0.00,54.47,39.48,0.00,0.00,19.13,82.21,91.71,,67.87,,202.07,0.00,231.44,126.79,213.88,392.96,226.61,337.67,,,,,318.20,,0.45,119.50,174.29,246.54,,111.74,46.12,0.00,100.81,118.37,,,28.12,0.00,,,,,95.50,0.00,0.00,0.00,,,,,,,184.90,
08-27-24,0.00,,0.78,0.12,0.12,2.71,0.00,24.19,,0.00,,,24.98,102.86,58.89,71.79,82.00,102.60,,114.54,285.00,35.61,123.12,0.00,41.89,,0.00,54.34,38.14,0.00,0.00,16.02,81.60,87.75,,66.40,,200.30,0.00,228.85,124.88,207.79,389.92,221.74,331.83,,,,,315.81,,0.59,116.74,170.58,244.29,,116.08,46.33,0.00,91.84,118.58,,,27.12,0.00,,,,,97.00,0.00,0.00,0.00,,,,,,,181.50,
08-28-24,0.00,,0.19,,0.07,0.33,0.15,25.49,,0.00,,,24.64,102.60,58.48,71.00,79.59,101.02,,113.75,282.67,33.55,121.92,0.00,41.85,,0.00,54.15,37.04,0.00,0.00,12.43,80.89,84.65,,64.74,,198.79,0.00,226.45,122.46,202.71,387.29,217.71,327.92,,,,,313.55,,0.84,115.72,169.38,242.50,,114.62,43.96,0.00,92.07,117.44,,,26.73,0.00,,,,,96.50,0.00,0.00,0.00,,,,,,,177.50,
08-29-24,0.00,,,0.10,0.07,0.00,0.06,17.15,,0.00,,,24.30,102.30,56.48,69.70,78.50,100.98,,111.87,279.25,31.47,119.96,0.00,39.97,,0.00,53.94,32.45,,0.00,8.93,80.30,82.21,,64.51,,197.41,0.00,223.64,120.33,196.17,384.67,212.75,322.71,,,,,306.53,,0.43,113.70,166.62,239.67,,112.12,39.96,0.00,91.29,115.68,,,25.56,0.00,,,,,97.90,0.00,3.00,0.00,,,,,,,172.60,
08-30-24,0.00,,,0.08,0.12,0.00,0.24,18.91,,0.09,,,30.66,107.03,56.98,70.65,82.88,102.56,,111.83,274.00,28.83,118.75,0.00,38.41,,0.00,53.81,29.41,0.00,0.00,6.53,79.77,79.17,,64.44,,195.96,0.00,220.92,119.53,191.75,381.71,208.78,317.67,,,,,301.72,,0.45,110.35,162.54,237.54,,108.19,36.42,0.00,89.60,114.23,,,23.87,0.00,,,,,95.40,0.00,2.00,7.60,,,,,,,162.30,
08-31-24,0.00,,0.00,0.08,0.13,0.00,0.00,18.43,,0.00,,,31.48,107.07,56.73,71.12,84.04,102.73,,110.66,273.38,27.83,118.54,0.00,38.16,,0.00,53.82,28.15,0.00,0.00,3.70,78.82,78.52,,64.50,,194.43,0.00,218.90,116.58,188.33,378.83,207.21,315.54,,,,,300.59,,0.44,108.16,161.00,235.88,,105.65,33.54,0.00,88.85,127.56,,,22.98,0.00,,,,,89.00,0.00,0.00,6.30,,,,,,,157.40,
09-01-24,0.00,,0.00,0.08,0.10,0.00,0.00,17.87,,0.00,,,27.86,104.85,55.10,68.71,81.43,101.19,,108.16,271.08,24.62,115.37,0.00,37.86,,5.87,52.83,25.12,0.00,0.00,1.54,76.44,75.96,,63.73,,191.88,0.00,216.90,113.50,,375.62,,311.83,,,,,292.97,,0.44,106.33,158.29,232.42,,100.44,31.33,0.00,98.46,115.12,,,81.29,0.00,,,,,89.40,0.00,0.00,2.10,,,,,,,154.40,
09-02-24,0.00,,0.00,0.10,0.09,0.50,0.00,18.79,,0.00,,,25.82,102.27,53.27,66.54,79.35,98.56,,103.79,268.50,17.32,111.21,0.00,37.23,,0.00,50.78,21.68,,0.00,1.35,74.27,73.15,,62.59,,189.57,0.00,214.25,116.12,187.33,375.46,207.36,312.12,,,,,303.69,,0.31,110.26,159.50,238.04,,110.42,32.21,0.00,109.31,119.71,,,34.21,0.00,,,,,88.70,0.00,0.00,0.00,,,,,,,152.20,
09-03-24,0.00,,0.00,0.08,0.10,0.17,0.00,11.34,,0.00,,,25.32,100.70,51.85,65.62,78.98,97.98,,103.50,267.42,15.66,109.96,0.00,36.98,,0.00,49.85,20.46,0.00,0.00,1.92,73.37,72.10,,62.55,,189.27,0.00,213.43,121.29,189.08,375.42,208.34,312.50,,,,,311.03,,0.29,109.55,159.88,241.04,,,39.84,0.00,107.68,118.20,,,30.02,0.00,,,,,88.30,0.00,0.00,,,,,,,,152.30,
09-04-24,0.00,,0.00,0.10,0.09,0.04,0.00,10.58,,0.00,,,24.21,98.36,51.19,64.58,77.98,97.90,,101.83,267.00,12.19,108.62,0.00,36.77,,0.00,49.37,19.53,0.00,0.00,1.62,72.25,71.19,,62.42,,188.42,0.00,212.35,120.62,187.21,373.88,207.21,311.04,,,,,309.54,,0.31,108.84,158.79,239.88,,,47.53,0.00,107.19,120.14,,,26.77,0.00,,,,,89.90,0.00,0.00,,,,,,,,152.90,
09-05-24,0.00,,0.00,0.08,0.09,0.00,0.00,8.14,,0.00,,,23.14,95.21,50.72,61.92,76.89,97.35,,98.37,265.92,7.35,106.71,0.00,36.50,,0.00,49.25,16.52,0.00,0.00,1.70,70.36,69.17,,62.21,,186.61,0.00,209.98,119.29,184.42,372.58,205.23,309.38,,,,,303.83,,0.29,108.32,158.21,236.96,,123.15,49.33,0.00,106.95,119.56,,,25.02,0.00,,,,,89.70,0.00,0.00,0.00,,,,,,,148.20,
09-06-24,0.00,,0.00,0.07,0.08,0.12,0.00,4.66,,0.00,,,22.19,94.21,48.77,58.75,75.51,96.98,,94.50,263.42,0.00,104.37,0.00,36.44,,0.00,48.46,12.72,0.00,0.00,1.23,68.62,66.44,,61.85,,184.82,0.00,208.50,117.62,182.08,370.79,203.41,308.04,,,,,299.79,,0.30,106.69,157.12,234.79,,121.88,46.83,0.00,105.73,117.20,,,22.69,,,,,,92.90,0.00,0.00,0.00,,,,,,,143.90,
09-07-24,0.00,,0.00,0.06,0.08,0.17,0.03,1.68,,,,,20.53,93.56,48.76,58.22,75.38,96.76,,91.30,262.38,0.00,102.91,0.00,36.22,,0.00,47.73,10.64,,0.00,1.41,67.51,64.19,,60.25,,183.36,0.00,207.72,116.71,179.88,369.92,201.90,308.00,,,,,299.14,,0.30,105.21,156.38,234.00,,121.59,43.42,0.00,102.92,116.11,,,20.44,0.00,,,,,115.80,0.00,0.00,0.00,,,,,,,142.10,
09-08-24,0.00,,0.00,0.08,0.07,0.20,0.00,1.35,,0.00,,,19.52,92.95,48.63,57.48,74.89,95.98,,87.45,261.00,0.00,101.00,0.00,35.84,,5.70,46.80,9.35,0.00,0.00,0.00,65.39,59.17,,58.89,,181.98,0.00,206.96,115.65,177.17,368.65,199.26,307.04,,,,,298.27,,0.45,104.62,155.48,233.39,,121.47,41.26,0.00,112.62,116.76,,,20.48,0.00,,,,,114.90,0.00,0.00,0.00,,,,,,,138.70,
09-09-24,0.00,,0.00,0.07,0.08,0.08,0.03,1.18,,0.00,,,18.96,91.77,47.77,56.12,73.86,94.98,,85.83,259.42,0.00,100.21,0.00,35.66,,0.00,45.65,7.72,0.00,0.00,0.00,63.68,54.15,,57.11,,180.01,0.00,204.61,114.75,174.12,368.71,196.34,305.00,,,,,297.64,,0.35,105.38,154.75,233.04,,121.28,39.21,0.00,,121.65,,,25.08,0.00,,,,,113.50,0.00,0.00,0.00,,,,,,,139.00,
09-10-24,0.00,,0.00,0.07,0.05,0.50,0.00,0.72,,0.00,,,17.89,91.18,47.02,53.79,73.66,94.31,,84.58,255.83,0.00,98.75,0.00,35.47,,0.00,44.34,6.01,0.00,0.00,0.00,61.75,49.62,,53.64,,179.98,0.00,203.09,114.96,,379.17,198.96,315.88,,,,,305.36,,,125.11,170.25,248.04,,132.58,40.57,0.00,109.35,119.61,,,22.77,0.00,,,,,115.30,0.00,0.00,0.00,,,,,,,,
09-11-24,0.00,,0.00,0.07,0.07,0.00,0.00,0.69,,0.00,,,16.23,88.89,45.89,52.96,71.58,94.56,,82.41,253.35,0.00,98.17,0.00,35.09,,0.00,41.49,3.61,0.00,,0.00,59.83,44.06,,52.97,,,0.00,203.66,113.21,174.46,379.62,198.91,313.29,,,,,303.77,,0.32,115.77,162.00,245.29,,134.56,41.58,0.00,110.71,119.12,,,20.96,0.00,,,,,112.40,0.00,0.00,0.00,,,,,,,136.60,
09-12-24,0.00,,0.00,0.09,0.06,0.38,0.00,0.96,,0.00,,,15.63,87.24,45.89,51.42,70.50,94.98,,78.41,252.96,0.00,97.25,0.00,34.87,,0.00,39.65,0.00,0.00,0.00,0.00,57.40,40.00,,52.37,,180.23,0.00,201.71,111.08,171.42,378.08,196.76,310.08,,,,,303.43,,0.36,112.44,160.17,241.92,,132.34,40.25,0.00,111.17,119.19,,,17.73,0.00,,,,,119.60,0.00,0.00,0.00,,,,,,,132.50,
09-13-24,0.00,,0.00,0.07,0.08,0.08,0.04,1.19,,0.14,,,14.90,86.92,45.81,49.12,70.11,94.85,,76.25,252.08,0.00,95.67,0.00,34.74,,0.00,38.97,0.00,0.00,0.00,0.00,55.24,34.98,,52.09,,178.42,0.00,199.54,109.38,167.38,376.54,194.44,308.08,,,,,303.92,,0.40,109.80,158.62,239.62,,134.35,37.71,0.00,108.27,119.55,,,15.94,3.72,,,,,131.40,0.00,0.00,0.00,,,,,,,126.10,
09-14-24,0.00,,0.00,0.08,0.09,0.00,0.01,1.06,,0.00,,,14.21,86.63,45.85,45.65,70.16,94.94,,73.62,251.92,0.00,91.54,0.00,34.60,,0.00,38.55,0.00,0.00,0.00,0.00,53.52,28.60,,51.96,,176.00,0.00,197.85,107.88,162.50,375.21,191.82,305.54,,,,,303.12,,0.66,108.17,156.96,237.75,,134.66,35.67,0.00,107.69,119.86,,,16.21,0.00,,,,,134.30,0.00,0.00,0.00,,,,,,,124.00,
09-15-24,0.00,,,0.08,0.09,0.00,0.00,0.91,,0.07,,,13.71,86.37,45.64,42.88,68.56,94.90,,71.04,251.29,0.00,86.25,0.00,34.47,,5.96,37.59,0.00,0.00,0.00,0.00,50.46,21.46,,51.88,,173.21,0.00,195.40,105.25,157.42,374.21,188.46,303.58,,,,,302.35,,0.44,106.68,154.96,235.88,,133.03,33.08,0.00,,123.41,,,16.27,0.00,,,,,141.40,0.00,0.00,0.00,,,,,,,108.20,
09-16-24,0.00,,0.00,0.07,0.08,0.02,0.00,0.69,,0.00,,,12.63,86.22,45.71,40.00,68.87,94.33,,69.00,250.77,0.00,83.17,0.00,34.19,,0.00,36.45,0.00,0.00,,0.00,47.81,15.57,,51.70,,170.07,0.00,192.89,103.23,152.36,373.09,185.21,300.83,,,,,303.52,,0.73,105.18,153.48,234.21,,131.10,30.00,0.00,107.26,124.76,,,15.52,0.00,,,,,154.20,0.00,0.00,0.00,,,,,,,109.20,
09-17-24,0.00,,0.00,0.06,0.08,0.02,0.00,1.12,,0.06,,,11.19,85.95,43.73,38.26,68.12,92.23,,67.05,250.00,0.00,79.96,0.00,33.99,,0.00,35.43,0.00,0.00,0.00,0.00,45.39,10.00,,51.26,,167.85,0.00,190.12,101.83,146.09,371.58,181.82,299.17,,,,,303.49,,0.73,103.19,150.92,231.96,,129.06,22.21,0.00,106.65,121.58,,,11.38,0.00,,,,,162.30,0.00,0.00,0.00,,,,,,,105.10,
09-18-24,0.00,,0.00,0.07,0.08,0.25,0.00,1.19,,0.00,,,10.69,85.63,38.10,37.25,66.99,89.10,,65.12,249.00,0.00,77.25,,33.81,,0.00,34.01,0.00,0.00,0.00,0.00,43.30,4.31,,50.21,,165.08,0.00,187.37,100.79,141.08,369.58,178.50,296.79,,,,,301.94,,0.76,101.37,148.00,229.62,,125.82,12.79,0.00,103.83,118.54,,,6.67,2.38,,,,,158.70,0.00,0.00,0.00,,,,,,,110.10,
09-19-24,0.00,,0.00,,0.03,,,1.03,,0.00,,,9.59,85.31,36.73,35.33,66.47,89.85,,63.20,,0.00,76.50,0.00,34.17,,0.00,34.20,0.00,,1.01,0.00,42.78,12.58,,50.87,,176.23,0.00,186.36,118.08,146.21,388.12,190.90,317.12,,,,,335.09,,0.67,106.00,158.79,245.05,,129.27,4.67,0.00,102.45,116.90,,,5.35,0.00,,,,,154.80,0.00,0.00,0.00,,,,,,,,
09-20-24,0.00,,0.00,0.07,0.05,0.33,0.00,1.03,,0.00,,,8.11,84.84,36.06,35.00,66.10,89.94,,61.45,247.71,0.00,75.46,0.00,33.42,,0.00,33.39,0.00,0.00,1.15,0.00,41.87,12.83,,48.66,,180.23,0.00,185.56,144.17,152.50,403.33,198.89,325.46,,,,,350.42,,0.66,104.82,158.58,250.13,,,1.33,16.40,111.46,120.27,,,5.71,0.00,,,,,155.50,0.00,0.00,0.00,,,,,,,,
09-21-24,0.00,,0.00,0.06,0.00,0.38,0.00,0.04,,0.00,,,7.37,84.45,35.48,34.54,65.69,88.85,0.00,60.00,243.17,0.00,73.96,0.00,32.98,,0.00,32.38,0.00,0.00,0.00,0.00,39.93,9.74,,48.41,,177.87,0.00,184.32,126.83,149.67,400.62,195.97,325.00,,,,,345.25,,1.52,107.54,163.54,242.12,,,5.42,43.93,,128.53,,,6.77,0.00,,,,,152.80,0.00,0.00,0.00,,,,,,,,
09-22-24,0.00,,0.00,0.05,0.00,0.55,0.04,0.00,,,,,6.25,84.01,35.89,33.46,65.43,87.98,,65.87,246.25,0.00,77.33,0.00,37.21,,6.13,38.22,3.29,5.95,1.32,0.00,38.65,8.52,,48.89,,182.35,0.00,183.30,126.33,169.62,423.62,219.36,362.33,,,,,384.71,,0.97,130.43,194.71,287.79,,,10.00,35.84,,136.40,,,7.46,3.62,,,,,152.60,0.00,0.00,0.00,,,,,,,,
09-23-24,0.00,,0.00,0.03,0.00,0.42,0.00,0.00,,0.00,,,5.90,83.71,35.89,40.25,64.93,92.19,67.29,109.45,280.65,,99.37,,61.71,,4.74,64.22,13.30,41.13,11.70,0.00,39.51,26.12,,57.77,,195.74,,192.10,145.00,165.29,424.71,221.84,366.25,,,,,374.31,,0.66,127.44,196.25,268.83,,,18.46,37.22,,144.01,,,7.15,5.25,,,,,149.80,0.00,0.00,11.10,,,,,,,,
09-24-24,0.00,,0.00,0.00,0.00,0.42,0.11,0.14,,0.00,,,5.36,83.50,35.89,38.78,65.06,96.76,94.93,118.05,270.80,0.00,93.85,0.00,54.98,,2.15,64.44,12.44,52.92,3.62,0.00,35.79,21.63,,56.73,,195.70,0.00,193.88,134.26,158.39,420.26,213.08,358.57,,,,,370.21,,0.62,123.72,190.52,260.70,,,18.22,44.59,,146.16,,,6.77,11.67,,,,,149.70,0.00,0.00,22.00,,,,,,,,
09-25-24,0.00,0.00,0.00,0.04,0.02,0.08,0.25,0.00,,0.00,,,4.95,83.41,35.77,34.67,65.25,94.35,,107.20,267.54,0.00,86.67,0.00,54.04,,0.00,59.61,6.57,37.63,2.29,0.00,32.90,14.35,,51.68,,190.72,0.00,189.44,131.83,153.08,416.67,206.80,354.46,,,,,365.15,,0.63,120.48,186.12,259.38,,,20.46,42.33,112.38,144.73,,,0.00,15.20,,,,,148.40,0.00,0.00,16.80,,,,,,,120.40,
09-26-24,0.00,0.00,0.00,,0.06,0.04,0.02,0.00,,0.13,,,4.27,83.25,35.73,33.21,64.63,92.65,83.29,99.37,265.83,0.00,80.54,0.00,53.02,,0.00,56.45,2.08,34.36,1.55,0.00,30.25,10.38,,49.24,,185.81,0.00,185.96,129.62,147.46,413.17,200.82,349.08,,,,,362.40,,0.72,118.07,181.50,258.29,,191.60,14.29,38.57,,143.41,,,0.00,3.55,,,,,148.40,0.00,0.00,13.50,,,,,,,110.50,
09-27-24,0.00,0.00,0.00,0.02,0.04,0.03,0.00,0.06,,0.00,,,3.58,80.50,35.03,32.00,63.58,91.19,78.70,92.00,263.83,0.00,76.76,0.00,51.79,,0.00,53.57,0.00,28.74,,0.00,27.51,3.74,,48.26,,180.68,0.00,184.02,125.35,142.74,408.92,195.73,340.17,,,,,356.07,,0.61,114.27,173.75,255.48,,188.69,13.42,38.01,,140.41,,,0.00,6.34,,,,,147.30,0.00,0.00,11.00,,,,,,,107.30,
09-28-24,0.00,0.00,0.00,0.04,0.04,0.00,0.00,0.00,,0.00,,,0.14,72.80,32.39,29.04,63.39,90.10,71.94,86.37,262.25,0.00,75.04,0.00,49.73,,0.00,51.64,0.00,15.95,1.30,0.00,24.71,0.00,,47.37,,176.92,0.00,182.19,120.88,138.29,405.54,190.96,332.88,,,,,342.51,,0.43,109.23,168.46,253.75,,182.26,12.29,34.16,,146.01,,,0.00,15.01,,,,,140.40,0.00,0.00,8.70,,,,,,,99.30,
09-29-24,0.00,0.00,0.00,0.02,0.04,0.03,0.00,0.03,,0.00,,,0.00,70.89,31.02,24.75,61.65,88.52,69.79,80.00,260.70,0.00,73.12,0.00,44.53,,,49.87,0.00,7.07,1.23,0.00,21.51,0.00,,46.97,,174.30,0.00,180.63,118.17,134.00,401.38,188.18,328.50,,,,,331.03,,0.29,101.43,162.42,250.58,,171.49,9.12,29.52,,168.03,,,14.81,24.46,,,,,143.00,0.00,0.00,3.90,,,,,,,104.90,
09-30-24,0.00,0.02,0.00,0.00,0.00,0.54,0.00,0.00,,0.02,,,0.00,68.65,28.11,25.04,61.49,87.06,60.53,77.91,259.50,0.00,71.71,0.00,33.54,,0.00,48.96,0.00,8.55,1.24,0.00,18.33,0.00,,46.64,,173.30,0.00,179.36,119.13,,403.58,193.10,333.96,,,,,350.35,,0.30,113.21,171.04,262.08,,172.82,7.12,27.50,,168.20,,,17.75,22.81,,,,,144.60,0.00,7.40,0.00,,,,,,,99.20,
10-01-24,0.00,0.02,0.00,0.00,0.01,0.54,0.00,0.30,,0.00,,,0.00,66.97,23.31,24.71,61.24,85.56,51.32,75.70,248.46,0.00,71.29,0.00,30.96,,0.00,48.33,0.00,2.38,,0.00,16.11,0.00,,46.34,,182.07,0.00,178.96,132.00,148.75,412.50,207.10,357.50,,,,,386.59,,0.27,125.68,187.54,285.04,,180.78,7.12,26.92,,164.75,,,12.21,16.67,,,,,145.80,0.00,0.00,0.00,,,,,,,,
10-02-24,0.00,0.01,0.00,0.02,0.04,0.33,0.02,0.12,,0.00,,,0.00,66.00,17.68,21.46,61.15,84.98,44.67,74.37,240.62,0.00,69.71,0.00,30.75,,0.00,47.89,0.00,0.00,1.22,0.00,13.31,0.00,,46.12,,181.27,0.00,178.01,130.75,141.71,409.96,202.76,356.79,,,,,381.56,,0.32,120.47,182.58,286.25,,179.72,7.79,26.89,128.84,160.90,,,8.33,9.91,,,,,143.60,0.00,0.00,0.00,,,,,,,117.50,
10-03-24,0.00,0.00,0.00,0.03,0.03,0.12,0.00,0.17,,0.00,,,0.00,59.67,15.52,16.71,59.15,83.02,42.46,71.37,238.21,0.00,66.00,0.00,30.83,,0.00,47.55,0.00,0.00,1.70,0.00,8.01,0.00,,45.36,,175.45,0.00,175.55,127.00,136.08,407.33,198.06,351.25,,,,,378.95,,0.26,118.03,179.17,282.04,,178.04,5.17,23.44,129.15,155.58,,,0.00,0.00,,,,,141.80,0.00,0.00,0.00,,,,,,,105.40,
10-04-24,0.00,0.00,0.00,0.07,0.01,0.08,0.00,0.10,,0.00,,,0.00,57.96,13.68,11.50,56.43,77.85,41.05,64.04,234.74,0.00,61.42,0.00,30.05,,0.00,46.16,0.00,0.00,0.00,0.00,3.06,0.00,,43.42,,170.66,0.00,172.09,120.88,129.04,402.29,191.81,342.12,,,,,371.89,,0.25,113.38,173.42,272.67,,175.14,1.50,20.13,126.80,151.25,,,0.00,0.00,,,,,142.80,,0.00,0.00,,,,,,,97.80,
10-05-24,0.00,0.00,0.00,0.11,0.00,0.25,0.00,0.00,,0.00,,,0.00,55.67,11.35,7.33,54.92,72.48,39.33,57.00,231.00,0.00,56.33,0.00,28.55,,0.00,42.99,0.00,0.00,0.00,0.00,0.00,,,40.39,,165.63,0.00,168.93,116.00,117.12,397.21,185.78,334.71,,,,,366.40,,0.25,105.81,167.25,263.25,,171.84,0.00,17.13,126.10,147.22,,,0.00,0.00,,,,,142.70,0.00,0.00,0.00,,,,,,,85.80,
10-06-24,0.00,0.00,0.24,0.24,0.00,0.50,0.00,0.00,,0.12,,,0.00,52.38,8.53,2.29,54.85,64.60,41.30,51.25,226.29,0.00,49.75,0.00,29.10,,6.27,41.19,0.00,0.00,2.66,0.00,0.00,0.00,,36.63,,159.73,0.00,163.34,109.12,104.75,392.25,179.45,328.46,,,,,361.61,,0.24,99.67,162.12,257.67,,165.25,0.00,12.81,122.69,143.00,,,0.00,0.00,,,,,136.60,0.00,0.00,0.00,,,,,,,120.00,
10-07-24,0.00,0.39,5.79,2.63,11.99,10.00,,4.20,,0.99,,,,59.55,15.39,0.94,62.18,64.71,54.86,47.79,237.79,0.00,44.58,0.00,37.66,,8.45,49.56,0.00,10.74,12.73,0.00,0.00,,,44.34,,153.49,0.00,158.44,103.25,95.67,389.33,173.66,322.25,,,,,357.47,,0.23,93.41,156.71,252.70,,160.78,0.00,7.52,121.76,138.59,,,0.00,0.00,,,,,133.70,12.86,0.00,0.00,,,,,,,,
10-08-24,0.00,,1.08,,3.38,1.21,0.57,5.83,,0.00,,,1.45,55.74,12.19,0.08,62.28,64.48,48.09,46.70,241.29,0.00,41.79,0.00,41.30,,0.00,52.51,0.00,16.78,16.06,0.00,0.00,0.00,,54.98,,149.75,0.00,155.53,100.42,84.25,385.50,164.26,313.50,,,,,352.18,,0.34,84.08,151.62,248.17,,153.87,0.00,0.00,113.20,134.15,,,0.00,0.00,,,,,129.30,8.00,0.00,0.00,,,,,,,,
10-09-24,0.00,,,0.00,0.80,0.04,0.02,2.35,,0.00,,,3.15,55.30,12.55,0.83,69.58,64.90,61.10,49.95,234.96,0.00,39.75,0.00,39.45,,0.00,55.58,0.00,24.87,17.38,0.00,0.00,0.00,,50.65,,146.19,0.00,152.08,96.67,72.08,379.50,153.00,307.25,,,,,345.56,,0.34,75.61,146.04,243.42,,145.70,0.00,0.00,108.09,130.00,,,0.00,0.00,,,,,124.00,22.55,0.00,10.10,,,,,,,,
10-10-24,0.00,,0.00,0.15,0.15,0.00,0.01,0.00,,0.00,,,0.00,52.36,8.59,0.17,65.06,58.98,62.73,40.35,231.50,0.00,34.33,0.00,37.39,,0.00,49.50,0.00,19.92,14.35,0.00,0.00,0.00,,45.61,,139.97,0.00,147.63,91.38,60.62,375.22,142.74,302.62,,,,,340.35,,0.33,68.40,139.88,238.62,,141.37,0.00,0.00,103.64,126.54,,,0.00,0.00,,,,,118.10,29.31,0.00,3.50,,,,,,,,
10-11-24,0.00,0.60,0.00,0.00,0.10,0.00,0.00,0.00,,0.01,,,0.00,49.26,3.72,0.00,61.52,55.27,58.63,34.20,228.54,0.00,28.71,0.00,35.02,,0.00,47.45,0.00,16.34,12.20,0.00,0.00,0.00,,42.15,,131.51,0.00,142.71,86.04,52.17,371.29,131.04,298.42,,,,,340.40,,0.29,60.30,133.12,236.75,,143.98,0.00,0.00,102.20,128.30,,,0.00,0.00,,,,,117.10,21.96,0.00,0.00,,,,,,,,
10-12-24,0.00,0.59,0.00,0.00,0.06,0.42,0.00,0.00,,0.00,,,0.00,47.20,1.02,0.00,58.29,52.57,56.20,31.52,227.52,0.00,27.12,0.00,34.53,,0.00,46.94,0.00,15.61,11.50,0.00,0.00,0.00,,41.42,,127.67,0.00,140.37,83.71,44.96,369.21,124.64,296.46,,,,,342.81,,0.26,59.28,130.38,238.42,,143.20,0.00,0.00,106.55,128.32,,,0.00,0.00,,,,,120.70,18.58,0.00,0.00,,,,,,,,
10-13-24,0.00,0.59,0.00,0.00,,0.33,0.00,0.00,,0.00,,,0.00,45.99,0.94,0.00,57.48,52.12,54.67,28.86,226.65,0.00,24.79,0.00,34.09,,,46.66,0.00,15.28,11.17,0.00,0.00,0.00,,40.82,,125.06,0.00,137.11,81.92,35.50,366.88,116.53,294.38,,,,,339.38,,0.24,54.22,127.33,234.58,,140.35,0.00,0.00,101.98,124.22,,,0.00,0.00,,,,,118.60,15.71,0.00,0.00,,,,,,,,
10-14-24,0.00,0.59,0.07,0.00,0.07,0.42,0.00,0.00,,0.00,,,0.00,45.15,0.89,0.00,56.39,49.60,53.21,24.75,225.67,0.00,21.87,0.00,33.86,,0.00,44.93,0.00,14.72,10.52,0.00,0.00,0.00,,39.56,,120.56,0.00,131.73,77.96,25.54,363.12,109.35,291.79,,,,,337.33,,0.24,49.79,123.71,230.88,,136.75,0.00,0.00,100.23,121.30,,,0.00,0.00,,,,,115.10,12.32,0.00,0.00,,,,,,,,
10-15-24,0.00,0.01,0.05,0.00,0.06,0.08,0.00,0.00,,0.00,,,0.00,41.77,1.39,0.00,53.92,46.81,49.93,20.50,224.42,0.00,18.29,0.00,33.60,,0.00,44.66,0.00,13.63,10.14,0.00,0.00,,,38.60,,115.69,0.00,126.63,73.62,15.04,359.50,101.81,288.17,,,,,335.31,,0.25,45.80,119.88,225.83,,133.33,0.00,0.00,96.60,118.32,,,0.00,,,,,,116.50,7.98,0.00,0.00,,,,,,,,
10-16-24,0.00,0.01,0.05,0.00,0.06,0.08,0.00,0.00,,0.00,,,0.00,37.07,1.48,0.00,49.78,42.98,46.61,13.83,222.96,0.00,12.96,0.00,33.29,,0.00,43.34,0.00,12.05,9.40,0.00,0.00,0.00,,37.99,,110.36,0.00,117.95,66.96,5.67,356.58,94.14,283.88,,,,,333.34,,0.21,41.65,114.17,219.92,,128.25,0.00,0.00,92.43,114.81,,,0.00,,,,,,113.80,5.74,0.00,0.00,,,,,,,,
10-17-24,0.00,0.02,0.04,0.00,0.07,0.08,0.00,0.00,,0.00,,,0.00,33.58,1.48,0.00,47.35,38.52,43.81,6.08,221.88,0.00,4.79,0.00,32.44,,0.00,41.97,0.00,11.30,8.89,0.00,0.00,0.00,,36.27,,105.09,0.00,107.13,61.17,0.00,352.71,86.61,279.83,,,,,330.62,,0.22,35.19,106.67,215.42,,119.38,0.00,0.00,89.00,111.19,,,,,,,,,111.50,4.51,0.00,0.00,,,,,,,,
10-18-24,0.00,0.02,0.03,0.00,0.07,0.12,0.00,0.00,,0.00,,,0.00,30.81,1.37,0.00,43.21,34.56,42.16,0.00,218.38,0.00,0.00,0.00,30.58,,0.00,39.66,0.00,8.38,8.57,0.00,0.00,0.00,,32.05,,99.55,0.00,98.83,55.29,0.00,349.12,79.58,275.42,,,,,326.76,,0.24,30.57,99.75,207.67,,114.27,0.00,0.00,82.04,107.28,,,0.00,,,,,,105.60,3.62,0.00,0.00,,,,,,,,
10-19-24,0.00,0.02,0.00,0.00,0.06,0.04,0.00,0.00,,0.00,,,0.00,27.76,0.25,0.00,38.18,29.90,39.45,0.00,214.04,0.00,0.00,0.00,27.98,,0.00,36.67,0.00,5.72,7.62,0.00,0.00,0.00,,27.01,,93.40,0.00,89.11,47.58,0.00,343.88,71.57,269.08,,,,,322.56,,0.25,23.83,91.00,197.71,,106.73,0.00,0.00,76.21,103.38,,,0.00,,,,,,102.20,2.03,2.20,0.00,,,,,,,,
10-20-24,0.00,0.02,0.00,0.00,0.06,0.21,0.00,0.00,,0.00,,,0.00,24.15,0.04,0.00,34.83,25.81,37.38,0.00,210.25,,0.00,0.00,25.86,,,34.04,0.00,2.94,5.18,0.00,0.00,0.00,,23.17,,87.91,0.00,78.83,41.38,0.00,337.46,64.23,263.79,,,,,320.51,,0.23,16.03,83.92,190.58,,97.22,0.00,0.00,73.10,99.52,,,0.00,,,,,,99.50,0.00,2.60,0.00,,,,,,,,
10-21-24,0.00,0.02,0.00,0.00,0.06,0.08,0.00,0.00,,0.00,,,0.00,20.85,0.29,0.00,32.88,22.52,36.22,0.00,208.33,0.00,0.00,0.00,24.26,,0.00,29.23,0.00,1.78,1.73,0.00,0.00,0.00,,20.65,,83.40,0.00,70.73,38.33,0.00,333.88,59.16,259.75,,,,,318.93,,0.24,9.10,79.29,186.71,,93.15,0.00,0.00,68.55,93.83,,,0.00,,,,,,87.20,0.00,3.10,0.00,,,,,,,,
10-22-24,0.00,0.01,0.00,0.00,0.07,0.00,0.00,0.00,,0.00,,,0.00,17.57,0.21,0.21,28.59,18.77,36.63,0.00,204.58,0.00,0.00,0.00,22.39,,0.00,23.13,0.00,0.00,0.00,0.00,0.00,0.00,,17.17,,76.71,0.00,60.37,33.33,0.00,328.50,49.40,252.83,,,,,312.70,,0.25,2.38,74.92,180.75,,84.89,0.00,0.00,57.17,86.72,,,0.00,,,,,,80.50,0.00,4.50,0.00,,,,,,,,
10-23-24,0.00,0.02,0.00,0.00,0.21,0.46,0.00,0.00,,0.20,,,0.00,15.25,0.28,0.17,26.38,17.31,50.12,0.00,205.83,0.00,0.00,2.26,33.53,,6.40,28.00,0.00,8.67,2.45,0.00,,0.00,,17.01,,71.53,0.00,51.95,29.75,0.00,323.25,41.37,244.33,,,,,,,0.22,0.77,69.79,175.46,,74.42,0.00,0.00,49.21,80.36,,,0.00,,,,,,71.20,0.00,5.00,0.00,,,,,,,216.60,
10-24-24,0.00,0.03,0.00,0.00,0.37,0.12,0.00,0.00,,0.12,,,0.00,13.57,0.25,,25.73,15.48,126.70,0.00,202.62,0.00,0.00,0.00,32.20,,0.00,24.55,0.00,8.51,2.05,0.00,0.00,0.00,,13.34,,66.40,,46.67,25.25,0.00,319.50,34.80,240.96,,,,,312.56,,0.26,0.78,65.50,173.12,,66.67,0.00,0.00,41.72,75.10,,,0.00,,,,,,65.20,0.00,7.30,0.00,,,,,,,,
10-25-24,0.00,0.02,0.00,0.00,0.37,0.25,0.00,0.00,,0.00,,,,10.69,0.12,0.17,22.38,10.77,36.84,0.00,199.54,0.00,0.00,0.00,26.45,,0.00,19.61,0.00,2.41,0.00,0.00,0.00,0.00,,7.99,,60.41,0.00,39.36,20.42,0.00,317.88,26.61,237.67,,,,,319.41,,0.25,2.49,62.04,175.67,,65.42,0.00,0.00,40.89,73.28,,,0.00,,,,,,62.90,0.00,5.50,0.00,,,,,,,,
10-26-24,0.00,0.02,0.00,0.00,0.38,0.08,0.00,0.00,,0.00,,,0.00,7.84,0.17,0.12,18.90,6.60,34.26,0.00,197.29,0.00,0.00,0.00,23.78,,0.00,13.85,0.00,0.00,0.00,0.00,0.00,0.00,,2.65,,54.43,0.00,31.82,15.42,0.00,312.62,16.52,231.42,,,,,314.34,,0.24,0.69,55.54,168.12,,61.58,0.00,0.00,39.44,70.32,,,0.00,,,,,,49.30,0.00,5.10,0.00,,,,,,,,
10-27-24,0.00,0.02,0.00,0.00,0.39,0.12,0.00,0.00,,0.00,,,0.00,4.32,0.08,0.00,15.10,1.44,33.16,0.00,193.54,0.00,0.00,0.00,21.73,,,6.19,0.00,0.00,0.00,0.00,0.00,0.00,,0.00,,47.16,0.00,24.14,10.08,0.00,306.29,5.23,224.58,,,,,308.27,,0.24,0.70,48.62,158.71,,56.89,0.00,0.00,38.71,65.98,,,0.00,,,,,,43.20,0.00,3.40,0.00,,,,,,,,
10-28-24,0.00,0.01,0.00,0.00,0.39,0.12,0.00,0.00,,0.00,,,0.00,1.09,0.00,0.08,10.94,0.00,30.83,0.00,188.62,,0.00,0.00,18.59,,0.00,0.00,0.00,0.00,0.00,0.00,0.00,0.00,,0.00,,39.33,0.00,15.58,3.21,0.00,300.38,0.00,219.67,,,,,301.61,,0.23,0.69,39.62,149.92,,49.74,0.00,0.00,30.92,61.33,,,0.00,,,,,,34.80,0.00,3.70,0.00,,,,,,,,
10-29-24,0.00,0.00,0.00,0.00,0.38,0.12,0.05,0.00,,0.00,,,0.00,0.00,0.00,0.11,6.31,0.00,30.00,0.00,183.33,0.00,0.00,0.00,15.66,,0.00,0.00,0.00,0.00,0.00,0.00,0.00,0.00,,0.00,,31.78,0.00,6.94,0.00,0.00,294.00,0.00,213.54,,,,,294.03,,0.22,0.70,31.71,139.00,,39.98,0.00,0.00,25.09,53.93,,,0.00,,,,,,16.10,0.00,4.80,0.00,,,,,,,,
10-30-24,0.00,0.00,0.00,0.01,0.39,0.04,0.00,0.00,,0.00,,,0.00,0.00,0.00,0.00,1.44,0.00,27.61,0.00,178.43,0.00,0.00,0.00,9.11,,0.00,0.00,0.00,0.00,0.00,0.00,0.00,0.00,,0.00,,23.20,0.00,0.00,0.00,0.00,286.42,0.00,207.75,,,,,287.68,,0.21,0.68,23.04,127.46,,26.74,0.00,0.00,10.91,47.68,,,0.00,,,,,,4.20,0.00,4.10,0.00,,,,,,,,
10-31-24,0.00,0.02,0.00,0.01,0.38,0.08,0.11,0.01,,0.00,,,0.00,,0.00,0.08,0.00,0.00,25.07,0.00,173.79,0.00,0.00,0.00,0.00,,0.00,0.00,0.00,0.00,0.00,0.00,0.00,0.00,,0.00,,13.41,0.00,0.00,0.00,0.00,279.38,0.00,200.42,,,,,282.20,,0.18,0.69,14.04,118.42,,17.51,0.00,0.00,0.00,40.97,,,0.00,,,,,,0.00,0.00,5.20,0.00,,,,,,,,
11-01-24,0.00,0.03,0.00,0.00,0.38,0.25,0.00,0.00,,0.00,,,0.00,,0.02,0.17,0.00,0.00,24.11,0.00,169.58,0.00,0.00,0.00,0.00,,0.00,0.00,0.00,0.00,0.00,0.00,,0.00,,,,4.68,0.00,0.00,0.00,0.00,273.00,0.00,192.29,,,,,278.56,,0.21,0.68,3.17,111.12,,4.19,0.00,0.00,0.00,36.65,,,0.00,,,,,,0.00,0.00,6.70,0.00,,,,,,,,
11-02-24,0.00,0.01,0.05,0.01,0.39,0.21,0.00,0.13,,0.00,,,0.00,,0.12,0.08,0.00,0.00,22.33,0.00,167.42,0.00,0.00,0.00,0.00,,0.00,0.00,0.00,0.00,0.00,0.00,0.00,0.00,,0.00,,0.00,0.00,0.00,0.00,0.00,267.67,0.00,187.38,,,,,280.05,,0.25,0.65,0.00,113.88,,3.93,0.00,0.00,0.00,36.30,,,0.00,,,,,,2.10,0.00,6.20,0.00,,,,,,,,
11-03-24,0.00,0.01,0.07,0.01,0.38,0.42,0.00,0.00,,0.00,,,0.00,,0.17,0.17,0.00,0.00,21.72,0.00,165.38,0.00,,0.00,0.00,,,0.00,0.00,0.00,0.00,0.00,,0.00,,0.00,,0.00,0.00,0.00,0.00,0.00,263.00,0.00,182.71,,,,,279.94,,0.25,1.06,0.00,108.92,,5.73,0.00,0.00,0.00,33.14,,,0.00,,,,,,11.20,0.00,5.60,0.00,,,,,,,,
11-04-24,0.00,0.01,0.05,0.00,0.37,0.08,0.00,0.00,,0.00,,,0.00,,0.17,0.00,0.00,0.00,21.78,0.00,164.17,0.00,0.00,0.00,0.00,,0.00,0.00,0.00,0.00,0.00,0.00,0.00,0.00,,0.00,,,0.00,0.00,0.00,0.00,259.96,0.00,182.17,,,,,286.94,,0.36,3.18,,111.29,,33.39,0.00,0.00,96.24,49.12,,,17.26,,,,,,12.10,0.00,4.40,0.00,,,,,,,,
11-05-24,0.00,0.01,0.08,0.00,0.37,0.17,0.00,0.00,,0.00,,,0.00,,0.17,0.00,0.00,0.00,21.60,0.00,161.71,0.00,0.00,0.00,0.00,,0.00,0.00,0.00,0.00,0.00,0.00,0.00,0.00,,0.00,,0.00,0.00,0.00,0.00,0.00,254.79,0.00,176.71,,,,,276.96,,0.30,0.76,0.00,105.96,,28.57,0.00,0.00,77.43,70.60,,,29.38,,,,,,33.20,0.00,5.00,0.00,,,,,,,,
11-06-24,0.00,0.01,0.06,0.00,0.37,0.17,0.00,0.00,,0.00,,,0.00,,0.12,0.00,0.00,0.00,20.98,0.00,155.54,0.00,0.00,0.00,0.00,,0.00,0.00,0.00,0.00,0.00,0.00,0.00,0.00,,0.00,,0.00,0.00,0.00,0.00,0.00,248.67,0.00,170.50,,,,,272.75,,0.32,0.73,0.00,99.25,,24.41,0.00,0.00,47.88,68.91,,,22.92,,,,,,40.10,0.00,5.50,0.00,,,,,,,,
11-07-24,0.00,0.01,0.05,0.00,0.37,0.25,0.00,0.00,,0.00,,,0.00,,0.00,0.00,0.00,0.00,20.51,0.00,150.00,0.00,0.00,0.00,0.00,,0.00,0.00,0.00,0.00,0.00,0.00,0.00,0.00,,0.00,,0.00,0.00,0.00,0.00,0.00,242.43,0.00,164.21,,,,,266.13,,0.36,0.73,0.00,92.62,,19.00,0.00,0.00,,59.49,,,13.92,,,,,,28.00,0.00,5.60,0.00,,,,,,,,
11-08-24,0.00,0.00,1.02,0.00,0.37,0.12,0.04,0.00,,0.00,,,0.00,,0.00,0.00,0.00,0.00,20.14,0.00,146.96,0.00,0.00,0.00,0.00,,0.00,0.00,0.00,0.00,0.00,0.00,0.00,0.00,,0.00,,0.00,0.00,0.00,0.00,0.00,234.83,0.00,158.92,,,,,261.96,,0.33,0.71,0.00,85.42,,9.38,0.00,0.00,,52.24,,,5.62,,,,,,15.40,0.00,7.40,0.00,,,,,,,,
11-09-24,0.00,0.00,1.01,0.01,0.37,0.17,0.00,0.00,,0.00,,,0.00,,0.00,0.00,0.00,0.00,19.48,0.00,140.75,0.00,0.00,0.00,0.00,,0.00,0.00,0.00,0.00,0.00,0.00,0.00,0.00,,0.00,,0.00,0.00,0.00,0.00,0.00,226.25,0.00,152.17,,,,,255.59,,0.30,0.74,0.00,76.04,,0.00,0.00,0.00,,47.16,,,0.00,,,,,,8.60,0.00,,0.00,,,,,,,,
11-10-24,0.00,0.00,0.68,0.01,0.34,0.33,0.10,0.00,,0.00,,,0.00,,0.00,0.00,0.00,0.00,18.03,0.00,134.83,0.00,0.00,0.00,0.00,,,0.00,0.00,0.00,0.00,0.00,0.00,0.00,,0.00,,0.00,,0.00,0.00,0.00,223.46,0.00,152.62,,,,,262.48,,0.27,0.73,0.08,79.56,,4.85,0.00,0.00,,46.39,,,0.00,,,,,,6.90,0.00,10.90,0.00,,,,,,,,
11-11-24,0.00,0.00,0.49,0.00,0.35,0.25,0.00,0.00,,0.00,,,0.00,,0.00,0.00,0.00,0.00,17.37,0.00,131.70,0.00,0.00,0.00,0.00,,0.00,0.00,0.00,0.00,0.00,0.00,0.00,0.00,,0.00,,0.00,0.00,0.00,0.00,0.00,221.75,0.00,150.08,,,,,260.40,,0.27,0.71,0.00,77.38,,16.78,0.39,0.00,,43.64,,,0.00,,,,,,,0.00,,0.00,,,,,,,,
11-12-24,0.00,0.00,0.25,0.00,0.37,0.24,0.00,0.00,,,,,0.00,,0.00,0.00,0.00,0.00,16.25,0.00,125.33,0.00,0.00,0.00,0.00,,0.00,0.00,0.00,0.00,0.00,0.00,0.00,0.00,,0.00,,0.00,0.00,0.00,0.00,0.00,215.26,0.00,144.75,,,,,253.90,,0.24,0.74,0.00,69.58,,10.72,0.00,0.00,,39.23,,,0.00,,,,,,,0.00,13.10,0.00,,,,,,,,
11-13-24,0.00,0.00,0.12,0.03,0.37,0.25,0.00,0.00,,0.00,,,0.00,,0.00,0.33,0.00,0.00,13.83,0.00,118.12,0.00,0.00,0.00,0.00,,0.00,0.00,0.00,0.00,0.00,0.00,0.00,0.00,,0.00,,0.00,0.00,0.00,0.00,0.00,207.12,0.00,139.58,,,,,247.31,,0.24,0.72,0.00,60.08,,2.87,0.00,0.00,0.00,32.25,,,0.00,,,,,,,0.00,19.60,0.00,,,,,,,,
11-14-24,0.00,0.00,0.16,0.04,0.36,,0.22,0.00,,0.00,,,0.00,,0.00,0.25,0.00,0.00,11.34,0.00,110.54,0.00,0.00,0.00,0.00,,0.00,0.00,0.00,0.00,0.00,0.00,0.00,0.00,,0.00,,0.00,0.00,0.00,0.00,0.00,198.25,0.00,133.00,,,,,239.98,,0.25,0.68,0.00,50.08,,0.06,0.00,0.00,0.00,25.06,,,0.00,,,,,,,0.00,18.80,0.00,,,,,,,,
11-15-24,0.00,0.00,0.18,0.04,0.36,0.25,0.12,0.00,,0.00,,,0.00,,0.00,0.33,0.00,0.00,10.38,0.00,101.88,0.00,0.00,,0.00,,0.00,0.00,0.00,0.00,0.00,0.00,0.00,0.00,,0.00,,0.00,0.00,0.00,0.00,0.00,191.17,,127.88,,,,,234.09,,0.25,0.60,0.00,42.17,,0.00,0.00,0.00,14.47,22.90,,,0.00,,,,,,,0.00,18.80,0.00,,,,,,,,
11-16-24,0.00,0.00,0.17,0.02,0.35,0.25,0.00,0.00,,0.00,,,0.00,,0.00,0.38,0.00,0.00,7.62,0.00,95.38,0.00,0.00,,0.00,,0.00,0.00,0.00,0.00,0.00,0.00,0.00,,,0.00,,0.00,0.00,0.00,0.00,0.00,186.38,0.00,123.67,,,,,229.79,,0.25,0.75,0.00,37.46,,0.01,0.00,0.00,13.03,21.29,,,0.00,,,,,,,0.00,21.20,0.00,,,,,,,,
11-17-24,0.00,0.01,0.10,0.02,0.36,0.12,0.00,0.00,,0.00,,,0.00,,0.00,0.46,,0.00,5.56,0.00,92.92,0.00,0.00,,0.00,,,0.00,0.00,0.00,0.00,0.00,0.00,0.00,,0.00,,0.00,0.00,0.00,0.00,0.00,179.67,0.00,115.75,,,,,224.13,,0.25,0.87,0.00,31.08,,0.08,0.00,0.00,0.00,13.89,,,0.00,,,,,,,0.00,19.90,0.00,,,,,,,,
11-18-24,0.00,0.00,0.11,0.03,0.36,0.25,0.02,0.00,,0.00,,,0.00,,0.00,0.08,0.00,0.00,0.00,0.00,86.71,0.00,0.00,,0.00,,0.00,0.00,0.00,0.00,0.00,0.00,0.00,0.00,,0.00,,0.00,0.00,0.00,0.00,0.00,172.88,0.00,108.04,,,,,217.76,,0.25,0.79,0.00,24.08,,0.03,0.00,0.00,0.00,0.00,,,0.00,,,,,,,0.00,21.70,0.00,,,,,,,,
11-19-24,0.00,0.00,0.09,0.00,0.34,0.33,0.03,0.04,,0.00,,,0.00,,0.00,0.17,0.00,0.00,0.00,0.00,79.96,0.00,0.00,,0.00,,0.00,0.00,0.00,0.00,0.00,0.00,0.00,0.00,,0.00,,0.00,0.00,0.00,0.00,0.00,165.17,0.00,100.83,,,,,211.27,,0.26,0.77,0.00,16.50,,0.02,0.00,0.00,0.00,0.00,,,0.00,,,,,,,0.00,23.00,0.00,,,,,,,,
11-20-24,0.00,0.01,0.00,0.02,0.36,0.42,0.11,0.00,,0.00,,,0.00,,0.11,0.17,0.00,0.00,0.00,0.00,74.50,0.00,0.00,,0.00,,0.00,0.00,0.00,0.00,0.00,0.00,0.00,0.00,,0.00,,0.00,0.00,0.00,0.00,0.00,158.38,0.00,94.42,,,,,204.74,,0.22,0.71,0.00,9.25,,0.08,0.00,,0.00,0.00,,,0.00,,,,,,,0.00,22.40,0.00,,,,,,,,
11-21-24,0.00,0.02,0.00,0.01,0.36,0.17,0.11,0.01,,0.00,,,0.00,,0.29,0.17,,0.00,0.00,0.00,69.67,0.00,0.00,,0.00,,0.00,0.00,0.00,,0.00,0.00,0.00,0.00,,0.00,,0.00,0.00,0.00,0.00,0.00,152.38,0.00,85.71,,,,,196.78,,0.23,0.75,0.00,1.12,,0.06,0.00,0.00,0.00,0.00,,,0.00,,,,,,,0.00,,0.00,,,,,,,,
11-22-24,0.00,0.00,0.00,0.03,0.37,0.33,0.08,0.21,,0.00,,,0.00,,0.75,0.21,0.00,0.00,0.00,0.00,63.88,0.00,0.00,,0.00,,0.00,0.00,0.00,0.00,0.00,0.00,0.00,0.00,,0.00,,0.00,0.00,0.00,0.00,0.00,145.46,0.00,75.58,,,,,189.36,,0.22,0.71,0.00,0.00,,0.07,0.00,0.00,0.00,0.00,,,0.00,,,,,,,0.00,17.50,0.00,,,,,,,,
11-23-24,0.00,0.00,0.00,0.01,0.37,0.29,0.11,0.00,,0.00,,,0.00,,0.71,0.04,0.00,0.00,0.00,0.00,57.33,0.00,0.00,,0.00,,0.00,0.00,0.00,0.00,0.00,0.00,0.00,0.00,,0.00,,0.00,0.00,0.00,0.00,0.00,138.38,0.00,65.00,,,,,181.34,,0.21,0.74,0.00,0.00,,0.05,0.00,0.00,0.00,0.00,,,0.00,,,,,,,0.00,22.50,0.00,,,,,,,,
11-24-24,0.00,0.00,0.00,0.02,0.36,0.12,0.00,0.12,,0.00,,,0.00,,0.75,0.17,0.00,0.00,0.00,0.00,45.33,0.00,0.00,,0.00,,,0.00,0.00,0.00,0.00,0.00,0.00,0.00,,0.00,,0.00,0.00,0.00,0.00,0.00,130.71,0.00,56.17,,,,,171.78,,0.20,0.70,0.00,0.00,,0.05,0.00,0.00,0.00,0.00,,,0.00,,,,,,,0.00,23.00,0.00,,,,,,,,
11-25-24,0.00,0.00,0.00,0.02,0.36,0.12,0.18,0.20,,0.00,,,0.12,,0.55,0.00,0.00,0.00,0.00,0.00,31.46,0.00,0.00,,0.00,,0.00,0.00,0.00,0.00,0.00,0.00,0.00,0.00,,0.00,,0.00,0.00,0.00,0.00,0.00,123.21,0.00,50.42,,,,,165.02,,0.22,0.70,0.00,0.00,,0.00,0.00,0.00,0.00,0.00,,,0.00,,,,,,,0.00,,0.00,,,,,,,,
11-26-24,0.00,0.00,0.00,0.01,0.37,0.17,0.12,0.00,,0.00,,,0.00,,0.67,0.05,0.00,0.00,0.00,0.00,22.96,0.00,0.00,,0.00,,0.00,0.00,0.00,0.00,0.00,0.00,0.00,0.00,,0.00,,0.00,0.00,0.00,0.00,0.00,115.57,0.00,44.17,,,,,158.92,,0.28,0.58,0.00,0.00,,0.04,0.00,0.00,0.00,0.00,,,0.00,,,,,,,0.00,17.90,0.00,,,,,,,,
11-27-24,0.00,0.00,0.00,0.01,0.36,0.29,0.27,0.00,,0.00,,,0.06,,0.38,0.04,0.00,0.00,0.00,0.00,17.67,0.00,0.00,,0.00,,0.00,0.00,0.00,0.00,0.00,0.00,0.00,0.00,,,,0.00,0.00,0.00,0.00,0.00,109.21,0.00,38.04,,,,,151.98,,0.28,0.67,0.00,0.00,,,0.00,0.00,0.00,0.00,,,0.00,,,,,,,0.00,11.70,0.00,,,,,,,,
11-28-24,0.00,0.00,0.00,0.00,0.34,0.21,0.00,0.00,,0.00,,,0.02,,0.62,,0.00,0.00,0.00,0.00,11.92,0.00,0.00,,0.00,,0.00,0.00,0.00,0.00,0.00,0.00,0.00,0.00,,0.00,,0.00,0.00,0.00,0.00,0.00,104.04,,31.96,,,,,144.06,,0.25,0.68,0.00,0.00,,0.08,0.00,0.00,0.00,0.00,,,0.00,,,,,,,0.00,17.70,0.00,,,,,,,,
11-29-24,0.00,0.00,0.00,0.02,0.36,0.25,0.12,0.00,,0.00,,,0.09,,0.38,0.04,0.00,0.00,0.00,0.00,5.00,0.00,0.00,,0.00,,0.00,0.00,0.00,,0.00,0.00,0.00,0.00,,0.00,,0.00,0.00,0.00,0.00,0.00,99.96,0.00,24.58,,,,,132.08,,0.23,0.72,0.00,0.00,,0.07,0.00,0.00,0.00,0.00,,,0.00,,,,,,,0.00,,0.00,,,,,,,,
11-30-24,0.00,0.00,0.00,0.03,0.36,0.33,0.03,0.09,,0.00,,,0.00,,0.29,0.00,0.00,0.00,0.00,0.00,4.92,0.00,0.00,,0.00,,0.00,0.00,0.00,0.00,0.00,0.00,0.00,0.00,,0.00,,0.00,0.00,0.00,0.00,0.00,92.50,0.00,16.08,,,,,121.53,,0.23,0.72,0.00,0.00,,0.05,0.00,0.00,,0.00,,,0.00,,,,,,,0.00,,0.00,,,,,,,,
12-01-24,0.00,0.00,0.00,0.02,0.33,0.71,0.00,0.14,,0.00,,,0.00,,0.38,0.00,,0.00,0.00,0.00,4.96,0.00,0.00,,0.00,,,,0.00,0.00,0.00,0.00,0.00,0.00,,0.00,,0.00,0.00,0.00,0.00,0.00,84.54,0.00,9.92,,,,,117.00,,0.24,0.73,0.00,0.00,,0.07,0.00,0.00,,0.00,,,0.00,,,,,,,0.00,7.70,0.00,,,,,,,,
12-02-24,0.00,0.00,0.02,0.01,0.31,0.46,0.18,0.06,,0.00,,,0.06,,0.33,0.00,0.00,0.00,0.00,0.00,4.96,0.00,0.00,,0.00,,0.00,0.00,0.00,0.00,0.00,0.00,0.00,0.00,,0.00,,0.00,0.00,0.00,0.00,0.00,77.88,0.00,6.25,,,,,110.10,,0.21,0.81,0.00,0.00,,0.09,0.00,0.00,,0.00,,,0.00,,,,,,,0.00,6.50,0.00,,,,,,,,
12-03-24,0.00,0.00,0.11,0.02,0.32,0.29,0.13,0.00,,0.00,,,0.18,,0.46,0.00,0.00,0.00,0.00,0.00,0.00,0.00,0.00,,0.00,,0.00,0.00,0.00,0.00,0.00,0.00,0.00,0.00,,0.00,,0.00,0.00,0.00,0.00,0.00,69.88,0.00,3.83,,,,,97.43,,0.20,0.78,0.00,0.00,,0.07,0.00,0.00,,0.00,,,0.00,,,,,,,0.00,5.80,0.00,,,,,,,,
12-04-24,0.00,0.00,0.13,,0.34,0.33,0.00,0.20,,,,,0.04,,0.17,0.00,0.00,0.00,0.00,0.00,0.00,0.00,0.00,,0.00,,0.00,0.00,0.00,0.00,0.00,0.00,0.00,0.00,,0.00,,0.00,0.00,0.00,0.00,0.00,61.83,0.00,3.88,,,,,84.21,,0.19,0.67,0.00,0.00,,0.07,0.00,0.00,,0.00,,,0.00,,,,,,,0.00,5.10,0.00,,,,,,,,
12-05-24,0.00,0.00,0.14,0.01,0.36,0.46,0.00,0.23,,0.00,,,0.00,,0.08,0.05,0.00,,0.00,0.00,0.00,0.00,0.00,,0.00,,0.00,0.00,0.00,0.00,0.00,0.00,0.00,0.00,,0.00,,0.00,0.00,0.00,0.00,0.00,53.25,0.00,0.00,,,,,76.35,,0.23,0.70,0.00,0.00,,0.08,0.00,0.00,,0.00,,,0.00,,,,,,,,8.20,0.00,,,,,,,,
12-06-24,0.00,0.00,0.17,0.03,0.36,0.29,0.07,0.00,,0.00,,,,,0.12,0.00,0.00,0.00,0.00,0.00,0.00,0.00,0.00,,0.00,,0.00,0.00,0.00,0.00,0.00,0.00,0.00,0.00,,0.00,,0.00,0.00,0.00,0.00,0.00,45.04,0.00,0.00,,,,,74.17,,0.28,0.70,0.00,0.00,,0.55,0.00,0.00,,0.00,,,5.11,,,,,,,0.00,8.90,0.00,,,,,,,,
12-07-24,0.00,0.00,0.15,0.02,0.35,0.46,0.00,0.00,,0.00,,,0.01,,0.25,0.04,0.00,0.00,0.00,0.00,0.00,0.00,0.00,,0.00,,0.00,0.00,0.00,0.00,0.00,0.00,0.00,0.00,,0.00,,0.00,0.00,0.00,0.00,0.00,40.42,0.00,,,,,,65.06,,0.26,0.78,0.00,0.00,,0.10,0.00,0.00,,0.00,,,0.00,,,,,,,0.00,9.30,0.00,,,,,,,,
12-08-24,0.00,0.01,0.17,0.03,0.34,0.42,0.04,0.00,,0.00,,,0.00,,0.33,0.08,0.00,0.00,0.00,0.00,0.00,0.00,0.00,,0.00,,,0.00,0.00,0.00,0.00,0.00,0.00,0.00,,0.00,,0.00,0.00,0.00,0.00,0.00,,0.00,0.00,,,,,62.56,,0.28,0.78,0.00,0.00,,0.05,0.00,0.00,,0.00,,,0.00,,,,,,,0.00,6.90,0.00,,,,,,,,
12-09-24,0.00,0.00,0.20,0.02,0.36,0.29,0.09,0.00,,0.13,,,0.00,,0.12,0.00,0.00,0.00,0.00,0.00,0.00,0.00,0.00,,0.00,,0.00,0.00,0.00,0.00,0.00,0.00,0.00,0.00,,0.00,,0.00,0.00,0.00,0.00,0.00,40.46,0.00,0.00,,,,,3.74,,0.25,0.76,0.00,0.00,,0.03,0.00,0.00,,0.00,,,0.00,,,,,,,0.00,8.00,0.00,,,,,,,,
12-10-24,0.00,0.00,0.19,0.06,0.36,0.29,0.02,0.00,,0.00,,,0.06,,0.08,0.00,0.00,0.00,0.00,0.00,0.00,0.00,0.00,,0.00,,0.00,0.00,0.00,0.00,0.00,0.00,0.00,0.00,,0.00,,0.00,0.00,0.00,0.00,0.00,40.42,0.00,0.00,,,,,3.89,,0.23,0.71,0.00,0.00,,0.00,0.00,0.00,,0.00,,,0.00,,,,,,,0.00,6.10,0.00,,,,,,,,
12-11-24,0.00,0.00,0.21,0.04,0.36,0.33,0.17,0.00,,0.00,,,0.00,,0.13,0.00,0.00,0.00,0.00,0.00,0.00,0.00,0.00,,0.00,,0.00,0.00,0.00,0.00,0.00,0.00,0.00,0.00,,0.00,,0.00,0.00,0.00,0.00,0.00,40.58,0.00,0.00,,,,,0.00,,0.20,0.72,0.00,0.00,,0.00,0.00,0.00,,0.00,,,0.00,,,,,,,0.00,6.00,0.00,,,,,,,,
12-12-24,0.00,0.00,0.18,0.04,0.35,0.42,0.24,0.00,,0.00,,,0.00,,0.08,0.04,0.00,0.00,0.00,0.00,0.00,0.00,0.00,,0.00,,0.00,0.00,0.00,0.00,0.00,0.00,0.00,0.00,,0.00,,0.00,0.00,0.00,0.00,0.00,0.00,,0.00,,,,,0.00,,0.20,0.78,0.00,,,0.00,0.00,0.00,0.00,0.00,,,0.00,,,,,,,0.00,5.80,0.00,,,,,,,,
12-13-24,0.00,0.00,0.19,0.03,0.35,0.33,0.00,0.00,,0.00,,,0.00,,0.22,0.00,0.00,0.00,0.00,0.00,,0.00,0.00,,0.00,,0.00,0.00,0.00,0.00,0.00,0.00,0.00,0.00,,0.00,,0.00,0.00,0.00,0.00,0.00,0.00,0.00,0.00,,,,,0.00,,0.19,0.79,0.00,0.00,,0.00,0.00,0.00,0.00,0.00,,,0.00,,,,,,,,5.70,0.00,,,,,,,,
12-14-24,0.00,0.00,0.17,0.02,0.35,0.29,0.09,0.04,,0.00,,,0.00,,0.12,0.00,0.00,0.00,0.00,0.00,0.00,0.00,0.00,,0.00,,0.00,0.00,0.00,0.00,0.00,0.00,0.00,0.00,,0.00,,0.00,0.00,0.00,0.00,0.00,0.00,0.00,0.00,,,,,0.00,,0.19,0.80,0.00,0.00,,0.00,0.00,0.00,46.75,0.00,,,0.00,,,,,,,0.00,5.70,0.00,,,,,,,,
12-15-24,0.00,0.00,0.17,0.03,0.35,0.33,0.19,0.00,,0.00,,,0.41,,0.25,0.00,0.00,0.00,0.00,0.00,0.00,0.00,0.00,,0.00,,,0.00,0.00,0.00,0.00,0.00,0.00,0.00,,0.00,,0.00,0.00,0.00,0.00,0.00,0.00,0.00,0.00,,,,,0.00,,0.17,0.80,0.00,0.00,,0.00,0.00,0.00,30.75,0.00,,,0.00,,,,,,,0.00,4.50,0.00,,,,,,,,
12-16-24,0.00,0.00,0.17,0.02,0.35,0.33,0.16,0.00,,0.00,,,0.00,,0.21,0.00,0.00,0.00,0.00,0.00,0.00,0.00,0.00,,4.50,,0.00,0.00,0.00,0.00,0.00,0.00,0.00,0.00,,0.00,,0.00,0.00,0.00,0.00,0.00,0.00,0.00,0.00,,,,,0.00,,0.19,0.80,0.00,0.00,,0.00,0.00,0.00,29.72,0.00,,,0.00,,,,,,,,5.80,0.00,,,,,,,,
12-17-24,0.00,0.00,0.17,0.02,0.35,0.25,0.00,0.00,,0.00,,,0.32,,0.25,0.00,0.00,0.00,0.00,0.00,0.00,0.00,0.00,,4.50,,0.00,0.00,0.00,0.00,0.00,0.00,0.00,0.00,,,,0.00,0.00,0.00,0.00,6.04,0.00,0.00,0.00,,,,,0.00,,0.18,0.78,0.00,0.00,,0.00,0.00,0.00,31.03,0.00,,,0.00,,,,,,,0.00,6.50,0.00,,,,,,,,
12-18-24,0.00,0.00,0.18,,0.34,0.20,0.24,0.27,,0.00,,,0.08,,,0.00,0.00,0.00,0.00,0.00,0.00,0.00,0.00,,4.50,,0.00,0.00,0.00,0.00,0.00,0.00,0.00,0.00,,0.00,,0.00,0.00,0.00,0.00,4.52,0.00,0.00,0.00,,,,,0.00,,0.17,0.85,0.00,0.00,,0.02,0.00,0.00,22.65,0.00,,,0.00,,,,,,,0.00,6.60,0.00,,,,,,,,
12-19-24,0.00,0.00,0.17,0.02,0.36,0.17,0.13,0.20,,0.00,,,0.00,,0.33,0.00,0.00,0.00,0.00,0.00,0.00,0.00,0.00,,4.50,,0.00,0.00,0.00,0.00,0.00,0.00,0.00,0.00,,0.00,,0.00,0.00,0.00,0.00,0.00,0.00,0.00,0.00,,,,,0.00,,0.18,1.07,0.00,0.00,,0.00,0.00,0.00,34.24,0.00,,,0.00,,,,,,,0.00,6.90,0.00,,,,,,,,
12-20-24,0.00,0.00,0.18,0.02,0.36,0.25,0.15,0.00,,0.00,,,0.00,,0.12,0.00,0.00,0.00,0.00,0.00,0.00,0.00,0.00,,0.00,,0.00,0.00,0.00,0.00,0.00,0.00,0.00,0.00,,,,0.00,0.00,0.00,0.00,0.00,0.00,0.00,0.00,,,,,0.00,,0.19,1.11,0.00,0.00,,0.00,0.00,0.00,22.53,0.00,,,0.00,,,,,,,0.00,5.60,0.00,,,,,,,,
12-21-24,0.00,0.00,0.15,0.07,0.36,0.33,0.17,0.00,,0.00,,,0.34,,0.12,0.00,0.00,0.00,0.00,0.00,0.00,0.00,0.00,,0.00,,0.00,0.00,0.00,0.00,0.00,0.00,0.00,0.00,,0.00,,0.00,0.00,0.00,0.00,0.00,0.00,0.00,0.00,,,,,0.00,,0.19,,0.00,0.00,,,0.00,0.00,53.43,0.00,,,0.00,,,,,,,0.00,5.80,0.00,,,,,,,,
12-22-24,0.00,0.00,0.15,0.06,0.35,0.21,0.07,0.14,,0.00,,,0.00,,0.12,0.00,0.00,0.00,0.00,0.00,0.00,0.00,0.00,,0.00,,,0.00,0.00,0.00,0.00,0.00,0.00,0.00,,0.00,,0.00,0.00,0.00,0.00,0.00,0.00,0.00,0.00,,,,,0.00,,0.18,1.11,0.00,0.00,,0.00,0.00,0.00,,0.00,,,0.00,,,,,,,0.00,4.40,0.00,,,,,,,,
12-23-24,0.00,0.00,0.17,0.03,0.35,0.29,0.08,0.40,,0.00,,,0.00,,0.08,0.04,0.00,0.00,0.00,0.00,0.00,0.00,0.00,,0.00,,0.00,0.00,0.00,0.00,0.00,0.00,0.00,0.00,,0.00,,0.00,0.00,0.00,0.00,0.00,0.00,0.00,0.00,,,,,0.00,,0.18,1.13,0.00,0.00,,0.00,0.00,0.00,102.08,0.00,,,0.00,,,,,,,0.00,4.60,0.00,,,,,,,,
12-24-24,0.00,0.00,0.16,0.14,0.34,0.08,0.12,0.15,,0.00,,,0.00,,0.04,0.04,0.00,0.00,0.00,0.00,0.00,0.00,0.00,,0.00,,0.00,0.00,0.00,0.00,0.00,0.00,0.00,0.00,,0.00,,0.00,0.00,0.00,0.00,0.00,0.00,0.00,0.00,,,,,0.00,,0.17,1.22,0.00,0.00,,0.00,0.00,0.00,74.99,0.00,,,0.00,,,,,,,0.00,4.90,0.00,,,,,,,,
12-25-24,0.00,0.00,0.15,0.40,0.35,0.07,0.00,0.00,,0.00,,,0.00,,0.00,0.04,0.00,0.00,0.00,0.00,0.00,0.00,0.00,,0.00,,0.00,0.00,0.00,0.00,0.00,0.00,0.00,0.00,,0.00,,0.00,0.00,0.00,0.00,0.00,0.00,0.00,0.00,,,,,0.00,,0.15,1.18,0.00,0.00,,0.00,0.00,0.00,16.59,0.00,,,0.00,,,,,,,0.00,4.20,0.00,,,,,,,,
12-26-24,0.00,0.00,,0.34,0.36,0.33,0.08,0.83,,0.00,,,0.00,,0.04,0.00,0.00,0.00,0.00,0.00,0.00,0.00,0.00,,0.00,,0.00,0.00,0.00,0.00,0.00,0.00,0.00,0.00,,0.00,,0.00,0.00,0.00,0.00,0.00,0.00,0.00,0.00,,,,,0.00,,0.16,1.15,0.00,0.00,,0.00,0.00,0.00,7.12,0.00,,,0.00,,,,,,,0.00,6.20,0.00,,,,,,,,
12-27-24,0.00,0.01,0.17,0.27,0.36,0.17,0.00,0.58,,0.00,,,0.01,,0.08,0.00,0.00,0.00,0.00,0.00,0.00,0.00,0.00,,0.00,,,0.00,0.00,0.00,0.00,0.00,0.00,0.00,,0.00,,0.00,0.00,0.00,0.00,0.00,0.00,0.00,0.00,,,,,0.00,,0.16,1.14,0.00,0.00,,0.00,0.00,0.00,0.00,0.00,,,0.00,,,,,,,0.00,,0.00,,,,,,,,
12-28-24,0.00,0.00,0.18,0.44,0.33,0.17,0.13,0.58,,0.00,,,0.00,,0.04,0.00,0.00,0.00,0.00,0.00,0.00,0.00,0.00,,0.00,,0.00,0.00,0.00,0.00,0.00,0.00,0.00,0.00,,0.00,,0.00,0.00,0.00,0.00,0.00,0.00,0.00,0.00,,,,,0.00,,0.16,1.13,0.00,0.00,,0.00,0.00,0.00,14.16,0.00,,,0.00,,,,,,,0.00,5.40,0.00,,,,,,,,
12-29-24,0.00,0.01,0.18,0.11,0.36,0.25,0.00,0.69,,0.00,,,0.00,,0.17,0.00,0.00,0.00,0.00,0.00,0.00,0.00,0.00,,0.00,,,0.00,,0.00,0.00,0.00,0.00,0.00,,0.00,,0.00,0.00,0.00,0.00,0.00,0.00,0.00,0.00,,,,,0.00,,0.16,1.15,0.00,0.00,,0.00,0.00,0.00,31.78,0.00,,,0.00,,,,,,,0.00,5.70,0.00,,,,,,,,
12-30-24,0.00,0.01,0.18,0.00,0.36,0.33,0.00,0.53,,0.00,,,0.86,,0.08,0.00,0.00,0.00,0.00,0.00,0.00,0.00,0.00,,0.00,,0.00,0.00,0.00,0.00,0.00,0.00,0.00,0.00,,0.00,,0.00,0.00,0.00,0.00,0.00,0.00,0.00,0.00,,,,,0.00,,0.17,1.10,0.00,0.00,,0.00,0.00,0.00,51.58,0.00,,,0.00,,,,,,,0.00,5.50,0.00,,,,,,,,
12-31-24,0.00,0.01,0.16,0.00,0.37,0.25,0.00,0.83,,0.00,,,0.67,,0.00,0.00,0.00,0.00,0.00,0.00,0.00,0.00,0.00,,0.00,,0.00,0.00,0.00,0.00,0.00,0.00,,0.00,,0.00,,0.00,0.00,0.00,0.00,12.83,0.00,0.00,0.00,,,,,,,0.17,1.06,0.00,0.00,,0.00,0.00,0.00,50.14,0.00,,,0.00,,,,,,,0.00,4.80,0.00,,,,,,,,
,,,,,,,,,,,,,,,,,,,,,,,,,,,,,,,,,,,,,,,,,,,,,,,,,,,,,,,,,,,,,,,,,,,,,,,,,,,,,,,,,
,,,,,,,,,,,,,,,,,,,,,,,,,,,,,,,,,,,,,,,,,,,,,,,,,,,,,,,,,,,,,,,,,,,,,,,,,,,,,,,,,
,,,,,,,,,,,,,,,,,,,,,,,,,,,,,,,,,,,,,,,,,,,,,,,,,,,,,,,,,,,,,,,,,,,,,,,,,,,,,,,,,
,,,,,,,,,,,,,,,,,,,,,,,,,,,,,,,,,,,,,,,,,,,,,,,,,,,,,,,,,,,,,,,,,,,,,,,,,,,,,,,,,
,,,,,,,,,,,,,,,,,,,,,,,,,,,,,,,,,,,,,,,,,,,,,,,,,,,,,,,,,,,,,,,,,,,,,,,,,,,,,,,,,
,,,,,,,,,,,,,,,,,,,,,,,,,,,,,,,,,,,,,,,,,,,,,,,,,,,,,,,,,,,,,,,,,,,,,,,,,,,,,,,,,
,,,,,,,,,,,,,,,,,,,,,,,,,,,,,,,,,,,,,,,,,,,,,,,,,,,,,,,,,,,,,,,,,,,,,,,,,,,,,,,,,
,,,,,,,,,,,,,,,,,,,,,,,,,,,,,,,,,,,,,,,,,,,,,,,,,,,,,,,,,,,,,,,,,,,,,,,,,,,,,,,,,
,,,,,,,,,,,,,,,,,,,,,,,,,,,,,,,,,,,,,,,,,,,,,,,,,,,,,,,,,,,,,,,,,,,,,,,,,,,,,,,,,
,,,,,,,,,,,,,,,,,,,,,,,,,,,,,,,,,,,,,,,,,,,,,,,,,,,,,,,,,,,,,,,,,,,,,,,,,,,,,,,,,
,,,,,,,,,,,,,,,,,,,,,,,,,,,,,,,,,,,,,,,,,,,,,,,,,,,,,,,,,,,,,,,,,,,,,,,,,,,,,,,,,
,,,,,,,,,,,,,,,,,,,,,,,,,,,,,,,,,,,,,,,,,,,,,,,,,,,,,,,,,,,,,,,,,,,,,,,,,,,,,,,,,
,,,,,,,,,,,,,,,,,,,,,,,,,,,,,,,,,,,,,,,,,,,,,,,,,,,,,,,,,,,,,,,,,,,,,,,,,,,,,,,,,
,,,,,,,,,,,,,,,,,,,,,,,,,,,,,,,,,,,,,,,,,,,,,,,,,,,,,,,,,,,,,,,,,,,,,,,,,,,,,,,,,
,,,,,,,,,,,,,,,,,,,,,,,,,,,,,,,,,,,,,,,,,,,,,,,,,,,,,,,,,,,,,,,,,,,,,,,,,,,,,,,,,
,,,,,,,,,,,,,,,,,,,,,,,,,,,,,,,,,,,,,,,,,,,,,,,,,,,,,,,,,,,,,,,,,,,,,,,,,,,,,,,,,
,,,,,,,,,,,,,,,,,,,,,,,,,,,,,,,,,,,,,,,,,,,,,,,,,,,,,,,,,,,,,,,,,,,,,,,,,,,,,,,,,
,,,,,,,,,,,,,,,,,,,,,,,,,,,,,,,,,,,,,,,,,,,,,,,,,,,,,,,,,,,,,,,,,,,,,,,,,,,,,,,,,
,,,,,,,,,,,,,,,,,,,,,,,,,,,,,,,,,,,,,,,,,,,,,,,,,,,,,,,,,,,,,,,,,,,,,,,,,,,,,,,,,
,,,,,,,,,,,,,,,,,,,,,,,,,,,,,,,,,,,,,,,,,,,,,,,,,,,,,,,,,,,,,,,,,,,,,,,,,,,,,,,,,
,,,,,,,,,,,,,,,,,,,,,,,,,,,,,,,,,,,,,,,,,,,,,,,,,,,,,,,,,,,,,,,,,,,,,,,,,,,,,,,,,
,,,,,,,,,,,,,,,,,,,,,,,,,,,,,,,,,,,,,,,,,,,,,,,,,,,,,,,,,,,,,,,,,,,,,,,,,,,,,,,,,
,,,,,,,,,,,,,,,,,,,,,,,,,,,,,,,,,,,,,,,,,,,,,,,,,,,,,,,,,,,,,,,,,,,,,,,,,,,,,,,,,
,,,,,,,,,,,,,,,,,,,,,,,,,,,,,,,,,,,,,,,,,,,,,,,,,,,,,,,,,,,,,,,,,,,,,,,,,,,,,,,,,
,,,,,,,,,,,,,,,,,,,,,,,,,,,,,,,,,,,,,,,,,,,,,,,,,,,,,,,,,,,,,,,,,,,,,,,,,,,,,,,,,
,,,,,,,,,,,,,,,,,,,,,,,,,,,,,,,,,,,,,,,,,,,,,,,,,,,,,,,,,,,,,,,,,,,,,,,,,,,,,,,,,
,,,,,,,,,,,,,,,,,,,,,,,,,,,,,,,,,,,,,,,,,,,,,,,,,,,,,,,,,,,,,,,,,,,,,,,,,,,,,,,,,
,,,,,,,,,,,,,,,,,,,,,,,,,,,,,,,,,,,,,,,,,,,,,,,,,,,,,,,,,,,,,,,,,,,,,,,,,,,,,,,,,
,,,,,,,,,,,,,,,,,,,,,,,,,,,,,,,,,,,,,,,,,,,,,,,,,,,,,,,,,,,,,,,,,,,,,,,,,,,,,,,,,
,,,,,,,,,,,,,,,,,,,,,,,,,,,,,,,,,,,,,,,,,,,,,,,,,,,,,,,,,,,,,,,,,,,,,,,,,,,,,,,,,
,,,,,,,,,,,,,,,,,,,,,,,,,,,,,,,,,,,,,,,,,,,,,,,,,,,,,,,,,,,,,,,,,,,,,,,,,,,,,,,,,
,,,,,,,,,,,,,,,,,,,,,,,,,,,,,,,,,,,,,,,,,,,,,,,,,,,,,,,,,,,,,,,,,,,,,,,,,,,,,,,,,
,,,,,,,,,,,,,,,,,,,,,,,,,,,,,,,,,,,,,,,,,,,,,,,,,,,,,,,,,,,,,,,,,,,,,,,,,,,,,,,,,
,,,,,,,,,,,,,,,,,,,,,,,,,,,,,,,,,,,,,,,,,,,,,,,,,,,,,,,,,,,,,,,,,,,,,,,,,,,,,,,,,
,,,,,,,,,,,,,,,,,,,,,,,,,,,,,,,,,,,,,,,,,,,,,,,,,,,,,,,,,,,,,,,,,,,,,,,,,,,,,,,,,
,,,,,,,,,,,,,,,,,,,,,,,,,,,,,,,,,,,,,,,,,,,,,,,,,,,,,,,,,,,,,,,,,,,,,,,,,,,,,,,,,
,,,,,,,,,,,,,,,,,,,,,,,,,,,,,,,,,,,,,,,,,,,,,,,,,,,,,,,,,,,,,,,,,,,,,,,,,,,,,,,,,
,,,,,,,,,,,,,,,,,,,,,,,,,,,,,,,,,,,,,,,,,,,,,,,,,,,,,,,,,,,,,,,,,,,,,,,,,,,,,,,,,
,,,,,,,,,,,,,,,,,,,,,,,,,,,,,,,,,,,,,,,,,,,,,,,,,,,,,,,,,,,,,,,,,,,,,,,,,,,,,,,,,
,,,,,,,,,,,,,,,,,,,,,,,,,,,,,,,,,,,,,,,,,,,,,,,,,,,,,,,,,,,,,,,,,,,,,,,,,,,,,,,,,
,,,,,,,,,,,,,,,,,,,,,,,,,,,,,,,,,,,,,,,,,,,,,,,,,,,,,,,,,,,,,,,,,,,,,,,,,,,,,,,,,
,,,,,,,,,,,,,,,,,,,,,,,,,,,,,,,,,,,,,,,,,,,,,,,,,,,,,,,,,,,,,,,,,,,,,,,,,,,,,,,,,
,,,,,,,,,,,,,,,,,,,,,,,,,,,,,,,,,,,,,,,,,,,,,,,,,,,,,,,,,,,,,,,,,,,,,,,,,,,,,,,,,
,,,,,,,,,,,,,,,,,,,,,,,,,,,,,,,,,,,,,,,,,,,,,,,,,,,,,,,,,,,,,,,,,,,,,,,,,,,,,,,,,
,,,,,,,,,,,,,,,,,,,,,,,,,,,,,,,,,,,,,,,,,,,,,,,,,,,,,,,,,,,,,,,,,,,,,,,,,,,,,,,,,
,,,,,,,,,,,,,,,,,,,,,,,,,,,,,,,,,,,,,,,,,,,,,,,,,,,,,,,,,,,,,,,,,,,,,,,,,,,,,,,,,
,,,,,,,,,,,,,,,,,,,,,,,,,,,,,,,,,,,,,,,,,,,,,,,,,,,,,,,,,,,,,,,,,,,,,,,,,,,,,,,,,
,,,,,,,,,,,,,,,,,,,,,,,,,,,,,,,,,,,,,,,,,,,,,,,,,,,,,,,,,,,,,,,,,,,,,,,,,,,,,,,,,
,,,,,,,,,,,,,,,,,,,,,,,,,,,,,,,,,,,,,,,,,,,,,,,,,,,,,,,,,,,,,,,,,,,,,,,,,,,,,,,,,
,,,,,,,,,,,,,,,,,,,,,,,,,,,,,,,,,,,,,,,,,,,,,,,,,,,,,,,,,,,,,,,,,,,,,,,,,,,,,,,,,
,,,,,,,,,,,,,,,,,,,,,,,,,,,,,,,,,,,,,,,,,,,,,,,,,,,,,,,,,,,,,,,,,,,,,,,,,,,,,,,,,
,,,,,,,,,,,,,,,,,,,,,,,,,,,,,,,,,,,,,,,,,,,,,,,,,,,,,,,,,,,,,,,,,,,,,,,,,,,,,,,,,
,,,,,,,,,,,,,,,,,,,,,,,,,,,,,,,,,,,,,,,,,,,,,,,,,,,,,,,,,,,,,,,,,,,,,,,,,,,,,,,,,
,,,,,,,,,,,,,,,,,,,,,,,,,,,,,,,,,,,,,,,,,,,,,,,,,,,,,,,,,,,,,,,,,,,,,,,,,,,,,,,,,
,,,,,,,,,,,,,,,,,,,,,,,,,,,,,,,,,,,,,,,,,,,,,,,,,,,,,,,,,,,,,,,,,,,,,,,,,,,,,,,,,
,,,,,,,,,,,,,,,,,,,,,,,,,,,,,,,,,,,,,,,,,,,,,,,,,,,,,,,,,,,,,,,,,,,,,,,,,,,,,,,,,
,,,,,,,,,,,,,,,,,,,,,,,,,,,,,,,,,,,,,,,,,,,,,,,,,,,,,,,,,,,,,,,,,,,,,,,,,,,,,,,,,
,,,,,,,,,,,,,,,,,,,,,,,,,,,,,,,,,,,,,,,,,,,,,,,,,,,,,,,,,,,,,,,,,,,,,,,,,,,,,,,,,
,,,,,,,,,,,,,,,,,,,,,,,,,,,,,,,,,,,,,,,,,,,,,,,,,,,,,,,,,,,,,,,,,,,,,,,,,,,,,,,,,
,,,,,,,,,,,,,,,,,,,,,,,,,,,,,,,,,,,,,,,,,,,,,,,,,,,,,,,,,,,,,,,,,,,,,,,,,,,,,,,,,
,,,,,,,,,,,,,,,,,,,,,,,,,,,,,,,,,,,,,,,,,,,,,,,,,,,,,,,,,,,,,,,,,,,,,,,,,,,,,,,,,
,,,,,,,,,,,,,,,,,,,,,,,,,,,,,,,,,,,,,,,,,,,,,,,,,,,,,,,,,,,,,,,,,,,,,,,,,,,,,,,,,
,,,,,,,,,,,,,,,,,,,,,,,,,,,,,,,,,,,,,,,,,,,,,,,,,,,,,,,,,,,,,,,,,,,,,,,,,,,,,,,,,
,,,,,,,,,,,,,,,,,,,,,,,,,,,,,,,,,,,,,,,,,,,,,,,,,,,,,,,,,,,,,,,,,,,,,,,,,,,,,,,,,
,,,,,,,,,,,,,,,,,,,,,,,,,,,,,,,,,,,,,,,,,,,,,,,,,,,,,,,,,,,,,,,,,,,,,,,,,,,,,,,,,
,,,,,,,,,,,,,,,,,,,,,,,,,,,,,,,,,,,,,,,,,,,,,,,,,,,,,,,,,,,,,,,,,,,,,,,,,,,,,,,,,
,,,,,,,,,,,,,,,,,,,,,,,,,,,,,,,,,,,,,,,,,,,,,,,,,,,,,,,,,,,,,,,,,,,,,,,,,,,,,,,,,
,,,,,,,,,,,,,,,,,,,,,,,,,,,,,,,,,,,,,,,,,,,,,,,,,,,,,,,,,,,,,,,,,,,,,,,,,,,,,,,,,
,,,,,,,,,,,,,,,,,,,,,,,,,,,,,,,,,,,,,,,,,,,,,,,,,,,,,,,,,,,,,,,,,,,,,,,,,,,,,,,,,
,,,,,,,,,,,,,,,,,,,,,,,,,,,,,,,,,,,,,,,,,,,,,,,,,,,,,,,,,,,,,,,,,,,,,,,,,,,,,,,,,
,,,,,,,,,,,,,,,,,,,,,,,,,,,,,,,,,,,,,,,,,,,,,,,,,,,,,,,,,,,,,,,,,,,,,,,,,,,,,,,,,
,,,,,,,,,,,,,,,,,,,,,,,,,,,,,,,,,,,,,,,,,,,,,,,,,,,,,,,,,,,,,,,,,,,,,,,,,,,,,,,,,
,,,,,,,,,,,,,,,,,,,,,,,,,,,,,,,,,,,,,,,,,,,,,,,,,,,,,,,,,,,,,,,,,,,,,,,,,,,,,,,,,
,,,,,,,,,,,,,,,,,,,,,,,,,,,,,,,,,,,,,,,,,,,,,,,,,,,,,,,,,,,,,,,,,,,,,,,,,,,,,,,,,
,,,,,,,,,,,,,,,,,,,,,,,,,,,,,,,,,,,,,,,,,,,,,,,,,,,,,,,,,,,,,,,,,,,,,,,,,,,,,,,,,
,,,,,,,,,,,,,,,,,,,,,,,,,,,,,,,,,,,,,,,,,,,,,,,,,,,,,,,,,,,,,,,,,,,,,,,,,,,,,,,,,
,,,,,,,,,,,,,,,,,,,,,,,,,,,,,,,,,,,,,,,,,,,,,,,,,,,,,,,,,,,,,,,,,,,,,,,,,,,,,,,,,
,,,,,,,,,,,,,,,,,,,,,,,,,,,,,,,,,,,,,,,,,,,,,,,,,,,,,,,,,,,,,,,,,,,,,,,,,,,,,,,,,
,,,,,,,,,,,,,,,,,,,,,,,,,,,,,,,,,,,,,,,,,,,,,,,,,,,,,,,,,,,,,,,,,,,,,,,,,,,,,,,,,
,,,,,,,,,,,,,,,,,,,,,,,,,,,,,,,,,,,,,,,,,,,,,,,,,,,,,,,,,,,,,,,,,,,,,,,,,,,,,,,,,
,,,,,,,,,,,,,,,,,,,,,,,,,,,,,,,,,,,,,,,,,,,,,,,,,,,,,,,,,,,,,,,,,,,,,,,,,,,,,,,,,
,,,,,,,,,,,,,,,,,,,,,,,,,,,,,,,,,,,,,,,,,,,,,,,,,,,,,,,,,,,,,,,,,,,,,,,,,,,,,,,,,
,,,,,,,,,,,,,,,,,,,,,,,,,,,,,,,,,,,,,,,,,,,,,,,,,,,,,,,,,,,,,,,,,,,,,,,,,,,,,,,,,
,,,,,,,,,,,,,,,,,,,,,,,,,,,,,,,,,,,,,,,,,,,,,,,,,,,,,,,,,,,,,,,,,,,,,,,,,,,,,,,,,
,,,,,,,,,,,,,,,,,,,,,,,,,,,,,,,,,,,,,,,,,,,,,,,,,,,,,,,,,,,,,,,,,,,,,,,,,,,,,,,,,
,,,,,,,,,,,,,,,,,,,,,,,,,,,,,,,,,,,,,,,,,,,,,,,,,,,,,,,,,,,,,,,,,,,,,,,,,,,,,,,,,
,,,,,,,,,,,,,,,,,,,,,,,,,,,,,,,,,,,,,,,,,,,,,,,,,,,,,,,,,,,,,,,,,,,,,,,,,,,,,,,,,
,,,,,,,,,,,,,,,,,,,,,,,,,,,,,,,,,,,,,,,,,,,,,,,,,,,,,,,,,,,,,,,,,,,,,,,,,,,,,,,,,
,,,,,,,,,,,,,,,,,,,,,,,,,,,,,,,,,,,,,,,,,,,,,,,,,,,,,,,,,,,,,,,,,,,,,,,,,,,,,,,,,
,,,,,,,,,,,,,,,,,,,,,,,,,,,,,,,,,,,,,,,,,,,,,,,,,,,,,,,,,,,,,,,,,,,,,,,,,,,,,,,,,
,,,,,,,,,,,,,,,,,,,,,,,,,,,,,,,,,,,,,,,,,,,,,,,,,,,,,,,,,,,,,,,,,,,,,,,,,,,,,,,,,
,,,,,,,,,,,,,,,,,,,,,,,,,,,,,,,,,,,,,,,,,,,,,,,,,,,,,,,,,,,,,,,,,,,,,,,,,,,,,,,,,
,,,,,,,,,,,,,,,,,,,,,,,,,,,,,,,,,,,,,,,,,,,,,,,,,,,,,,,,,,,,,,,,,,,,,,,,,,,,,,,,,
,,,,,,,,,,,,,,,,,,,,,,,,,,,,,,,,,,,,,,,,,,,,,,,,,,,,,,,,,,,,,,,,,,,,,,,,,,,,,,,,,
,,,,,,,,,,,,,,,,,,,,,,,,,,,,,,,,,,,,,,,,,,,,,,,,,,,,,,,,,,,,,,,,,,,,,,,,,,,,,,,,,
,,,,,,,,,,,,,,,,,,,,,,,,,,,,,,,,,,,,,,,,,,,,,,,,,,,,,,,,,,,,,,,,,,,,,,,,,,,,,,,,,
,,,,,,,,,,,,,,,,,,,,,,,,,,,,,,,,,,,,,,,,,,,,,,,,,,,,,,,,,,,,,,,,,,,,,,,,,,,,,,,,,
,,,,,,,,,,,,,,,,,,,,,,,,,,,,,,,,,,,,,,,,,,,,,,,,,,,,,,,,,,,,,,,,,,,,,,,,,,,,,,,,,
,,,,,,,,,,,,,,,,,,,,,,,,,,,,,,,,,,,,,,,,,,,,,,,,,,,,,,,,,,,,,,,,,,,,,,,,,,,,,,,,,
,,,,,,,,,,,,,,,,,,,,,,,,,,,,,,,,,,,,,,,,,,,,,,,,,,,,,,,,,,,,,,,,,,,,,,,,,,,,,,,,,
,,,,,,,,,,,,,,,,,,,,,,,,,,,,,,,,,,,,,,,,,,,,,,,,,,,,,,,,,,,,,,,,,,,,,,,,,,,,,,,,,
,,,,,,,,,,,,,,,,,,,,,,,,,,,,,,,,,,,,,,,,,,,,,,,,,,,,,,,,,,,,,,,,,,,,,,,,,,,,,,,,,
,,,,,,,,,,,,,,,,,,,,,,,,,,,,,,,,,,,,,,,,,,,,,,,,,,,,,,,,,,,,,,,,,,,,,,,,,,,,,,,,,
,,,,,,,,,,,,,,,,,,,,,,,,,,,,,,,,,,,,,,,,,,,,,,,,,,,,,,,,,,,,,,,,,,,,,,,,,,,,,,,,,
,,,,,,,,,,,,,,,,,,,,,,,,,,,,,,,,,,,,,,,,,,,,,,,,,,,,,,,,,,,,,,,,,,,,,,,,,,,,,,,,,
,,,,,,,,,,,,,,,,,,,,,,,,,,,,,,,,,,,,,,,,,,,,,,,,,,,,,,,,,,,,,,,,,,,,,,,,,,,,,,,,,
,,,,,,,,,,,,,,,,,,,,,,,,,,,,,,,,,,,,,,,,,,,,,,,,,,,,,,,,,,,,,,,,,,,,,,,,,,,,,,,,,
,,,,,,,,,,,,,,,,,,,,,,,,,,,,,,,,,,,,,,,,,,,,,,,,,,,,,,,,,,,,,,,,,,,,,,,,,,,,,,,,,
,,,,,,,,,,,,,,,,,,,,,,,,,,,,,,,,,,,,,,,,,,,,,,,,,,,,,,,,,,,,,,,,,,,,,,,,,,,,,,,,,
,,,,,,,,,,,,,,,,,,,,,,,,,,,,,,,,,,,,,,,,,,,,,,,,,,,,,,,,,,,,,,,,,,,,,,,,,,,,,,,,,
,,,,,,,,,,,,,,,,,,,,,,,,,,,,,,,,,,,,,,,,,,,,,,,,,,,,,,,,,,,,,,,,,,,,,,,,,,,,,,,,,
,,,,,,,,,,,,,,,,,,,,,,,,,,,,,,,,,,,,,,,,,,,,,,,,,,,,,,,,,,,,,,,,,,,,,,,,,,,,,,,,,
,,,,,,,,,,,,,,,,,,,,,,,,,,,,,,,,,,,,,,,,,,,,,,,,,,,,,,,,,,,,,,,,,,,,,,,,,,,,,,,,,
,,,,,,,,,,,,,,,,,,,,,,,,,,,,,,,,,,,,,,,,,,,,,,,,,,,,,,,,,,,,,,,,,,,,,,,,,,,,,,,,,
,,,,,,,,,,,,,,,,,,,,,,,,,,,,,,,,,,,,,,,,,,,,,,,,,,,,,,,,,,,,,,,,,,,,,,,,,,,,,,,,,
,,,,,,,,,,,,,,,,,,,,,,,,,,,,,,,,,,,,,,,,,,,,,,,,,,,,,,,,,,,,,,,,,,,,,,,,,,,,,,,,,
,,,,,,,,,,,,,,,,,,,,,,,,,,,,,,,,,,,,,,,,,,,,,,,,,,,,,,,,,,,,,,,,,,,,,,,,,,,,,,,,,
,,,,,,,,,,,,,,,,,,,,,,,,,,,,,,,,,,,,,,,,,,,,,,,,,,,,,,,,,,,,,,,,,,,,,,,,,,,,,,,,,
,,,,,,,,,,,,,,,,,,,,,,,,,,,,,,,,,,,,,,,,,,,,,,,,,,,,,,,,,,,,,,,,,,,,,,,,,,,,,,,,,
,,,,,,,,,,,,,,,,,,,,,,,,,,,,,,,,,,,,,,,,,,,,,,,,,,,,,,,,,,,,,,,,,,,,,,,,,,,,,,,,,
,,,,,,,,,,,,,,,,,,,,,,,,,,,,,,,,,,,,,,,,,,,,,,,,,,,,,,,,,,,,,,,,,,,,,,,,,,,,,,,,,
,,,,,,,,,,,,,,,,,,,,,,,,,,,,,,,,,,,,,,,,,,,,,,,,,,,,,,,,,,,,,,,,,,,,,,,,,,,,,,,,,
,,,,,,,,,,,,,,,,,,,,,,,,,,,,,,,,,,,,,,,,,,,,,,,,,,,,,,,,,,,,,,,,,,,,,,,,,,,,,,,,,
,,,,,,,,,,,,,,,,,,,,,,,,,,,,,,,,,,,,,,,,,,,,,,,,,,,,,,,,,,,,,,,,,,,,,,,,,,,,,,,,,
,,,,,,,,,,,,,,,,,,,,,,,,,,,,,,,,,,,,,,,,,,,,,,,,,,,,,,,,,,,,,,,,,,,,,,,,,,,,,,,,,
,,,,,,,,,,,,,,,,,,,,,,,,,,,,,,,,,,,,,,,,,,,,,,,,,,,,,,,,,,,,,,,,,,,,,,,,,,,,,,,,,
,,,,,,,,,,,,,,,,,,,,,,,,,,,,,,,,,,,,,,,,,,,,,,,,,,,,,,,,,,,,,,,,,,,,,,,,,,,,,,,,,
,,,,,,,,,,,,,,,,,,,,,,,,,,,,,,,,,,,,,,,,,,,,,,,,,,,,,,,,,,,,,,,,,,,,,,,,,,,,,,,,,
,,,,,,,,,,,,,,,,,,,,,,,,,,,,,,,,,,,,,,,,,,,,,,,,,,,,,,,,,,,,,,,,,,,,,,,,,,,,,,,,,
,,,,,,,,,,,,,,,,,,,,,,,,,,,,,,,,,,,,,,,,,,,,,,,,,,,,,,,,,,,,,,,,,,,,,,,,,,,,,,,,,
,,,,,,,,,,,,,,,,,,,,,,,,,,,,,,,,,,,,,,,,,,,,,,,,,,,,,,,,,,,,,,,,,,,,,,,,,,,,,,,,,
,,,,,,,,,,,,,,,,,,,,,,,,,,,,,,,,,,,,,,,,,,,,,,,,,,,,,,,,,,,,,,,,,,,,,,,,,,,,,,,,,
,,,,,,,,,,,,,,,,,,,,,,,,,,,,,,,,,,,,,,,,,,,,,,,,,,,,,,,,,,,,,,,,,,,,,,,,,,,,,,,,,
,,,,,,,,,,,,,,,,,,,,,,,,,,,,,,,,,,,,,,,,,,,,,,,,,,,,,,,,,,,,,,,,,,,,,,,,,,,,,,,,,
,,,,,,,,,,,,,,,,,,,,,,,,,,,,,,,,,,,,,,,,,,,,,,,,,,,,,,,,,,,,,,,,,,,,,,,,,,,,,,,,,
,,,,,,,,,,,,,,,,,,,,,,,,,,,,,,,,,,,,,,,,,,,,,,,,,,,,,,,,,,,,,,,,,,,,,,,,,,,,,,,,,
,,,,,,,,,,,,,,,,,,,,,,,,,,,,,,,,,,,,,,,,,,,,,,,,,,,,,,,,,,,,,,,,,,,,,,,,,,,,,,,,,
,,,,,,,,,,,,,,,,,,,,,,,,,,,,,,,,,,,,,,,,,,,,,,,,,,,,,,,,,,,,,,,,,,,,,,,,,,,,,,,,,
,,,,,,,,,,,,,,,,,,,,,,,,,,,,,,,,,,,,,,,,,,,,,,,,,,,,,,,,,,,,,,,,,,,,,,,,,,,,,,,,,
,,,,,,,,,,,,,,,,,,,,,,,,,,,,,,,,,,,,,,,,,,,,,,,,,,,,,,,,,,,,,,,,,,,,,,,,,,,,,,,,,
,,,,,,,,,,,,,,,,,,,,,,,,,,,,,,,,,,,,,,,,,,,,,,,,,,,,,,,,,,,,,,,,,,,,,,,,,,,,,,,,,
,,,,,,,,,,,,,,,,,,,,,,,,,,,,,,,,,,,,,,,,,,,,,,,,,,,,,,,,,,,,,,,,,,,,,,,,,,,,,,,,,
,,,,,,,,,,,,,,,,,,,,,,,,,,,,,,,,,,,,,,,,,,,,,,,,,,,,,,,,,,,,,,,,,,,,,,,,,,,,,,,,,
,,,,,,,,,,,,,,,,,,,,,,,,,,,,,,,,,,,,,,,,,,,,,,,,,,,,,,,,,,,,,,,,,,,,,,,,,,,,,,,,,
,,,,,,,,,,,,,,,,,,,,,,,,,,,,,,,,,,,,,,,,,,,,,,,,,,,,,,,,,,,,,,,,,,,,,,,,,,,,,,,,,
,,,,,,,,,,,,,,,,,,,,,,,,,,,,,,,,,,,,,,,,,,,,,,,,,,,,,,,,,,,,,,,,,,,,,,,,,,,,,,,,,
,,,,,,,,,,,,,,,,,,,,,,,,,,,,,,,,,,,,,,,,,,,,,,,,,,,,,,,,,,,,,,,,,,,,,,,,,,,,,,,,,
,,,,,,,,,,,,,,,,,,,,,,,,,,,,,,,,,,,,,,,,,,,,,,,,,,,,,,,,,,,,,,,,,,,,,,,,,,,,,,,,,
,,,,,,,,,,,,,,,,,,,,,,,,,,,,,,,,,,,,,,,,,,,,,,,,,,,,,,,,,,,,,,,,,,,,,,,,,,,,,,,,,
,,,,,,,,,,,,,,,,,,,,,,,,,,,,,,,,,,,,,,,,,,,,,,,,,,,,,,,,,,,,,,,,,,,,,,,,,,,,,,,,,
,,,,,,,,,,,,,,,,,,,,,,,,,,,,,,,,,,,,,,,,,,,,,,,,,,,,,,,,,,,,,,,,,,,,,,,,,,,,,,,,,
,,,,,,,,,,,,,,,,,,,,,,,,,,,,,,,,,,,,,,,,,,,,,,,,,,,,,,,,,,,,,,,,,,,,,,,,,,,,,,,,,
,,,,,,,,,,,,,,,,,,,,,,,,,,,,,,,,,,,,,,,,,,,,,,,,,,,,,,,,,,,,,,,,,,,,,,,,,,,,,,,,,
,,,,,,,,,,,,,,,,,,,,,,,,,,,,,,,,,,,,,,,,,,,,,,,,,,,,,,,,,,,,,,,,,,,,,,,,,,,,,,,,,
,,,,,,,,,,,,,,,,,,,,,,,,,,,,,,,,,,,,,,,,,,,,,,,,,,,,,,,,,,,,,,,,,,,,,,,,,,,,,,,,,
,,,,,,,,,,,,,,,,,,,,,,,,,,,,,,,,,,,,,,,,,,,,,,,,,,,,,,,,,,,,,,,,,,,,,,,,,,,,,,,,,
,,,,,,,,,,,,,,,,,,,,,,,,,,,,,,,,,,,,,,,,,,,,,,,,,,,,,,,,,,,,,,,,,,,,,,,,,,,,,,,,,
,,,,,,,,,,,,,,,,,,,,,,,,,,,,,,,,,,,,,,,,,,,,,,,,,,,,,,,,,,,,,,,,,,,,,,,,,,,,,,,,,
,,,,,,,,,,,,,,,,,,,,,,,,,,,,,,,,,,,,,,,,,,,,,,,,,,,,,,,,,,,,,,,,,,,,,,,,,,,,,,,,,
,,,,,,,,,,,,,,,,,,,,,,,,,,,,,,,,,,,,,,,,,,,,,,,,,,,,,,,,,,,,,,,,,,,,,,,,,,,,,,,,,
,,,,,,,,,,,,,,,,,,,,,,,,,,,,,,,,,,,,,,,,,,,,,,,,,,,,,,,,,,,,,,,,,,,,,,,,,,,,,,,,,
,,,,,,,,,,,,,,,,,,,,,,,,,,,,,,,,,,,,,,,,,,,,,,,,,,,,,,,,,,,,,,,,,,,,,,,,,,,,,,,,,
,,,,,,,,,,,,,,,,,,,,,,,,,,,,,,,,,,,,,,,,,,,,,,,,,,,,,,,,,,,,,,,,,,,,,,,,,,,,,,,,,
,,,,,,,,,,,,,,,,,,,,,,,,,,,,,,,,,,,,,,,,,,,,,,,,,,,,,,,,,,,,,,,,,,,,,,,,,,,,,,,,,
,,,,,,,,,,,,,,,,,,,,,,,,,,,,,,,,,,,,,,,,,,,,,,,,,,,,,,,,,,,,,,,,,,,,,,,,,,,,,,,,,
,,,,,,,,,,,,,,,,,,,,,,,,,,,,,,,,,,,,,,,,,,,,,,,,,,,,,,,,,,,,,,,,,,,,,,,,,,,,,,,,,
,,,,,,,,,,,,,,,,,,,,,,,,,,,,,,,,,,,,,,,,,,,,,,,,,,,,,,,,,,,,,,,,,,,,,,,,,,,,,,,,,
,,,,,,,,,,,,,,,,,,,,,,,,,,,,,,,,,,,,,,,,,,,,,,,,,,,,,,,,,,,,,,,,,,,,,,,,,,,,,,,,,
,,,,,,,,,,,,,,,,,,,,,,,,,,,,,,,,,,,,,,,,,,,,,,,,,,,,,,,,,,,,,,,,,,,,,,,,,,,,,,,,,
,,,,,,,,,,,,,,,,,,,,,,,,,,,,,,,,,,,,,,,,,,,,,,,,,,,,,,,,,,,,,,,,,,,,,,,,,,,,,,,,,
,,,,,,,,,,,,,,,,,,,,,,,,,,,,,,,,,,,,,,,,,,,,,,,,,,,,,,,,,,,,,,,,,,,,,,,,,,,,,,,,,
,,,,,,,,,,,,,,,,,,,,,,,,,,,,,,,,,,,,,,,,,,,,,,,,,,,,,,,,,,,,,,,,,,,,,,,,,,,,,,,,,
,,,,,,,,,,,,,,,,,,,,,,,,,,,,,,,,,,,,,,,,,,,,,,,,,,,,,,,,,,,,,,,,,,,,,,,,,,,,,,,,,
,,,,,,,,,,,,,,,,,,,,,,,,,,,,,,,,,,,,,,,,,,,,,,,,,,,,,,,,,,,,,,,,,,,,,,,,,,,,,,,,,
,,,,,,,,,,,,,,,,,,,,,,,,,,,,,,,,,,,,,,,,,,,,,,,,,,,,,,,,,,,,,,,,,,,,,,,,,,,,,,,,,
,,,,,,,,,,,,,,,,,,,,,,,,,,,,,,,,,,,,,,,,,,,,,,,,,,,,,,,,,,,,,,,,,,,,,,,,,,,,,,,,,
,,,,,,,,,,,,,,,,,,,,,,,,,,,,,,,,,,,,,,,,,,,,,,,,,,,,,,,,,,,,,,,,,,,,,,,,,,,,,,,,,
,,,,,,,,,,,,,,,,,,,,,,,,,,,,,,,,,,,,,,,,,,,,,,,,,,,,,,,,,,,,,,,,,,,,,,,,,,,,,,,,,
,,,,,,,,,,,,,,,,,,,,,,,,,,,,,,,,,,,,,,,,,,,,,,,,,,,,,,,,,,,,,,,,,,,,,,,,,,,,,,,,,
,,,,,,,,,,,,,,,,,,,,,,,,,,,,,,,,,,,,,,,,,,,,,,,,,,,,,,,,,,,,,,,,,,,,,,,,,,,,,,,,,
,,,,,,,,,,,,,,,,,,,,,,,,,,,,,,,,,,,,,,,,,,,,,,,,,,,,,,,,,,,,,,,,,,,,,,,,,,,,,,,,,
,,,,,,,,,,,,,,,,,,,,,,,,,,,,,,,,,,,,,,,,,,,,,,,,,,,,,,,,,,,,,,,,,,,,,,,,,,,,,,,,,
,,,,,,,,,,,,,,,,,,,,,,,,,,,,,,,,,,,,,,,,,,,,,,,,,,,,,,,,,,,,,,,,,,,,,,,,,,,,,,,,,
,,,,,,,,,,,,,,,,,,,,,,,,,,,,,,,,,,,,,,,,,,,,,,,,,,,,,,,,,,,,,,,,,,,,,,,,,,,,,,,,,
,,,,,,,,,,,,,,,,,,,,,,,,,,,,,,,,,,,,,,,,,,,,,,,,,,,,,,,,,,,,,,,,,,,,,,,,,,,,,,,,,
,,,,,,,,,,,,,,,,,,,,,,,,,,,,,,,,,,,,,,,,,,,,,,,,,,,,,,,,,,,,,,,,,,,,,,,,,,,,,,,,,
,,,,,,,,,,,,,,,,,,,,,,,,,,,,,,,,,,,,,,,,,,,,,,,,,,,,,,,,,,,,,,,,,,,,,,,,,,,,,,,,,
,,,,,,,,,,,,,,,,,,,,,,,,,,,,,,,,,,,,,,,,,,,,,,,,,,,,,,,,,,,,,,,,,,,,,,,,,,,,,,,,,
,,,,,,,,,,,,,,,,,,,,,,,,,,,,,,,,,,,,,,,,,,,,,,,,,,,,,,,,,,,,,,,,,,,,,,,,,,,,,,,,,
,,,,,,,,,,,,,,,,,,,,,,,,,,,,,,,,,,,,,,,,,,,,,,,,,,,,,,,,,,,,,,,,,,,,,,,,,,,,,,,,,
,,,,,,,,,,,,,,,,,,,,,,,,,,,,,,,,,,,,,,,,,,,,,,,,,,,,,,,,,,,,,,,,,,,,,,,,,,,,,,,,,
,,,,,,,,,,,,,,,,,,,,,,,,,,,,,,,,,,,,,,,,,,,,,,,,,,,,,,,,,,,,,,,,,,,,,,,,,,,,,,,,,
,,,,,,,,,,,,,,,,,,,,,,,,,,,,,,,,,,,,,,,,,,,,,,,,,,,,,,,,,,,,,,,,,,,,,,,,,,,,,,,,,
,,,,,,,,,,,,,,,,,,,,,,,,,,,,,,,,,,,,,,,,,,,,,,,,,,,,,,,,,,,,,,,,,,,,,,,,,,,,,,,,,
,,,,,,,,,,,,,,,,,,,,,,,,,,,,,,,,,,,,,,,,,,,,,,,,,,,,,,,,,,,,,,,,,,,,,,,,,,,,,,,,,
,,,,,,,,,,,,,,,,,,,,,,,,,,,,,,,,,,,,,,,,,,,,,,,,,,,,,,,,,,,,,,,,,,,,,,,,,,,,,,,,,
,,,,,,,,,,,,,,,,,,,,,,,,,,,,,,,,,,,,,,,,,,,,,,,,,,,,,,,,,,,,,,,,,,,,,,,,,,,,,,,,,
,,,,,,,,,,,,,,,,,,,,,,,,,,,,,,,,,,,,,,,,,,,,,,,,,,,,,,,,,,,,,,,,,,,,,,,,,,,,,,,,,
,,,,,,,,,,,,,,,,,,,,,,,,,,,,,,,,,,,,,,,,,,,,,,,,,,,,,,,,,,,,,,,,,,,,,,,,,,,,,,,,,
,,,,,,,,,,,,,,,,,,,,,,,,,,,,,,,,,,,,,,,,,,,,,,,,,,,,,,,,,,,,,,,,,,,,,,,,,,,,,,,,,
,,,,,,,,,,,,,,,,,,,,,,,,,,,,,,,,,,,,,,,,,,,,,,,,,,,,,,,,,,,,,,,,,,,,,,,,,,,,,,,,,
,,,,,,,,,,,,,,,,,,,,,,,,,,,,,,,,,,,,,,,,,,,,,,,,,,,,,,,,,,,,,,,,,,,,,,,,,,,,,,,,,
,,,,,,,,,,,,,,,,,,,,,,,,,,,,,,,,,,,,,,,,,,,,,,,,,,,,,,,,,,,,,,,,,,,,,,,,,,,,,,,,,
,,,,,,,,,,,,,,,,,,,,,,,,,,,,,,,,,,,,,,,,,,,,,,,,,,,,,,,,,,,,,,,,,,,,,,,,,,,,,,,,,
,,,,,,,,,,,,,,,,,,,,,,,,,,,,,,,,,,,,,,,,,,,,,,,,,,,,,,,,,,,,,,,,,,,,,,,,,,,,,,,,,
,,,,,,,,,,,,,,,,,,,,,,,,,,,,,,,,,,,,,,,,,,,,,,,,,,,,,,,,,,,,,,,,,,,,,,,,,,,,,,,,,
,,,,,,,,,,,,,,,,,,,,,,,,,,,,,,,,,,,,,,,,,,,,,,,,,,,,,,,,,,,,,,,,,,,,,,,,,,,,,,,,,
,,,,,,,,,,,,,,,,,,,,,,,,,,,,,,,,,,,,,,,,,,,,,,,,,,,,,,,,,,,,,,,,,,,,,,,,,,,,,,,,,
,,,,,,,,,,,,,,,,,,,,,,,,,,,,,,,,,,,,,,,,,,,,,,,,,,,,,,,,,,,,,,,,,,,,,,,,,,,,,,,,,
,,,,,,,,,,,,,,,,,,,,,,,,,,,,,,,,,,,,,,,,,,,,,,,,,,,,,,,,,,,,,,,,,,,,,,,,,,,,,,,,,
,,,,,,,,,,,,,,,,,,,,,,,,,,,,,,,,,,,,,,,,,,,,,,,,,,,,,,,,,,,,,,,,,,,,,,,,,,,,,,,,,
,,,,,,,,,,,,,,,,,,,,,,,,,,,,,,,,,,,,,,,,,,,,,,,,,,,,,,,,,,,,,,,,,,,,,,,,,,,,,,,,,
,,,,,,,,,,,,,,,,,,,,,,,,,,,,,,,,,,,,,,,,,,,,,,,,,,,,,,,,,,,,,,,,,,,,,,,,,,,,,,,,,
,,,,,,,,,,,,,,,,,,,,,,,,,,,,,,,,,,,,,,,,,,,,,,,,,,,,,,,,,,,,,,,,,,,,,,,,,,,,,,,,,
,,,,,,,,,,,,,,,,,,,,,,,,,,,,,,,,,,,,,,,,,,,,,,,,,,,,,,,,,,,,,,,,,,,,,,,,,,,,,,,,,
,,,,,,,,,,,,,,,,,,,,,,,,,,,,,,,,,,,,,,,,,,,,,,,,,,,,,,,,,,,,,,,,,,,,,,,,,,,,,,,,,
,,,,,,,,,,,,,,,,,,,,,,,,,,,,,,,,,,,,,,,,,,,,,,,,,,,,,,,,,,,,,,,,,,,,,,,,,,,,,,,,,
,,,,,,,,,,,,,,,,,,,,,,,,,,,,,,,,,,,,,,,,,,,,,,,,,,,,,,,,,,,,,,,,,,,,,,,,,,,,,,,,,
,,,,,,,,,,,,,,,,,,,,,,,,,,,,,,,,,,,,,,,,,,,,,,,,,,,,,,,,,,,,,,,,,,,,,,,,,,,,,,,,,
,,,,,,,,,,,,,,,,,,,,,,,,,,,,,,,,,,,,,,,,,,,,,,,,,,,,,,,,,,,,,,,,,,,,,,,,,,,,,,,,,
,,,,,,,,,,,,,,,,,,,,,,,,,,,,,,,,,,,,,,,,,,,,,,,,,,,,,,,,,,,,,,,,,,,,,,,,,,,,,,,,,
,,,,,,,,,,,,,,,,,,,,,,,,,,,,,,,,,,,,,,,,,,,,,,,,,,,,,,,,,,,,,,,,,,,,,,,,,,,,,,,,,
,,,,,,,,,,,,,,,,,,,,,,,,,,,,,,,,,,,,,,,,,,,,,,,,,,,,,,,,,,,,,,,,,,,,,,,,,,,,,,,,,
,,,,,,,,,,,,,,,,,,,,,,,,,,,,,,,,,,,,,,,,,,,,,,,,,,,,,,,,,,,,,,,,,,,,,,,,,,,,,,,,,
,,,,,,,,,,,,,,,,,,,,,,,,,,,,,,,,,,,,,,,,,,,,,,,,,,,,,,,,,,,,,,,,,,,,,,,,,,,,,,,,,
,,,,,,,,,,,,,,,,,,,,,,,,,,,,,,,,,,,,,,,,,,,,,,,,,,,,,,,,,,,,,,,,,,,,,,,,,,,,,,,,,
,,,,,,,,,,,,,,,,,,,,,,,,,,,,,,,,,,,,,,,,,,,,,,,,,,,,,,,,,,,,,,,,,,,,,,,,,,,,,,,,,
,,,,,,,,,,,,,,,,,,,,,,,,,,,,,,,,,,,,,,,,,,,,,,,,,,,,,,,,,,,,,,,,,,,,,,,,,,,,,,,,,
,,,,,,,,,,,,,,,,,,,,,,,,,,,,,,,,,,,,,,,,,,,,,,,,,,,,,,,,,,,,,,,,,,,,,,,,,,,,,,,,,
,,,,,,,,,,,,,,,,,,,,,,,,,,,,,,,,,,,,,,,,,,,,,,,,,,,,,,,,,,,,,,,,,,,,,,,,,,,,,,,,,
,,,,,,,,,,,,,,,,,,,,,,,,,,,,,,,,,,,,,,,,,,,,,,,,,,,,,,,,,,,,,,,,,,,,,,,,,,,,,,,,,
,,,,,,,,,,,,,,,,,,,,,,,,,,,,,,,,,,,,,,,,,,,,,,,,,,,,,,,,,,,,,,,,,,,,,,,,,,,,,,,,,
,,,,,,,,,,,,,,,,,,,,,,,,,,,,,,,,,,,,,,,,,,,,,,,,,,,,,,,,,,,,,,,,,,,,,,,,,,,,,,,,,
,,,,,,,,,,,,,,,,,,,,,,,,,,,,,,,,,,,,,,,,,,,,,,,,,,,,,,,,,,,,,,,,,,,,,,,,,,,,,,,,,
,,,,,,,,,,,,,,,,,,,,,,,,,,,,,,,,,,,,,,,,,,,,,,,,,,,,,,,,,,,,,,,,,,,,,,,,,,,,,,,,,
,,,,,,,,,,,,,,,,,,,,,,,,,,,,,,,,,,,,,,,,,,,,,,,,,,,,,,,,,,,,,,,,,,,,,,,,,,,,,,,,,
,,,,,,,,,,,,,,,,,,,,,,,,,,,,,,,,,,,,,,,,,,,,,,,,,,,,,,,,,,,,,,,,,,,,,,,,,,,,,,,,,
,,,,,,,,,,,,,,,,,,,,,,,,,,,,,,,,,,,,,,,,,,,,,,,,,,,,,,,,,,,,,,,,,,,,,,,,,,,,,,,,,
,,,,,,,,,,,,,,,,,,,,,,,,,,,,,,,,,,,,,,,,,,,,,,,,,,,,,,,,,,,,,,,,,,,,,,,,,,,,,,,,,
,,,,,,,,,,,,,,,,,,,,,,,,,,,,,,,,,,,,,,,,,,,,,,,,,,,,,,,,,,,,,,,,,,,,,,,,,,,,,,,,,
,,,,,,,,,,,,,,,,,,,,,,,,,,,,,,,,,,,,,,,,,,,,,,,,,,,,,,,,,,,,,,,,,,,,,,,,,,,,,,,,,
,,,,,,,,,,,,,,,,,,,,,,,,,,,,,,,,,,,,,,,,,,,,,,,,,,,,,,,,,,,,,,,,,,,,,,,,,,,,,,,,,
,,,,,,,,,,,,,,,,,,,,,,,,,,,,,,,,,,,,,,,,,,,,,,,,,,,,,,,,,,,,,,,,,,,,,,,,,,,,,,,,,
,,,,,,,,,,,,,,,,,,,,,,,,,,,,,,,,,,,,,,,,,,,,,,,,,,,,,,,,,,,,,,,,,,,,,,,,,,,,,,,,,
,,,,,,,,,,,,,,,,,,,,,,,,,,,,,,,,,,,,,,,,,,,,,,,,,,,,,,,,,,,,,,,,,,,,,,,,,,,,,,,,,
,,,,,,,,,,,,,,,,,,,,,,,,,,,,,,,,,,,,,,,,,,,,,,,,,,,,,,,,,,,,,,,,,,,,,,,,,,,,,,,,,
,,,,,,,,,,,,,,,,,,,,,,,,,,,,,,,,,,,,,,,,,,,,,,,,,,,,,,,,,,,,,,,,,,,,,,,,,,,,,,,,,
,,,,,,,,,,,,,,,,,,,,,,,,,,,,,,,,,,,,,,,,,,,,,,,,,,,,,,,,,,,,,,,,,,,,,,,,,,,,,,,,,
,,,,,,,,,,,,,,,,,,,,,,,,,,,,,,,,,,,,,,,,,,,,,,,,,,,,,,,,,,,,,,,,,,,,,,,,,,,,,,,,,
,,,,,,,,,,,,,,,,,,,,,,,,,,,,,,,,,,,,,,,,,,,,,,,,,,,,,,,,,,,,,,,,,,,,,,,,,,,,,,,,,
,,,,,,,,,,,,,,,,,,,,,,,,,,,,,,,,,,,,,,,,,,,,,,,,,,,,,,,,,,,,,,,,,,,,,,,,,,,,,,,,,
,,,,,,,,,,,,,,,,,,,,,,,,,,,,,,,,,,,,,,,,,,,,,,,,,,,,,,,,,,,,,,,,,,,,,,,,,,,,,,,,,
,,,,,,,,,,,,,,,,,,,,,,,,,,,,,,,,,,,,,,,,,,,,,,,,,,,,,,,,,,,,,,,,,,,,,,,,,,,,,,,,,
,,,,,,,,,,,,,,,,,,,,,,,,,,,,,,,,,,,,,,,,,,,,,,,,,,,,,,,,,,,,,,,,,,,,,,,,,,,,,,,,,
,,,,,,,,,,,,,,,,,,,,,,,,,,,,,,,,,,,,,,,,,,,,,,,,,,,,,,,,,,,,,,,,,,,,,,,,,,,,,,,,,
,,,,,,,,,,,,,,,,,,,,,,,,,,,,,,,,,,,,,,,,,,,,,,,,,,,,,,,,,,,,,,,,,,,,,,,,,,,,,,,,,
,,,,,,,,,,,,,,,,,,,,,,,,,,,,,,,,,,,,,,,,,,,,,,,,,,,,,,,,,,,,,,,,,,,,,,,,,,,,,,,,,
,,,,,,,,,,,,,,,,,,,,,,,,,,,,,,,,,,,,,,,,,,,,,,,,,,,,,,,,,,,,,,,,,,,,,,,,,,,,,,,,,
,,,,,,,,,,,,,,,,,,,,,,,,,,,,,,,,,,,,,,,,,,,,,,,,,,,,,,,,,,,,,,,,,,,,,,,,,,,,,,,,,
,,,,,,,,,,,,,,,,,,,,,,,,,,,,,,,,,,,,,,,,,,,,,,,,,,,,,,,,,,,,,,,,,,,,,,,,,,,,,,,,,
,,,,,,,,,,,,,,,,,,,,,,,,,,,,,,,,,,,,,,,,,,,,,,,,,,,,,,,,,,,,,,,,,,,,,,,,,,,,,,,,,
,,,,,,,,,,,,,,,,,,,,,,,,,,,,,,,,,,,,,,,,,,,,,,,,,,,,,,,,,,,,,,,,,,,,,,,,,,,,,,,,,
,,,,,,,,,,,,,,,,,,,,,,,,,,,,,,,,,,,,,,,,,,,,,,,,,,,,,,,,,,,,,,,,,,,,,,,,,,,,,,,,,
,,,,,,,,,,,,,,,,,,,,,,,,,,,,,,,,,,,,,,,,,,,,,,,,,,,,,,,,,,,,,,,,,,,,,,,,,,,,,,,,,
,,,,,,,,,,,,,,,,,,,,,,,,,,,,,,,,,,,,,,,,,,,,,,,,,,,,,,,,,,,,,,,,,,,,,,,,,,,,,,,,,
,,,,,,,,,,,,,,,,,,,,,,,,,,,,,,,,,,,,,,,,,,,,,,,,,,,,,,,,,,,,,,,,,,,,,,,,,,,,,,,,,
,,,,,,,,,,,,,,,,,,,,,,,,,,,,,,,,,,,,,,,,,,,,,,,,,,,,,,,,,,,,,,,,,,,,,,,,,,,,,,,,,
,,,,,,,,,,,,,,,,,,,,,,,,,,,,,,,,,,,,,,,,,,,,,,,,,,,,,,,,,,,,,,,,,,,,,,,,,,,,,,,,,
,,,,,,,,,,,,,,,,,,,,,,,,,,,,,,,,,,,,,,,,,,,,,,,,,,,,,,,,,,,,,,,,,,,,,,,,,,,,,,,,,
,,,,,,,,,,,,,,,,,,,,,,,,,,,,,,,,,,,,,,,,,,,,,,,,,,,,,,,,,,,,,,,,,,,,,,,,,,,,,,,,,
,,,,,,,,,,,,,,,,,,,,,,,,,,,,,,,,,,,,,,,,,,,,,,,,,,,,,,,,,,,,,,,,,,,,,,,,,,,,,,,,,
,,,,,,,,,,,,,,,,,,,,,,,,,,,,,,,,,,,,,,,,,,,,,,,,,,,,,,,,,,,,,,,,,,,,,,,,,,,,,,,,,
,,,,,,,,,,,,,,,,,,,,,,,,,,,,,,,,,,,,,,,,,,,,,,,,,,,,,,,,,,,,,,,,,,,,,,,,,,,,,,,,,
,,,,,,,,,,,,,,,,,,,,,,,,,,,,,,,,,,,,,,,,,,,,,,,,,,,,,,,,,,,,,,,,,,,,,,,,,,,,,,,,,
,,,,,,,,,,,,,,,,,,,,,,,,,,,,,,,,,,,,,,,,,,,,,,,,,,,,,,,,,,,,,,,,,,,,,,,,,,,,,,,,,
,,,,,,,,,,,,,,,,,,,,,,,,,,,,,,,,,,,,,,,,,,,,,,,,,,,,,,,,,,,,,,,,,,,,,,,,,,,,,,,,,
,,,,,,,,,,,,,,,,,,,,,,,,,,,,,,,,,,,,,,,,,,,,,,,,,,,,,,,,,,,,,,,,,,,,,,,,,,,,,,,,,
,,,,,,,,,,,,,,,,,,,,,,,,,,,,,,,,,,,,,,,,,,,,,,,,,,,,,,,,,,,,,,,,,,,,,,,,,,,,,,,,,
,,,,,,,,,,,,,,,,,,,,,,,,,,,,,,,,,,,,,,,,,,,,,,,,,,,,,,,,,,,,,,,,,,,,,,,,,,,,,,,,,
,,,,,,,,,,,,,,,,,,,,,,,,,,,,,,,,,,,,,,,,,,,,,,,,,,,,,,,,,,,,,,,,,,,,,,,,,,,,,,,,,
,,,,,,,,,,,,,,,,,,,,,,,,,,,,,,,,,,,,,,,,,,,,,,,,,,,,,,,,,,,,,,,,,,,,,,,,,,,,,,,,,
,,,,,,,,,,,,,,,,,,,,,,,,,,,,,,,,,,,,,,,,,,,,,,,,,,,,,,,,,,,,,,,,,,,,,,,,,,,,,,,,,
,,,,,,,,,,,,,,,,,,,,,,,,,,,,,,,,,,,,,,,,,,,,,,,,,,,,,,,,,,,,,,,,,,,,,,,,,,,,,,,,,
,,,,,,,,,,,,,,,,,,,,,,,,,,,,,,,,,,,,,,,,,,,,,,,,,,,,,,,,,,,,,,,,,,,,,,,,,,,,,,,,,
,,,,,,,,,,,,,,,,,,,,,,,,,,,,,,,,,,,,,,,,,,,,,,,,,,,,,,,,,,,,,,,,,,,,,,,,,,,,,,,,,
,,,,,,,,,,,,,,,,,,,,,,,,,,,,,,,,,,,,,,,,,,,,,,,,,,,,,,,,,,,,,,,,,,,,,,,,,,,,,,,,,
,,,,,,,,,,,,,,,,,,,,,,,,,,,,,,,,,,,,,,,,,,,,,,,,,,,,,,,,,,,,,,,,,,,,,,,,,,,,,,,,,
,,,,,,,,,,,,,,,,,,,,,,,,,,,,,,,,,,,,,,,,,,,,,,,,,,,,,,,,,,,,,,,,,,,,,,,,,,,,,,,,,
,,,,,,,,,,,,,,,,,,,,,,,,,,,,,,,,,,,,,,,,,,,,,,,,,,,,,,,,,,,,,,,,,,,,,,,,,,,,,,,,,
,,,,,,,,,,,,,,,,,,,,,,,,,,,,,,,,,,,,,,,,,,,,,,,,,,,,,,,,,,,,,,,,,,,,,,,,,,,,,,,,,
,,,,,,,,,,,,,,,,,,,,,,,,,,,,,,,,,,,,,,,,,,,,,,,,,,,,,,,,,,,,,,,,,,,,,,,,,,,,,,,,,
,,,,,,,,,,,,,,,,,,,,,,,,,,,,,,,,,,,,,,,,,,,,,,,,,,,,,,,,,,,,,,,,,,,,,,,,,,,,,,,,,
,,,,,,,,,,,,,,,,,,,,,,,,,,,,,,,,,,,,,,,,,,,,,,,,,,,,,,,,,,,,,,,,,,,,,,,,,,,,,,,,,
,,,,,,,,,,,,,,,,,,,,,,,,,,,,,,,,,,,,,,,,,,,,,,,,,,,,,,,,,,,,,,,,,,,,,,,,,,,,,,,,,
,,,,,,,,,,,,,,,,,,,,,,,,,,,,,,,,,,,,,,,,,,,,,,,,,,,,,,,,,,,,,,,,,,,,,,,,,,,,,,,,,
,,,,,,,,,,,,,,,,,,,,,,,,,,,,,,,,,,,,,,,,,,,,,,,,,,,,,,,,,,,,,,,,,,,,,,,,,,,,,,,,,
,,,,,,,,,,,,,,,,,,,,,,,,,,,,,,,,,,,,,,,,,,,,,,,,,,,,,,,,,,,,,,,,,,,,,,,,,,,,,,,,,
,,,,,,,,,,,,,,,,,,,,,,,,,,,,,,,,,,,,,,,,,,,,,,,,,,,,,,,,,,,,,,,,,,,,,,,,,,,,,,,,,
,,,,,,,,,,,,,,,,,,,,,,,,,,,,,,,,,,,,,,,,,,,,,,,,,,,,,,,,,,,,,,,,,,,,,,,,,,,,,,,,,
,,,,,,,,,,,,,,,,,,,,,,,,,,,,,,,,,,,,,,,,,,,,,,,,,,,,,,,,,,,,,,,,,,,,,,,,,,,,,,,,,
,,,,,,,,,,,,,,,,,,,,,,,,,,,,,,,,,,,,,,,,,,,,,,,,,,,,,,,,,,,,,,,,,,,,,,,,,,,,,,,,,
,,,,,,,,,,,,,,,,,,,,,,,,,,,,,,,,,,,,,,,,,,,,,,,,,,,,,,,,,,,,,,,,,,,,,,,,,,,,,,,,,
,,,,,,,,,,,,,,,,,,,,,,,,,,,,,,,,,,,,,,,,,,,,,,,,,,,,,,,,,,,,,,,,,,,,,,,,,,,,,,,,,
,,,,,,,,,,,,,,,,,,,,,,,,,,,,,,,,,,,,,,,,,,,,,,,,,,,,,,,,,,,,,,,,,,,,,,,,,,,,,,,,,
,,,,,,,,,,,,,,,,,,,,,,,,,,,,,,,,,,,,,,,,,,,,,,,,,,,,,,,,,,,,,,,,,,,,,,,,,,,,,,,,,
,,,,,,,,,,,,,,,,,,,,,,,,,,,,,,,,,,,,,,,,,,,,,,,,,,,,,,,,,,,,,,,,,,,,,,,,,,,,,,,,,
,,,,,,,,,,,,,,,,,,,,,,,,,,,,,,,,,,,,,,,,,,,,,,,,,,,,,,,,,,,,,,,,,,,,,,,,,,,,,,,,,
,,,,,,,,,,,,,,,,,,,,,,,,,,,,,,,,,,,,,,,,,,,,,,,,,,,,,,,,,,,,,,,,,,,,,,,,,,,,,,,,,
,,,,,,,,,,,,,,,,,,,,,,,,,,,,,,,,,,,,,,,,,,,,,,,,,,,,,,,,,,,,,,,,,,,,,,,,,,,,,,,,,
,,,,,,,,,,,,,,,,,,,,,,,,,,,,,,,,,,,,,,,,,,,,,,,,,,,,,,,,,,,,,,,,,,,,,,,,,,,,,,,,,
,,,,,,,,,,,,,,,,,,,,,,,,,,,,,,,,,,,,,,,,,,,,,,,,,,,,,,,,,,,,,,,,,,,,,,,,,,,,,,,,,
,,,,,,,,,,,,,,,,,,,,,,,,,,,,,,,,,,,,,,,,,,,,,,,,,,,,,,,,,,,,,,,,,,,,,,,,,,,,,,,,,
,,,,,,,,,,,,,,,,,,,,,,,,,,,,,,,,,,,,,,,,,,,,,,,,,,,,,,,,,,,,,,,,,,,,,,,,,,,,,,,,,
,,,,,,,,,,,,,,,,,,,,,,,,,,,,,,,,,,,,,,,,,,,,,,,,,,,,,,,,,,,,,,,,,,,,,,,,,,,,,,,,,
,,,,,,,,,,,,,,,,,,,,,,,,,,,,,,,,,,,,,,,,,,,,,,,,,,,,,,,,,,,,,,,,,,,,,,,,,,,,,,,,,
,,,,,,,,,,,,,,,,,,,,,,,,,,,,,,,,,,,,,,,,,,,,,,,,,,,,,,,,,,,,,,,,,,,,,,,,,,,,,,,,,
,,,,,,,,,,,,,,,,,,,,,,,,,,,,,,,,,,,,,,,,,,,,,,,,,,,,,,,,,,,,,,,,,,,,,,,,,,,,,,,,,
,,,,,,,,,,,,,,,,,,,,,,,,,,,,,,,,,,,,,,,,,,,,,,,,,,,,,,,,,,,,,,,,,,,,,,,,,,,,,,,,,
,,,,,,,,,,,,,,,,,,,,,,,,,,,,,,,,,,,,,,,,,,,,,,,,,,,,,,,,,,,,,,,,,,,,,,,,,,,,,,,,,
,,,,,,,,,,,,,,,,,,,,,,,,,,,,,,,,,,,,,,,,,,,,,,,,,,,,,,,,,,,,,,,,,,,,,,,,,,,,,,,,,
,,,,,,,,,,,,,,,,,,,,,,,,,,,,,,,,,,,,,,,,,,,,,,,,,,,,,,,,,,,,,,,,,,,,,,,,,,,,,,,,,
,,,,,,,,,,,,,,,,,,,,,,,,,,,,,,,,,,,,,,,,,,,,,,,,,,,,,,,,,,,,,,,,,,,,,,,,,,,,,,,,,
,,,,,,,,,,,,,,,,,,,,,,,,,,,,,,,,,,,,,,,,,,,,,,,,,,,,,,,,,,,,,,,,,,,,,,,,,,,,,,,,,
,,,,,,,,,,,,,,,,,,,,,,,,,,,,,,,,,,,,,,,,,,,,,,,,,,,,,,,,,,,,,,,,,,,,,,,,,,,,,,,,,
,,,,,,,,,,,,,,,,,,,,,,,,,,,,,,,,,,,,,,,,,,,,,,,,,,,,,,,,,,,,,,,,,,,,,,,,,,,,,,,,,
,,,,,,,,,,,,,,,,,,,,,,,,,,,,,,,,,,,,,,,,,,,,,,,,,,,,,,,,,,,,,,,,,,,,,,,,,,,,,,,,,
,,,,,,,,,,,,,,,,,,,,,,,,,,,,,,,,,,,,,,,,,,,,,,,,,,,,,,,,,,,,,,,,,,,,,,,,,,,,,,,,,
,,,,,,,,,,,,,,,,,,,,,,,,,,,,,,,,,,,,,,,,,,,,,,,,,,,,,,,,,,,,,,,,,,,,,,,,,,,,,,,,,
,,,,,,,,,,,,,,,,,,,,,,,,,,,,,,,,,,,,,,,,,,,,,,,,,,,,,,,,,,,,,,,,,,,,,,,,,,,,,,,,,
,,,,,,,,,,,,,,,,,,,,,,,,,,,,,,,,,,,,,,,,,,,,,,,,,,,,,,,,,,,,,,,,,,,,,,,,,,,,,,,,,
,,,,,,,,,,,,,,,,,,,,,,,,,,,,,,,,,,,,,,,,,,,,,,,,,,,,,,,,,,,,,,,,,,,,,,,,,,,,,,,,,
,,,,,,,,,,,,,,,,,,,,,,,,,,,,,,,,,,,,,,,,,,,,,,,,,,,,,,,,,,,,,,,,,,,,,,,,,,,,,,,,,
,,,,,,,,,,,,,,,,,,,,,,,,,,,,,,,,,,,,,,,,,,,,,,,,,,,,,,,,,,,,,,,,,,,,,,,,,,,,,,,,,
,,,,,,,,,,,,,,,,,,,,,,,,,,,,,,,,,,,,,,,,,,,,,,,,,,,,,,,,,,,,,,,,,,,,,,,,,,,,,,,,,
,,,,,,,,,,,,,,,,,,,,,,,,,,,,,,,,,,,,,,,,,,,,,,,,,,,,,,,,,,,,,,,,,,,,,,,,,,,,,,,,,
,,,,,,,,,,,,,,,,,,,,,,,,,,,,,,,,,,,,,,,,,,,,,,,,,,,,,,,,,,,,,,,,,,,,,,,,,,,,,,,,,
,,,,,,,,,,,,,,,,,,,,,,,,,,,,,,,,,,,,,,,,,,,,,,,,,,,,,,,,,,,,,,,,,,,,,,,,,,,,,,,,,
,,,,,,,,,,,,,,,,,,,,,,,,,,,,,,,,,,,,,,,,,,,,,,,,,,,,,,,,,,,,,,,,,,,,,,,,,,,,,,,,,
,,,,,,,,,,,,,,,,,,,,,,,,,,,,,,,,,,,,,,,,,,,,,,,,,,,,,,,,,,,,,,,,,,,,,,,,,,,,,,,,,
,,,,,,,,,,,,,,,,,,,,,,,,,,,,,,,,,,,,,,,,,,,,,,,,,,,,,,,,,,,,,,,,,,,,,,,,,,,,,,,,,
,,,,,,,,,,,,,,,,,,,,,,,,,,,,,,,,,,,,,,,,,,,,,,,,,,,,,,,,,,,,,,,,,,,,,,,,,,,,,,,,,
,,,,,,,,,,,,,,,,,,,,,,,,,,,,,,,,,,,,,,,,,,,,,,,,,,,,,,,,,,,,,,,,,,,,,,,,,,,,,,,,,
,,,,,,,,,,,,,,,,,,,,,,,,,,,,,,,,,,,,,,,,,,,,,,,,,,,,,,,,,,,,,,,,,,,,,,,,,,,,,,,,,
,,,,,,,,,,,,,,,,,,,,,,,,,,,,,,,,,,,,,,,,,,,,,,,,,,,,,,,,,,,,,,,,,,,,,,,,,,,,,,,,,
,,,,,,,,,,,,,,,,,,,,,,,,,,,,,,,,,,,,,,,,,,,,,,,,,,,,,,,,,,,,,,,,,,,,,,,,,,,,,,,,,
,,,,,,,,,,,,,,,,,,,,,,,,,,,,,,,,,,,,,,,,,,,,,,,,,,,,,,,,,,,,,,,,,,,,,,,,,,,,,,,,,
,,,,,,,,,,,,,,,,,,,,,,,,,,,,,,,,,,,,,,,,,,,,,,,,,,,,,,,,,,,,,,,,,,,,,,,,,,,,,,,,,
,,,,,,,,,,,,,,,,,,,,,,,,,,,,,,,,,,,,,,,,,,,,,,,,,,,,,,,,,,,,,,,,,,,,,,,,,,,,,,,,,
,,,,,,,,,,,,,,,,,,,,,,,,,,,,,,,,,,,,,,,,,,,,,,,,,,,,,,,,,,,,,,,,,,,,,,,,,,,,,,,,,
,,,,,,,,,,,,,,,,,,,,,,,,,,,,,,,,,,,,,,,,,,,,,,,,,,,,,,,,,,,,,,,,,,,,,,,,,,,,,,,,,
,,,,,,,,,,,,,,,,,,,,,,,,,,,,,,,,,,,,,,,,,,,,,,,,,,,,,,,,,,,,,,,,,,,,,,,,,,,,,,,,,
,,,,,,,,,,,,,,,,,,,,,,,,,,,,,,,,,,,,,,,,,,,,,,,,,,,,,,,,,,,,,,,,,,,,,,,,,,,,,,,,,
,,,,,,,,,,,,,,,,,,,,,,,,,,,,,,,,,,,,,,,,,,,,,,,,,,,,,,,,,,,,,,,,,,,,,,,,,,,,,,,,,
,,,,,,,,,,,,,,,,,,,,,,,,,,,,,,,,,,,,,,,,,,,,,,,,,,,,,,,,,,,,,,,,,,,,,,,,,,,,,,,,,
,,,,,,,,,,,,,,,,,,,,,,,,,,,,,,,,,,,,,,,,,,,,,,,,,,,,,,,,,,,,,,,,,,,,,,,,,,,,,,,,,
,,,,,,,,,,,,,,,,,,,,,,,,,,,,,,,,,,,,,,,,,,,,,,,,,,,,,,,,,,,,,,,,,,,,,,,,,,,,,,,,,
,,,,,,,,,,,,,,,,,,,,,,,,,,,,,,,,,,,,,,,,,,,,,,,,,,,,,,,,,,,,,,,,,,,,,,,,,,,,,,,,,
,,,,,,,,,,,,,,,,,,,,,,,,,,,,,,,,,,,,,,,,,,,,,,,,,,,,,,,,,,,,,,,,,,,,,,,,,,,,,,,,,
,,,,,,,,,,,,,,,,,,,,,,,,,,,,,,,,,,,,,,,,,,,,,,,,,,,,,,,,,,,,,,,,,,,,,,,,,,,,,,,,,
,,,,,,,,,,,,,,,,,,,,,,,,,,,,,,,,,,,,,,,,,,,,,,,,,,,,,,,,,,,,,,,,,,,,,,,,,,,,,,,,,
,,,,,,,,,,,,,,,,,,,,,,,,,,,,,,,,,,,,,,,,,,,,,,,,,,,,,,,,,,,,,,,,,,,,,,,,,,,,,,,,,
,,,,,,,,,,,,,,,,,,,,,,,,,,,,,,,,,,,,,,,,,,,,,,,,,,,,,,,,,,,,,,,,,,,,,,,,,,,,,,,,,
,,,,,,,,,,,,,,,,,,,,,,,,,,,,,,,,,,,,,,,,,,,,,,,,,,,,,,,,,,,,,,,,,,,,,,,,,,,,,,,,,
,,,,,,,,,,,,,,,,,,,,,,,,,,,,,,,,,,,,,,,,,,,,,,,,,,,,,,,,,,,,,,,,,,,,,,,,,,,,,,,,,
,,,,,,,,,,,,,,,,,,,,,,,,,,,,,,,,,,,,,,,,,,,,,,,,,,,,,,,,,,,,,,,,
